solid OpenSCAD_Model
  facet normal 0.989182 0.146696 0
    outer loop
      vertex 30.4904 42.446 45
      vertex 30.4616 42.6402 43.5
      vertex 30.4616 42.6402 45
    endloop
  endfacet
  facet normal 0.989182 0.146696 0
    outer loop
      vertex 30.4616 42.6402 43.5
      vertex 30.4904 42.446 45
      vertex 30.4904 42.446 43.5
    endloop
  endfacet
  facet normal 0.998803 0.0489209 0
    outer loop
      vertex 30.5 42.25 45
      vertex 30.4904 42.446 43.5
      vertex 30.4904 42.446 45
    endloop
  endfacet
  facet normal 0.998803 0.0489209 0
    outer loop
      vertex 30.4904 42.446 43.5
      vertex 30.5 42.25 45
      vertex 30.5 42.25 43.5
    endloop
  endfacet
  facet normal 0.970023 0.243015 0
    outer loop
      vertex 30.4616 42.6402 45
      vertex 30.4139 42.8306 43.5
      vertex 30.4139 42.8306 45
    endloop
  endfacet
  facet normal 0.970023 0.243015 0
    outer loop
      vertex 30.4139 42.8306 43.5
      vertex 30.4616 42.6402 45
      vertex 30.4616 42.6402 43.5
    endloop
  endfacet
  facet normal -0.514196 -0.857673 0
    outer loop
      vertex 27.3889 40.5871 43.5
      vertex 27.5572 40.4862 45
      vertex 27.3889 40.5871 45
    endloop
  endfacet
  facet normal -0.514196 -0.857673 -0
    outer loop
      vertex 27.5572 40.4862 45
      vertex 27.3889 40.5871 43.5
      vertex 27.5572 40.4862 43.5
    endloop
  endfacet
  facet normal -0.514196 0.857673 0
    outer loop
      vertex 27.5572 44.0138 43.5
      vertex 27.3889 43.9129 45
      vertex 27.5572 44.0138 45
    endloop
  endfacet
  facet normal -0.514196 0.857673 0
    outer loop
      vertex 27.3889 43.9129 45
      vertex 27.5572 44.0138 43.5
      vertex 27.3889 43.9129 43.5
    endloop
  endfacet
  facet normal -0.94158 0.336788 0
    outer loop
      vertex 26.5861 42.8306 43.5
      vertex 26.6522 43.0154 45
      vertex 26.6522 43.0154 43.5
    endloop
  endfacet
  facet normal -0.94158 0.336788 0
    outer loop
      vertex 26.6522 43.0154 45
      vertex 26.5861 42.8306 43.5
      vertex 26.5861 42.8306 45
    endloop
  endfacet
  facet normal 0.336788 0.94158 -0
    outer loop
      vertex 29.2654 44.0978 43.5
      vertex 29.0806 44.1639 45
      vertex 29.2654 44.0978 45
    endloop
  endfacet
  facet normal 0.336788 0.94158 0
    outer loop
      vertex 29.0806 44.1639 45
      vertex 29.2654 44.0978 43.5
      vertex 29.0806 44.1639 43.5
    endloop
  endfacet
  facet normal 0 0 -1
    outer loop
      vertex 29.4 42.25 43.5
      vertex 30.5 42.25 43.5
      vertex 30.4904 42.054 43.5
    endloop
  endfacet
  facet normal 0 0 -1
    outer loop
      vertex 29.3957 42.1618 43.5
      vertex 30.4904 42.054 43.5
      vertex 30.4616 41.8598 43.5
    endloop
  endfacet
  facet normal 0 0 -1
    outer loop
      vertex 30.5 42.25 43.5
      vertex 29.4 42.25 43.5
      vertex 30.4904 42.446 43.5
    endloop
  endfacet
  facet normal 0 0 -1
    outer loop
      vertex 29.3827 42.0744 43.5
      vertex 30.4616 41.8598 43.5
      vertex 30.4139 41.6694 43.5
    endloop
  endfacet
  facet normal 0 0 -1
    outer loop
      vertex 29.3957 42.3382 43.5
      vertex 30.4904 42.446 43.5
      vertex 29.4 42.25 43.5
    endloop
  endfacet
  facet normal 0 0 -1
    outer loop
      vertex 29.3612 41.9887 43.5
      vertex 30.4139 41.6694 43.5
      vertex 30.3478 41.4846 43.5
    endloop
  endfacet
  facet normal -0 0 -1
    outer loop
      vertex 30.4904 42.446 43.5
      vertex 29.3957 42.3382 43.5
      vertex 30.4616 42.6402 43.5
    endloop
  endfacet
  facet normal 0 0 -1
    outer loop
      vertex 29.3315 41.9056 43.5
      vertex 30.3478 41.4846 43.5
      vertex 30.2638 41.3072 43.5
    endloop
  endfacet
  facet normal 0 0 -1
    outer loop
      vertex 29.3827 42.4256 43.5
      vertex 30.4616 42.6402 43.5
      vertex 29.3957 42.3382 43.5
    endloop
  endfacet
  facet normal 0 0 -1
    outer loop
      vertex 29.2937 41.8257 43.5
      vertex 30.2638 41.3072 43.5
      vertex 30.1629 41.1389 43.5
    endloop
  endfacet
  facet normal -0 0 -1
    outer loop
      vertex 30.4616 42.6402 43.5
      vertex 29.3827 42.4256 43.5
      vertex 30.4139 42.8306 43.5
    endloop
  endfacet
  facet normal 0 0 -1
    outer loop
      vertex 29.2483 41.75 43.5
      vertex 30.1629 41.1389 43.5
      vertex 30.046 40.9812 43.5
    endloop
  endfacet
  facet normal 0 0 -1
    outer loop
      vertex 29.3612 42.5113 43.5
      vertex 30.4139 42.8306 43.5
      vertex 29.3827 42.4256 43.5
    endloop
  endfacet
  facet normal 0 0 -1
    outer loop
      vertex 29.1957 41.679 43.5
      vertex 30.046 40.9812 43.5
      vertex 29.9142 40.8358 43.5
    endloop
  endfacet
  facet normal -0 0 -1
    outer loop
      vertex 30.4139 42.8306 43.5
      vertex 29.3612 42.5113 43.5
      vertex 30.3478 43.0154 43.5
    endloop
  endfacet
  facet normal 0 0 -1
    outer loop
      vertex 29.1364 41.6136 43.5
      vertex 29.9142 40.8358 43.5
      vertex 29.7688 40.704 43.5
    endloop
  endfacet
  facet normal 0 0 -1
    outer loop
      vertex 29.3315 42.5944 43.5
      vertex 30.3478 43.0154 43.5
      vertex 29.3612 42.5113 43.5
    endloop
  endfacet
  facet normal 0 0 -1
    outer loop
      vertex 29.071 41.5543 43.5
      vertex 29.7688 40.704 43.5
      vertex 29.6111 40.5871 43.5
    endloop
  endfacet
  facet normal -0 0 -1
    outer loop
      vertex 30.3478 43.0154 43.5
      vertex 29.3315 42.5944 43.5
      vertex 30.2638 43.1928 43.5
    endloop
  endfacet
  facet normal 0 0 -1
    outer loop
      vertex 29 41.5017 43.5
      vertex 29.6111 40.5871 43.5
      vertex 29.4428 40.4862 43.5
    endloop
  endfacet
  facet normal 0 0 -1
    outer loop
      vertex 29.2937 42.6743 43.5
      vertex 30.2638 43.1928 43.5
      vertex 29.3315 42.5944 43.5
    endloop
  endfacet
  facet normal -0 0 -1
    outer loop
      vertex 30.2638 43.1928 43.5
      vertex 29.2937 42.6743 43.5
      vertex 30.1629 43.3611 43.5
    endloop
  endfacet
  facet normal 0 0 -1
    outer loop
      vertex 30.4904 42.054 43.5
      vertex 29.3957 42.1618 43.5
      vertex 29.4 42.25 43.5
    endloop
  endfacet
  facet normal 0 0 -1
    outer loop
      vertex 30.4616 41.8598 43.5
      vertex 29.3827 42.0744 43.5
      vertex 29.3957 42.1618 43.5
    endloop
  endfacet
  facet normal 0 0 -1
    outer loop
      vertex 30.4139 41.6694 43.5
      vertex 29.3612 41.9887 43.5
      vertex 29.3827 42.0744 43.5
    endloop
  endfacet
  facet normal 0 0 -1
    outer loop
      vertex 30.3478 41.4846 43.5
      vertex 29.3315 41.9056 43.5
      vertex 29.3612 41.9887 43.5
    endloop
  endfacet
  facet normal 0 0 -1
    outer loop
      vertex 30.2638 41.3072 43.5
      vertex 29.2937 41.8257 43.5
      vertex 29.3315 41.9056 43.5
    endloop
  endfacet
  facet normal 0 0 -1
    outer loop
      vertex 28.9243 41.4563 43.5
      vertex 29.4428 40.4862 43.5
      vertex 29.2654 40.4022 43.5
    endloop
  endfacet
  facet normal 0 0 -1
    outer loop
      vertex 30.1629 41.1389 43.5
      vertex 29.2483 41.75 43.5
      vertex 29.2937 41.8257 43.5
    endloop
  endfacet
  facet normal 0 0 -1
    outer loop
      vertex 30.046 40.9812 43.5
      vertex 29.1957 41.679 43.5
      vertex 29.2483 41.75 43.5
    endloop
  endfacet
  facet normal 0 0 -1
    outer loop
      vertex 29.9142 40.8358 43.5
      vertex 29.1364 41.6136 43.5
      vertex 29.1957 41.679 43.5
    endloop
  endfacet
  facet normal 0 0 -1
    outer loop
      vertex 28.8444 41.4185 43.5
      vertex 29.2654 40.4022 43.5
      vertex 29.0806 40.3361 43.5
    endloop
  endfacet
  facet normal 0 0 -1
    outer loop
      vertex 29.7688 40.704 43.5
      vertex 29.071 41.5543 43.5
      vertex 29.1364 41.6136 43.5
    endloop
  endfacet
  facet normal 0 0 -1
    outer loop
      vertex 29.6111 40.5871 43.5
      vertex 29 41.5017 43.5
      vertex 29.071 41.5543 43.5
    endloop
  endfacet
  facet normal 0 0 -1
    outer loop
      vertex 29.4428 40.4862 43.5
      vertex 28.9243 41.4563 43.5
      vertex 29 41.5017 43.5
    endloop
  endfacet
  facet normal 0 0 -1
    outer loop
      vertex 28.7613 41.3888 43.5
      vertex 29.0806 40.3361 43.5
      vertex 28.8902 40.2884 43.5
    endloop
  endfacet
  facet normal 0 0 -1
    outer loop
      vertex 29.2654 40.4022 43.5
      vertex 28.8444 41.4185 43.5
      vertex 28.9243 41.4563 43.5
    endloop
  endfacet
  facet normal 0 0 -1
    outer loop
      vertex 29.0806 40.3361 43.5
      vertex 28.7613 41.3888 43.5
      vertex 28.8444 41.4185 43.5
    endloop
  endfacet
  facet normal 0 0 -1
    outer loop
      vertex 28.6756 41.3673 43.5
      vertex 28.8902 40.2884 43.5
      vertex 28.696 40.2596 43.5
    endloop
  endfacet
  facet normal 0 0 -1
    outer loop
      vertex 28.8902 40.2884 43.5
      vertex 28.6756 41.3673 43.5
      vertex 28.7613 41.3888 43.5
    endloop
  endfacet
  facet normal 0 0 -1
    outer loop
      vertex 28.696 40.2596 43.5
      vertex 28.5882 41.3543 43.5
      vertex 28.6756 41.3673 43.5
    endloop
  endfacet
  facet normal 0 0 -1
    outer loop
      vertex 28.5 40.25 43.5
      vertex 28.5882 41.3543 43.5
      vertex 28.696 40.2596 43.5
    endloop
  endfacet
  facet normal 0 0 -1
    outer loop
      vertex 28.5 40.25 43.5
      vertex 28.5 41.35 43.5
      vertex 28.5882 41.3543 43.5
    endloop
  endfacet
  facet normal 0 0 -1
    outer loop
      vertex 28.5 40.25 43.5
      vertex 28.4118 41.3543 43.5
      vertex 28.5 41.35 43.5
    endloop
  endfacet
  facet normal 0 0 -1
    outer loop
      vertex 28.304 40.2596 43.5
      vertex 28.4118 41.3543 43.5
      vertex 28.5 40.25 43.5
    endloop
  endfacet
  facet normal -0 0 -1
    outer loop
      vertex 28.4118 41.3543 43.5
      vertex 28.304 40.2596 43.5
      vertex 28.3244 41.3673 43.5
    endloop
  endfacet
  facet normal 0 0 -1
    outer loop
      vertex 28.1098 40.2884 43.5
      vertex 28.3244 41.3673 43.5
      vertex 28.304 40.2596 43.5
    endloop
  endfacet
  facet normal -0 0 -1
    outer loop
      vertex 28.3244 41.3673 43.5
      vertex 28.1098 40.2884 43.5
      vertex 28.2387 41.3888 43.5
    endloop
  endfacet
  facet normal 0 0 -1
    outer loop
      vertex 27.9194 40.3361 43.5
      vertex 28.2387 41.3888 43.5
      vertex 28.1098 40.2884 43.5
    endloop
  endfacet
  facet normal -0 0 -1
    outer loop
      vertex 28.2387 41.3888 43.5
      vertex 27.9194 40.3361 43.5
      vertex 28.1556 41.4185 43.5
    endloop
  endfacet
  facet normal 0 0 -1
    outer loop
      vertex 27.7346 40.4022 43.5
      vertex 28.1556 41.4185 43.5
      vertex 27.9194 40.3361 43.5
    endloop
  endfacet
  facet normal -0 0 -1
    outer loop
      vertex 28.1556 41.4185 43.5
      vertex 27.7346 40.4022 43.5
      vertex 28.0757 41.4563 43.5
    endloop
  endfacet
  facet normal 0 0 -1
    outer loop
      vertex 27.5572 40.4862 43.5
      vertex 28.0757 41.4563 43.5
      vertex 27.7346 40.4022 43.5
    endloop
  endfacet
  facet normal -0 0 -1
    outer loop
      vertex 28.0757 41.4563 43.5
      vertex 27.5572 40.4862 43.5
      vertex 28 41.5017 43.5
    endloop
  endfacet
  facet normal 0 0 -1
    outer loop
      vertex 27.3889 40.5871 43.5
      vertex 28 41.5017 43.5
      vertex 27.5572 40.4862 43.5
    endloop
  endfacet
  facet normal -0 0 -1
    outer loop
      vertex 28 41.5017 43.5
      vertex 27.3889 40.5871 43.5
      vertex 27.929 41.5543 43.5
    endloop
  endfacet
  facet normal 0 0 -1
    outer loop
      vertex 27.2312 40.704 43.5
      vertex 27.929 41.5543 43.5
      vertex 27.3889 40.5871 43.5
    endloop
  endfacet
  facet normal -0 0 -1
    outer loop
      vertex 27.929 41.5543 43.5
      vertex 27.2312 40.704 43.5
      vertex 27.8636 41.6136 43.5
    endloop
  endfacet
  facet normal 0 0 -1
    outer loop
      vertex 27.0858 40.8358 43.5
      vertex 27.8636 41.6136 43.5
      vertex 27.2312 40.704 43.5
    endloop
  endfacet
  facet normal -0 0 -1
    outer loop
      vertex 27.8636 41.6136 43.5
      vertex 27.0858 40.8358 43.5
      vertex 27.8043 41.679 43.5
    endloop
  endfacet
  facet normal 0 0 -1
    outer loop
      vertex 26.954 40.9812 43.5
      vertex 27.8043 41.679 43.5
      vertex 27.0858 40.8358 43.5
    endloop
  endfacet
  facet normal -0 0 -1
    outer loop
      vertex 27.8043 41.679 43.5
      vertex 26.954 40.9812 43.5
      vertex 27.7517 41.75 43.5
    endloop
  endfacet
  facet normal -0 0 -1
    outer loop
      vertex 27.7517 41.75 43.5
      vertex 26.8371 41.1389 43.5
      vertex 27.7063 41.8257 43.5
    endloop
  endfacet
  facet normal 0 0 -1
    outer loop
      vertex 26.8371 41.1389 43.5
      vertex 27.7517 41.75 43.5
      vertex 26.954 40.9812 43.5
    endloop
  endfacet
  facet normal 0 0 -1
    outer loop
      vertex 29.2483 42.75 43.5
      vertex 30.1629 43.3611 43.5
      vertex 29.2937 42.6743 43.5
    endloop
  endfacet
  facet normal -0 0 -1
    outer loop
      vertex 30.1629 43.3611 43.5
      vertex 29.2483 42.75 43.5
      vertex 30.046 43.5188 43.5
    endloop
  endfacet
  facet normal 0 0 -1
    outer loop
      vertex 29.1957 42.821 43.5
      vertex 30.046 43.5188 43.5
      vertex 29.2483 42.75 43.5
    endloop
  endfacet
  facet normal -0 0 -1
    outer loop
      vertex 30.046 43.5188 43.5
      vertex 29.1957 42.821 43.5
      vertex 29.9142 43.6642 43.5
    endloop
  endfacet
  facet normal 0 0 -1
    outer loop
      vertex 29.1364 42.8864 43.5
      vertex 29.9142 43.6642 43.5
      vertex 29.1957 42.821 43.5
    endloop
  endfacet
  facet normal -0 0 -1
    outer loop
      vertex 29.9142 43.6642 43.5
      vertex 29.1364 42.8864 43.5
      vertex 29.7688 43.796 43.5
    endloop
  endfacet
  facet normal 0 0 -1
    outer loop
      vertex 29.071 42.9457 43.5
      vertex 29.7688 43.796 43.5
      vertex 29.1364 42.8864 43.5
    endloop
  endfacet
  facet normal -0 0 -1
    outer loop
      vertex 29.7688 43.796 43.5
      vertex 29.071 42.9457 43.5
      vertex 29.6111 43.9129 43.5
    endloop
  endfacet
  facet normal 0 0 -1
    outer loop
      vertex 29 42.9983 43.5
      vertex 29.6111 43.9129 43.5
      vertex 29.071 42.9457 43.5
    endloop
  endfacet
  facet normal -0 0 -1
    outer loop
      vertex 29.6111 43.9129 43.5
      vertex 29 42.9983 43.5
      vertex 29.4428 44.0138 43.5
    endloop
  endfacet
  facet normal 0 0 -1
    outer loop
      vertex 28.9243 43.0437 43.5
      vertex 29.4428 44.0138 43.5
      vertex 29 42.9983 43.5
    endloop
  endfacet
  facet normal -0 0 -1
    outer loop
      vertex 29.4428 44.0138 43.5
      vertex 28.9243 43.0437 43.5
      vertex 29.2654 44.0978 43.5
    endloop
  endfacet
  facet normal 0 0 -1
    outer loop
      vertex 28.8444 43.0815 43.5
      vertex 29.2654 44.0978 43.5
      vertex 28.9243 43.0437 43.5
    endloop
  endfacet
  facet normal -0 0 -1
    outer loop
      vertex 29.2654 44.0978 43.5
      vertex 28.8444 43.0815 43.5
      vertex 29.0806 44.1639 43.5
    endloop
  endfacet
  facet normal 0 0 -1
    outer loop
      vertex 28.7613 43.1112 43.5
      vertex 29.0806 44.1639 43.5
      vertex 28.8444 43.0815 43.5
    endloop
  endfacet
  facet normal -0 0 -1
    outer loop
      vertex 29.0806 44.1639 43.5
      vertex 28.7613 43.1112 43.5
      vertex 28.8902 44.2116 43.5
    endloop
  endfacet
  facet normal 0 0 -1
    outer loop
      vertex 28.6756 43.1327 43.5
      vertex 28.8902 44.2116 43.5
      vertex 28.7613 43.1112 43.5
    endloop
  endfacet
  facet normal -0 0 -1
    outer loop
      vertex 28.8902 44.2116 43.5
      vertex 28.6756 43.1327 43.5
      vertex 28.696 44.2404 43.5
    endloop
  endfacet
  facet normal 0 0 -1
    outer loop
      vertex 28.5882 43.1457 43.5
      vertex 28.696 44.2404 43.5
      vertex 28.6756 43.1327 43.5
    endloop
  endfacet
  facet normal 0 0 -1
    outer loop
      vertex 28.5 43.15 43.5
      vertex 28.696 44.2404 43.5
      vertex 28.5882 43.1457 43.5
    endloop
  endfacet
  facet normal 0 0 -1
    outer loop
      vertex 28.5 43.15 43.5
      vertex 28.5 44.25 43.5
      vertex 28.696 44.2404 43.5
    endloop
  endfacet
  facet normal 0 0 -1
    outer loop
      vertex 28.4118 43.1457 43.5
      vertex 28.5 44.25 43.5
      vertex 28.5 43.15 43.5
    endloop
  endfacet
  facet normal 0 0 -1
    outer loop
      vertex 28.304 44.2404 43.5
      vertex 28.4118 43.1457 43.5
      vertex 28.3244 43.1327 43.5
    endloop
  endfacet
  facet normal 0 0 -1
    outer loop
      vertex 28.4118 43.1457 43.5
      vertex 28.304 44.2404 43.5
      vertex 28.5 44.25 43.5
    endloop
  endfacet
  facet normal 0 0 -1
    outer loop
      vertex 28.1098 44.2116 43.5
      vertex 28.3244 43.1327 43.5
      vertex 28.2387 43.1112 43.5
    endloop
  endfacet
  facet normal 0 0 -1
    outer loop
      vertex 27.9194 44.1639 43.5
      vertex 28.2387 43.1112 43.5
      vertex 28.1556 43.0815 43.5
    endloop
  endfacet
  facet normal 0 0 -1
    outer loop
      vertex 28.3244 43.1327 43.5
      vertex 28.1098 44.2116 43.5
      vertex 28.304 44.2404 43.5
    endloop
  endfacet
  facet normal 0 0 -1
    outer loop
      vertex 27.7346 44.0978 43.5
      vertex 28.1556 43.0815 43.5
      vertex 28.0757 43.0437 43.5
    endloop
  endfacet
  facet normal 0 0 -1
    outer loop
      vertex 27.5572 44.0138 43.5
      vertex 28.0757 43.0437 43.5
      vertex 28 42.9983 43.5
    endloop
  endfacet
  facet normal 0 0 -1
    outer loop
      vertex 27.3889 43.9129 43.5
      vertex 28 42.9983 43.5
      vertex 27.929 42.9457 43.5
    endloop
  endfacet
  facet normal 0 0 -1
    outer loop
      vertex 28.2387 43.1112 43.5
      vertex 27.9194 44.1639 43.5
      vertex 28.1098 44.2116 43.5
    endloop
  endfacet
  facet normal 0 0 -1
    outer loop
      vertex 27.2312 43.796 43.5
      vertex 27.929 42.9457 43.5
      vertex 27.8636 42.8864 43.5
    endloop
  endfacet
  facet normal 0 0 -1
    outer loop
      vertex 27.0858 43.6642 43.5
      vertex 27.8636 42.8864 43.5
      vertex 27.8043 42.821 43.5
    endloop
  endfacet
  facet normal 0 0 -1
    outer loop
      vertex 26.954 43.5188 43.5
      vertex 27.8043 42.821 43.5
      vertex 27.7517 42.75 43.5
    endloop
  endfacet
  facet normal 0 0 -1
    outer loop
      vertex 28.1556 43.0815 43.5
      vertex 27.7346 44.0978 43.5
      vertex 27.9194 44.1639 43.5
    endloop
  endfacet
  facet normal 0 0 -1
    outer loop
      vertex 26.8371 43.3611 43.5
      vertex 27.7517 42.75 43.5
      vertex 27.7063 42.6743 43.5
    endloop
  endfacet
  facet normal 0 0 -1
    outer loop
      vertex 26.7362 43.1928 43.5
      vertex 27.7063 42.6743 43.5
      vertex 27.6685 42.5944 43.5
    endloop
  endfacet
  facet normal 0 0 -1
    outer loop
      vertex 26.6522 43.0154 43.5
      vertex 27.6685 42.5944 43.5
      vertex 27.6388 42.5113 43.5
    endloop
  endfacet
  facet normal 0 0 -1
    outer loop
      vertex 26.5861 42.8306 43.5
      vertex 27.6388 42.5113 43.5
      vertex 27.6173 42.4256 43.5
    endloop
  endfacet
  facet normal 0 0 -1
    outer loop
      vertex 26.5384 42.6402 43.5
      vertex 27.6173 42.4256 43.5
      vertex 27.6043 42.3382 43.5
    endloop
  endfacet
  facet normal 0 0 -1
    outer loop
      vertex 28.0757 43.0437 43.5
      vertex 27.5572 44.0138 43.5
      vertex 27.7346 44.0978 43.5
    endloop
  endfacet
  facet normal 0 0 -1
    outer loop
      vertex 26.5096 42.446 43.5
      vertex 27.6043 42.3382 43.5
      vertex 27.6 42.25 43.5
    endloop
  endfacet
  facet normal 0 0 -1
    outer loop
      vertex 26.7362 41.3072 43.5
      vertex 27.7063 41.8257 43.5
      vertex 26.8371 41.1389 43.5
    endloop
  endfacet
  facet normal -0 0 -1
    outer loop
      vertex 27.7063 41.8257 43.5
      vertex 26.7362 41.3072 43.5
      vertex 27.6685 41.9056 43.5
    endloop
  endfacet
  facet normal 0 0 -1
    outer loop
      vertex 28 42.9983 43.5
      vertex 27.3889 43.9129 43.5
      vertex 27.5572 44.0138 43.5
    endloop
  endfacet
  facet normal 0 0 -1
    outer loop
      vertex 26.6522 41.4846 43.5
      vertex 27.6685 41.9056 43.5
      vertex 26.7362 41.3072 43.5
    endloop
  endfacet
  facet normal 0 0 -1
    outer loop
      vertex 27.929 42.9457 43.5
      vertex 27.2312 43.796 43.5
      vertex 27.3889 43.9129 43.5
    endloop
  endfacet
  facet normal -0 0 -1
    outer loop
      vertex 27.6685 41.9056 43.5
      vertex 26.6522 41.4846 43.5
      vertex 27.6388 41.9887 43.5
    endloop
  endfacet
  facet normal 0 0 -1
    outer loop
      vertex 27.8636 42.8864 43.5
      vertex 27.0858 43.6642 43.5
      vertex 27.2312 43.796 43.5
    endloop
  endfacet
  facet normal 0 0 -1
    outer loop
      vertex 26.5861 41.6694 43.5
      vertex 27.6388 41.9887 43.5
      vertex 26.6522 41.4846 43.5
    endloop
  endfacet
  facet normal 0 0 -1
    outer loop
      vertex 27.8043 42.821 43.5
      vertex 26.954 43.5188 43.5
      vertex 27.0858 43.6642 43.5
    endloop
  endfacet
  facet normal -0 0 -1
    outer loop
      vertex 27.6388 41.9887 43.5
      vertex 26.5861 41.6694 43.5
      vertex 27.6173 42.0744 43.5
    endloop
  endfacet
  facet normal 0 0 -1
    outer loop
      vertex 27.7517 42.75 43.5
      vertex 26.8371 43.3611 43.5
      vertex 26.954 43.5188 43.5
    endloop
  endfacet
  facet normal 0 0 -1
    outer loop
      vertex 26.5384 41.8598 43.5
      vertex 27.6173 42.0744 43.5
      vertex 26.5861 41.6694 43.5
    endloop
  endfacet
  facet normal 0 0 -1
    outer loop
      vertex 27.7063 42.6743 43.5
      vertex 26.7362 43.1928 43.5
      vertex 26.8371 43.3611 43.5
    endloop
  endfacet
  facet normal -0 0 -1
    outer loop
      vertex 27.6173 42.0744 43.5
      vertex 26.5384 41.8598 43.5
      vertex 27.6043 42.1618 43.5
    endloop
  endfacet
  facet normal 0 0 -1
    outer loop
      vertex 27.6685 42.5944 43.5
      vertex 26.6522 43.0154 43.5
      vertex 26.7362 43.1928 43.5
    endloop
  endfacet
  facet normal 0 0 -1
    outer loop
      vertex 26.5096 42.054 43.5
      vertex 27.6043 42.1618 43.5
      vertex 26.5384 41.8598 43.5
    endloop
  endfacet
  facet normal 0 0 -1
    outer loop
      vertex 27.6388 42.5113 43.5
      vertex 26.5861 42.8306 43.5
      vertex 26.6522 43.0154 43.5
    endloop
  endfacet
  facet normal -0 0 -1
    outer loop
      vertex 27.6043 42.1618 43.5
      vertex 26.5096 42.054 43.5
      vertex 27.6 42.25 43.5
    endloop
  endfacet
  facet normal 0 0 -1
    outer loop
      vertex 27.6173 42.4256 43.5
      vertex 26.5384 42.6402 43.5
      vertex 26.5861 42.8306 43.5
    endloop
  endfacet
  facet normal 0 0 -1
    outer loop
      vertex 26.5 42.25 43.5
      vertex 27.6 42.25 43.5
      vertex 26.5096 42.054 43.5
    endloop
  endfacet
  facet normal 0 0 -1
    outer loop
      vertex 27.6043 42.3382 43.5
      vertex 26.5096 42.446 43.5
      vertex 26.5384 42.6402 43.5
    endloop
  endfacet
  facet normal 0 0 -1
    outer loop
      vertex 27.6 42.25 43.5
      vertex 26.5 42.25 43.5
      vertex 26.5096 42.446 43.5
    endloop
  endfacet
  facet normal -0.94158 -0.336788 0
    outer loop
      vertex 26.6522 41.4846 43.5
      vertex 26.5861 41.6694 45
      vertex 26.5861 41.6694 43.5
    endloop
  endfacet
  facet normal -0.94158 -0.336788 0
    outer loop
      vertex 26.5861 41.6694 45
      vertex 26.6522 41.4846 43.5
      vertex 26.6522 41.4846 45
    endloop
  endfacet
  facet normal -0.146696 0.989182 0
    outer loop
      vertex 28.304 44.2404 43.5
      vertex 28.1098 44.2116 45
      vertex 28.304 44.2404 45
    endloop
  endfacet
  facet normal -0.146696 0.989182 0
    outer loop
      vertex 28.1098 44.2116 45
      vertex 28.304 44.2404 43.5
      vertex 28.1098 44.2116 43.5
    endloop
  endfacet
  facet normal 0.146696 -0.989182 0
    outer loop
      vertex 28.696 40.2596 43.5
      vertex 28.8902 40.2884 45
      vertex 28.696 40.2596 45
    endloop
  endfacet
  facet normal 0.146696 -0.989182 0
    outer loop
      vertex 28.8902 40.2884 45
      vertex 28.696 40.2596 43.5
      vertex 28.8902 40.2884 43.5
    endloop
  endfacet
  facet normal -0.740908 0.671607 0
    outer loop
      vertex 26.954 43.5188 43.5
      vertex 27.0858 43.6642 45
      vertex 27.0858 43.6642 43.5
    endloop
  endfacet
  facet normal -0.740908 0.671607 0
    outer loop
      vertex 27.0858 43.6642 45
      vertex 26.954 43.5188 43.5
      vertex 26.954 43.5188 45
    endloop
  endfacet
  facet normal 0.427955 -0.9038 0
    outer loop
      vertex 29.2654 40.4022 43.5
      vertex 29.4428 40.4862 45
      vertex 29.2654 40.4022 45
    endloop
  endfacet
  facet normal 0.427955 -0.9038 0
    outer loop
      vertex 29.4428 40.4862 45
      vertex 29.2654 40.4022 43.5
      vertex 29.4428 40.4862 43.5
    endloop
  endfacet
  facet normal 0.80335 -0.595508 0
    outer loop
      vertex 30.046 40.9812 45
      vertex 30.1629 41.1389 43.5
      vertex 30.1629 41.1389 45
    endloop
  endfacet
  facet normal 0.80335 -0.595508 0
    outer loop
      vertex 30.1629 41.1389 43.5
      vertex 30.046 40.9812 45
      vertex 30.046 40.9812 43.5
    endloop
  endfacet
  facet normal 0.336788 -0.94158 0
    outer loop
      vertex 29.0806 40.3361 43.5
      vertex 29.2654 40.4022 45
      vertex 29.0806 40.3361 45
    endloop
  endfacet
  facet normal 0.336788 -0.94158 0
    outer loop
      vertex 29.2654 40.4022 45
      vertex 29.0806 40.3361 43.5
      vertex 29.2654 40.4022 43.5
    endloop
  endfacet
  facet normal 0.989182 -0.146696 0
    outer loop
      vertex 30.4616 41.8598 45
      vertex 30.4904 42.054 43.5
      vertex 30.4904 42.054 45
    endloop
  endfacet
  facet normal 0.989182 -0.146696 0
    outer loop
      vertex 30.4904 42.054 43.5
      vertex 30.4616 41.8598 45
      vertex 30.4616 41.8598 43.5
    endloop
  endfacet
  facet normal 0.671607 -0.740908 0
    outer loop
      vertex 29.7688 40.704 43.5
      vertex 29.9142 40.8358 45
      vertex 29.7688 40.704 45
    endloop
  endfacet
  facet normal 0.671607 -0.740908 0
    outer loop
      vertex 29.9142 40.8358 45
      vertex 29.7688 40.704 43.5
      vertex 29.9142 40.8358 43.5
    endloop
  endfacet
  facet normal 0.0489209 0.998803 -0
    outer loop
      vertex 28.696 44.2404 43.5
      vertex 28.5 44.25 45
      vertex 28.696 44.2404 45
    endloop
  endfacet
  facet normal 0.0489209 0.998803 0
    outer loop
      vertex 28.5 44.25 45
      vertex 28.696 44.2404 43.5
      vertex 28.5 44.25 43.5
    endloop
  endfacet
  facet normal 0.427955 0.9038 -0
    outer loop
      vertex 29.4428 44.0138 43.5
      vertex 29.2654 44.0978 45
      vertex 29.4428 44.0138 45
    endloop
  endfacet
  facet normal 0.427955 0.9038 0
    outer loop
      vertex 29.2654 44.0978 45
      vertex 29.4428 44.0138 43.5
      vertex 29.2654 44.0978 43.5
    endloop
  endfacet
  facet normal -0.427955 0.9038 0
    outer loop
      vertex 27.7346 44.0978 43.5
      vertex 27.5572 44.0138 45
      vertex 27.7346 44.0978 45
    endloop
  endfacet
  facet normal -0.427955 0.9038 0
    outer loop
      vertex 27.5572 44.0138 45
      vertex 27.7346 44.0978 43.5
      vertex 27.5572 44.0138 43.5
    endloop
  endfacet
  facet normal -0.857673 -0.514196 0
    outer loop
      vertex 26.8371 41.1389 43.5
      vertex 26.7362 41.3072 45
      vertex 26.7362 41.3072 43.5
    endloop
  endfacet
  facet normal -0.857673 -0.514196 0
    outer loop
      vertex 26.7362 41.3072 45
      vertex 26.8371 41.1389 43.5
      vertex 26.8371 41.1389 45
    endloop
  endfacet
  facet normal -0.243015 -0.970023 0
    outer loop
      vertex 27.9194 40.3361 43.5
      vertex 28.1098 40.2884 45
      vertex 27.9194 40.3361 45
    endloop
  endfacet
  facet normal -0.243015 -0.970023 -0
    outer loop
      vertex 28.1098 40.2884 45
      vertex 27.9194 40.3361 43.5
      vertex 28.1098 40.2884 43.5
    endloop
  endfacet
  facet normal 0.740908 -0.671607 0
    outer loop
      vertex 29.9142 40.8358 45
      vertex 30.046 40.9812 43.5
      vertex 30.046 40.9812 45
    endloop
  endfacet
  facet normal 0.740908 -0.671607 0
    outer loop
      vertex 30.046 40.9812 43.5
      vertex 29.9142 40.8358 45
      vertex 29.9142 40.8358 43.5
    endloop
  endfacet
  facet normal -0.970023 -0.243015 0
    outer loop
      vertex 26.5861 41.6694 43.5
      vertex 26.5384 41.8598 45
      vertex 26.5384 41.8598 43.5
    endloop
  endfacet
  facet normal -0.970023 -0.243015 0
    outer loop
      vertex 26.5384 41.8598 45
      vertex 26.5861 41.6694 43.5
      vertex 26.5861 41.6694 45
    endloop
  endfacet
  facet normal -0.671607 -0.740908 0
    outer loop
      vertex 27.0858 40.8358 43.5
      vertex 27.2312 40.704 45
      vertex 27.0858 40.8358 45
    endloop
  endfacet
  facet normal -0.671607 -0.740908 -0
    outer loop
      vertex 27.2312 40.704 45
      vertex 27.0858 40.8358 43.5
      vertex 27.2312 40.704 43.5
    endloop
  endfacet
  facet normal 0.970023 -0.243015 0
    outer loop
      vertex 30.4139 41.6694 45
      vertex 30.4616 41.8598 43.5
      vertex 30.4616 41.8598 45
    endloop
  endfacet
  facet normal 0.970023 -0.243015 0
    outer loop
      vertex 30.4616 41.8598 43.5
      vertex 30.4139 41.6694 45
      vertex 30.4139 41.6694 43.5
    endloop
  endfacet
  facet normal -0.336788 0.94158 0
    outer loop
      vertex 27.9194 44.1639 43.5
      vertex 27.7346 44.0978 45
      vertex 27.9194 44.1639 45
    endloop
  endfacet
  facet normal -0.336788 0.94158 0
    outer loop
      vertex 27.7346 44.0978 45
      vertex 27.9194 44.1639 43.5
      vertex 27.7346 44.0978 43.5
    endloop
  endfacet
  facet normal -0.595508 0.80335 0
    outer loop
      vertex 27.3889 43.9129 43.5
      vertex 27.2312 43.796 45
      vertex 27.3889 43.9129 45
    endloop
  endfacet
  facet normal -0.595508 0.80335 0
    outer loop
      vertex 27.2312 43.796 45
      vertex 27.3889 43.9129 43.5
      vertex 27.2312 43.796 43.5
    endloop
  endfacet
  facet normal 0.243015 -0.970023 0
    outer loop
      vertex 28.8902 40.2884 43.5
      vertex 29.0806 40.3361 45
      vertex 28.8902 40.2884 45
    endloop
  endfacet
  facet normal 0.243015 -0.970023 0
    outer loop
      vertex 29.0806 40.3361 45
      vertex 28.8902 40.2884 43.5
      vertex 29.0806 40.3361 43.5
    endloop
  endfacet
  facet normal -0.243015 0.970023 0
    outer loop
      vertex 28.1098 44.2116 43.5
      vertex 27.9194 44.1639 45
      vertex 28.1098 44.2116 45
    endloop
  endfacet
  facet normal -0.243015 0.970023 0
    outer loop
      vertex 27.9194 44.1639 45
      vertex 28.1098 44.2116 43.5
      vertex 27.9194 44.1639 43.5
    endloop
  endfacet
  facet normal 0.80335 0.595508 0
    outer loop
      vertex 30.1629 43.3611 45
      vertex 30.046 43.5188 43.5
      vertex 30.046 43.5188 45
    endloop
  endfacet
  facet normal 0.80335 0.595508 0
    outer loop
      vertex 30.046 43.5188 43.5
      vertex 30.1629 43.3611 45
      vertex 30.1629 43.3611 43.5
    endloop
  endfacet
  facet normal -0.857673 0.514196 0
    outer loop
      vertex 26.7362 43.1928 43.5
      vertex 26.8371 43.3611 45
      vertex 26.8371 43.3611 43.5
    endloop
  endfacet
  facet normal -0.857673 0.514196 0
    outer loop
      vertex 26.8371 43.3611 45
      vertex 26.7362 43.1928 43.5
      vertex 26.7362 43.1928 45
    endloop
  endfacet
  facet normal 0 0 -1
    outer loop
      vertex 12.2172 29.2838 45
      vertex 4.69448 36.8382 45
      vertex 4.89942 36.9902 45
    endloop
  endfacet
  facet normal -0 0 -1
    outer loop
      vertex 10.1615 5.08848 45
      vertex 3.93353 4.52879 45
      vertex 10.3506 5.25983 45
    endloop
  endfacet
  facet normal 0 0 -1
    outer loop
      vertex 3.80489 4.58962 45
      vertex 10.3506 5.25983 45
      vertex 3.93353 4.52879 45
    endloop
  endfacet
  facet normal -0 0 -1
    outer loop
      vertex 10.3506 5.25983 45
      vertex 3.80489 4.58962 45
      vertex 10.5555 5.41182 45
    endloop
  endfacet
  facet normal 0 0 -1
    outer loop
      vertex 3.67091 4.63756 45
      vertex 10.5555 5.41182 45
      vertex 3.80489 4.58962 45
    endloop
  endfacet
  facet normal -0 0 -1
    outer loop
      vertex 10.5555 5.41182 45
      vertex 3.67091 4.63756 45
      vertex 10.7744 5.54299 45
    endloop
  endfacet
  facet normal 0 0 -1
    outer loop
      vertex 3.53288 4.67214 45
      vertex 10.7744 5.54299 45
      vertex 3.67091 4.63756 45
    endloop
  endfacet
  facet normal -0 0 -1
    outer loop
      vertex 10.7744 5.54299 45
      vertex 3.53288 4.67214 45
      vertex 12.7162 24.2172 45
    endloop
  endfacet
  facet normal 0 0 -1
    outer loop
      vertex 3.39212 4.69302 45
      vertex 12.7162 24.2172 45
      vertex 3.53288 4.67214 45
    endloop
  endfacet
  facet normal -0 0 -1
    outer loop
      vertex 12.7162 24.2172 45
      vertex 3.39212 4.69302 45
      vertex 12.4544 24.4544 45
    endloop
  endfacet
  facet normal 0 0 -1
    outer loop
      vertex 3.25 4.7 45
      vertex 12.4544 24.4544 45
      vertex 3.39212 4.69302 45
    endloop
  endfacet
  facet normal 0 0 -1
    outer loop
      vertex 11.555 25.955 45
      vertex 4.47563 36.707 45
      vertex 4.69448 36.8382 45
    endloop
  endfacet
  facet normal -0 0 -1
    outer loop
      vertex 12.4544 24.4544 45
      vertex 3.25 4.7 45
      vertex 12.2172 24.7162 45
    endloop
  endfacet
  facet normal 0 0 -1
    outer loop
      vertex 11.555 25.955 45
      vertex 4.24498 36.5979 45
      vertex 4.47563 36.707 45
    endloop
  endfacet
  facet normal 0 0 -1
    outer loop
      vertex 3.10787 4.69302 45
      vertex 12.2172 24.7162 45
      vertex 3.25 4.7 45
    endloop
  endfacet
  facet normal 0 0 -1
    outer loop
      vertex 11.555 25.955 45
      vertex 4.00474 36.512 45
      vertex 4.24498 36.5979 45
    endloop
  endfacet
  facet normal -0 0 -1
    outer loop
      vertex 12.2172 24.7162 45
      vertex 3.10787 4.69302 45
      vertex 12.0067 24.9999 45
    endloop
  endfacet
  facet normal 0 0 -1
    outer loop
      vertex 11.555 25.955 45
      vertex 3.75723 36.45 45
      vertex 4.00474 36.512 45
    endloop
  endfacet
  facet normal 0 0 -1
    outer loop
      vertex 2.96712 4.67214 45
      vertex 12.0067 24.9999 45
      vertex 3.10787 4.69302 45
    endloop
  endfacet
  facet normal 0 0 -1
    outer loop
      vertex 11.555 25.955 45
      vertex 3.50484 36.4125 45
      vertex 3.75723 36.45 45
    endloop
  endfacet
  facet normal -0 0 -1
    outer loop
      vertex 12.0067 24.9999 45
      vertex 2.96712 4.67214 45
      vertex 11.8251 25.303 45
    endloop
  endfacet
  facet normal 0 0 -1
    outer loop
      vertex 2.82909 4.63756 45
      vertex 11.8251 25.303 45
      vertex 2.96712 4.67214 45
    endloop
  endfacet
  facet normal 0 0 -1
    outer loop
      vertex 11.555 25.955 45
      vertex 3.25 36.4 45
      vertex 3.50484 36.4125 45
    endloop
  endfacet
  facet normal -0 0 -1
    outer loop
      vertex 11.8251 25.303 45
      vertex 2.82909 4.63756 45
      vertex 11.674 25.6223 45
    endloop
  endfacet
  facet normal 0 0 -1
    outer loop
      vertex 11.555 25.955 45
      vertex 2.99516 36.4125 45
      vertex 3.25 36.4 45
    endloop
  endfacet
  facet normal 0 0 -1
    outer loop
      vertex 2.69511 4.58962 45
      vertex 11.674 25.6223 45
      vertex 2.82909 4.63756 45
    endloop
  endfacet
  facet normal -0 0 -1
    outer loop
      vertex 11.674 25.6223 45
      vertex 2.69511 4.58962 45
      vertex 11.555 25.955 45
    endloop
  endfacet
  facet normal 0 0 -1
    outer loop
      vertex 11.555 25.955 45
      vertex 2.74276 36.45 45
      vertex 2.99516 36.4125 45
    endloop
  endfacet
  facet normal 0 0 -1
    outer loop
      vertex 2.56647 4.52879 45
      vertex 11.555 25.955 45
      vertex 2.69511 4.58962 45
    endloop
  endfacet
  facet normal -0 0 -1
    outer loop
      vertex 11.555 25.955 45
      vertex 2.56647 4.52879 45
      vertex 2.25502 36.5979 45
    endloop
  endfacet
  facet normal 0 0 -1
    outer loop
      vertex 11.555 25.955 45
      vertex 2.49526 36.512 45
      vertex 2.74276 36.45 45
    endloop
  endfacet
  facet normal 0 0 -1
    outer loop
      vertex 2.02437 36.707 45
      vertex 2.56647 4.52879 45
      vertex 2.44442 4.45563 45
    endloop
  endfacet
  facet normal 0 0 -1
    outer loop
      vertex 1.80552 36.8382 45
      vertex 2.44442 4.45563 45
      vertex 2.33013 4.37086 45
    endloop
  endfacet
  facet normal 0 0 -1
    outer loop
      vertex 11.555 25.955 45
      vertex 2.25502 36.5979 45
      vertex 2.49526 36.512 45
    endloop
  endfacet
  facet normal 0 0 -1
    outer loop
      vertex 1.60058 36.9902 45
      vertex 2.33013 4.37086 45
      vertex 2.22469 4.2753 45
    endloop
  endfacet
  facet normal 0 0 -1
    outer loop
      vertex 1.41152 37.1615 45
      vertex 2.22469 4.2753 45
      vertex 2.12913 4.16987 45
    endloop
  endfacet
  facet normal 0 0 -1
    outer loop
      vertex 1.24017 37.3506 45
      vertex 2.12913 4.16987 45
      vertex 2.04437 4.05558 45
    endloop
  endfacet
  facet normal 0 0 -1
    outer loop
      vertex 2.56647 4.52879 45
      vertex 2.02437 36.707 45
      vertex 2.25502 36.5979 45
    endloop
  endfacet
  facet normal 0 0 -1
    outer loop
      vertex 1.08818 37.5555 45
      vertex 2.04437 4.05558 45
      vertex 1.97121 3.93353 45
    endloop
  endfacet
  facet normal 0 0 -1
    outer loop
      vertex 0.957005 37.7744 45
      vertex 1.97121 3.93353 45
      vertex 1.91037 3.80489 45
    endloop
  endfacet
  facet normal 0 0 -1
    outer loop
      vertex 0 0 45
      vertex 1.91037 3.80489 45
      vertex 1.86244 3.67091 45
    endloop
  endfacet
  facet normal 0 0 -1
    outer loop
      vertex 0 0 45
      vertex 1.86244 3.67091 45
      vertex 1.82786 3.53288 45
    endloop
  endfacet
  facet normal 0 0 -1
    outer loop
      vertex 0 0 45
      vertex 1.82786 3.53288 45
      vertex 1.80698 3.39212 45
    endloop
  endfacet
  facet normal 0 0 -1
    outer loop
      vertex 2.44442 4.45563 45
      vertex 1.80552 36.8382 45
      vertex 2.02437 36.707 45
    endloop
  endfacet
  facet normal 0 0 -1
    outer loop
      vertex 0 0 45
      vertex 1.80698 3.39212 45
      vertex 1.8 3.25 45
    endloop
  endfacet
  facet normal 0 0 -1
    outer loop
      vertex 2.33013 4.37086 45
      vertex 1.60058 36.9902 45
      vertex 1.80552 36.8382 45
    endloop
  endfacet
  facet normal 0 0 -1
    outer loop
      vertex 27.3889 67.4129 45
      vertex 14.5875 74.4952 45
      vertex 14.6 74.75 45
    endloop
  endfacet
  facet normal 0 0 -1
    outer loop
      vertex 27.5 46.5 45
      vertex 14.55 74.2428 45
      vertex 14.5875 74.4952 45
    endloop
  endfacet
  facet normal 0 0 -1
    outer loop
      vertex 27.5 46.5 45
      vertex 14.488 73.9953 45
      vertex 14.55 74.2428 45
    endloop
  endfacet
  facet normal 0 0 -1
    outer loop
      vertex 27.5 46.5 45
      vertex 14.4021 73.755 45
      vertex 14.488 73.9953 45
    endloop
  endfacet
  facet normal 0 0 -1
    outer loop
      vertex 5.83748 38.7452 45
      vertex 14.6471 30.5827 45
      vertex 14.2977 30.5308 45
    endloop
  endfacet
  facet normal 0 0 -1
    outer loop
      vertex 27.5 46.5 45
      vertex 14.293 73.5244 45
      vertex 14.4021 73.755 45
    endloop
  endfacet
  facet normal 0 0 -1
    outer loop
      vertex 27.5 46.5 45
      vertex 14.1618 73.3055 45
      vertex 14.293 73.5244 45
    endloop
  endfacet
  facet normal 0 0 -1
    outer loop
      vertex 27.5 46.5 45
      vertex 14.0098 73.1006 45
      vertex 14.1618 73.3055 45
    endloop
  endfacet
  facet normal 0 0 -1
    outer loop
      vertex 5.80004 38.4928 45
      vertex 14.2977 30.5308 45
      vertex 13.955 30.445 45
    endloop
  endfacet
  facet normal 0 0 -1
    outer loop
      vertex 27.5 46.5 45
      vertex 13.8385 72.9115 45
      vertex 14.0098 73.1006 45
    endloop
  endfacet
  facet normal 0 0 -1
    outer loop
      vertex 27.5 46.5 45
      vertex 13.6494 72.7402 45
      vertex 13.8385 72.9115 45
    endloop
  endfacet
  facet normal 0 0 -1
    outer loop
      vertex 5.73804 38.2453 45
      vertex 13.955 30.445 45
      vertex 13.6223 30.326 45
    endloop
  endfacet
  facet normal 0 0 -1
    outer loop
      vertex 27.5 46.5 45
      vertex 13.4445 72.5882 45
      vertex 13.6494 72.7402 45
    endloop
  endfacet
  facet normal 0 0 -1
    outer loop
      vertex 5.65209 38.005 45
      vertex 13.6223 30.326 45
      vertex 13.303 30.1749 45
    endloop
  endfacet
  facet normal -0 0 -1
    outer loop
      vertex 26.5861 42.8306 45
      vertex 5.41182 40.4445 45
      vertex 26.6522 43.0154 45
    endloop
  endfacet
  facet normal 0 0 -1
    outer loop
      vertex 5.54299 37.7744 45
      vertex 13.303 30.1749 45
      vertex 12.9999 29.9933 45
    endloop
  endfacet
  facet normal -0 0 -1
    outer loop
      vertex 26.6522 43.0154 45
      vertex 5.41182 40.4445 45
      vertex 27.5 46.5 45
    endloop
  endfacet
  facet normal 0 0 -1
    outer loop
      vertex 5.25983 40.6494 45
      vertex 27.5 46.5 45
      vertex 5.41182 40.4445 45
    endloop
  endfacet
  facet normal 0 0 -1
    outer loop
      vertex 5.41182 37.5555 45
      vertex 12.9999 29.9933 45
      vertex 12.7162 29.7828 45
    endloop
  endfacet
  facet normal 0 0 -1
    outer loop
      vertex 27.5 46.5 45
      vertex 13.2256 72.457 45
      vertex 13.4445 72.5882 45
    endloop
  endfacet
  facet normal 0 0 -1
    outer loop
      vertex 5.08848 37.1615 45
      vertex 12.7162 29.7828 45
      vertex 12.4544 29.5456 45
    endloop
  endfacet
  facet normal 0 0 -1
    outer loop
      vertex 5.08848 40.8385 45
      vertex 27.5 46.5 45
      vertex 5.25983 40.6494 45
    endloop
  endfacet
  facet normal 0 0 -1
    outer loop
      vertex 4.89942 36.9902 45
      vertex 12.4544 29.5456 45
      vertex 12.2172 29.2838 45
    endloop
  endfacet
  facet normal 0 0 -1
    outer loop
      vertex 4.69448 36.8382 45
      vertex 12.2172 29.2838 45
      vertex 12.0067 29.0001 45
    endloop
  endfacet
  facet normal 0 0 -1
    outer loop
      vertex 5.41182 40.4445 45
      vertex 26.5861 42.8306 45
      vertex 5.54299 40.2256 45
    endloop
  endfacet
  facet normal 0 0 -1
    outer loop
      vertex 4.69448 36.8382 45
      vertex 12.0067 29.0001 45
      vertex 11.8251 28.697 45
    endloop
  endfacet
  facet normal 0 0 -1
    outer loop
      vertex 27.5 46.5 45
      vertex 12.995 72.3479 45
      vertex 13.2256 72.457 45
    endloop
  endfacet
  facet normal 0 0 -1
    outer loop
      vertex 4.69448 36.8382 45
      vertex 11.8251 28.697 45
      vertex 11.674 28.3777 45
    endloop
  endfacet
  facet normal 0 0 -1
    outer loop
      vertex 4.69448 36.8382 45
      vertex 11.674 28.3777 45
      vertex 11.555 28.045 45
    endloop
  endfacet
  facet normal 0 0 -1
    outer loop
      vertex 4.89942 41.0098 45
      vertex 27.5 46.5 45
      vertex 5.08848 40.8385 45
    endloop
  endfacet
  facet normal 0 0 -1
    outer loop
      vertex 4.69448 36.8382 45
      vertex 11.555 28.045 45
      vertex 11.4692 27.7023 45
    endloop
  endfacet
  facet normal 0 0 -1
    outer loop
      vertex 4.69448 36.8382 45
      vertex 11.4692 27.7023 45
      vertex 11.4173 27.3529 45
    endloop
  endfacet
  facet normal 0 0 -1
    outer loop
      vertex 4.69448 36.8382 45
      vertex 11.4173 27.3529 45
      vertex 11.4 27 45
    endloop
  endfacet
  facet normal 0 0 -1
    outer loop
      vertex 4.05558 4.45563 45
      vertex 10.1615 5.08848 45
      vertex 4.16987 4.37086 45
    endloop
  endfacet
  facet normal 0 0 -1
    outer loop
      vertex 14.6471 30.5827 45
      vertex 5.85 39 45
      vertex 5.83748 39.2548 45
    endloop
  endfacet
  facet normal 0 0 -1
    outer loop
      vertex 3.93353 4.52879 45
      vertex 10.1615 5.08848 45
      vertex 4.05558 4.45563 45
    endloop
  endfacet
  facet normal 0 0 -1
    outer loop
      vertex 14.6471 30.5827 45
      vertex 5.83748 39.2548 45
      vertex 5.80004 39.5072 45
    endloop
  endfacet
  facet normal 0 0 -1
    outer loop
      vertex 4.69448 36.8382 45
      vertex 11.4692 26.2977 45
      vertex 11.555 25.955 45
    endloop
  endfacet
  facet normal -0 0 -1
    outer loop
      vertex 26.5384 42.6402 45
      vertex 5.54299 40.2256 45
      vertex 26.5861 42.8306 45
    endloop
  endfacet
  facet normal 0 0 -1
    outer loop
      vertex 4.69448 36.8382 45
      vertex 11.4173 26.6471 45
      vertex 11.4692 26.2977 45
    endloop
  endfacet
  facet normal 0 0 -1
    outer loop
      vertex 27.5 46.5 45
      vertex 12.7547 72.262 45
      vertex 12.995 72.3479 45
    endloop
  endfacet
  facet normal 0 0 -1
    outer loop
      vertex 4.45563 4.05558 45
      vertex 9.59791 4.24498 45
      vertex 4.52879 3.93353 45
    endloop
  endfacet
  facet normal 0 0 -1
    outer loop
      vertex 4.69448 41.1618 45
      vertex 27.5 46.5 45
      vertex 4.89942 41.0098 45
    endloop
  endfacet
  facet normal 0 0 -1
    outer loop
      vertex 4.52879 3.93353 45
      vertex 9.59791 4.24498 45
      vertex 4.58962 3.80489 45
    endloop
  endfacet
  facet normal 0 0 -1
    outer loop
      vertex 27.5 46.5 45
      vertex 12.5072 72.2 45
      vertex 12.7547 72.262 45
    endloop
  endfacet
  facet normal -0 0 -1
    outer loop
      vertex 9.51195 4.00474 45
      vertex 4.58962 3.80489 45
      vertex 9.59791 4.24498 45
    endloop
  endfacet
  facet normal 0 -0 -1
    outer loop
      vertex 12.2548 72.1625 45
      vertex 27.5 46.5 45
      vertex 4.69448 41.1618 45
    endloop
  endfacet
  facet normal 0 0 -1
    outer loop
      vertex 4.58962 3.80489 45
      vertex 9.51195 4.00474 45
      vertex 4.63756 3.67091 45
    endloop
  endfacet
  facet normal 0 0 -1
    outer loop
      vertex 27.5 46.5 45
      vertex 12.2548 72.1625 45
      vertex 12.5072 72.2 45
    endloop
  endfacet
  facet normal -0 0 -1
    outer loop
      vertex 9.44996 3.75723 45
      vertex 4.63756 3.67091 45
      vertex 9.51195 4.00474 45
    endloop
  endfacet
  facet normal 0 0 -1
    outer loop
      vertex 4.47563 41.293 45
      vertex 12.2548 72.1625 45
      vertex 4.69448 41.1618 45
    endloop
  endfacet
  facet normal 0 0 -1
    outer loop
      vertex 4.63756 3.67091 45
      vertex 9.44996 3.75723 45
      vertex 4.67214 3.53288 45
    endloop
  endfacet
  facet normal 0 0 -1
    outer loop
      vertex 12.2548 72.1625 45
      vertex 4.47563 41.293 45
      vertex 12 72.15 45
    endloop
  endfacet
  facet normal 0 0 -1
    outer loop
      vertex 9.41252 3.50484 45
      vertex 4.67214 3.53288 45
      vertex 9.44996 3.75723 45
    endloop
  endfacet
  facet normal 0 0 -1
    outer loop
      vertex 4.24498 41.4021 45
      vertex 12 72.15 45
      vertex 4.47563 41.293 45
    endloop
  endfacet
  facet normal 0 0 -1
    outer loop
      vertex 4.67214 3.53288 45
      vertex 9.41252 3.50484 45
      vertex 4.69302 3.39212 45
    endloop
  endfacet
  facet normal -0 0 -1
    outer loop
      vertex 12 72.15 45
      vertex 4.24498 41.4021 45
      vertex 11.7452 72.1625 45
    endloop
  endfacet
  facet normal 0 0 -1
    outer loop
      vertex 9.4 3.25 45
      vertex 4.69302 3.39212 45
      vertex 9.41252 3.50484 45
    endloop
  endfacet
  facet normal 0 0 -1
    outer loop
      vertex 4.00474 41.488 45
      vertex 11.7452 72.1625 45
      vertex 4.24498 41.4021 45
    endloop
  endfacet
  facet normal 0 0 -1
    outer loop
      vertex 4.69302 3.39212 45
      vertex 9.4 3.25 45
      vertex 4.7 3.25 45
    endloop
  endfacet
  facet normal -0 0 -1
    outer loop
      vertex 11.7452 72.1625 45
      vertex 4.00474 41.488 45
      vertex 11.4928 72.2 45
    endloop
  endfacet
  facet normal 0 0 -1
    outer loop
      vertex 17.0001 24.0067 45
      vertex 14.0098 4.89942 45
      vertex 16.697 23.8251 45
    endloop
  endfacet
  facet normal 0 0 -1
    outer loop
      vertex 13.8385 5.08848 45
      vertex 16.697 23.8251 45
      vertex 14.0098 4.89942 45
    endloop
  endfacet
  facet normal 0 0 -1
    outer loop
      vertex 16.697 23.8251 45
      vertex 13.8385 5.08848 45
      vertex 16.3777 23.674 45
    endloop
  endfacet
  facet normal 0 0 -1
    outer loop
      vertex 13.6494 5.25983 45
      vertex 16.3777 23.674 45
      vertex 13.8385 5.08848 45
    endloop
  endfacet
  facet normal 0 0 -1
    outer loop
      vertex 16.3777 23.674 45
      vertex 13.6494 5.25983 45
      vertex 16.045 23.555 45
    endloop
  endfacet
  facet normal 0 0 -1
    outer loop
      vertex 13.4445 5.41182 45
      vertex 16.045 23.555 45
      vertex 13.6494 5.25983 45
    endloop
  endfacet
  facet normal 0 0 -1
    outer loop
      vertex 13.2256 5.54299 45
      vertex 16.045 23.555 45
      vertex 13.4445 5.41182 45
    endloop
  endfacet
  facet normal 0 0 -1
    outer loop
      vertex 16.045 23.555 45
      vertex 13.2256 5.54299 45
      vertex 15.7023 23.4692 45
    endloop
  endfacet
  facet normal 0 0 -1
    outer loop
      vertex 12.995 5.65209 45
      vertex 15.7023 23.4692 45
      vertex 13.2256 5.54299 45
    endloop
  endfacet
  facet normal 0 0 -1
    outer loop
      vertex 15.7023 23.4692 45
      vertex 12.995 5.65209 45
      vertex 15.3529 23.4173 45
    endloop
  endfacet
  facet normal 0 0 -1
    outer loop
      vertex 12.7547 5.73804 45
      vertex 15.3529 23.4173 45
      vertex 12.995 5.65209 45
    endloop
  endfacet
  facet normal 0 0 -1
    outer loop
      vertex 15.3529 23.4173 45
      vertex 12.7547 5.73804 45
      vertex 15 23.4 45
    endloop
  endfacet
  facet normal 0 0 -1
    outer loop
      vertex 12.5072 5.80004 45
      vertex 15 23.4 45
      vertex 12.7547 5.73804 45
    endloop
  endfacet
  facet normal -0 0 -1
    outer loop
      vertex 15 23.4 45
      vertex 12.5072 5.80004 45
      vertex 14.6471 23.4173 45
    endloop
  endfacet
  facet normal 0 0 -1
    outer loop
      vertex 12.2548 5.83748 45
      vertex 14.6471 23.4173 45
      vertex 12.5072 5.80004 45
    endloop
  endfacet
  facet normal -0 0 -1
    outer loop
      vertex 14.6471 23.4173 45
      vertex 12.2548 5.83748 45
      vertex 14.2977 23.4692 45
    endloop
  endfacet
  facet normal 0 0 -1
    outer loop
      vertex 12 5.85 45
      vertex 14.2977 23.4692 45
      vertex 12.2548 5.83748 45
    endloop
  endfacet
  facet normal -0 0 -1
    outer loop
      vertex 14.2977 23.4692 45
      vertex 12 5.85 45
      vertex 13.955 23.555 45
    endloop
  endfacet
  facet normal 0 0 -1
    outer loop
      vertex 11.7452 5.83748 45
      vertex 13.955 23.555 45
      vertex 12 5.85 45
    endloop
  endfacet
  facet normal -0 0 -1
    outer loop
      vertex 13.955 23.555 45
      vertex 11.7452 5.83748 45
      vertex 13.6223 23.674 45
    endloop
  endfacet
  facet normal 0 0 -1
    outer loop
      vertex 11.4928 5.80004 45
      vertex 13.6223 23.674 45
      vertex 11.7452 5.83748 45
    endloop
  endfacet
  facet normal -0 0 -1
    outer loop
      vertex 13.6223 23.674 45
      vertex 11.4928 5.80004 45
      vertex 13.303 23.8251 45
    endloop
  endfacet
  facet normal 0 0 -1
    outer loop
      vertex 11.2453 5.73804 45
      vertex 13.303 23.8251 45
      vertex 11.4928 5.80004 45
    endloop
  endfacet
  facet normal -0 0 -1
    outer loop
      vertex 13.303 23.8251 45
      vertex 11.2453 5.73804 45
      vertex 12.9999 24.0067 45
    endloop
  endfacet
  facet normal 0 0 -1
    outer loop
      vertex 11.005 5.65209 45
      vertex 12.9999 24.0067 45
      vertex 11.2453 5.73804 45
    endloop
  endfacet
  facet normal -0 0 -1
    outer loop
      vertex 12.9999 24.0067 45
      vertex 11.005 5.65209 45
      vertex 12.7162 24.2172 45
    endloop
  endfacet
  facet normal 0 0 -1
    outer loop
      vertex 10.7744 5.54299 45
      vertex 12.7162 24.2172 45
      vertex 11.005 5.65209 45
    endloop
  endfacet
  facet normal -0 0 -1
    outer loop
      vertex 9.99017 4.89942 45
      vertex 4.16987 4.37086 45
      vertex 10.1615 5.08848 45
    endloop
  endfacet
  facet normal 0 0 -1
    outer loop
      vertex 4.16987 4.37086 45
      vertex 9.99017 4.89942 45
      vertex 4.2753 4.2753 45
    endloop
  endfacet
  facet normal -0 0 -1
    outer loop
      vertex 9.59791 4.24498 45
      vertex 4.45563 4.05558 45
      vertex 9.707 4.47563 45
    endloop
  endfacet
  facet normal 0 0 -1
    outer loop
      vertex 4.37086 4.16987 45
      vertex 9.707 4.47563 45
      vertex 4.45563 4.05558 45
    endloop
  endfacet
  facet normal -0 0 -1
    outer loop
      vertex 9.707 4.47563 45
      vertex 4.37086 4.16987 45
      vertex 9.83818 4.69448 45
    endloop
  endfacet
  facet normal 0 0 -1
    outer loop
      vertex 4.2753 4.2753 45
      vertex 9.83818 4.69448 45
      vertex 4.37086 4.16987 45
    endloop
  endfacet
  facet normal -0 0 -1
    outer loop
      vertex 9.83818 4.69448 45
      vertex 4.2753 4.2753 45
      vertex 9.99017 4.89942 45
    endloop
  endfacet
  facet normal 0 0 -1
    outer loop
      vertex 64.4173 46.3529 45
      vertex 52.5 46.5 45
      vertex 64.4692 46.7023 45
    endloop
  endfacet
  facet normal 0 0 -1
    outer loop
      vertex 65.0067 48.0001 45
      vertex 53.4904 65.554 45
      vertex 53.5 65.75 45
    endloop
  endfacet
  facet normal -0 0 -1
    outer loop
      vertex 64.4692 46.7023 45
      vertex 52.5 46.5 45
      vertex 64.555 47.045 45
    endloop
  endfacet
  facet normal 0 0 -1
    outer loop
      vertex 65.0067 48.0001 45
      vertex 53.4616 65.3598 45
      vertex 53.4904 65.554 45
    endloop
  endfacet
  facet normal -0 0 -1
    outer loop
      vertex 64.555 47.045 45
      vertex 52.5 46.5 45
      vertex 64.674 47.3777 45
    endloop
  endfacet
  facet normal 0 0 -1
    outer loop
      vertex 65.0067 48.0001 45
      vertex 53.4139 65.1694 45
      vertex 53.4616 65.3598 45
    endloop
  endfacet
  facet normal -0 0 -1
    outer loop
      vertex 64.674 47.3777 45
      vertex 52.5 46.5 45
      vertex 64.8251 47.697 45
    endloop
  endfacet
  facet normal 0 0 -1
    outer loop
      vertex 52.5 61.5 45
      vertex 65.0067 48.0001 45
      vertex 52.5 46.5 45
    endloop
  endfacet
  facet normal -0 0 -1
    outer loop
      vertex 64.8251 47.697 45
      vertex 52.5 46.5 45
      vertex 65.0067 48.0001 45
    endloop
  endfacet
  facet normal 0 -0 -1
    outer loop
      vertex 53.3478 64.9846 45
      vertex 65.0067 48.0001 45
      vertex 52.5 61.5 45
    endloop
  endfacet
  facet normal 0 0 -1
    outer loop
      vertex 52.5 46.5 45
      vertex 53.2638 43.1928 45
      vertex 53.1629 43.3611 45
    endloop
  endfacet
  facet normal 0 0 -1
    outer loop
      vertex 65.0067 48.0001 45
      vertex 53.3478 64.9846 45
      vertex 53.4139 65.1694 45
    endloop
  endfacet
  facet normal 0 0 -1
    outer loop
      vertex 52.5 46.5 45
      vertex 53.1629 43.3611 45
      vertex 53.046 43.5188 45
    endloop
  endfacet
  facet normal 0 0 -1
    outer loop
      vertex 53.3478 64.9846 45
      vertex 52.5 61.5 45
      vertex 53.2638 64.8072 45
    endloop
  endfacet
  facet normal 0 0 -1
    outer loop
      vertex 52.5 46.5 45
      vertex 53.046 43.5188 45
      vertex 52.9142 43.6642 45
    endloop
  endfacet
  facet normal 0 0 -1
    outer loop
      vertex 53.2638 64.8072 45
      vertex 52.5 61.5 45
      vertex 53.1629 64.6389 45
    endloop
  endfacet
  facet normal 0 0 -1
    outer loop
      vertex 52.5 46.5 45
      vertex 52.9142 43.6642 45
      vertex 52.7688 43.796 45
    endloop
  endfacet
  facet normal 0 0 -1
    outer loop
      vertex 53.1629 64.6389 45
      vertex 52.5 61.5 45
      vertex 53.046 64.4812 45
    endloop
  endfacet
  facet normal 0 0 -1
    outer loop
      vertex 52.5 46.5 45
      vertex 52.7688 43.796 45
      vertex 52.6111 43.9129 45
    endloop
  endfacet
  facet normal 0 0 -1
    outer loop
      vertex 53.046 64.4812 45
      vertex 52.5 61.5 45
      vertex 52.9142 64.3358 45
    endloop
  endfacet
  facet normal 0 0 -1
    outer loop
      vertex 52.9142 64.3358 45
      vertex 52.5 61.5 45
      vertex 52.7688 64.204 45
    endloop
  endfacet
  facet normal 0 0 -1
    outer loop
      vertex 52.4428 44.0138 45
      vertex 52.5 46.5 45
      vertex 52.6111 43.9129 45
    endloop
  endfacet
  facet normal 0 0 -1
    outer loop
      vertex 52.2654 44.0978 45
      vertex 52.5 46.5 45
      vertex 52.4428 44.0138 45
    endloop
  endfacet
  facet normal 0 0 -1
    outer loop
      vertex 52.0806 44.1639 45
      vertex 52.5 46.5 45
      vertex 52.2654 44.0978 45
    endloop
  endfacet
  facet normal 0 0 -1
    outer loop
      vertex 51.8902 44.2116 45
      vertex 52.5 46.5 45
      vertex 52.0806 44.1639 45
    endloop
  endfacet
  facet normal 0 0 -1
    outer loop
      vertex 51.696 44.2404 45
      vertex 52.5 46.5 45
      vertex 51.8902 44.2116 45
    endloop
  endfacet
  facet normal 0 0 -1
    outer loop
      vertex 51.5 44.25 45
      vertex 52.5 46.5 45
      vertex 51.696 44.2404 45
    endloop
  endfacet
  facet normal 0 0 -1
    outer loop
      vertex 51.304 44.2404 45
      vertex 52.5 46.5 45
      vertex 51.5 44.25 45
    endloop
  endfacet
  facet normal 0 0 -1
    outer loop
      vertex 51.1098 44.2116 45
      vertex 52.5 46.5 45
      vertex 51.304 44.2404 45
    endloop
  endfacet
  facet normal 0 0 -1
    outer loop
      vertex 50.9194 44.1639 45
      vertex 52.5 46.5 45
      vertex 51.1098 44.2116 45
    endloop
  endfacet
  facet normal 0 0 -1
    outer loop
      vertex 50.7346 44.0978 45
      vertex 52.5 46.5 45
      vertex 50.9194 44.1639 45
    endloop
  endfacet
  facet normal 0 0 -1
    outer loop
      vertex 50.5572 44.0138 45
      vertex 52.5 46.5 45
      vertex 50.7346 44.0978 45
    endloop
  endfacet
  facet normal 0 0 -1
    outer loop
      vertex 50.3889 43.9129 45
      vertex 52.5 46.5 45
      vertex 50.5572 44.0138 45
    endloop
  endfacet
  facet normal 0 0 -1
    outer loop
      vertex 50.2312 43.796 45
      vertex 52.5 46.5 45
      vertex 50.3889 43.9129 45
    endloop
  endfacet
  facet normal 0 0 -1
    outer loop
      vertex 50.0858 43.6642 45
      vertex 52.5 46.5 45
      vertex 50.2312 43.796 45
    endloop
  endfacet
  facet normal 0 0 -1
    outer loop
      vertex 29.9142 43.6642 45
      vertex 50.0858 43.6642 45
      vertex 49.954 43.5188 45
    endloop
  endfacet
  facet normal 0 0 -1
    outer loop
      vertex 42.0001 29.9933 45
      vertex 50.2312 40.704 45
      vertex 42.2838 29.7828 45
    endloop
  endfacet
  facet normal -0 0 -1
    outer loop
      vertex 50.2312 40.704 45
      vertex 42.0001 29.9933 45
      vertex 50.0858 40.8358 45
    endloop
  endfacet
  facet normal 0 0 -1
    outer loop
      vertex 41.697 30.1749 45
      vertex 50.0858 40.8358 45
      vertex 42.0001 29.9933 45
    endloop
  endfacet
  facet normal -0 0 -1
    outer loop
      vertex 50.0858 40.8358 45
      vertex 41.697 30.1749 45
      vertex 49.954 40.9812 45
    endloop
  endfacet
  facet normal 0 0 -1
    outer loop
      vertex 41.3777 30.326 45
      vertex 49.954 40.9812 45
      vertex 41.697 30.1749 45
    endloop
  endfacet
  facet normal -0 0 -1
    outer loop
      vertex 49.954 40.9812 45
      vertex 41.3777 30.326 45
      vertex 49.8371 41.1389 45
    endloop
  endfacet
  facet normal 0 0 -1
    outer loop
      vertex 41.045 30.445 45
      vertex 49.8371 41.1389 45
      vertex 41.3777 30.326 45
    endloop
  endfacet
  facet normal -0 0 -1
    outer loop
      vertex 49.8371 41.1389 45
      vertex 41.045 30.445 45
      vertex 49.7362 41.3072 45
    endloop
  endfacet
  facet normal 0 0 -1
    outer loop
      vertex 40.7023 30.5308 45
      vertex 49.7362 41.3072 45
      vertex 41.045 30.445 45
    endloop
  endfacet
  facet normal -0 0 -1
    outer loop
      vertex 49.7362 41.3072 45
      vertex 40.7023 30.5308 45
      vertex 49.6522 41.4846 45
    endloop
  endfacet
  facet normal -0 0 -1
    outer loop
      vertex 49.6522 41.4846 45
      vertex 40.7023 30.5308 45
      vertex 49.5861 41.6694 45
    endloop
  endfacet
  facet normal 0 0 -1
    outer loop
      vertex 40.3529 30.5827 45
      vertex 49.5861 41.6694 45
      vertex 40.7023 30.5308 45
    endloop
  endfacet
  facet normal -0 0 -1
    outer loop
      vertex 49.5861 41.6694 45
      vertex 40.3529 30.5827 45
      vertex 49.5384 41.8598 45
    endloop
  endfacet
  facet normal 0 0 -1
    outer loop
      vertex 40 30.6 45
      vertex 49.5384 41.8598 45
      vertex 40.3529 30.5827 45
    endloop
  endfacet
  facet normal 0 0 -1
    outer loop
      vertex 30.4904 42.054 45
      vertex 49.5384 41.8598 45
      vertex 40 30.6 45
    endloop
  endfacet
  facet normal 0 0 -1
    outer loop
      vertex 49.5384 41.8598 45
      vertex 30.4904 42.054 45
      vertex 49.5096 42.054 45
    endloop
  endfacet
  facet normal 0 0 -1
    outer loop
      vertex 49.5096 42.054 45
      vertex 30.4904 42.054 45
      vertex 49.5 42.25 45
    endloop
  endfacet
  facet normal 0 -0 -1
    outer loop
      vertex 30.5 42.25 45
      vertex 49.5 42.25 45
      vertex 30.4904 42.054 45
    endloop
  endfacet
  facet normal 0 0 -1
    outer loop
      vertex 49.5 42.25 45
      vertex 30.5 42.25 45
      vertex 49.5096 42.446 45
    endloop
  endfacet
  facet normal 0 0 -1
    outer loop
      vertex 30.4904 42.446 45
      vertex 49.5096 42.446 45
      vertex 30.5 42.25 45
    endloop
  endfacet
  facet normal 0 0 -1
    outer loop
      vertex 49.5096 42.446 45
      vertex 30.4904 42.446 45
      vertex 49.5384 42.6402 45
    endloop
  endfacet
  facet normal 0 0 -1
    outer loop
      vertex 30.4616 42.6402 45
      vertex 49.5384 42.6402 45
      vertex 30.4904 42.446 45
    endloop
  endfacet
  facet normal 0 0 -1
    outer loop
      vertex 49.5384 42.6402 45
      vertex 30.4616 42.6402 45
      vertex 49.5861 42.8306 45
    endloop
  endfacet
  facet normal 0 0 -1
    outer loop
      vertex 30.4904 42.054 45
      vertex 40 30.6 45
      vertex 39.6471 30.5827 45
    endloop
  endfacet
  facet normal 0 0 -1
    outer loop
      vertex 30.4904 42.054 45
      vertex 39.6471 30.5827 45
      vertex 39.2977 30.5308 45
    endloop
  endfacet
  facet normal 0 0 -1
    outer loop
      vertex 30.4904 42.054 45
      vertex 39.2977 30.5308 45
      vertex 38.955 30.445 45
    endloop
  endfacet
  facet normal 0 0 -1
    outer loop
      vertex 30.4904 42.054 45
      vertex 38.955 30.445 45
      vertex 38.6223 30.326 45
    endloop
  endfacet
  facet normal 0 0 -1
    outer loop
      vertex 30.4139 42.8306 45
      vertex 49.5861 42.8306 45
      vertex 30.4616 42.6402 45
    endloop
  endfacet
  facet normal 0 0 -1
    outer loop
      vertex 30.4904 42.054 45
      vertex 38.6223 30.326 45
      vertex 38.303 30.1749 45
    endloop
  endfacet
  facet normal 0 0 -1
    outer loop
      vertex 30.4904 42.054 45
      vertex 38.303 30.1749 45
      vertex 37.9999 29.9933 45
    endloop
  endfacet
  facet normal 0 0 -1
    outer loop
      vertex 30.4904 42.054 45
      vertex 37.9999 29.9933 45
      vertex 37.7162 29.7828 45
    endloop
  endfacet
  facet normal 0 0 -1
    outer loop
      vertex 30.4904 42.054 45
      vertex 37.7162 29.7828 45
      vertex 37.4544 29.5456 45
    endloop
  endfacet
  facet normal 0 0 -1
    outer loop
      vertex 30.4904 42.054 45
      vertex 37.4544 29.5456 45
      vertex 37.2172 29.2838 45
    endloop
  endfacet
  facet normal 0 0 -1
    outer loop
      vertex 18.5827 27.3529 45
      vertex 36.4173 27.3529 45
      vertex 36.4 27 45
    endloop
  endfacet
  facet normal 0 0 -1
    outer loop
      vertex 30.4904 42.054 45
      vertex 36.4692 27.7023 45
      vertex 36.4173 27.3529 45
    endloop
  endfacet
  facet normal 0 0 -1
    outer loop
      vertex 30.4904 42.054 45
      vertex 36.555 28.045 45
      vertex 36.4692 27.7023 45
    endloop
  endfacet
  facet normal 0 0 -1
    outer loop
      vertex 30.4904 42.054 45
      vertex 36.674 28.3777 45
      vertex 36.555 28.045 45
    endloop
  endfacet
  facet normal 0 0 -1
    outer loop
      vertex 30.4904 42.054 45
      vertex 36.8251 28.697 45
      vertex 36.674 28.3777 45
    endloop
  endfacet
  facet normal 0 0 -1
    outer loop
      vertex 30.4904 42.054 45
      vertex 37.0067 29.0001 45
      vertex 36.8251 28.697 45
    endloop
  endfacet
  facet normal 0 0 -1
    outer loop
      vertex 30.4904 42.054 45
      vertex 37.2172 29.2838 45
      vertex 37.0067 29.0001 45
    endloop
  endfacet
  facet normal 0 0 -1
    outer loop
      vertex 49.5861 42.8306 45
      vertex 30.4139 42.8306 45
      vertex 49.6522 43.0154 45
    endloop
  endfacet
  facet normal 0 0 -1
    outer loop
      vertex 49.6522 43.0154 45
      vertex 30.3478 43.0154 45
      vertex 49.7362 43.1928 45
    endloop
  endfacet
  facet normal 0 0 -1
    outer loop
      vertex 30.2638 43.1928 45
      vertex 49.7362 43.1928 45
      vertex 30.3478 43.0154 45
    endloop
  endfacet
  facet normal 0 0 -1
    outer loop
      vertex 49.7362 43.1928 45
      vertex 30.2638 43.1928 45
      vertex 49.8371 43.3611 45
    endloop
  endfacet
  facet normal 0 0 -1
    outer loop
      vertex 30.1629 43.3611 45
      vertex 49.8371 43.3611 45
      vertex 30.2638 43.1928 45
    endloop
  endfacet
  facet normal 0 0 -1
    outer loop
      vertex 49.8371 43.3611 45
      vertex 30.1629 43.3611 45
      vertex 49.954 43.5188 45
    endloop
  endfacet
  facet normal 0 0 -1
    outer loop
      vertex 30.046 43.5188 45
      vertex 49.954 43.5188 45
      vertex 30.1629 43.3611 45
    endloop
  endfacet
  facet normal 0 0 -1
    outer loop
      vertex 29.9142 43.6642 45
      vertex 49.954 43.5188 45
      vertex 30.046 43.5188 45
    endloop
  endfacet
  facet normal 0 0 -1
    outer loop
      vertex 50.0858 43.6642 45
      vertex 29.9142 43.6642 45
      vertex 52.5 46.5 45
    endloop
  endfacet
  facet normal 0 0 -1
    outer loop
      vertex 27.5 46.5 45
      vertex 29.9142 43.6642 45
      vertex 29.7688 43.796 45
    endloop
  endfacet
  facet normal 0 0 -1
    outer loop
      vertex 27.5 46.5 45
      vertex 29.7688 43.796 45
      vertex 29.6111 43.9129 45
    endloop
  endfacet
  facet normal 0 0 -1
    outer loop
      vertex 27.5 46.5 45
      vertex 29.6111 43.9129 45
      vertex 29.4428 44.0138 45
    endloop
  endfacet
  facet normal 0 0 -1
    outer loop
      vertex 27.5 46.5 45
      vertex 29.4428 44.0138 45
      vertex 29.2654 44.0978 45
    endloop
  endfacet
  facet normal 0 0 -1
    outer loop
      vertex 27.5 46.5 45
      vertex 29.2654 44.0978 45
      vertex 29.0806 44.1639 45
    endloop
  endfacet
  facet normal 0 0 -1
    outer loop
      vertex 27.5 46.5 45
      vertex 29.0806 44.1639 45
      vertex 28.8902 44.2116 45
    endloop
  endfacet
  facet normal 0 0 -1
    outer loop
      vertex 27.5 46.5 45
      vertex 28.8902 44.2116 45
      vertex 28.696 44.2404 45
    endloop
  endfacet
  facet normal 0 0 -1
    outer loop
      vertex 27.5 46.5 45
      vertex 28.696 44.2404 45
      vertex 28.5 44.25 45
    endloop
  endfacet
  facet normal 0 0 -1
    outer loop
      vertex 27.5 46.5 45
      vertex 28.5 44.25 45
      vertex 28.304 44.2404 45
    endloop
  endfacet
  facet normal 0 0 -1
    outer loop
      vertex 29.9142 43.6642 45
      vertex 27.5 46.5 45
      vertex 52.5 46.5 45
    endloop
  endfacet
  facet normal 0 0 -1
    outer loop
      vertex 28.1098 44.2116 45
      vertex 27.5 46.5 45
      vertex 28.304 44.2404 45
    endloop
  endfacet
  facet normal 0 0 -1
    outer loop
      vertex 27.9194 44.1639 45
      vertex 27.5 46.5 45
      vertex 28.1098 44.2116 45
    endloop
  endfacet
  facet normal 0 0 -1
    outer loop
      vertex 27.7346 44.0978 45
      vertex 27.5 46.5 45
      vertex 27.9194 44.1639 45
    endloop
  endfacet
  facet normal 0 0 -1
    outer loop
      vertex 27.5572 44.0138 45
      vertex 27.5 46.5 45
      vertex 27.7346 44.0978 45
    endloop
  endfacet
  facet normal 0 0 -1
    outer loop
      vertex 27.2312 43.796 45
      vertex 27.5 46.5 45
      vertex 27.3889 43.9129 45
    endloop
  endfacet
  facet normal 0 0 -1
    outer loop
      vertex 27.3889 43.9129 45
      vertex 27.5 46.5 45
      vertex 27.5572 44.0138 45
    endloop
  endfacet
  facet normal 0 0 -1
    outer loop
      vertex 52.7688 64.204 45
      vertex 52.5 61.5 45
      vertex 52.6111 64.0871 45
    endloop
  endfacet
  facet normal 0 0 -1
    outer loop
      vertex 52.5 61.5 45
      vertex 52.4428 63.9862 45
      vertex 52.6111 64.0871 45
    endloop
  endfacet
  facet normal 0 0 -1
    outer loop
      vertex 52.5 61.5 45
      vertex 52.2654 63.9022 45
      vertex 52.4428 63.9862 45
    endloop
  endfacet
  facet normal 0 0 -1
    outer loop
      vertex 52.5 61.5 45
      vertex 52.0806 63.8361 45
      vertex 52.2654 63.9022 45
    endloop
  endfacet
  facet normal 0 0 -1
    outer loop
      vertex 52.5 61.5 45
      vertex 51.8902 63.7884 45
      vertex 52.0806 63.8361 45
    endloop
  endfacet
  facet normal 0 0 -1
    outer loop
      vertex 52.5 61.5 45
      vertex 51.696 63.7596 45
      vertex 51.8902 63.7884 45
    endloop
  endfacet
  facet normal 0 0 -1
    outer loop
      vertex 52.5 61.5 45
      vertex 51.5 63.75 45
      vertex 51.696 63.7596 45
    endloop
  endfacet
  facet normal 0 0 -1
    outer loop
      vertex 52.5 61.5 45
      vertex 51.304 63.7596 45
      vertex 51.5 63.75 45
    endloop
  endfacet
  facet normal 0 0 -1
    outer loop
      vertex 52.5 61.5 45
      vertex 51.1098 63.7884 45
      vertex 51.304 63.7596 45
    endloop
  endfacet
  facet normal 0 0 -1
    outer loop
      vertex 52.5 61.5 45
      vertex 50.9194 63.8361 45
      vertex 51.1098 63.7884 45
    endloop
  endfacet
  facet normal 0 0 -1
    outer loop
      vertex 52.5 61.5 45
      vertex 50.7346 63.9022 45
      vertex 50.9194 63.8361 45
    endloop
  endfacet
  facet normal 0 0 -1
    outer loop
      vertex 52.5 61.5 45
      vertex 50.5572 63.9862 45
      vertex 50.7346 63.9022 45
    endloop
  endfacet
  facet normal 0 0 -1
    outer loop
      vertex 52.5 61.5 45
      vertex 50.3889 64.0871 45
      vertex 50.5572 63.9862 45
    endloop
  endfacet
  facet normal 0 0 -1
    outer loop
      vertex 52.5 61.5 45
      vertex 50.2312 64.204 45
      vertex 50.3889 64.0871 45
    endloop
  endfacet
  facet normal 0 0 -1
    outer loop
      vertex 52.5 61.5 45
      vertex 50.0858 64.3358 45
      vertex 50.2312 64.204 45
    endloop
  endfacet
  facet normal 0 0 -1
    outer loop
      vertex 29.9142 64.3358 45
      vertex 50.0858 64.3358 45
      vertex 52.5 61.5 45
    endloop
  endfacet
  facet normal 0 0 -1
    outer loop
      vertex 49.5096 65.554 45
      vertex 30.5 65.75 45
      vertex 49.5 65.75 45
    endloop
  endfacet
  facet normal 0 0 -1
    outer loop
      vertex 30.4904 65.554 45
      vertex 49.5096 65.554 45
      vertex 49.5384 65.3598 45
    endloop
  endfacet
  facet normal 0 0 -1
    outer loop
      vertex 30.4616 65.3598 45
      vertex 49.5384 65.3598 45
      vertex 49.5861 65.1694 45
    endloop
  endfacet
  facet normal 0 0 -1
    outer loop
      vertex 30.4139 65.1694 45
      vertex 49.5861 65.1694 45
      vertex 49.6522 64.9846 45
    endloop
  endfacet
  facet normal 0 0 -1
    outer loop
      vertex 30.3478 64.9846 45
      vertex 49.6522 64.9846 45
      vertex 49.7362 64.8072 45
    endloop
  endfacet
  facet normal 0 0 -1
    outer loop
      vertex 30.2638 64.8072 45
      vertex 49.7362 64.8072 45
      vertex 49.8371 64.6389 45
    endloop
  endfacet
  facet normal 0 0 -1
    outer loop
      vertex 30.1629 64.6389 45
      vertex 49.8371 64.6389 45
      vertex 49.954 64.4812 45
    endloop
  endfacet
  facet normal 0 0 -1
    outer loop
      vertex 50.0858 64.3358 45
      vertex 29.9142 64.3358 45
      vertex 49.954 64.4812 45
    endloop
  endfacet
  facet normal 0 0 -1
    outer loop
      vertex 49.5096 65.554 45
      vertex 30.4904 65.554 45
      vertex 30.5 65.75 45
    endloop
  endfacet
  facet normal 0 0 -1
    outer loop
      vertex 49.5384 65.3598 45
      vertex 30.4616 65.3598 45
      vertex 30.4904 65.554 45
    endloop
  endfacet
  facet normal 0 0 -1
    outer loop
      vertex 49.5861 65.1694 45
      vertex 30.4139 65.1694 45
      vertex 30.4616 65.3598 45
    endloop
  endfacet
  facet normal 0 0 -1
    outer loop
      vertex 49.6522 64.9846 45
      vertex 30.3478 64.9846 45
      vertex 30.4139 65.1694 45
    endloop
  endfacet
  facet normal 0 0 -1
    outer loop
      vertex 49.7362 64.8072 45
      vertex 30.2638 64.8072 45
      vertex 30.3478 64.9846 45
    endloop
  endfacet
  facet normal 0 0 -1
    outer loop
      vertex 49.8371 64.6389 45
      vertex 30.1629 64.6389 45
      vertex 30.2638 64.8072 45
    endloop
  endfacet
  facet normal 0 0 -1
    outer loop
      vertex 49.954 64.4812 45
      vertex 30.046 64.4812 45
      vertex 30.1629 64.6389 45
    endloop
  endfacet
  facet normal -0 0 -1
    outer loop
      vertex 49.954 64.4812 45
      vertex 29.9142 64.3358 45
      vertex 30.046 64.4812 45
    endloop
  endfacet
  facet normal 0 0 -1
    outer loop
      vertex 27.5 61.5 45
      vertex 29.9142 64.3358 45
      vertex 52.5 61.5 45
    endloop
  endfacet
  facet normal 0 0 -1
    outer loop
      vertex 29.9142 64.3358 45
      vertex 27.5 61.5 45
      vertex 29.7688 64.204 45
    endloop
  endfacet
  facet normal 0 0 -1
    outer loop
      vertex 29.7688 64.204 45
      vertex 27.5 61.5 45
      vertex 29.6111 64.0871 45
    endloop
  endfacet
  facet normal 0 0 -1
    outer loop
      vertex 29.6111 64.0871 45
      vertex 27.5 61.5 45
      vertex 29.4428 63.9862 45
    endloop
  endfacet
  facet normal 0 0 -1
    outer loop
      vertex 29.4428 63.9862 45
      vertex 27.5 61.5 45
      vertex 29.2654 63.9022 45
    endloop
  endfacet
  facet normal 0 0 -1
    outer loop
      vertex 29.2654 63.9022 45
      vertex 27.5 61.5 45
      vertex 29.0806 63.8361 45
    endloop
  endfacet
  facet normal 0 0 -1
    outer loop
      vertex 29.0806 63.8361 45
      vertex 27.5 61.5 45
      vertex 28.8902 63.7884 45
    endloop
  endfacet
  facet normal 0 0 -1
    outer loop
      vertex 28.8902 63.7884 45
      vertex 27.5 61.5 45
      vertex 28.696 63.7596 45
    endloop
  endfacet
  facet normal 0 0 -1
    outer loop
      vertex 28.696 63.7596 45
      vertex 27.5 61.5 45
      vertex 28.5 63.75 45
    endloop
  endfacet
  facet normal -0 0 -1
    outer loop
      vertex 28.5 63.75 45
      vertex 27.5 61.5 45
      vertex 28.304 63.7596 45
    endloop
  endfacet
  facet normal 0 0 -1
    outer loop
      vertex 27.5 61.5 45
      vertex 28.1098 63.7884 45
      vertex 28.304 63.7596 45
    endloop
  endfacet
  facet normal 0 0 -1
    outer loop
      vertex 27.5 61.5 45
      vertex 27.9194 63.8361 45
      vertex 28.1098 63.7884 45
    endloop
  endfacet
  facet normal 0 0 -1
    outer loop
      vertex 27.5 61.5 45
      vertex 27.7346 63.9022 45
      vertex 27.9194 63.8361 45
    endloop
  endfacet
  facet normal 0 0 -1
    outer loop
      vertex 27.5 61.5 45
      vertex 27.5572 63.9862 45
      vertex 27.7346 63.9022 45
    endloop
  endfacet
  facet normal 0 0 -1
    outer loop
      vertex 27.5 61.5 45
      vertex 27.3889 64.0871 45
      vertex 27.5572 63.9862 45
    endloop
  endfacet
  facet normal 0 0 -1
    outer loop
      vertex 27.0858 43.6642 45
      vertex 27.5 46.5 45
      vertex 27.2312 43.796 45
    endloop
  endfacet
  facet normal 0 0 -1
    outer loop
      vertex 26.954 43.5188 45
      vertex 27.5 46.5 45
      vertex 27.0858 43.6642 45
    endloop
  endfacet
  facet normal 0 0 -1
    outer loop
      vertex 27.5 61.5 45
      vertex 27.2312 64.204 45
      vertex 27.3889 64.0871 45
    endloop
  endfacet
  facet normal 0 0 -1
    outer loop
      vertex 26.8371 43.3611 45
      vertex 27.5 46.5 45
      vertex 26.954 43.5188 45
    endloop
  endfacet
  facet normal 0 0 -1
    outer loop
      vertex 27.5 61.5 45
      vertex 27.0858 64.3358 45
      vertex 27.2312 64.204 45
    endloop
  endfacet
  facet normal 0 0 -1
    outer loop
      vertex 26.7362 43.1928 45
      vertex 27.5 46.5 45
      vertex 26.8371 43.3611 45
    endloop
  endfacet
  facet normal 0 0 -1
    outer loop
      vertex 27.5 61.5 45
      vertex 26.954 64.4812 45
      vertex 27.0858 64.3358 45
    endloop
  endfacet
  facet normal 0 0 -1
    outer loop
      vertex 26.6522 43.0154 45
      vertex 27.5 46.5 45
      vertex 26.7362 43.1928 45
    endloop
  endfacet
  facet normal 0 0 -1
    outer loop
      vertex 27.5 61.5 45
      vertex 26.8371 64.6389 45
      vertex 26.954 64.4812 45
    endloop
  endfacet
  facet normal 0 0 -1
    outer loop
      vertex 14.5875 74.4952 45
      vertex 27.5 61.5 45
      vertex 27.5 46.5 45
    endloop
  endfacet
  facet normal 0 0 -1
    outer loop
      vertex 27.5 61.5 45
      vertex 26.7362 64.8072 45
      vertex 26.8371 64.6389 45
    endloop
  endfacet
  facet normal -0 0 -1
    outer loop
      vertex 26.5096 42.446 45
      vertex 5.65209 39.995 45
      vertex 26.5384 42.6402 45
    endloop
  endfacet
  facet normal 0 0 -1
    outer loop
      vertex 14.5875 74.4952 45
      vertex 26.6522 64.9846 45
      vertex 27.5 61.5 45
    endloop
  endfacet
  facet normal 0 0 -1
    outer loop
      vertex 5.65209 39.995 45
      vertex 26.5096 42.446 45
      vertex 5.73804 39.7547 45
    endloop
  endfacet
  facet normal 0 0 -1
    outer loop
      vertex 27.5 61.5 45
      vertex 26.6522 64.9846 45
      vertex 26.7362 64.8072 45
    endloop
  endfacet
  facet normal -0 0 -1
    outer loop
      vertex 26.5 42.25 45
      vertex 5.73804 39.7547 45
      vertex 26.5096 42.446 45
    endloop
  endfacet
  facet normal 0 0 -1
    outer loop
      vertex 14.5875 74.4952 45
      vertex 26.5861 65.1694 45
      vertex 26.6522 64.9846 45
    endloop
  endfacet
  facet normal 0 0 -1
    outer loop
      vertex 5.73804 39.7547 45
      vertex 26.5 42.25 45
      vertex 5.80004 39.5072 45
    endloop
  endfacet
  facet normal 0 0 -1
    outer loop
      vertex 14.5875 74.4952 45
      vertex 26.5384 65.3598 45
      vertex 26.5861 65.1694 45
    endloop
  endfacet
  facet normal -0 0 -1
    outer loop
      vertex 26.5096 42.054 45
      vertex 5.80004 39.5072 45
      vertex 26.5 42.25 45
    endloop
  endfacet
  facet normal 0 0 -1
    outer loop
      vertex 14.5875 74.4952 45
      vertex 26.5096 65.554 45
      vertex 26.5384 65.3598 45
    endloop
  endfacet
  facet normal -0 0 -1
    outer loop
      vertex 97.2453 72.262 45
      vertex 71.445 47.045 45
      vertex 97.005 72.3479 45
    endloop
  endfacet
  facet normal 0 0 -1
    outer loop
      vertex 96.7744 72.457 45
      vertex 71.5827 63.6471 45
      vertex 71.6 64 45
    endloop
  endfacet
  facet normal 0 0 -1
    outer loop
      vertex 71.326 47.3777 45
      vertex 97.005 72.3479 45
      vertex 71.445 47.045 45
    endloop
  endfacet
  facet normal 0 0 -1
    outer loop
      vertex 96.7744 72.457 45
      vertex 71.5308 63.2977 45
      vertex 71.5827 63.6471 45
    endloop
  endfacet
  facet normal 0 0 -1
    outer loop
      vertex 71.326 62.6223 45
      vertex 97.005 72.3479 45
      vertex 71.326 47.3777 45
    endloop
  endfacet
  facet normal 0 0 -1
    outer loop
      vertex 96.7744 72.457 45
      vertex 71.445 62.955 45
      vertex 71.5308 63.2977 45
    endloop
  endfacet
  facet normal -0 0 -1
    outer loop
      vertex 97.005 72.3479 45
      vertex 71.326 62.6223 45
      vertex 96.7744 72.457 45
    endloop
  endfacet
  facet normal 0 0 -1
    outer loop
      vertex 96.7744 72.457 45
      vertex 71.326 62.6223 45
      vertex 71.445 62.955 45
    endloop
  endfacet
  facet normal 0 0 -1
    outer loop
      vertex 71.1749 47.697 45
      vertex 71.326 62.6223 45
      vertex 71.326 47.3777 45
    endloop
  endfacet
  facet normal 0 0 -1
    outer loop
      vertex 71.1749 47.697 45
      vertex 71.1749 62.303 45
      vertex 71.326 62.6223 45
    endloop
  endfacet
  facet normal 0 0 -1
    outer loop
      vertex 70.9933 48.0001 45
      vertex 71.1749 62.303 45
      vertex 71.1749 47.697 45
    endloop
  endfacet
  facet normal 0 0 -1
    outer loop
      vertex 70.9933 48.0001 45
      vertex 70.9933 61.9999 45
      vertex 71.1749 62.303 45
    endloop
  endfacet
  facet normal 0 0 -1
    outer loop
      vertex 70.7828 48.2838 45
      vertex 70.9933 61.9999 45
      vertex 70.9933 48.0001 45
    endloop
  endfacet
  facet normal 0 0 -1
    outer loop
      vertex 70.7828 48.2838 45
      vertex 70.7828 61.7162 45
      vertex 70.9933 61.9999 45
    endloop
  endfacet
  facet normal 0 0 -1
    outer loop
      vertex 70.5456 48.5456 45
      vertex 70.7828 61.7162 45
      vertex 70.7828 48.2838 45
    endloop
  endfacet
  facet normal 0 0 -1
    outer loop
      vertex 70.5456 48.5456 45
      vertex 70.5456 61.4544 45
      vertex 70.7828 61.7162 45
    endloop
  endfacet
  facet normal 0 0 -1
    outer loop
      vertex 70.2838 48.7828 45
      vertex 70.5456 61.4544 45
      vertex 70.5456 48.5456 45
    endloop
  endfacet
  facet normal 0 0 -1
    outer loop
      vertex 70.2838 48.7828 45
      vertex 70.2838 61.2172 45
      vertex 70.5456 61.4544 45
    endloop
  endfacet
  facet normal 0 0 -1
    outer loop
      vertex 70.0001 48.9933 45
      vertex 70.2838 61.2172 45
      vertex 70.2838 48.7828 45
    endloop
  endfacet
  facet normal 0 0 -1
    outer loop
      vertex 70.0001 48.9933 45
      vertex 70.0001 61.0067 45
      vertex 70.2838 61.2172 45
    endloop
  endfacet
  facet normal 0 0 -1
    outer loop
      vertex 69.697 49.1749 45
      vertex 70.0001 61.0067 45
      vertex 70.0001 48.9933 45
    endloop
  endfacet
  facet normal 0 0 -1
    outer loop
      vertex 69.697 49.1749 45
      vertex 69.697 60.8251 45
      vertex 70.0001 61.0067 45
    endloop
  endfacet
  facet normal 0 0 -1
    outer loop
      vertex 69.3777 49.326 45
      vertex 69.697 60.8251 45
      vertex 69.697 49.1749 45
    endloop
  endfacet
  facet normal 0 0 -1
    outer loop
      vertex 69.3777 49.326 45
      vertex 69.3777 60.674 45
      vertex 69.697 60.8251 45
    endloop
  endfacet
  facet normal 0 0 -1
    outer loop
      vertex 69.045 49.445 45
      vertex 69.3777 60.674 45
      vertex 69.3777 49.326 45
    endloop
  endfacet
  facet normal 0 0 -1
    outer loop
      vertex 69.045 49.445 45
      vertex 69.045 60.555 45
      vertex 69.3777 60.674 45
    endloop
  endfacet
  facet normal 0 0 -1
    outer loop
      vertex 68.7023 49.5308 45
      vertex 69.045 60.555 45
      vertex 69.045 49.445 45
    endloop
  endfacet
  facet normal 0 0 -1
    outer loop
      vertex 68.7023 49.5308 45
      vertex 68.7023 60.4692 45
      vertex 69.045 60.555 45
    endloop
  endfacet
  facet normal 0 0 -1
    outer loop
      vertex 68.3529 49.5827 45
      vertex 68.7023 60.4692 45
      vertex 68.7023 49.5308 45
    endloop
  endfacet
  facet normal 0 0 -1
    outer loop
      vertex 68.3529 49.5827 45
      vertex 68.3529 60.4173 45
      vertex 68.7023 60.4692 45
    endloop
  endfacet
  facet normal 0 0 -1
    outer loop
      vertex 68 49.6 45
      vertex 68.3529 60.4173 45
      vertex 68.3529 49.5827 45
    endloop
  endfacet
  facet normal 0 0 -1
    outer loop
      vertex 68 49.6 45
      vertex 68 60.4 45
      vertex 68.3529 60.4173 45
    endloop
  endfacet
  facet normal 0 0 -1
    outer loop
      vertex 67.6471 49.5827 45
      vertex 68 60.4 45
      vertex 68 49.6 45
    endloop
  endfacet
  facet normal 0 0 -1
    outer loop
      vertex 67.6471 49.5827 45
      vertex 67.6471 60.4173 45
      vertex 68 60.4 45
    endloop
  endfacet
  facet normal 0 0 -1
    outer loop
      vertex 67.2977 49.5308 45
      vertex 67.6471 60.4173 45
      vertex 67.6471 49.5827 45
    endloop
  endfacet
  facet normal 0 0 -1
    outer loop
      vertex 67.2977 49.5308 45
      vertex 67.2977 60.4692 45
      vertex 67.6471 60.4173 45
    endloop
  endfacet
  facet normal 0 0 -1
    outer loop
      vertex 66.955 49.445 45
      vertex 67.2977 60.4692 45
      vertex 67.2977 49.5308 45
    endloop
  endfacet
  facet normal 0 0 -1
    outer loop
      vertex 66.955 49.445 45
      vertex 66.955 60.555 45
      vertex 67.2977 60.4692 45
    endloop
  endfacet
  facet normal 0 0 -1
    outer loop
      vertex 66.6223 49.326 45
      vertex 66.955 60.555 45
      vertex 66.955 49.445 45
    endloop
  endfacet
  facet normal 0 0 -1
    outer loop
      vertex 66.6223 49.326 45
      vertex 66.6223 60.674 45
      vertex 66.955 60.555 45
    endloop
  endfacet
  facet normal 0 0 -1
    outer loop
      vertex 66.303 49.1749 45
      vertex 66.6223 60.674 45
      vertex 66.6223 49.326 45
    endloop
  endfacet
  facet normal 0 0 -1
    outer loop
      vertex 66.303 49.1749 45
      vertex 66.303 60.8251 45
      vertex 66.6223 60.674 45
    endloop
  endfacet
  facet normal 0 0 -1
    outer loop
      vertex 65.9999 48.9933 45
      vertex 66.303 60.8251 45
      vertex 66.303 49.1749 45
    endloop
  endfacet
  facet normal 0 0 -1
    outer loop
      vertex 65.9999 48.9933 45
      vertex 65.9999 61.0067 45
      vertex 66.303 60.8251 45
    endloop
  endfacet
  facet normal 0 0 -1
    outer loop
      vertex 65.7162 48.7828 45
      vertex 65.9999 61.0067 45
      vertex 65.9999 48.9933 45
    endloop
  endfacet
  facet normal 0 0 -1
    outer loop
      vertex 65.7162 48.7828 45
      vertex 65.7162 61.2172 45
      vertex 65.9999 61.0067 45
    endloop
  endfacet
  facet normal 0 0 -1
    outer loop
      vertex 65.4544 48.5456 45
      vertex 65.7162 61.2172 45
      vertex 65.7162 48.7828 45
    endloop
  endfacet
  facet normal 0 0 -1
    outer loop
      vertex 65.4544 48.5456 45
      vertex 65.4544 61.4544 45
      vertex 65.7162 61.2172 45
    endloop
  endfacet
  facet normal 0 0 -1
    outer loop
      vertex 65.2172 48.2838 45
      vertex 65.4544 61.4544 45
      vertex 65.4544 48.5456 45
    endloop
  endfacet
  facet normal 0 0 -1
    outer loop
      vertex 65.2172 48.2838 45
      vertex 65.2172 61.7162 45
      vertex 65.4544 61.4544 45
    endloop
  endfacet
  facet normal 0 0 -1
    outer loop
      vertex 53.5 65.75 45
      vertex 65.2172 48.2838 45
      vertex 65.0067 48.0001 45
    endloop
  endfacet
  facet normal 0 0 -1
    outer loop
      vertex 65.2172 48.2838 45
      vertex 53.5 65.75 45
      vertex 65.2172 61.7162 45
    endloop
  endfacet
  facet normal 0 0 -1
    outer loop
      vertex 64.4 46 45
      vertex 52.5 46.5 45
      vertex 64.4173 46.3529 45
    endloop
  endfacet
  facet normal 0 0 -1
    outer loop
      vertex 65.2172 61.7162 45
      vertex 53.5 65.75 45
      vertex 65.0067 61.9999 45
    endloop
  endfacet
  facet normal 0 0 -1
    outer loop
      vertex 53.2638 43.1928 45
      vertex 64.4 46 45
      vertex 53.3478 43.0154 45
    endloop
  endfacet
  facet normal 0 0 -1
    outer loop
      vertex 65.0067 61.9999 45
      vertex 53.5 65.75 45
      vertex 64.8251 62.303 45
    endloop
  endfacet
  facet normal -0 0 -1
    outer loop
      vertex 64.4173 45.6471 45
      vertex 53.3478 43.0154 45
      vertex 64.4 46 45
    endloop
  endfacet
  facet normal 0 0 -1
    outer loop
      vertex 64.8251 62.303 45
      vertex 53.5 65.75 45
      vertex 64.674 62.6223 45
    endloop
  endfacet
  facet normal 0 0 -1
    outer loop
      vertex 53.3478 43.0154 45
      vertex 64.4173 45.6471 45
      vertex 53.4139 42.8306 45
    endloop
  endfacet
  facet normal 0 0 -1
    outer loop
      vertex 64.674 62.6223 45
      vertex 53.5 65.75 45
      vertex 64.555 62.955 45
    endloop
  endfacet
  facet normal -0 0 -1
    outer loop
      vertex 64.4692 45.2977 45
      vertex 53.4139 42.8306 45
      vertex 64.4173 45.6471 45
    endloop
  endfacet
  facet normal 0 0 -1
    outer loop
      vertex 64.555 62.955 45
      vertex 53.5 65.75 45
      vertex 64.4692 63.2977 45
    endloop
  endfacet
  facet normal 0 0 -1
    outer loop
      vertex 53.4139 42.8306 45
      vertex 64.4692 45.2977 45
      vertex 53.4616 42.6402 45
    endloop
  endfacet
  facet normal 0 0 -1
    outer loop
      vertex 64.4692 63.2977 45
      vertex 53.5 65.75 45
      vertex 64.4173 63.6471 45
    endloop
  endfacet
  facet normal 0 0 -1
    outer loop
      vertex 98.2548 5.83748 45
      vertex 105.995 36.512 45
      vertex 98.5072 5.80004 45
    endloop
  endfacet
  facet normal 0 0 -1
    outer loop
      vertex 104.15 39 45
      vertex 100.587 74.4952 45
      vertex 100.6 74.75 45
    endloop
  endfacet
  facet normal -0 0 -1
    outer loop
      vertex 105.995 36.512 45
      vertex 98.2548 5.83748 45
      vertex 105.755 36.5979 45
    endloop
  endfacet
  facet normal 0 0 -1
    outer loop
      vertex 104.15 39 45
      vertex 100.55 74.2428 45
      vertex 100.587 74.4952 45
    endloop
  endfacet
  facet normal 0 0 -1
    outer loop
      vertex 98 5.85 45
      vertex 105.755 36.5979 45
      vertex 98.2548 5.83748 45
    endloop
  endfacet
  facet normal 0 0 -1
    outer loop
      vertex 104.15 39 45
      vertex 100.488 73.9953 45
      vertex 100.55 74.2428 45
    endloop
  endfacet
  facet normal -0 0 -1
    outer loop
      vertex 105.755 36.5979 45
      vertex 98 5.85 45
      vertex 105.524 36.707 45
    endloop
  endfacet
  facet normal 0 0 -1
    outer loop
      vertex 104.15 39 45
      vertex 100.402 73.755 45
      vertex 100.488 73.9953 45
    endloop
  endfacet
  facet normal 0 0 -1
    outer loop
      vertex 97.7452 5.83748 45
      vertex 105.524 36.707 45
      vertex 98 5.85 45
    endloop
  endfacet
  facet normal 0 0 -1
    outer loop
      vertex 104.15 39 45
      vertex 100.293 73.5244 45
      vertex 100.402 73.755 45
    endloop
  endfacet
  facet normal -0 0 -1
    outer loop
      vertex 105.524 36.707 45
      vertex 97.7452 5.83748 45
      vertex 105.306 36.8382 45
    endloop
  endfacet
  facet normal 0 0 -1
    outer loop
      vertex 104.15 39 45
      vertex 100.162 73.3055 45
      vertex 100.293 73.5244 45
    endloop
  endfacet
  facet normal 0 0 -1
    outer loop
      vertex 97.4928 5.80004 45
      vertex 105.306 36.8382 45
      vertex 97.7452 5.83748 45
    endloop
  endfacet
  facet normal 0 0 -1
    outer loop
      vertex 104.15 39 45
      vertex 100.01 73.1006 45
      vertex 100.162 73.3055 45
    endloop
  endfacet
  facet normal -0 0 -1
    outer loop
      vertex 105.306 36.8382 45
      vertex 97.4928 5.80004 45
      vertex 105.101 36.9902 45
    endloop
  endfacet
  facet normal 0 0 -1
    outer loop
      vertex 104.15 39 45
      vertex 99.8385 72.9115 45
      vertex 100.01 73.1006 45
    endloop
  endfacet
  facet normal 0 0 -1
    outer loop
      vertex 97.2453 5.73804 45
      vertex 105.101 36.9902 45
      vertex 97.4928 5.80004 45
    endloop
  endfacet
  facet normal 0 0 -1
    outer loop
      vertex 104.15 39 45
      vertex 99.6494 72.7402 45
      vertex 99.8385 72.9115 45
    endloop
  endfacet
  facet normal -0 0 -1
    outer loop
      vertex 105.101 36.9902 45
      vertex 97.2453 5.73804 45
      vertex 104.912 37.1615 45
    endloop
  endfacet
  facet normal 0 0 -1
    outer loop
      vertex 104.15 39 45
      vertex 99.4445 72.5882 45
      vertex 99.6494 72.7402 45
    endloop
  endfacet
  facet normal 0 0 -1
    outer loop
      vertex 97.005 5.65209 45
      vertex 104.912 37.1615 45
      vertex 97.2453 5.73804 45
    endloop
  endfacet
  facet normal 0 0 -1
    outer loop
      vertex 104.15 39 45
      vertex 99.2256 72.457 45
      vertex 99.4445 72.5882 45
    endloop
  endfacet
  facet normal -0 0 -1
    outer loop
      vertex 104.912 37.1615 45
      vertex 97.005 5.65209 45
      vertex 104.74 37.3506 45
    endloop
  endfacet
  facet normal 0 0 -1
    outer loop
      vertex 104.15 39 45
      vertex 98.995 72.3479 45
      vertex 99.2256 72.457 45
    endloop
  endfacet
  facet normal 0 0 -1
    outer loop
      vertex 68.5827 26.6471 45
      vertex 104.74 37.3506 45
      vertex 97.005 5.65209 45
    endloop
  endfacet
  facet normal 0 0 -1
    outer loop
      vertex 104.15 39 45
      vertex 98.7547 72.262 45
      vertex 98.995 72.3479 45
    endloop
  endfacet
  facet normal -0 0 -1
    outer loop
      vertex 104.74 37.3506 45
      vertex 68.5827 26.6471 45
      vertex 104.588 37.5555 45
    endloop
  endfacet
  facet normal 0 0 -1
    outer loop
      vertex 104.15 39 45
      vertex 98.5072 72.2 45
      vertex 98.7547 72.262 45
    endloop
  endfacet
  facet normal 0 -0 -1
    outer loop
      vertex 68.6 27 45
      vertex 104.588 37.5555 45
      vertex 68.5827 26.6471 45
    endloop
  endfacet
  facet normal 0 -0 -1
    outer loop
      vertex 71.5827 45.6471 45
      vertex 104.15 39 45
      vertex 71.5308 45.2977 45
    endloop
  endfacet
  facet normal -0 0 -1
    outer loop
      vertex 104.588 37.5555 45
      vertex 68.6 27 45
      vertex 104.457 37.7744 45
    endloop
  endfacet
  facet normal 0 0 -1
    outer loop
      vertex 104.15 39 45
      vertex 98.2548 72.1625 45
      vertex 98.5072 72.2 45
    endloop
  endfacet
  facet normal 0 0 -1
    outer loop
      vertex 68.5827 27.3529 45
      vertex 104.457 37.7744 45
      vertex 68.6 27 45
    endloop
  endfacet
  facet normal 0 -0 -1
    outer loop
      vertex 71.6 46 45
      vertex 104.15 39 45
      vertex 71.5827 45.6471 45
    endloop
  endfacet
  facet normal -0 0 -1
    outer loop
      vertex 104.457 37.7744 45
      vertex 68.5827 27.3529 45
      vertex 104.348 38.005 45
    endloop
  endfacet
  facet normal 0 0 -1
    outer loop
      vertex 104.15 39 45
      vertex 98 72.15 45
      vertex 98.2548 72.1625 45
    endloop
  endfacet
  facet normal 0 0 -1
    outer loop
      vertex 68.5308 27.7023 45
      vertex 104.348 38.005 45
      vertex 68.5827 27.3529 45
    endloop
  endfacet
  facet normal 0 0 -1
    outer loop
      vertex 71.5827 46.3529 45
      vertex 104.15 39 45
      vertex 71.6 46 45
    endloop
  endfacet
  facet normal -0 0 -1
    outer loop
      vertex 104.348 38.005 45
      vertex 68.5308 27.7023 45
      vertex 104.262 38.2453 45
    endloop
  endfacet
  facet normal 0 0 -1
    outer loop
      vertex 104.15 39 45
      vertex 97.7452 72.1625 45
      vertex 98 72.15 45
    endloop
  endfacet
  facet normal 0 0 -1
    outer loop
      vertex 68.5827 26.6471 45
      vertex 97.005 5.65209 45
      vertex 96.7744 5.54299 45
    endloop
  endfacet
  facet normal 0 0 -1
    outer loop
      vertex 104.15 39 45
      vertex 97.4928 72.2 45
      vertex 97.7452 72.1625 45
    endloop
  endfacet
  facet normal 0 0 -1
    outer loop
      vertex 68.5308 26.2977 45
      vertex 96.7744 5.54299 45
      vertex 96.5555 5.41182 45
    endloop
  endfacet
  facet normal 0 0 -1
    outer loop
      vertex 104.15 39 45
      vertex 97.2453 72.262 45
      vertex 97.4928 72.2 45
    endloop
  endfacet
  facet normal 0 0 -1
    outer loop
      vertex 68.445 25.955 45
      vertex 96.5555 5.41182 45
      vertex 96.3506 5.25983 45
    endloop
  endfacet
  facet normal 0 0 -1
    outer loop
      vertex 71.5308 46.7023 45
      vertex 104.15 39 45
      vertex 71.5827 46.3529 45
    endloop
  endfacet
  facet normal 0 0 -1
    outer loop
      vertex 68.326 25.6223 45
      vertex 96.3506 5.25983 45
      vertex 96.1615 5.08848 45
    endloop
  endfacet
  facet normal 0 0 -1
    outer loop
      vertex 71.445 47.045 45
      vertex 104.15 39 45
      vertex 71.5308 46.7023 45
    endloop
  endfacet
  facet normal 0 0 -1
    outer loop
      vertex 68.1749 25.303 45
      vertex 96.1615 5.08848 45
      vertex 95.9902 4.89942 45
    endloop
  endfacet
  facet normal 0 0 -1
    outer loop
      vertex 104.15 39 45
      vertex 71.445 47.045 45
      vertex 97.2453 72.262 45
    endloop
  endfacet
  facet normal 0 0 -1
    outer loop
      vertex 67.9933 24.9999 45
      vertex 95.9902 4.89942 45
      vertex 95.8382 4.69448 45
    endloop
  endfacet
  facet normal -0 0 -1
    outer loop
      vertex 96.7744 72.457 45
      vertex 71.6 64 45
      vertex 96.5555 72.5882 45
    endloop
  endfacet
  facet normal 0 0 -1
    outer loop
      vertex 67.7828 24.7162 45
      vertex 95.8382 4.69448 45
      vertex 95.707 4.47563 45
    endloop
  endfacet
  facet normal -0 0 -1
    outer loop
      vertex 96.5555 72.5882 45
      vertex 71.6 64 45
      vertex 96.3506 72.7402 45
    endloop
  endfacet
  facet normal 0 0 -1
    outer loop
      vertex 67.5456 24.4544 45
      vertex 95.707 4.47563 45
      vertex 95.5979 4.24498 45
    endloop
  endfacet
  facet normal -0 0 -1
    outer loop
      vertex 96.3506 72.7402 45
      vertex 71.6 64 45
      vertex 96.1615 72.9115 45
    endloop
  endfacet
  facet normal 0 0 -1
    outer loop
      vertex 67.2838 24.2172 45
      vertex 95.5979 4.24498 45
      vertex 95.512 4.00474 45
    endloop
  endfacet
  facet normal -0 0 -1
    outer loop
      vertex 96.1615 72.9115 45
      vertex 71.6 64 45
      vertex 95.9902 73.1006 45
    endloop
  endfacet
  facet normal 0 0 -1
    outer loop
      vertex 67.0001 24.0067 45
      vertex 95.512 4.00474 45
      vertex 95.45 3.75723 45
    endloop
  endfacet
  facet normal 0 0 -1
    outer loop
      vertex 71.5827 64.3529 45
      vertex 95.9902 73.1006 45
      vertex 71.6 64 45
    endloop
  endfacet
  facet normal 0 0 -1
    outer loop
      vertex 66.697 23.8251 45
      vertex 95.45 3.75723 45
      vertex 95.4125 3.50484 45
    endloop
  endfacet
  facet normal -0 0 -1
    outer loop
      vertex 95.9902 73.1006 45
      vertex 71.5827 64.3529 45
      vertex 95.8382 73.3055 45
    endloop
  endfacet
  facet normal 0 0 -1
    outer loop
      vertex 66.3777 23.674 45
      vertex 95.4125 3.50484 45
      vertex 95.4 3.25 45
    endloop
  endfacet
  facet normal 0 0 -1
    outer loop
      vertex 71.5308 64.7023 45
      vertex 95.8382 73.3055 45
      vertex 71.5827 64.3529 45
    endloop
  endfacet
  facet normal 0 0 -1
    outer loop
      vertex 67.9933 29.0001 45
      vertex 70.2838 43.2172 45
      vertex 68.1749 28.697 45
    endloop
  endfacet
  facet normal 0 0 -1
    outer loop
      vertex 70.2838 43.2172 45
      vertex 67.9933 29.0001 45
      vertex 70.0001 43.0067 45
    endloop
  endfacet
  facet normal 0 0 -1
    outer loop
      vertex 67.7828 29.2838 45
      vertex 70.0001 43.0067 45
      vertex 67.9933 29.0001 45
    endloop
  endfacet
  facet normal 0 0 -1
    outer loop
      vertex 70.0001 43.0067 45
      vertex 67.7828 29.2838 45
      vertex 69.697 42.8251 45
    endloop
  endfacet
  facet normal 0 0 -1
    outer loop
      vertex 67.5456 29.5456 45
      vertex 69.697 42.8251 45
      vertex 67.7828 29.2838 45
    endloop
  endfacet
  facet normal 0 0 -1
    outer loop
      vertex 69.697 42.8251 45
      vertex 67.5456 29.5456 45
      vertex 69.3777 42.674 45
    endloop
  endfacet
  facet normal 0 0 -1
    outer loop
      vertex 67.2838 29.7828 45
      vertex 69.3777 42.674 45
      vertex 67.5456 29.5456 45
    endloop
  endfacet
  facet normal 0 0 -1
    outer loop
      vertex 69.3777 42.674 45
      vertex 67.2838 29.7828 45
      vertex 69.045 42.555 45
    endloop
  endfacet
  facet normal 0 0 -1
    outer loop
      vertex 67.0001 29.9933 45
      vertex 69.045 42.555 45
      vertex 67.2838 29.7828 45
    endloop
  endfacet
  facet normal 0 0 -1
    outer loop
      vertex 69.045 42.555 45
      vertex 67.0001 29.9933 45
      vertex 68.7023 42.4692 45
    endloop
  endfacet
  facet normal 0 0 -1
    outer loop
      vertex 66.697 30.1749 45
      vertex 68.7023 42.4692 45
      vertex 67.0001 29.9933 45
    endloop
  endfacet
  facet normal 0 0 -1
    outer loop
      vertex 68.7023 42.4692 45
      vertex 66.697 30.1749 45
      vertex 68.3529 42.4173 45
    endloop
  endfacet
  facet normal 0 0 -1
    outer loop
      vertex 66.3777 30.326 45
      vertex 68.3529 42.4173 45
      vertex 66.697 30.1749 45
    endloop
  endfacet
  facet normal 0 0 -1
    outer loop
      vertex 68.3529 42.4173 45
      vertex 66.3777 30.326 45
      vertex 68 42.4 45
    endloop
  endfacet
  facet normal 0 0 -1
    outer loop
      vertex 66.045 30.445 45
      vertex 68 42.4 45
      vertex 66.3777 30.326 45
    endloop
  endfacet
  facet normal -0 0 -1
    outer loop
      vertex 68 42.4 45
      vertex 66.045 30.445 45
      vertex 67.6471 42.4173 45
    endloop
  endfacet
  facet normal 0 0 -1
    outer loop
      vertex 65.7023 30.5308 45
      vertex 67.6471 42.4173 45
      vertex 66.045 30.445 45
    endloop
  endfacet
  facet normal -0 0 -1
    outer loop
      vertex 67.6471 42.4173 45
      vertex 65.7023 30.5308 45
      vertex 67.2977 42.4692 45
    endloop
  endfacet
  facet normal 0 0 -1
    outer loop
      vertex 65.3529 30.5827 45
      vertex 67.2977 42.4692 45
      vertex 65.7023 30.5308 45
    endloop
  endfacet
  facet normal -0 0 -1
    outer loop
      vertex 67.2977 42.4692 45
      vertex 65.3529 30.5827 45
      vertex 66.955 42.555 45
    endloop
  endfacet
  facet normal 0 0 -1
    outer loop
      vertex 65 30.6 45
      vertex 66.955 42.555 45
      vertex 65.3529 30.5827 45
    endloop
  endfacet
  facet normal -0 0 -1
    outer loop
      vertex 66.955 42.555 45
      vertex 65 30.6 45
      vertex 66.6223 42.674 45
    endloop
  endfacet
  facet normal 0 0 -1
    outer loop
      vertex 64.6471 30.5827 45
      vertex 66.6223 42.674 45
      vertex 65 30.6 45
    endloop
  endfacet
  facet normal -0 0 -1
    outer loop
      vertex 66.6223 42.674 45
      vertex 64.6471 30.5827 45
      vertex 66.303 42.8251 45
    endloop
  endfacet
  facet normal 0 0 -1
    outer loop
      vertex 64.2977 30.5308 45
      vertex 66.303 42.8251 45
      vertex 64.6471 30.5827 45
    endloop
  endfacet
  facet normal -0 0 -1
    outer loop
      vertex 66.303 42.8251 45
      vertex 64.2977 30.5308 45
      vertex 65.9999 43.0067 45
    endloop
  endfacet
  facet normal 0 0 -1
    outer loop
      vertex 63.955 30.445 45
      vertex 65.9999 43.0067 45
      vertex 64.2977 30.5308 45
    endloop
  endfacet
  facet normal -0 0 -1
    outer loop
      vertex 65.9999 43.0067 45
      vertex 63.955 30.445 45
      vertex 65.7162 43.2172 45
    endloop
  endfacet
  facet normal 0 0 -1
    outer loop
      vertex 63.6223 30.326 45
      vertex 65.7162 43.2172 45
      vertex 63.955 30.445 45
    endloop
  endfacet
  facet normal -0 0 -1
    outer loop
      vertex 65.7162 43.2172 45
      vertex 63.6223 30.326 45
      vertex 65.4544 43.4544 45
    endloop
  endfacet
  facet normal 0 0 -1
    outer loop
      vertex 53.5 42.25 45
      vertex 65.4544 43.4544 45
      vertex 63.6223 30.326 45
    endloop
  endfacet
  facet normal -0 0 -1
    outer loop
      vertex 65.4544 43.4544 45
      vertex 53.5 42.25 45
      vertex 65.2172 43.7162 45
    endloop
  endfacet
  facet normal -0 0 -1
    outer loop
      vertex 65.2172 43.7162 45
      vertex 53.5 42.25 45
      vertex 65.0067 43.9999 45
    endloop
  endfacet
  facet normal -0 0 -1
    outer loop
      vertex 65.0067 43.9999 45
      vertex 53.5 42.25 45
      vertex 64.8251 44.303 45
    endloop
  endfacet
  facet normal -0 0 -1
    outer loop
      vertex 64.8251 44.303 45
      vertex 53.5 42.25 45
      vertex 64.674 44.6223 45
    endloop
  endfacet
  facet normal -0 0 -1
    outer loop
      vertex 64.674 44.6223 45
      vertex 53.4904 42.446 45
      vertex 64.555 44.955 45
    endloop
  endfacet
  facet normal 0 0 -1
    outer loop
      vertex 53.4904 42.446 45
      vertex 64.674 44.6223 45
      vertex 53.5 42.25 45
    endloop
  endfacet
  facet normal 0 0 -1
    outer loop
      vertex 107.67 73.6291 45
      vertex 108.399 41.0098 45
      vertex 108.194 41.1618 45
    endloop
  endfacet
  facet normal 0 0 -1
    outer loop
      vertex 108.399 41.0098 45
      vertex 108.193 74.6079 45
      vertex 108.2 74.75 45
    endloop
  endfacet
  facet normal 0 0 -1
    outer loop
      vertex 108.399 41.0098 45
      vertex 108.172 74.4671 45
      vertex 108.193 74.6079 45
    endloop
  endfacet
  facet normal 0 0 -1
    outer loop
      vertex 108.399 41.0098 45
      vertex 108.138 74.3291 45
      vertex 108.172 74.4671 45
    endloop
  endfacet
  facet normal 0 0 -1
    outer loop
      vertex 108.399 41.0098 45
      vertex 108.09 74.1951 45
      vertex 108.138 74.3291 45
    endloop
  endfacet
  facet normal 0 0 -1
    outer loop
      vertex 108.399 41.0098 45
      vertex 108.029 74.0665 45
      vertex 108.09 74.1951 45
    endloop
  endfacet
  facet normal 0 0 -1
    outer loop
      vertex 107.556 73.5444 45
      vertex 108.194 41.1618 45
      vertex 107.976 41.293 45
    endloop
  endfacet
  facet normal 0 0 -1
    outer loop
      vertex 108.399 41.0098 45
      vertex 107.956 73.9444 45
      vertex 108.029 74.0665 45
    endloop
  endfacet
  facet normal 0 0 -1
    outer loop
      vertex 108.399 41.0098 45
      vertex 107.871 73.8301 45
      vertex 107.956 73.9444 45
    endloop
  endfacet
  facet normal 0 0 -1
    outer loop
      vertex 108.399 41.0098 45
      vertex 107.775 73.7247 45
      vertex 107.871 73.8301 45
    endloop
  endfacet
  facet normal 0 0 -1
    outer loop
      vertex 107.434 73.4712 45
      vertex 107.976 41.293 45
      vertex 107.745 41.4021 45
    endloop
  endfacet
  facet normal 0 0 -1
    outer loop
      vertex 108.399 41.0098 45
      vertex 107.67 73.6291 45
      vertex 107.775 73.7247 45
    endloop
  endfacet
  facet normal 0 0 -1
    outer loop
      vertex 108.194 41.1618 45
      vertex 107.556 73.5444 45
      vertex 107.67 73.6291 45
    endloop
  endfacet
  facet normal 0 0 -1
    outer loop
      vertex 107.305 73.4104 45
      vertex 107.745 41.4021 45
      vertex 107.505 41.488 45
    endloop
  endfacet
  facet normal 0 0 -1
    outer loop
      vertex 107.976 41.293 45
      vertex 107.434 73.4712 45
      vertex 107.556 73.5444 45
    endloop
  endfacet
  facet normal 0 0 -1
    outer loop
      vertex 107.745 41.4021 45
      vertex 107.305 73.4104 45
      vertex 107.434 73.4712 45
    endloop
  endfacet
  facet normal 0 0 -1
    outer loop
      vertex 107.171 73.3624 45
      vertex 107.505 41.488 45
      vertex 107.257 41.55 45
    endloop
  endfacet
  facet normal 0 0 -1
    outer loop
      vertex 107.505 41.488 45
      vertex 107.171 73.3624 45
      vertex 107.305 73.4104 45
    endloop
  endfacet
  facet normal 0 0 -1
    outer loop
      vertex 107.257 41.55 45
      vertex 107.033 73.3279 45
      vertex 107.171 73.3624 45
    endloop
  endfacet
  facet normal 0 0 -1
    outer loop
      vertex 107.005 41.5875 45
      vertex 107.033 73.3279 45
      vertex 107.257 41.55 45
    endloop
  endfacet
  facet normal 0 0 -1
    outer loop
      vertex 107.005 41.5875 45
      vertex 106.892 73.307 45
      vertex 107.033 73.3279 45
    endloop
  endfacet
  facet normal 0 0 -1
    outer loop
      vertex 106.75 41.6 45
      vertex 106.892 73.307 45
      vertex 107.005 41.5875 45
    endloop
  endfacet
  facet normal 0 0 -1
    outer loop
      vertex 106.75 41.6 45
      vertex 106.75 73.3 45
      vertex 106.892 73.307 45
    endloop
  endfacet
  facet normal 0 0 -1
    outer loop
      vertex 106.75 41.6 45
      vertex 106.608 73.307 45
      vertex 106.75 73.3 45
    endloop
  endfacet
  facet normal 0 0 -1
    outer loop
      vertex 106.495 41.5875 45
      vertex 106.608 73.307 45
      vertex 106.75 41.6 45
    endloop
  endfacet
  facet normal 0 0 -1
    outer loop
      vertex 106.495 41.5875 45
      vertex 106.467 73.3279 45
      vertex 106.608 73.307 45
    endloop
  endfacet
  facet normal 0 0 -1
    outer loop
      vertex 106.243 41.55 45
      vertex 106.467 73.3279 45
      vertex 106.495 41.5875 45
    endloop
  endfacet
  facet normal -0 0 -1
    outer loop
      vertex 106.467 73.3279 45
      vertex 106.243 41.55 45
      vertex 106.329 73.3624 45
    endloop
  endfacet
  facet normal 0 0 -1
    outer loop
      vertex 105.995 41.488 45
      vertex 106.329 73.3624 45
      vertex 106.243 41.55 45
    endloop
  endfacet
  facet normal -0 0 -1
    outer loop
      vertex 106.329 73.3624 45
      vertex 105.995 41.488 45
      vertex 106.195 73.4104 45
    endloop
  endfacet
  facet normal 0 0 -1
    outer loop
      vertex 105.755 41.4021 45
      vertex 106.195 73.4104 45
      vertex 105.995 41.488 45
    endloop
  endfacet
  facet normal 0 0 -1
    outer loop
      vertex 100.6 74.75 45
      vertex 106.195 73.4104 45
      vertex 105.755 41.4021 45
    endloop
  endfacet
  facet normal 0 0 -1
    outer loop
      vertex 106.195 73.4104 45
      vertex 100.6 74.75 45
      vertex 106.066 73.4712 45
    endloop
  endfacet
  facet normal 0 0 -1
    outer loop
      vertex 106.066 73.4712 45
      vertex 100.6 74.75 45
      vertex 105.944 73.5444 45
    endloop
  endfacet
  facet normal 0 0 -1
    outer loop
      vertex 105.944 73.5444 45
      vertex 100.6 74.75 45
      vertex 105.83 73.6291 45
    endloop
  endfacet
  facet normal 0 0 -1
    outer loop
      vertex 105.83 73.6291 45
      vertex 100.6 74.75 45
      vertex 105.725 73.7247 45
    endloop
  endfacet
  facet normal 0 0 -1
    outer loop
      vertex 105.725 73.7247 45
      vertex 100.6 74.75 45
      vertex 105.629 73.8301 45
    endloop
  endfacet
  facet normal 0 0 -1
    outer loop
      vertex 100.6 74.75 45
      vertex 105.755 41.4021 45
      vertex 105.524 41.293 45
    endloop
  endfacet
  facet normal 0 0 -1
    outer loop
      vertex 105.629 73.8301 45
      vertex 100.6 74.75 45
      vertex 105.544 73.9444 45
    endloop
  endfacet
  facet normal 0 0 -1
    outer loop
      vertex 105.544 73.9444 45
      vertex 100.6 74.75 45
      vertex 105.471 74.0665 45
    endloop
  endfacet
  facet normal 0 0 -1
    outer loop
      vertex 105.471 74.0665 45
      vertex 100.6 74.75 45
      vertex 105.41 74.1951 45
    endloop
  endfacet
  facet normal 0 0 -1
    outer loop
      vertex 105.41 74.1951 45
      vertex 100.6 74.75 45
      vertex 105.362 74.3291 45
    endloop
  endfacet
  facet normal 0 0 -1
    outer loop
      vertex 105.362 74.3291 45
      vertex 100.6 74.75 45
      vertex 105.328 74.4671 45
    endloop
  endfacet
  facet normal 0 0 -1
    outer loop
      vertex 100.6 74.75 45
      vertex 105.524 41.293 45
      vertex 105.306 41.1618 45
    endloop
  endfacet
  facet normal 0 0 -1
    outer loop
      vertex 105.328 74.4671 45
      vertex 100.6 74.75 45
      vertex 105.307 74.6079 45
    endloop
  endfacet
  facet normal 0 0 -1
    outer loop
      vertex 100.6 74.75 45
      vertex 105.306 41.1618 45
      vertex 105.101 41.0098 45
    endloop
  endfacet
  facet normal 0 0 -1
    outer loop
      vertex 110 0 45
      vertex 109.35 39 45
      vertex 110 78 45
    endloop
  endfacet
  facet normal 0 0 -1
    outer loop
      vertex 110 0 45
      vertex 109.337 38.7452 45
      vertex 109.35 39 45
    endloop
  endfacet
  facet normal 0 0 -1
    outer loop
      vertex 110 0 45
      vertex 109.3 38.4928 45
      vertex 109.337 38.7452 45
    endloop
  endfacet
  facet normal 0 0 -1
    outer loop
      vertex 110 0 45
      vertex 109.238 38.2453 45
      vertex 109.3 38.4928 45
    endloop
  endfacet
  facet normal 0 0 -1
    outer loop
      vertex 110 0 45
      vertex 109.152 38.005 45
      vertex 109.238 38.2453 45
    endloop
  endfacet
  facet normal 0 0 -1
    outer loop
      vertex 110 0 45
      vertex 109.043 37.7744 45
      vertex 109.152 38.005 45
    endloop
  endfacet
  facet normal 0 0 -1
    outer loop
      vertex 110 0 45
      vertex 108.912 37.5555 45
      vertex 109.043 37.7744 45
    endloop
  endfacet
  facet normal 0 0 -1
    outer loop
      vertex 110 0 45
      vertex 108.76 37.3506 45
      vertex 108.912 37.5555 45
    endloop
  endfacet
  facet normal 0 0 -1
    outer loop
      vertex 110 0 45
      vertex 108.588 37.1615 45
      vertex 108.76 37.3506 45
    endloop
  endfacet
  facet normal 0 0 -1
    outer loop
      vertex 110 0 45
      vertex 108.399 36.9902 45
      vertex 108.588 37.1615 45
    endloop
  endfacet
  facet normal 0 0 -1
    outer loop
      vertex 110 0 45
      vertex 108.194 36.8382 45
      vertex 108.399 36.9902 45
    endloop
  endfacet
  facet normal 0 0 -1
    outer loop
      vertex 110 0 45
      vertex 107.976 36.707 45
      vertex 108.194 36.8382 45
    endloop
  endfacet
  facet normal 0 0 -1
    outer loop
      vertex 110 0 45
      vertex 107.745 36.5979 45
      vertex 107.976 36.707 45
    endloop
  endfacet
  facet normal 0 0 -1
    outer loop
      vertex 110 0 45
      vertex 107.505 36.512 45
      vertex 107.745 36.5979 45
    endloop
  endfacet
  facet normal 0 0 -1
    outer loop
      vertex 100.402 4.24498 45
      vertex 110 0 45
      vertex 100.488 4.00474 45
    endloop
  endfacet
  facet normal 0 0 -1
    outer loop
      vertex 100.587 3.50484 45
      vertex 110 0 45
      vertex 100.6 3.25 45
    endloop
  endfacet
  facet normal 0 0 -1
    outer loop
      vertex 100.55 3.75723 45
      vertex 110 0 45
      vertex 100.587 3.50484 45
    endloop
  endfacet
  facet normal 0 0 -1
    outer loop
      vertex 100.488 4.00474 45
      vertex 110 0 45
      vertex 100.55 3.75723 45
    endloop
  endfacet
  facet normal 0 0 -1
    outer loop
      vertex 100.293 4.47563 45
      vertex 110 0 45
      vertex 100.402 4.24498 45
    endloop
  endfacet
  facet normal 0 0 -1
    outer loop
      vertex 100.162 4.69448 45
      vertex 110 0 45
      vertex 100.293 4.47563 45
    endloop
  endfacet
  facet normal 0 0 -1
    outer loop
      vertex 100.01 4.89942 45
      vertex 110 0 45
      vertex 100.162 4.69448 45
    endloop
  endfacet
  facet normal 0 0 -1
    outer loop
      vertex 99.8385 5.08848 45
      vertex 110 0 45
      vertex 100.01 4.89942 45
    endloop
  endfacet
  facet normal 0 0 -1
    outer loop
      vertex 110 0 45
      vertex 99.8385 5.08848 45
      vertex 107.505 36.512 45
    endloop
  endfacet
  facet normal 0 0 -1
    outer loop
      vertex 99.6494 5.25983 45
      vertex 107.505 36.512 45
      vertex 99.8385 5.08848 45
    endloop
  endfacet
  facet normal 0 0 -1
    outer loop
      vertex 107.505 36.512 45
      vertex 99.6494 5.25983 45
      vertex 107.257 36.45 45
    endloop
  endfacet
  facet normal 0 0 -1
    outer loop
      vertex 99.4445 5.41182 45
      vertex 107.257 36.45 45
      vertex 99.6494 5.25983 45
    endloop
  endfacet
  facet normal 0 0 -1
    outer loop
      vertex 107.257 36.45 45
      vertex 99.4445 5.41182 45
      vertex 107.005 36.4125 45
    endloop
  endfacet
  facet normal 0 0 -1
    outer loop
      vertex 99.2256 5.54299 45
      vertex 107.005 36.4125 45
      vertex 99.4445 5.41182 45
    endloop
  endfacet
  facet normal 0 0 -1
    outer loop
      vertex 107.005 36.4125 45
      vertex 99.2256 5.54299 45
      vertex 106.75 36.4 45
    endloop
  endfacet
  facet normal 0 0 -1
    outer loop
      vertex 98.995 5.65209 45
      vertex 106.75 36.4 45
      vertex 99.2256 5.54299 45
    endloop
  endfacet
  facet normal -0 0 -1
    outer loop
      vertex 106.75 36.4 45
      vertex 98.995 5.65209 45
      vertex 106.495 36.4125 45
    endloop
  endfacet
  facet normal 0 0 -1
    outer loop
      vertex 98.5072 5.80004 45
      vertex 106.243 36.45 45
      vertex 98.7547 5.73804 45
    endloop
  endfacet
  facet normal -0 0 -1
    outer loop
      vertex 106.495 36.4125 45
      vertex 98.7547 5.73804 45
      vertex 106.243 36.45 45
    endloop
  endfacet
  facet normal 0 0 -1
    outer loop
      vertex 98.7547 5.73804 45
      vertex 106.495 36.4125 45
      vertex 98.995 5.65209 45
    endloop
  endfacet
  facet normal 0 0 -1
    outer loop
      vertex 110 0 45
      vertex 100.587 2.99516 45
      vertex 100.6 3.25 45
    endloop
  endfacet
  facet normal 0 0 -1
    outer loop
      vertex 110 0 45
      vertex 100.55 2.74276 45
      vertex 100.587 2.99516 45
    endloop
  endfacet
  facet normal 0 0 -1
    outer loop
      vertex 110 0 45
      vertex 100.488 2.49526 45
      vertex 100.55 2.74276 45
    endloop
  endfacet
  facet normal 0 0 -1
    outer loop
      vertex 110 0 45
      vertex 100.402 2.25502 45
      vertex 100.488 2.49526 45
    endloop
  endfacet
  facet normal 0 0 -1
    outer loop
      vertex 110 0 45
      vertex 100.293 2.02437 45
      vertex 100.402 2.25502 45
    endloop
  endfacet
  facet normal 0 0 -1
    outer loop
      vertex 110 0 45
      vertex 100.162 1.80552 45
      vertex 100.293 2.02437 45
    endloop
  endfacet
  facet normal 0 0 -1
    outer loop
      vertex 110 0 45
      vertex 100.01 1.60058 45
      vertex 100.162 1.80552 45
    endloop
  endfacet
  facet normal 0 0 -1
    outer loop
      vertex 110 0 45
      vertex 99.8385 1.41152 45
      vertex 100.01 1.60058 45
    endloop
  endfacet
  facet normal 0 0 -1
    outer loop
      vertex 110 0 45
      vertex 99.6494 1.24017 45
      vertex 99.8385 1.41152 45
    endloop
  endfacet
  facet normal 0 0 -1
    outer loop
      vertex 110 0 45
      vertex 99.4445 1.08818 45
      vertex 99.6494 1.24017 45
    endloop
  endfacet
  facet normal 0 0 -1
    outer loop
      vertex 110 0 45
      vertex 99.2256 0.957005 45
      vertex 99.4445 1.08818 45
    endloop
  endfacet
  facet normal 0 0 -1
    outer loop
      vertex 110 0 45
      vertex 98.995 0.847913 45
      vertex 99.2256 0.957005 45
    endloop
  endfacet
  facet normal 0 0 -1
    outer loop
      vertex 110 0 45
      vertex 98.7547 0.761954 45
      vertex 98.995 0.847913 45
    endloop
  endfacet
  facet normal 0 0 -1
    outer loop
      vertex 110 0 45
      vertex 98.5072 0.699958 45
      vertex 98.7547 0.761954 45
    endloop
  endfacet
  facet normal 0 0 -1
    outer loop
      vertex 110 0 45
      vertex 98.2548 0.662519 45
      vertex 98.5072 0.699958 45
    endloop
  endfacet
  facet normal 0 0 -1
    outer loop
      vertex 110 0 45
      vertex 98 0.65 45
      vertex 98.2548 0.662519 45
    endloop
  endfacet
  facet normal 0 0 -1
    outer loop
      vertex 110 0 45
      vertex 97.7452 0.662519 45
      vertex 98 0.65 45
    endloop
  endfacet
  facet normal -0 0 -1
    outer loop
      vertex 95.8382 73.3055 45
      vertex 71.5308 64.7023 45
      vertex 95.707 73.5244 45
    endloop
  endfacet
  facet normal 0 0 -1
    outer loop
      vertex 66.045 23.555 45
      vertex 95.4 3.25 45
      vertex 95.4125 2.99516 45
    endloop
  endfacet
  facet normal 0 0 -1
    outer loop
      vertex 65.7023 23.4692 45
      vertex 95.4125 2.99516 45
      vertex 95.45 2.74276 45
    endloop
  endfacet
  facet normal 0 0 -1
    outer loop
      vertex 65.3529 23.4173 45
      vertex 95.45 2.74276 45
      vertex 95.512 2.49526 45
    endloop
  endfacet
  facet normal 0 0 -1
    outer loop
      vertex 65 23.4 45
      vertex 95.512 2.49526 45
      vertex 95.5979 2.25502 45
    endloop
  endfacet
  facet normal 0 0 -1
    outer loop
      vertex 64.6471 23.4173 45
      vertex 95.5979 2.25502 45
      vertex 95.707 2.02437 45
    endloop
  endfacet
  facet normal 0 0 -1
    outer loop
      vertex 71.445 65.045 45
      vertex 95.5979 73.755 45
      vertex 71.5308 64.7023 45
    endloop
  endfacet
  facet normal -0 0 -1
    outer loop
      vertex 95.707 73.5244 45
      vertex 71.5308 64.7023 45
      vertex 95.5979 73.755 45
    endloop
  endfacet
  facet normal 0 0 -1
    outer loop
      vertex 104.15 39 45
      vertex 71.445 44.955 45
      vertex 71.5308 45.2977 45
    endloop
  endfacet
  facet normal 0 0 -1
    outer loop
      vertex 104.15 39 45
      vertex 71.326 44.6223 45
      vertex 71.445 44.955 45
    endloop
  endfacet
  facet normal 0 0 -1
    outer loop
      vertex 104.163 38.7452 45
      vertex 71.326 44.6223 45
      vertex 104.15 39 45
    endloop
  endfacet
  facet normal 0 -0 -1
    outer loop
      vertex 70.9933 43.9999 45
      vertex 104.262 38.2453 45
      vertex 68.445 28.045 45
    endloop
  endfacet
  facet normal 0 0 -1
    outer loop
      vertex 104.262 38.2453 45
      vertex 70.9933 43.9999 45
      vertex 104.2 38.4928 45
    endloop
  endfacet
  facet normal 0 -0 -1
    outer loop
      vertex 71.1749 44.303 45
      vertex 104.2 38.4928 45
      vertex 70.9933 43.9999 45
    endloop
  endfacet
  facet normal 0 0 -1
    outer loop
      vertex 64.2977 23.4692 45
      vertex 95.707 2.02437 45
      vertex 95.8382 1.80552 45
    endloop
  endfacet
  facet normal 0 -0 -1
    outer loop
      vertex 71.326 44.6223 45
      vertex 104.163 38.7452 45
      vertex 71.1749 44.303 45
    endloop
  endfacet
  facet normal 0 0 -1
    outer loop
      vertex 104.2 38.4928 45
      vertex 71.1749 44.303 45
      vertex 104.163 38.7452 45
    endloop
  endfacet
  facet normal 0 0 -1
    outer loop
      vertex 70.9933 43.9999 45
      vertex 68.445 28.045 45
      vertex 70.7828 43.7162 45
    endloop
  endfacet
  facet normal 0 0 -1
    outer loop
      vertex 68.326 28.3777 45
      vertex 70.7828 43.7162 45
      vertex 68.445 28.045 45
    endloop
  endfacet
  facet normal 0 0 -1
    outer loop
      vertex 70.7828 43.7162 45
      vertex 68.326 28.3777 45
      vertex 70.5456 43.4544 45
    endloop
  endfacet
  facet normal 0 0 -1
    outer loop
      vertex 68.1749 28.697 45
      vertex 70.5456 43.4544 45
      vertex 68.326 28.3777 45
    endloop
  endfacet
  facet normal 0 0 -1
    outer loop
      vertex 70.5456 43.4544 45
      vertex 68.1749 28.697 45
      vertex 70.2838 43.2172 45
    endloop
  endfacet
  facet normal 0 0 -1
    outer loop
      vertex 14.1618 1.80552 45
      vertex 95.8382 1.80552 45
      vertex 95.9902 1.60058 45
    endloop
  endfacet
  facet normal 0 0 -1
    outer loop
      vertex 14.0098 1.60058 45
      vertex 95.9902 1.60058 45
      vertex 96.1615 1.41152 45
    endloop
  endfacet
  facet normal 0 0 -1
    outer loop
      vertex 68.445 28.045 45
      vertex 104.262 38.2453 45
      vertex 68.5308 27.7023 45
    endloop
  endfacet
  facet normal 0 0 -1
    outer loop
      vertex 96.7744 5.54299 45
      vertex 68.5308 26.2977 45
      vertex 68.5827 26.6471 45
    endloop
  endfacet
  facet normal 0 0 -1
    outer loop
      vertex 13.8385 1.41152 45
      vertex 96.1615 1.41152 45
      vertex 96.3506 1.24017 45
    endloop
  endfacet
  facet normal 0 0 -1
    outer loop
      vertex 96.5555 5.41182 45
      vertex 68.445 25.955 45
      vertex 68.5308 26.2977 45
    endloop
  endfacet
  facet normal 0 0 -1
    outer loop
      vertex 96.3506 5.25983 45
      vertex 68.326 25.6223 45
      vertex 68.445 25.955 45
    endloop
  endfacet
  facet normal 0 0 -1
    outer loop
      vertex 96.1615 5.08848 45
      vertex 68.1749 25.303 45
      vertex 68.326 25.6223 45
    endloop
  endfacet
  facet normal 0 0 -1
    outer loop
      vertex 95.9902 4.89942 45
      vertex 67.9933 24.9999 45
      vertex 68.1749 25.303 45
    endloop
  endfacet
  facet normal 0 0 -1
    outer loop
      vertex 95.8382 4.69448 45
      vertex 67.7828 24.7162 45
      vertex 67.9933 24.9999 45
    endloop
  endfacet
  facet normal 0 0 -1
    outer loop
      vertex 95.707 4.47563 45
      vertex 67.5456 24.4544 45
      vertex 67.7828 24.7162 45
    endloop
  endfacet
  facet normal 0 0 -1
    outer loop
      vertex 95.5979 4.24498 45
      vertex 67.2838 24.2172 45
      vertex 67.5456 24.4544 45
    endloop
  endfacet
  facet normal 0 0 -1
    outer loop
      vertex 95.512 4.00474 45
      vertex 67.0001 24.0067 45
      vertex 67.2838 24.2172 45
    endloop
  endfacet
  facet normal 0 0 -1
    outer loop
      vertex 95.45 3.75723 45
      vertex 66.697 23.8251 45
      vertex 67.0001 24.0067 45
    endloop
  endfacet
  facet normal 0 0 -1
    outer loop
      vertex 95.4125 3.50484 45
      vertex 66.3777 23.674 45
      vertex 66.697 23.8251 45
    endloop
  endfacet
  facet normal 0 0 -1
    outer loop
      vertex 95.4 3.25 45
      vertex 66.045 23.555 45
      vertex 66.3777 23.674 45
    endloop
  endfacet
  facet normal 0 0 -1
    outer loop
      vertex 13.6494 1.24017 45
      vertex 96.3506 1.24017 45
      vertex 96.5555 1.08818 45
    endloop
  endfacet
  facet normal 0 0 -1
    outer loop
      vertex 95.4125 2.99516 45
      vertex 65.7023 23.4692 45
      vertex 66.045 23.555 45
    endloop
  endfacet
  facet normal 0 0 -1
    outer loop
      vertex 95.45 2.74276 45
      vertex 65.3529 23.4173 45
      vertex 65.7023 23.4692 45
    endloop
  endfacet
  facet normal 0 0 -1
    outer loop
      vertex 95.512 2.49526 45
      vertex 65 23.4 45
      vertex 65.3529 23.4173 45
    endloop
  endfacet
  facet normal 0 0 -1
    outer loop
      vertex 95.5979 2.25502 45
      vertex 64.6471 23.4173 45
      vertex 65 23.4 45
    endloop
  endfacet
  facet normal 0 0 -1
    outer loop
      vertex 95.707 2.02437 45
      vertex 64.2977 23.4692 45
      vertex 64.6471 23.4173 45
    endloop
  endfacet
  facet normal 0 0 -1
    outer loop
      vertex 95.8382 1.80552 45
      vertex 14.1618 1.80552 45
      vertex 64.2977 23.4692 45
    endloop
  endfacet
  facet normal 0 -0 -1
    outer loop
      vertex 14.293 2.02437 45
      vertex 64.2977 23.4692 45
      vertex 14.1618 1.80552 45
    endloop
  endfacet
  facet normal -0 0 -1
    outer loop
      vertex 64.2977 23.4692 45
      vertex 14.293 2.02437 45
      vertex 63.955 23.555 45
    endloop
  endfacet
  facet normal 0 -0 -1
    outer loop
      vertex 41.045 23.555 45
      vertex 63.955 23.555 45
      vertex 14.293 2.02437 45
    endloop
  endfacet
  facet normal 0 0 -1
    outer loop
      vertex 43.6 27 45
      vertex 61.4 27 45
      vertex 61.4173 26.6471 45
    endloop
  endfacet
  facet normal 0 0 -1
    outer loop
      vertex 43.5827 26.6471 45
      vertex 61.4173 26.6471 45
      vertex 61.4692 26.2977 45
    endloop
  endfacet
  facet normal 0 0 -1
    outer loop
      vertex 43.5308 26.2977 45
      vertex 61.4692 26.2977 45
      vertex 61.555 25.955 45
    endloop
  endfacet
  facet normal 0 0 -1
    outer loop
      vertex 43.445 25.955 45
      vertex 61.555 25.955 45
      vertex 61.674 25.6223 45
    endloop
  endfacet
  facet normal 0 0 -1
    outer loop
      vertex 43.326 25.6223 45
      vertex 61.674 25.6223 45
      vertex 61.8251 25.303 45
    endloop
  endfacet
  facet normal 0 0 -1
    outer loop
      vertex 61.4 27 45
      vertex 53.4904 42.054 45
      vertex 53.5 42.25 45
    endloop
  endfacet
  facet normal 0 0 -1
    outer loop
      vertex 61.4 27 45
      vertex 53.4616 41.8598 45
      vertex 53.4904 42.054 45
    endloop
  endfacet
  facet normal 0 0 -1
    outer loop
      vertex 61.4 27 45
      vertex 53.4139 41.6694 45
      vertex 53.4616 41.8598 45
    endloop
  endfacet
  facet normal 0 0 -1
    outer loop
      vertex 61.4 27 45
      vertex 53.3478 41.4846 45
      vertex 53.4139 41.6694 45
    endloop
  endfacet
  facet normal 0 0 -1
    outer loop
      vertex 61.4 27 45
      vertex 53.2638 41.3072 45
      vertex 53.3478 41.4846 45
    endloop
  endfacet
  facet normal 0 0 -1
    outer loop
      vertex 61.4 27 45
      vertex 53.1629 41.1389 45
      vertex 53.2638 41.3072 45
    endloop
  endfacet
  facet normal 0 0 -1
    outer loop
      vertex 61.4 27 45
      vertex 53.046 40.9812 45
      vertex 53.1629 41.1389 45
    endloop
  endfacet
  facet normal 0 0 -1
    outer loop
      vertex 61.4 27 45
      vertex 52.9142 40.8358 45
      vertex 53.046 40.9812 45
    endloop
  endfacet
  facet normal 0 0 -1
    outer loop
      vertex 61.4 27 45
      vertex 52.7688 40.704 45
      vertex 52.9142 40.8358 45
    endloop
  endfacet
  facet normal 0 0 -1
    outer loop
      vertex 61.4 27 45
      vertex 52.6111 40.5871 45
      vertex 52.7688 40.704 45
    endloop
  endfacet
  facet normal 0 0 -1
    outer loop
      vertex 43.1749 25.303 45
      vertex 61.8251 25.303 45
      vertex 62.0067 24.9999 45
    endloop
  endfacet
  facet normal 0 0 -1
    outer loop
      vertex 61.4 27 45
      vertex 52.4428 40.4862 45
      vertex 52.6111 40.5871 45
    endloop
  endfacet
  facet normal 0 0 -1
    outer loop
      vertex 61.4 27 45
      vertex 52.2654 40.4022 45
      vertex 52.4428 40.4862 45
    endloop
  endfacet
  facet normal 0 0 -1
    outer loop
      vertex 61.4 27 45
      vertex 52.0806 40.3361 45
      vertex 52.2654 40.4022 45
    endloop
  endfacet
  facet normal 0 0 -1
    outer loop
      vertex 61.4 27 45
      vertex 51.8902 40.2884 45
      vertex 52.0806 40.3361 45
    endloop
  endfacet
  facet normal 0 0 -1
    outer loop
      vertex 61.4 27 45
      vertex 51.696 40.2596 45
      vertex 51.8902 40.2884 45
    endloop
  endfacet
  facet normal 0 0 -1
    outer loop
      vertex 43.5827 27.3529 45
      vertex 61.4 27 45
      vertex 43.6 27 45
    endloop
  endfacet
  facet normal 0 0 -1
    outer loop
      vertex 43.5308 27.7023 45
      vertex 61.4 27 45
      vertex 43.5827 27.3529 45
    endloop
  endfacet
  facet normal 0 0 -1
    outer loop
      vertex 43.445 28.045 45
      vertex 61.4 27 45
      vertex 43.5308 27.7023 45
    endloop
  endfacet
  facet normal 0 0 -1
    outer loop
      vertex 61.4 27 45
      vertex 43.445 28.045 45
      vertex 51.696 40.2596 45
    endloop
  endfacet
  facet normal 0 0 -1
    outer loop
      vertex 51.696 40.2596 45
      vertex 43.445 28.045 45
      vertex 51.5 40.25 45
    endloop
  endfacet
  facet normal 0 0 -1
    outer loop
      vertex 43.326 28.3777 45
      vertex 51.5 40.25 45
      vertex 43.445 28.045 45
    endloop
  endfacet
  facet normal -0 0 -1
    outer loop
      vertex 51.5 40.25 45
      vertex 43.326 28.3777 45
      vertex 51.304 40.2596 45
    endloop
  endfacet
  facet normal 0 0 -1
    outer loop
      vertex 42.9933 24.9999 45
      vertex 62.0067 24.9999 45
      vertex 62.2172 24.7162 45
    endloop
  endfacet
  facet normal 0 0 -1
    outer loop
      vertex 43.1749 28.697 45
      vertex 51.304 40.2596 45
      vertex 43.326 28.3777 45
    endloop
  endfacet
  facet normal -0 0 -1
    outer loop
      vertex 51.304 40.2596 45
      vertex 43.1749 28.697 45
      vertex 51.1098 40.2884 45
    endloop
  endfacet
  facet normal 0 0 -1
    outer loop
      vertex 42.9933 29.0001 45
      vertex 51.1098 40.2884 45
      vertex 43.1749 28.697 45
    endloop
  endfacet
  facet normal -0 0 -1
    outer loop
      vertex 50.3889 40.5871 45
      vertex 42.2838 29.7828 45
      vertex 50.2312 40.704 45
    endloop
  endfacet
  facet normal 0 0 -1
    outer loop
      vertex 42.2838 29.7828 45
      vertex 50.3889 40.5871 45
      vertex 42.5456 29.5456 45
    endloop
  endfacet
  facet normal -0 0 -1
    outer loop
      vertex 50.5572 40.4862 45
      vertex 42.5456 29.5456 45
      vertex 50.3889 40.5871 45
    endloop
  endfacet
  facet normal -0 0 -1
    outer loop
      vertex 50.7346 40.4022 45
      vertex 42.5456 29.5456 45
      vertex 50.5572 40.4862 45
    endloop
  endfacet
  facet normal 0 0 -1
    outer loop
      vertex 42.5456 29.5456 45
      vertex 50.7346 40.4022 45
      vertex 42.7828 29.2838 45
    endloop
  endfacet
  facet normal -0 0 -1
    outer loop
      vertex 50.9194 40.3361 45
      vertex 42.7828 29.2838 45
      vertex 50.7346 40.4022 45
    endloop
  endfacet
  facet normal 0 0 -1
    outer loop
      vertex 42.7828 29.2838 45
      vertex 50.9194 40.3361 45
      vertex 42.9933 29.0001 45
    endloop
  endfacet
  facet normal -0 0 -1
    outer loop
      vertex 51.1098 40.2884 45
      vertex 42.9933 29.0001 45
      vertex 50.9194 40.3361 45
    endloop
  endfacet
  facet normal 0 0 -1
    outer loop
      vertex 42.7828 24.7162 45
      vertex 62.2172 24.7162 45
      vertex 62.4544 24.4544 45
    endloop
  endfacet
  facet normal 0 0 -1
    outer loop
      vertex 42.5456 24.4544 45
      vertex 62.4544 24.4544 45
      vertex 62.7162 24.2172 45
    endloop
  endfacet
  facet normal 0 0 -1
    outer loop
      vertex 42.2838 24.2172 45
      vertex 62.7162 24.2172 45
      vertex 62.9999 24.0067 45
    endloop
  endfacet
  facet normal 0 0 -1
    outer loop
      vertex 63.955 23.555 45
      vertex 41.045 23.555 45
      vertex 63.6223 23.674 45
    endloop
  endfacet
  facet normal 0 0 -1
    outer loop
      vertex 13.4445 1.08818 45
      vertex 96.5555 1.08818 45
      vertex 96.7744 0.957005 45
    endloop
  endfacet
  facet normal 0 0 -1
    outer loop
      vertex 61.4173 26.6471 45
      vertex 43.5827 26.6471 45
      vertex 43.6 27 45
    endloop
  endfacet
  facet normal 0 0 -1
    outer loop
      vertex 61.4692 26.2977 45
      vertex 43.5308 26.2977 45
      vertex 43.5827 26.6471 45
    endloop
  endfacet
  facet normal 0 0 -1
    outer loop
      vertex 61.555 25.955 45
      vertex 43.445 25.955 45
      vertex 43.5308 26.2977 45
    endloop
  endfacet
  facet normal 0 0 -1
    outer loop
      vertex 13.2256 0.957005 45
      vertex 96.7744 0.957005 45
      vertex 97.005 0.847913 45
    endloop
  endfacet
  facet normal 0 0 -1
    outer loop
      vertex 61.674 25.6223 45
      vertex 43.326 25.6223 45
      vertex 43.445 25.955 45
    endloop
  endfacet
  facet normal 0 0 -1
    outer loop
      vertex 61.8251 25.303 45
      vertex 43.1749 25.303 45
      vertex 43.326 25.6223 45
    endloop
  endfacet
  facet normal 0 0 -1
    outer loop
      vertex 62.0067 24.9999 45
      vertex 42.9933 24.9999 45
      vertex 43.1749 25.303 45
    endloop
  endfacet
  facet normal 0 0 -1
    outer loop
      vertex 62.2172 24.7162 45
      vertex 42.7828 24.7162 45
      vertex 42.9933 24.9999 45
    endloop
  endfacet
  facet normal 0 0 -1
    outer loop
      vertex 62.4544 24.4544 45
      vertex 42.5456 24.4544 45
      vertex 42.7828 24.7162 45
    endloop
  endfacet
  facet normal 0 0 -1
    outer loop
      vertex 62.7162 24.2172 45
      vertex 42.2838 24.2172 45
      vertex 42.5456 24.4544 45
    endloop
  endfacet
  facet normal 0 0 -1
    outer loop
      vertex 62.9999 24.0067 45
      vertex 42.0001 24.0067 45
      vertex 42.2838 24.2172 45
    endloop
  endfacet
  facet normal -0 0 -1
    outer loop
      vertex 62.9999 24.0067 45
      vertex 41.697 23.8251 45
      vertex 42.0001 24.0067 45
    endloop
  endfacet
  facet normal 0 0 -1
    outer loop
      vertex 63.303 23.8251 45
      vertex 41.697 23.8251 45
      vertex 62.9999 24.0067 45
    endloop
  endfacet
  facet normal 0 -0 -1
    outer loop
      vertex 41.697 23.8251 45
      vertex 63.303 23.8251 45
      vertex 41.3777 23.674 45
    endloop
  endfacet
  facet normal 0 0 -1
    outer loop
      vertex 63.6223 23.674 45
      vertex 41.3777 23.674 45
      vertex 63.303 23.8251 45
    endloop
  endfacet
  facet normal 0 0 -1
    outer loop
      vertex 41.045 23.555 45
      vertex 14.293 2.02437 45
      vertex 40.7023 23.4692 45
    endloop
  endfacet
  facet normal 0 -0 -1
    outer loop
      vertex 14.4021 2.25502 45
      vertex 40.7023 23.4692 45
      vertex 14.293 2.02437 45
    endloop
  endfacet
  facet normal 0 0 -1
    outer loop
      vertex 40.7023 23.4692 45
      vertex 14.4021 2.25502 45
      vertex 40.3529 23.4173 45
    endloop
  endfacet
  facet normal 0 -0 -1
    outer loop
      vertex 14.488 2.49526 45
      vertex 40.3529 23.4173 45
      vertex 14.4021 2.25502 45
    endloop
  endfacet
  facet normal 0 0 -1
    outer loop
      vertex 40.3529 23.4173 45
      vertex 14.488 2.49526 45
      vertex 40 23.4 45
    endloop
  endfacet
  facet normal 0 -0 -1
    outer loop
      vertex 14.55 2.74276 45
      vertex 40 23.4 45
      vertex 14.488 2.49526 45
    endloop
  endfacet
  facet normal 0 0 -1
    outer loop
      vertex 18.6 27 45
      vertex 36.4 27 45
      vertex 36.4173 26.6471 45
    endloop
  endfacet
  facet normal 0 0 -1
    outer loop
      vertex 18.5827 26.6471 45
      vertex 36.4173 26.6471 45
      vertex 36.4692 26.2977 45
    endloop
  endfacet
  facet normal 0 0 -1
    outer loop
      vertex 18.5308 26.2977 45
      vertex 36.4692 26.2977 45
      vertex 36.555 25.955 45
    endloop
  endfacet
  facet normal 0 0 -1
    outer loop
      vertex 18.445 25.955 45
      vertex 36.555 25.955 45
      vertex 36.674 25.6223 45
    endloop
  endfacet
  facet normal 0 0 -1
    outer loop
      vertex 30.3478 43.0154 45
      vertex 49.6522 43.0154 45
      vertex 30.4139 42.8306 45
    endloop
  endfacet
  facet normal 0 0 -1
    outer loop
      vertex 36.4173 27.3529 45
      vertex 30.4616 41.8598 45
      vertex 30.4904 42.054 45
    endloop
  endfacet
  facet normal 0 0 -1
    outer loop
      vertex 36.4173 27.3529 45
      vertex 30.4139 41.6694 45
      vertex 30.4616 41.8598 45
    endloop
  endfacet
  facet normal 0 0 -1
    outer loop
      vertex 36.4173 27.3529 45
      vertex 30.3478 41.4846 45
      vertex 30.4139 41.6694 45
    endloop
  endfacet
  facet normal 0 0 -1
    outer loop
      vertex 36.4173 27.3529 45
      vertex 30.2638 41.3072 45
      vertex 30.3478 41.4846 45
    endloop
  endfacet
  facet normal 0 0 -1
    outer loop
      vertex 36.4173 27.3529 45
      vertex 30.1629 41.1389 45
      vertex 30.2638 41.3072 45
    endloop
  endfacet
  facet normal 0 0 -1
    outer loop
      vertex 36.4173 27.3529 45
      vertex 30.046 40.9812 45
      vertex 30.1629 41.1389 45
    endloop
  endfacet
  facet normal 0 0 -1
    outer loop
      vertex 36.4173 27.3529 45
      vertex 29.9142 40.8358 45
      vertex 30.046 40.9812 45
    endloop
  endfacet
  facet normal 0 0 -1
    outer loop
      vertex 36.4173 27.3529 45
      vertex 29.7688 40.704 45
      vertex 29.9142 40.8358 45
    endloop
  endfacet
  facet normal 0 0 -1
    outer loop
      vertex 36.4173 27.3529 45
      vertex 29.6111 40.5871 45
      vertex 29.7688 40.704 45
    endloop
  endfacet
  facet normal 0 0 -1
    outer loop
      vertex 36.4173 27.3529 45
      vertex 29.4428 40.4862 45
      vertex 29.6111 40.5871 45
    endloop
  endfacet
  facet normal 0 0 -1
    outer loop
      vertex 18.326 25.6223 45
      vertex 36.674 25.6223 45
      vertex 36.8251 25.303 45
    endloop
  endfacet
  facet normal 0 0 -1
    outer loop
      vertex 36.4173 27.3529 45
      vertex 29.2654 40.4022 45
      vertex 29.4428 40.4862 45
    endloop
  endfacet
  facet normal 0 0 -1
    outer loop
      vertex 36.4173 27.3529 45
      vertex 29.0806 40.3361 45
      vertex 29.2654 40.4022 45
    endloop
  endfacet
  facet normal 0 0 -1
    outer loop
      vertex 36.4173 27.3529 45
      vertex 28.8902 40.2884 45
      vertex 29.0806 40.3361 45
    endloop
  endfacet
  facet normal 0 0 -1
    outer loop
      vertex 36.4173 27.3529 45
      vertex 28.696 40.2596 45
      vertex 28.8902 40.2884 45
    endloop
  endfacet
  facet normal 0 0 -1
    outer loop
      vertex 36.4173 27.3529 45
      vertex 28.5 40.25 45
      vertex 28.696 40.2596 45
    endloop
  endfacet
  facet normal 0 0 -1
    outer loop
      vertex 36.4173 27.3529 45
      vertex 18.445 28.045 45
      vertex 28.304 40.2596 45
    endloop
  endfacet
  facet normal 0 0 -1
    outer loop
      vertex 36.4173 27.3529 45
      vertex 28.304 40.2596 45
      vertex 28.5 40.25 45
    endloop
  endfacet
  facet normal -0 0 -1
    outer loop
      vertex 28.304 40.2596 45
      vertex 18.445 28.045 45
      vertex 28.1098 40.2884 45
    endloop
  endfacet
  facet normal 0 0 -1
    outer loop
      vertex 18.326 28.3777 45
      vertex 28.1098 40.2884 45
      vertex 18.445 28.045 45
    endloop
  endfacet
  facet normal 0 0 -1
    outer loop
      vertex 18.1749 25.303 45
      vertex 36.8251 25.303 45
      vertex 37.0067 24.9999 45
    endloop
  endfacet
  facet normal -0 0 -1
    outer loop
      vertex 28.1098 40.2884 45
      vertex 18.326 28.3777 45
      vertex 27.9194 40.3361 45
    endloop
  endfacet
  facet normal 0 0 -1
    outer loop
      vertex 18.1749 28.697 45
      vertex 27.9194 40.3361 45
      vertex 18.326 28.3777 45
    endloop
  endfacet
  facet normal -0 0 -1
    outer loop
      vertex 27.9194 40.3361 45
      vertex 18.1749 28.697 45
      vertex 27.7346 40.4022 45
    endloop
  endfacet
  facet normal 0 0 -1
    outer loop
      vertex 17.9933 29.0001 45
      vertex 27.7346 40.4022 45
      vertex 18.1749 28.697 45
    endloop
  endfacet
  facet normal -0 0 -1
    outer loop
      vertex 27.7346 40.4022 45
      vertex 17.9933 29.0001 45
      vertex 27.5572 40.4862 45
    endloop
  endfacet
  facet normal 0 0 -1
    outer loop
      vertex 17.7828 29.2838 45
      vertex 27.5572 40.4862 45
      vertex 17.9933 29.0001 45
    endloop
  endfacet
  facet normal -0 0 -1
    outer loop
      vertex 27.2312 40.704 45
      vertex 17.2838 29.7828 45
      vertex 27.0858 40.8358 45
    endloop
  endfacet
  facet normal 0 0 -1
    outer loop
      vertex 17.2838 29.7828 45
      vertex 27.2312 40.704 45
      vertex 17.5456 29.5456 45
    endloop
  endfacet
  facet normal -0 0 -1
    outer loop
      vertex 27.3889 40.5871 45
      vertex 17.5456 29.5456 45
      vertex 27.2312 40.704 45
    endloop
  endfacet
  facet normal 0 0 -1
    outer loop
      vertex 17.5456 29.5456 45
      vertex 27.3889 40.5871 45
      vertex 17.7828 29.2838 45
    endloop
  endfacet
  facet normal -0 0 -1
    outer loop
      vertex 27.5572 40.4862 45
      vertex 17.7828 29.2838 45
      vertex 27.3889 40.5871 45
    endloop
  endfacet
  facet normal 0 0 -1
    outer loop
      vertex 36.4173 27.3529 45
      vertex 18.5308 27.7023 45
      vertex 18.445 28.045 45
    endloop
  endfacet
  facet normal 0 0 -1
    outer loop
      vertex 36.4173 27.3529 45
      vertex 18.5827 27.3529 45
      vertex 18.5308 27.7023 45
    endloop
  endfacet
  facet normal 0 0 -1
    outer loop
      vertex 36.4 27 45
      vertex 18.6 27 45
      vertex 18.5827 27.3529 45
    endloop
  endfacet
  facet normal 0 0 -1
    outer loop
      vertex 17.9933 24.9999 45
      vertex 37.0067 24.9999 45
      vertex 37.2172 24.7162 45
    endloop
  endfacet
  facet normal 0 0 -1
    outer loop
      vertex 17.7828 24.7162 45
      vertex 37.2172 24.7162 45
      vertex 37.4544 24.4544 45
    endloop
  endfacet
  facet normal 0 0 -1
    outer loop
      vertex 17.5456 24.4544 45
      vertex 37.4544 24.4544 45
      vertex 37.7162 24.2172 45
    endloop
  endfacet
  facet normal 0 0 -1
    outer loop
      vertex 14.488 4.00474 45
      vertex 38.6223 23.674 45
      vertex 14.55 3.75723 45
    endloop
  endfacet
  facet normal 0 0 -1
    outer loop
      vertex 14.55 3.75723 45
      vertex 38.6223 23.674 45
      vertex 14.5875 3.50484 45
    endloop
  endfacet
  facet normal -0 0 -1
    outer loop
      vertex 38.955 23.555 45
      vertex 14.5875 3.50484 45
      vertex 38.6223 23.674 45
    endloop
  endfacet
  facet normal -0 0 -1
    outer loop
      vertex 40 23.4 45
      vertex 14.55 2.74276 45
      vertex 39.6471 23.4173 45
    endloop
  endfacet
  facet normal 0 0 -1
    outer loop
      vertex 12.995 0.847913 45
      vertex 97.005 0.847913 45
      vertex 97.2453 0.761954 45
    endloop
  endfacet
  facet normal 0 0 -1
    outer loop
      vertex 36.4173 26.6471 45
      vertex 18.5827 26.6471 45
      vertex 18.6 27 45
    endloop
  endfacet
  facet normal 0 0 -1
    outer loop
      vertex 36.4692 26.2977 45
      vertex 18.5308 26.2977 45
      vertex 18.5827 26.6471 45
    endloop
  endfacet
  facet normal 0 0 -1
    outer loop
      vertex 36.555 25.955 45
      vertex 18.445 25.955 45
      vertex 18.5308 26.2977 45
    endloop
  endfacet
  facet normal 0 0 -1
    outer loop
      vertex 36.674 25.6223 45
      vertex 18.326 25.6223 45
      vertex 18.445 25.955 45
    endloop
  endfacet
  facet normal 0 0 -1
    outer loop
      vertex 36.8251 25.303 45
      vertex 18.1749 25.303 45
      vertex 18.326 25.6223 45
    endloop
  endfacet
  facet normal -0 0 -1
    outer loop
      vertex 38.6223 23.674 45
      vertex 14.488 4.00474 45
      vertex 38.303 23.8251 45
    endloop
  endfacet
  facet normal 0 0 -1
    outer loop
      vertex 37.0067 24.9999 45
      vertex 17.9933 24.9999 45
      vertex 18.1749 25.303 45
    endloop
  endfacet
  facet normal 0 0 -1
    outer loop
      vertex 37.2172 24.7162 45
      vertex 17.7828 24.7162 45
      vertex 17.9933 24.9999 45
    endloop
  endfacet
  facet normal 0 0 -1
    outer loop
      vertex 37.4544 24.4544 45
      vertex 17.5456 24.4544 45
      vertex 17.7828 24.7162 45
    endloop
  endfacet
  facet normal 0 0 -1
    outer loop
      vertex 37.7162 24.2172 45
      vertex 17.2838 24.2172 45
      vertex 17.5456 24.4544 45
    endloop
  endfacet
  facet normal 0 0 -1
    outer loop
      vertex 14.4021 4.24498 45
      vertex 38.303 23.8251 45
      vertex 14.488 4.00474 45
    endloop
  endfacet
  facet normal -0 0 -1
    outer loop
      vertex 38.303 23.8251 45
      vertex 14.4021 4.24498 45
      vertex 37.9999 24.0067 45
    endloop
  endfacet
  facet normal 0 0 -1
    outer loop
      vertex 14.293 4.47563 45
      vertex 37.9999 24.0067 45
      vertex 14.4021 4.24498 45
    endloop
  endfacet
  facet normal -0 0 -1
    outer loop
      vertex 37.9999 24.0067 45
      vertex 14.293 4.47563 45
      vertex 37.7162 24.2172 45
    endloop
  endfacet
  facet normal -0 0 -1
    outer loop
      vertex 37.7162 24.2172 45
      vertex 14.293 4.47563 45
      vertex 17.2838 24.2172 45
    endloop
  endfacet
  facet normal 0 0 -1
    outer loop
      vertex 14.1618 4.69448 45
      vertex 17.2838 24.2172 45
      vertex 14.293 4.47563 45
    endloop
  endfacet
  facet normal 0 0 -1
    outer loop
      vertex 17.2838 24.2172 45
      vertex 14.1618 4.69448 45
      vertex 17.0001 24.0067 45
    endloop
  endfacet
  facet normal 0 0 -1
    outer loop
      vertex 14.0098 4.89942 45
      vertex 17.0001 24.0067 45
      vertex 14.1618 4.69448 45
    endloop
  endfacet
  facet normal 0 0 -1
    outer loop
      vertex 12.7547 0.761954 45
      vertex 97.2453 0.761954 45
      vertex 97.4928 0.699958 45
    endloop
  endfacet
  facet normal 0 0 -1
    outer loop
      vertex 12.5072 0.699958 45
      vertex 97.4928 0.699958 45
      vertex 97.7452 0.662519 45
    endloop
  endfacet
  facet normal 0 0 -1
    outer loop
      vertex 12.2548 0.662519 45
      vertex 97.7452 0.662519 45
      vertex 110 0 45
    endloop
  endfacet
  facet normal 0 0 -1
    outer loop
      vertex 14.5875 3.50484 45
      vertex 38.955 23.555 45
      vertex 14.6 3.25 45
    endloop
  endfacet
  facet normal -0 0 -1
    outer loop
      vertex 39.2977 23.4692 45
      vertex 14.6 3.25 45
      vertex 38.955 23.555 45
    endloop
  endfacet
  facet normal 0 -0 -1
    outer loop
      vertex 14.6 3.25 45
      vertex 39.2977 23.4692 45
      vertex 14.5875 2.99516 45
    endloop
  endfacet
  facet normal -0 0 -1
    outer loop
      vertex 39.6471 23.4173 45
      vertex 14.5875 2.99516 45
      vertex 39.2977 23.4692 45
    endloop
  endfacet
  facet normal 0 -0 -1
    outer loop
      vertex 14.5875 2.99516 45
      vertex 39.6471 23.4173 45
      vertex 14.55 2.74276 45
    endloop
  endfacet
  facet normal 0 -0 -1
    outer loop
      vertex 41.3777 23.674 45
      vertex 63.6223 23.674 45
      vertex 41.045 23.555 45
    endloop
  endfacet
  facet normal 0 0 -1
    outer loop
      vertex 95.9902 1.60058 45
      vertex 14.0098 1.60058 45
      vertex 14.1618 1.80552 45
    endloop
  endfacet
  facet normal 0 0 -1
    outer loop
      vertex 96.1615 1.41152 45
      vertex 13.8385 1.41152 45
      vertex 14.0098 1.60058 45
    endloop
  endfacet
  facet normal 0 0 -1
    outer loop
      vertex 96.3506 1.24017 45
      vertex 13.6494 1.24017 45
      vertex 13.8385 1.41152 45
    endloop
  endfacet
  facet normal 0 0 -1
    outer loop
      vertex 96.5555 1.08818 45
      vertex 13.4445 1.08818 45
      vertex 13.6494 1.24017 45
    endloop
  endfacet
  facet normal 0 0 -1
    outer loop
      vertex 96.7744 0.957005 45
      vertex 13.2256 0.957005 45
      vertex 13.4445 1.08818 45
    endloop
  endfacet
  facet normal 0 0 -1
    outer loop
      vertex 97.005 0.847913 45
      vertex 12.995 0.847913 45
      vertex 13.2256 0.957005 45
    endloop
  endfacet
  facet normal 0 0 -1
    outer loop
      vertex 97.2453 0.761954 45
      vertex 12.7547 0.761954 45
      vertex 12.995 0.847913 45
    endloop
  endfacet
  facet normal 0 0 -1
    outer loop
      vertex 97.4928 0.699958 45
      vertex 12.5072 0.699958 45
      vertex 12.7547 0.761954 45
    endloop
  endfacet
  facet normal 0 0 -1
    outer loop
      vertex 97.7452 0.662519 45
      vertex 12.2548 0.662519 45
      vertex 12.5072 0.699958 45
    endloop
  endfacet
  facet normal 0 0 -1
    outer loop
      vertex 110 0 45
      vertex 12 0.65 45
      vertex 12.2548 0.662519 45
    endloop
  endfacet
  facet normal 0 0 -1
    outer loop
      vertex 3.75723 41.55 45
      vertex 11.4928 72.2 45
      vertex 4.00474 41.488 45
    endloop
  endfacet
  facet normal 0 0 -1
    outer loop
      vertex 4.69302 3.10787 45
      vertex 9.4 3.25 45
      vertex 9.41252 2.99516 45
    endloop
  endfacet
  facet normal 0 0 -1
    outer loop
      vertex 14.6471 30.5827 45
      vertex 5.83748 38.7452 45
      vertex 5.85 39 45
    endloop
  endfacet
  facet normal 0 0 -1
    outer loop
      vertex 14.2977 30.5308 45
      vertex 5.80004 38.4928 45
      vertex 5.83748 38.7452 45
    endloop
  endfacet
  facet normal 0 0 -1
    outer loop
      vertex 13.955 30.445 45
      vertex 5.73804 38.2453 45
      vertex 5.80004 38.4928 45
    endloop
  endfacet
  facet normal 0 0 -1
    outer loop
      vertex 13.6223 30.326 45
      vertex 5.65209 38.005 45
      vertex 5.73804 38.2453 45
    endloop
  endfacet
  facet normal 0 0 -1
    outer loop
      vertex 13.303 30.1749 45
      vertex 5.54299 37.7744 45
      vertex 5.65209 38.005 45
    endloop
  endfacet
  facet normal 0 0 -1
    outer loop
      vertex 12.9999 29.9933 45
      vertex 5.41182 37.5555 45
      vertex 5.54299 37.7744 45
    endloop
  endfacet
  facet normal 0 0 -1
    outer loop
      vertex 12.7162 29.7828 45
      vertex 5.25983 37.3506 45
      vertex 5.41182 37.5555 45
    endloop
  endfacet
  facet normal 0 0 -1
    outer loop
      vertex 12.7162 29.7828 45
      vertex 5.08848 37.1615 45
      vertex 5.25983 37.3506 45
    endloop
  endfacet
  facet normal 0 0 -1
    outer loop
      vertex 12.4544 29.5456 45
      vertex 4.89942 36.9902 45
      vertex 5.08848 37.1615 45
    endloop
  endfacet
  facet normal 0 0 -1
    outer loop
      vertex 4.69448 36.8382 45
      vertex 11.4 27 45
      vertex 11.4173 26.6471 45
    endloop
  endfacet
  facet normal 0 0 -1
    outer loop
      vertex 4.67214 2.96712 45
      vertex 9.41252 2.99516 45
      vertex 9.44996 2.74276 45
    endloop
  endfacet
  facet normal 0 0 -1
    outer loop
      vertex 4.63756 2.82909 45
      vertex 9.44996 2.74276 45
      vertex 9.51195 2.49526 45
    endloop
  endfacet
  facet normal 0 0 -1
    outer loop
      vertex 4.58962 2.69511 45
      vertex 9.51195 2.49526 45
      vertex 9.59791 2.25502 45
    endloop
  endfacet
  facet normal 0 0 -1
    outer loop
      vertex 4.45563 2.44442 45
      vertex 9.59791 2.25502 45
      vertex 9.707 2.02437 45
    endloop
  endfacet
  facet normal 0 0 -1
    outer loop
      vertex 4.37086 2.33013 45
      vertex 9.707 2.02437 45
      vertex 9.83818 1.80552 45
    endloop
  endfacet
  facet normal 0 0 -1
    outer loop
      vertex 4.2753 2.22469 45
      vertex 9.83818 1.80552 45
      vertex 9.99017 1.60058 45
    endloop
  endfacet
  facet normal 0 0 -1
    outer loop
      vertex 4.16987 2.12913 45
      vertex 9.99017 1.60058 45
      vertex 10.1615 1.41152 45
    endloop
  endfacet
  facet normal 0 0 -1
    outer loop
      vertex 3.93353 1.97121 45
      vertex 10.1615 1.41152 45
      vertex 10.3506 1.24017 45
    endloop
  endfacet
  facet normal 0 0 -1
    outer loop
      vertex 3.80489 1.91037 45
      vertex 10.3506 1.24017 45
      vertex 10.5555 1.08818 45
    endloop
  endfacet
  facet normal 0 0 -1
    outer loop
      vertex 3.67091 1.86244 45
      vertex 10.5555 1.08818 45
      vertex 10.7744 0.957005 45
    endloop
  endfacet
  facet normal 0 0 -1
    outer loop
      vertex 0 0 45
      vertex 10.7744 0.957005 45
      vertex 11.005 0.847913 45
    endloop
  endfacet
  facet normal -0 0 -1
    outer loop
      vertex 9.4 3.25 45
      vertex 4.69302 3.10787 45
      vertex 4.7 3.25 45
    endloop
  endfacet
  facet normal -0 0 -1
    outer loop
      vertex 9.41252 2.99516 45
      vertex 4.67214 2.96712 45
      vertex 4.69302 3.10787 45
    endloop
  endfacet
  facet normal 0 0 -1
    outer loop
      vertex 0 0 45
      vertex 11.005 0.847913 45
      vertex 11.2453 0.761954 45
    endloop
  endfacet
  facet normal 0 0 -1
    outer loop
      vertex 9.44996 2.74276 45
      vertex 4.63756 2.82909 45
      vertex 4.67214 2.96712 45
    endloop
  endfacet
  facet normal 0 0 -1
    outer loop
      vertex 9.51195 2.49526 45
      vertex 4.58962 2.69511 45
      vertex 4.63756 2.82909 45
    endloop
  endfacet
  facet normal 0 0 -1
    outer loop
      vertex 9.59791 2.25502 45
      vertex 4.52879 2.56647 45
      vertex 4.58962 2.69511 45
    endloop
  endfacet
  facet normal 0 0 -1
    outer loop
      vertex 9.59791 2.25502 45
      vertex 4.45563 2.44442 45
      vertex 4.52879 2.56647 45
    endloop
  endfacet
  facet normal 0 0 -1
    outer loop
      vertex 0 0 45
      vertex 11.2453 0.761954 45
      vertex 11.4928 0.699958 45
    endloop
  endfacet
  facet normal 0 0 -1
    outer loop
      vertex 9.707 2.02437 45
      vertex 4.37086 2.33013 45
      vertex 4.45563 2.44442 45
    endloop
  endfacet
  facet normal 0 0 -1
    outer loop
      vertex 9.83818 1.80552 45
      vertex 4.2753 2.22469 45
      vertex 4.37086 2.33013 45
    endloop
  endfacet
  facet normal 0 0 -1
    outer loop
      vertex 9.99017 1.60058 45
      vertex 4.16987 2.12913 45
      vertex 4.2753 2.22469 45
    endloop
  endfacet
  facet normal 0 0 -1
    outer loop
      vertex 10.1615 1.41152 45
      vertex 4.05558 2.04437 45
      vertex 4.16987 2.12913 45
    endloop
  endfacet
  facet normal 0 0 -1
    outer loop
      vertex 10.1615 1.41152 45
      vertex 3.93353 1.97121 45
      vertex 4.05558 2.04437 45
    endloop
  endfacet
  facet normal 0 0 -1
    outer loop
      vertex 10.3506 1.24017 45
      vertex 3.80489 1.91037 45
      vertex 3.93353 1.97121 45
    endloop
  endfacet
  facet normal 0 0 -1
    outer loop
      vertex 10.5555 1.08818 45
      vertex 3.67091 1.86244 45
      vertex 3.80489 1.91037 45
    endloop
  endfacet
  facet normal -0 0 -1
    outer loop
      vertex 10.7744 0.957005 45
      vertex 0 0 45
      vertex 3.67091 1.86244 45
    endloop
  endfacet
  facet normal 0 0 -1
    outer loop
      vertex 0 0 45
      vertex 11.4928 0.699958 45
      vertex 11.7452 0.662519 45
    endloop
  endfacet
  facet normal 0 0 -1
    outer loop
      vertex 3.67091 1.86244 45
      vertex 0 0 45
      vertex 3.53288 1.82786 45
    endloop
  endfacet
  facet normal 0 0 -1
    outer loop
      vertex 3.53288 1.82786 45
      vertex 0 0 45
      vertex 3.39212 1.80698 45
    endloop
  endfacet
  facet normal 0 0 -1
    outer loop
      vertex 3.39212 1.80698 45
      vertex 0 0 45
      vertex 3.25 1.8 45
    endloop
  endfacet
  facet normal 0 0 -1
    outer loop
      vertex 2.22469 4.2753 45
      vertex 1.41152 37.1615 45
      vertex 1.60058 36.9902 45
    endloop
  endfacet
  facet normal 0 0 -1
    outer loop
      vertex 2.12913 4.16987 45
      vertex 1.24017 37.3506 45
      vertex 1.41152 37.1615 45
    endloop
  endfacet
  facet normal 0 0 -1
    outer loop
      vertex 2.04437 4.05558 45
      vertex 1.08818 37.5555 45
      vertex 1.24017 37.3506 45
    endloop
  endfacet
  facet normal 0 0 -1
    outer loop
      vertex 1.97121 3.93353 45
      vertex 0.957005 37.7744 45
      vertex 1.08818 37.5555 45
    endloop
  endfacet
  facet normal -0 0 -1
    outer loop
      vertex 1.91037 3.80489 45
      vertex 0 0 45
      vertex 0.957005 37.7744 45
    endloop
  endfacet
  facet normal -0 0 -1
    outer loop
      vertex 0.957005 37.7744 45
      vertex 0 0 45
      vertex 0.847913 38.005 45
    endloop
  endfacet
  facet normal -0 0 -1
    outer loop
      vertex 0.847913 38.005 45
      vertex 0 0 45
      vertex 0.761954 38.2453 45
    endloop
  endfacet
  facet normal -0 0 -1
    outer loop
      vertex 0.761954 38.2453 45
      vertex 0 0 45
      vertex 0.699958 38.4928 45
    endloop
  endfacet
  facet normal -0 0 -1
    outer loop
      vertex 0.699958 38.4928 45
      vertex 0 0 45
      vertex 0.662519 38.7452 45
    endloop
  endfacet
  facet normal -0 0 -1
    outer loop
      vertex 0.662519 38.7452 45
      vertex 0 0 45
      vertex 0.65 39 45
    endloop
  endfacet
  facet normal -0 0 -1
    outer loop
      vertex 1.80698 3.10787 45
      vertex 0 0 45
      vertex 1.8 3.25 45
    endloop
  endfacet
  facet normal -0 0 -1
    outer loop
      vertex 1.82786 2.96712 45
      vertex 0 0 45
      vertex 1.80698 3.10787 45
    endloop
  endfacet
  facet normal -0 0 -1
    outer loop
      vertex 1.86244 2.82909 45
      vertex 0 0 45
      vertex 1.82786 2.96712 45
    endloop
  endfacet
  facet normal -0 0 -1
    outer loop
      vertex 1.91037 2.69511 45
      vertex 0 0 45
      vertex 1.86244 2.82909 45
    endloop
  endfacet
  facet normal -0 0 -1
    outer loop
      vertex 1.97121 2.56647 45
      vertex 0 0 45
      vertex 1.91037 2.69511 45
    endloop
  endfacet
  facet normal -0 0 -1
    outer loop
      vertex 2.04437 2.44442 45
      vertex 0 0 45
      vertex 1.97121 2.56647 45
    endloop
  endfacet
  facet normal -0 0 -1
    outer loop
      vertex 2.12913 2.33013 45
      vertex 0 0 45
      vertex 2.04437 2.44442 45
    endloop
  endfacet
  facet normal -0 0 -1
    outer loop
      vertex 2.22469 2.22469 45
      vertex 0 0 45
      vertex 2.12913 2.33013 45
    endloop
  endfacet
  facet normal -0 0 -1
    outer loop
      vertex 2.33013 2.12913 45
      vertex 0 0 45
      vertex 2.22469 2.22469 45
    endloop
  endfacet
  facet normal -0 0 -1
    outer loop
      vertex 2.44442 2.04437 45
      vertex 0 0 45
      vertex 2.33013 2.12913 45
    endloop
  endfacet
  facet normal -0 0 -1
    outer loop
      vertex 2.56647 1.97121 45
      vertex 0 0 45
      vertex 2.44442 2.04437 45
    endloop
  endfacet
  facet normal -0 0 -1
    outer loop
      vertex 2.69511 1.91037 45
      vertex 0 0 45
      vertex 2.56647 1.97121 45
    endloop
  endfacet
  facet normal -0 0 -1
    outer loop
      vertex 2.82909 1.86244 45
      vertex 0 0 45
      vertex 2.69511 1.91037 45
    endloop
  endfacet
  facet normal -0 0 -1
    outer loop
      vertex 2.96712 1.82786 45
      vertex 0 0 45
      vertex 2.82909 1.86244 45
    endloop
  endfacet
  facet normal -0 0 -1
    outer loop
      vertex 3.10787 1.80698 45
      vertex 0 0 45
      vertex 2.96712 1.82786 45
    endloop
  endfacet
  facet normal -0 0 -1
    outer loop
      vertex 3.25 1.8 45
      vertex 0 0 45
      vertex 3.10787 1.80698 45
    endloop
  endfacet
  facet normal -0 0 -1
    outer loop
      vertex 12 0.65 45
      vertex 0 0 45
      vertex 11.7452 0.662519 45
    endloop
  endfacet
  facet normal 0 0 -1
    outer loop
      vertex 0 0 45
      vertex 12 0.65 45
      vertex 110 0 45
    endloop
  endfacet
  facet normal 0 0 -1
    outer loop
      vertex 109.337 39.2548 45
      vertex 110 78 45
      vertex 109.35 39 45
    endloop
  endfacet
  facet normal 0 0 -1
    outer loop
      vertex 109.3 39.5072 45
      vertex 110 78 45
      vertex 109.337 39.2548 45
    endloop
  endfacet
  facet normal 0 0 -1
    outer loop
      vertex 109.238 39.7547 45
      vertex 110 78 45
      vertex 109.3 39.5072 45
    endloop
  endfacet
  facet normal 0 0 -1
    outer loop
      vertex 109.152 39.995 45
      vertex 110 78 45
      vertex 109.238 39.7547 45
    endloop
  endfacet
  facet normal 0 0 -1
    outer loop
      vertex 109.043 40.2256 45
      vertex 110 78 45
      vertex 109.152 39.995 45
    endloop
  endfacet
  facet normal 0 0 -1
    outer loop
      vertex 108.2 74.75 45
      vertex 109.043 40.2256 45
      vertex 108.912 40.4445 45
    endloop
  endfacet
  facet normal 0 0 -1
    outer loop
      vertex 108.2 74.75 45
      vertex 108.912 40.4445 45
      vertex 108.76 40.6494 45
    endloop
  endfacet
  facet normal 0 0 -1
    outer loop
      vertex 108.2 74.75 45
      vertex 108.76 40.6494 45
      vertex 108.588 40.8385 45
    endloop
  endfacet
  facet normal 0 0 -1
    outer loop
      vertex 108.2 74.75 45
      vertex 108.588 40.8385 45
      vertex 108.399 41.0098 45
    endloop
  endfacet
  facet normal 0 0 -1
    outer loop
      vertex 109.043 40.2256 45
      vertex 108.2 74.75 45
      vertex 110 78 45
    endloop
  endfacet
  facet normal 0 0 -1
    outer loop
      vertex 108.193 74.8921 45
      vertex 110 78 45
      vertex 108.2 74.75 45
    endloop
  endfacet
  facet normal 0 0 -1
    outer loop
      vertex 108.172 75.0329 45
      vertex 110 78 45
      vertex 108.193 74.8921 45
    endloop
  endfacet
  facet normal 0 0 -1
    outer loop
      vertex 108.138 75.1709 45
      vertex 110 78 45
      vertex 108.172 75.0329 45
    endloop
  endfacet
  facet normal 0 0 -1
    outer loop
      vertex 108.09 75.3049 45
      vertex 110 78 45
      vertex 108.138 75.1709 45
    endloop
  endfacet
  facet normal 0 0 -1
    outer loop
      vertex 108.029 75.4335 45
      vertex 110 78 45
      vertex 108.09 75.3049 45
    endloop
  endfacet
  facet normal 0 0 -1
    outer loop
      vertex 107.956 75.5556 45
      vertex 110 78 45
      vertex 108.029 75.4335 45
    endloop
  endfacet
  facet normal 0 0 -1
    outer loop
      vertex 107.871 75.6699 45
      vertex 110 78 45
      vertex 107.956 75.5556 45
    endloop
  endfacet
  facet normal 0 0 -1
    outer loop
      vertex 107.775 75.7753 45
      vertex 110 78 45
      vertex 107.871 75.6699 45
    endloop
  endfacet
  facet normal 0 0 -1
    outer loop
      vertex 107.67 75.8709 45
      vertex 110 78 45
      vertex 107.775 75.7753 45
    endloop
  endfacet
  facet normal 0 0 -1
    outer loop
      vertex 107.556 75.9556 45
      vertex 110 78 45
      vertex 107.67 75.8709 45
    endloop
  endfacet
  facet normal 0 0 -1
    outer loop
      vertex 107.434 76.0288 45
      vertex 110 78 45
      vertex 107.556 75.9556 45
    endloop
  endfacet
  facet normal 0 0 -1
    outer loop
      vertex 107.305 76.0896 45
      vertex 110 78 45
      vertex 107.434 76.0288 45
    endloop
  endfacet
  facet normal 0 0 -1
    outer loop
      vertex 107.171 76.1376 45
      vertex 110 78 45
      vertex 107.305 76.0896 45
    endloop
  endfacet
  facet normal 0 0 -1
    outer loop
      vertex 107.033 76.1721 45
      vertex 110 78 45
      vertex 107.171 76.1376 45
    endloop
  endfacet
  facet normal 0 0 -1
    outer loop
      vertex 106.892 76.193 45
      vertex 110 78 45
      vertex 107.033 76.1721 45
    endloop
  endfacet
  facet normal 0 0 -1
    outer loop
      vertex 106.75 76.2 45
      vertex 110 78 45
      vertex 106.892 76.193 45
    endloop
  endfacet
  facet normal 0 0 -1
    outer loop
      vertex 106.608 76.193 45
      vertex 110 78 45
      vertex 106.75 76.2 45
    endloop
  endfacet
  facet normal 0 0 -1
    outer loop
      vertex 106.467 76.1721 45
      vertex 110 78 45
      vertex 106.608 76.193 45
    endloop
  endfacet
  facet normal 0 0 -1
    outer loop
      vertex 106.329 76.1376 45
      vertex 110 78 45
      vertex 106.467 76.1721 45
    endloop
  endfacet
  facet normal 0 0 -1
    outer loop
      vertex 99.4445 76.9118 45
      vertex 106.329 76.1376 45
      vertex 106.195 76.0896 45
    endloop
  endfacet
  facet normal 0 0 -1
    outer loop
      vertex 99.6494 76.7598 45
      vertex 106.195 76.0896 45
      vertex 106.066 76.0288 45
    endloop
  endfacet
  facet normal 0 0 -1
    outer loop
      vertex 100.6 74.75 45
      vertex 105.101 41.0098 45
      vertex 104.912 40.8385 45
    endloop
  endfacet
  facet normal 0 0 -1
    outer loop
      vertex 100.6 74.75 45
      vertex 104.912 40.8385 45
      vertex 104.74 40.6494 45
    endloop
  endfacet
  facet normal 0 0 -1
    outer loop
      vertex 100.6 74.75 45
      vertex 104.74 40.6494 45
      vertex 104.588 40.4445 45
    endloop
  endfacet
  facet normal 0 0 -1
    outer loop
      vertex 100.6 74.75 45
      vertex 104.588 40.4445 45
      vertex 104.457 40.2256 45
    endloop
  endfacet
  facet normal 0 0 -1
    outer loop
      vertex 100.6 74.75 45
      vertex 104.457 40.2256 45
      vertex 104.348 39.995 45
    endloop
  endfacet
  facet normal 0 0 -1
    outer loop
      vertex 100.6 74.75 45
      vertex 104.348 39.995 45
      vertex 104.262 39.7547 45
    endloop
  endfacet
  facet normal 0 0 -1
    outer loop
      vertex 100.6 74.75 45
      vertex 104.262 39.7547 45
      vertex 104.2 39.5072 45
    endloop
  endfacet
  facet normal 0 0 -1
    outer loop
      vertex 100.6 74.75 45
      vertex 104.2 39.5072 45
      vertex 104.163 39.2548 45
    endloop
  endfacet
  facet normal 0 0 -1
    outer loop
      vertex 100.6 74.75 45
      vertex 104.163 39.2548 45
      vertex 104.15 39 45
    endloop
  endfacet
  facet normal -0 0 -1
    outer loop
      vertex 106.243 36.45 45
      vertex 98.5072 5.80004 45
      vertex 105.995 36.512 45
    endloop
  endfacet
  facet normal 0 0 -1
    outer loop
      vertex 105.307 74.6079 45
      vertex 100.6 74.75 45
      vertex 105.3 74.75 45
    endloop
  endfacet
  facet normal 0 0 -1
    outer loop
      vertex 105.3 74.75 45
      vertex 100.6 74.75 45
      vertex 105.307 74.8921 45
    endloop
  endfacet
  facet normal 0 0 -1
    outer loop
      vertex 100.587 75.0048 45
      vertex 105.307 74.8921 45
      vertex 100.6 74.75 45
    endloop
  endfacet
  facet normal 0 0 -1
    outer loop
      vertex 105.307 74.8921 45
      vertex 100.587 75.0048 45
      vertex 105.328 75.0329 45
    endloop
  endfacet
  facet normal 0 0 -1
    outer loop
      vertex 100.55 75.2572 45
      vertex 105.328 75.0329 45
      vertex 100.587 75.0048 45
    endloop
  endfacet
  facet normal 0 0 -1
    outer loop
      vertex 105.328 75.0329 45
      vertex 100.55 75.2572 45
      vertex 105.362 75.1709 45
    endloop
  endfacet
  facet normal 0 0 -1
    outer loop
      vertex 100.488 75.5047 45
      vertex 105.362 75.1709 45
      vertex 100.55 75.2572 45
    endloop
  endfacet
  facet normal 0 0 -1
    outer loop
      vertex 105.362 75.1709 45
      vertex 100.488 75.5047 45
      vertex 105.41 75.3049 45
    endloop
  endfacet
  facet normal 0 0 -1
    outer loop
      vertex 105.41 75.3049 45
      vertex 100.488 75.5047 45
      vertex 105.471 75.4335 45
    endloop
  endfacet
  facet normal 0 0 -1
    outer loop
      vertex 100.402 75.745 45
      vertex 105.471 75.4335 45
      vertex 100.488 75.5047 45
    endloop
  endfacet
  facet normal 0 0 -1
    outer loop
      vertex 105.471 75.4335 45
      vertex 100.402 75.745 45
      vertex 105.544 75.5556 45
    endloop
  endfacet
  facet normal 0 0 -1
    outer loop
      vertex 100.293 75.9756 45
      vertex 105.544 75.5556 45
      vertex 100.402 75.745 45
    endloop
  endfacet
  facet normal 0 0 -1
    outer loop
      vertex 105.544 75.5556 45
      vertex 100.293 75.9756 45
      vertex 105.629 75.6699 45
    endloop
  endfacet
  facet normal 0 0 -1
    outer loop
      vertex 100.162 76.1945 45
      vertex 105.629 75.6699 45
      vertex 100.293 75.9756 45
    endloop
  endfacet
  facet normal 0 0 -1
    outer loop
      vertex 105.629 75.6699 45
      vertex 100.162 76.1945 45
      vertex 105.725 75.7753 45
    endloop
  endfacet
  facet normal 0 0 -1
    outer loop
      vertex 100.01 76.3994 45
      vertex 105.725 75.7753 45
      vertex 100.162 76.1945 45
    endloop
  endfacet
  facet normal 0 0 -1
    outer loop
      vertex 105.725 75.7753 45
      vertex 100.01 76.3994 45
      vertex 105.83 75.8709 45
    endloop
  endfacet
  facet normal 0 0 -1
    outer loop
      vertex 105.83 75.8709 45
      vertex 100.01 76.3994 45
      vertex 105.944 75.9556 45
    endloop
  endfacet
  facet normal 0 0 -1
    outer loop
      vertex 99.8385 76.5885 45
      vertex 105.944 75.9556 45
      vertex 100.01 76.3994 45
    endloop
  endfacet
  facet normal 0 0 -1
    outer loop
      vertex 105.944 75.9556 45
      vertex 99.8385 76.5885 45
      vertex 106.066 76.0288 45
    endloop
  endfacet
  facet normal 0 0 -1
    outer loop
      vertex 99.6494 76.7598 45
      vertex 106.066 76.0288 45
      vertex 99.8385 76.5885 45
    endloop
  endfacet
  facet normal 0 0 -1
    outer loop
      vertex 106.195 76.0896 45
      vertex 99.6494 76.7598 45
      vertex 99.4445 76.9118 45
    endloop
  endfacet
  facet normal 0 0 -1
    outer loop
      vertex 106.329 76.1376 45
      vertex 99.4445 76.9118 45
      vertex 99.2256 77.043 45
    endloop
  endfacet
  facet normal 0 0 -1
    outer loop
      vertex 106.329 76.1376 45
      vertex 99.2256 77.043 45
      vertex 110 78 45
    endloop
  endfacet
  facet normal 0 0 -1
    outer loop
      vertex 98.995 77.1521 45
      vertex 110 78 45
      vertex 99.2256 77.043 45
    endloop
  endfacet
  facet normal 0 0 -1
    outer loop
      vertex 98.7547 77.238 45
      vertex 110 78 45
      vertex 98.995 77.1521 45
    endloop
  endfacet
  facet normal 0 0 -1
    outer loop
      vertex 98.5072 77.3 45
      vertex 110 78 45
      vertex 98.7547 77.238 45
    endloop
  endfacet
  facet normal 0 0 -1
    outer loop
      vertex 98.2548 77.3375 45
      vertex 110 78 45
      vertex 98.5072 77.3 45
    endloop
  endfacet
  facet normal 0 0 -1
    outer loop
      vertex 98 77.35 45
      vertex 110 78 45
      vertex 98.2548 77.3375 45
    endloop
  endfacet
  facet normal 0 0 -1
    outer loop
      vertex 97.7452 77.3375 45
      vertex 110 78 45
      vertex 98 77.35 45
    endloop
  endfacet
  facet normal -0 0 -1
    outer loop
      vertex 95.5979 73.755 45
      vertex 71.445 65.045 45
      vertex 95.512 73.9953 45
    endloop
  endfacet
  facet normal 0 0 -1
    outer loop
      vertex 71.326 65.3777 45
      vertex 95.512 73.9953 45
      vertex 71.445 65.045 45
    endloop
  endfacet
  facet normal -0 0 -1
    outer loop
      vertex 95.512 73.9953 45
      vertex 71.326 65.3777 45
      vertex 95.45 74.2428 45
    endloop
  endfacet
  facet normal 0 0 -1
    outer loop
      vertex 71.1749 65.697 45
      vertex 95.45 74.2428 45
      vertex 71.326 65.3777 45
    endloop
  endfacet
  facet normal -0 0 -1
    outer loop
      vertex 95.45 74.2428 45
      vertex 71.1749 65.697 45
      vertex 95.4125 74.4952 45
    endloop
  endfacet
  facet normal 0 0 -1
    outer loop
      vertex 70.9933 66.0001 45
      vertex 95.4125 74.4952 45
      vertex 71.1749 65.697 45
    endloop
  endfacet
  facet normal -0 0 -1
    outer loop
      vertex 95.4125 74.4952 45
      vertex 70.9933 66.0001 45
      vertex 95.4 74.75 45
    endloop
  endfacet
  facet normal 0 0 -1
    outer loop
      vertex 70.7828 66.2838 45
      vertex 95.4 74.75 45
      vertex 70.9933 66.0001 45
    endloop
  endfacet
  facet normal -0 0 -1
    outer loop
      vertex 95.4 74.75 45
      vertex 70.7828 66.2838 45
      vertex 95.4125 75.0048 45
    endloop
  endfacet
  facet normal 0 0 -1
    outer loop
      vertex 70.5456 66.5456 45
      vertex 95.4125 75.0048 45
      vertex 70.7828 66.2838 45
    endloop
  endfacet
  facet normal -0 0 -1
    outer loop
      vertex 95.4125 75.0048 45
      vertex 70.5456 66.5456 45
      vertex 95.45 75.2572 45
    endloop
  endfacet
  facet normal 0 0 -1
    outer loop
      vertex 70.2838 66.7828 45
      vertex 95.45 75.2572 45
      vertex 70.5456 66.5456 45
    endloop
  endfacet
  facet normal -0 0 -1
    outer loop
      vertex 95.45 75.2572 45
      vertex 70.2838 66.7828 45
      vertex 95.512 75.5047 45
    endloop
  endfacet
  facet normal 0 0 -1
    outer loop
      vertex 70.0001 66.9933 45
      vertex 95.512 75.5047 45
      vertex 70.2838 66.7828 45
    endloop
  endfacet
  facet normal -0 0 -1
    outer loop
      vertex 95.512 75.5047 45
      vertex 70.0001 66.9933 45
      vertex 95.5979 75.745 45
    endloop
  endfacet
  facet normal 0 0 -1
    outer loop
      vertex 69.697 67.1749 45
      vertex 95.5979 75.745 45
      vertex 70.0001 66.9933 45
    endloop
  endfacet
  facet normal -0 0 -1
    outer loop
      vertex 95.5979 75.745 45
      vertex 69.697 67.1749 45
      vertex 95.707 75.9756 45
    endloop
  endfacet
  facet normal 0 0 -1
    outer loop
      vertex 69.3777 67.326 45
      vertex 95.707 75.9756 45
      vertex 69.697 67.1749 45
    endloop
  endfacet
  facet normal -0 0 -1
    outer loop
      vertex 95.707 75.9756 45
      vertex 69.3777 67.326 45
      vertex 95.8382 76.1945 45
    endloop
  endfacet
  facet normal 0 0 -1
    outer loop
      vertex 69.045 67.445 45
      vertex 95.8382 76.1945 45
      vertex 69.3777 67.326 45
    endloop
  endfacet
  facet normal -0 0 -1
    outer loop
      vertex 95.8382 76.1945 45
      vertex 69.045 67.445 45
      vertex 95.9902 76.3994 45
    endloop
  endfacet
  facet normal 0 0 -1
    outer loop
      vertex 68.7023 67.5308 45
      vertex 95.9902 76.3994 45
      vertex 69.045 67.445 45
    endloop
  endfacet
  facet normal -0 0 -1
    outer loop
      vertex 95.9902 76.3994 45
      vertex 68.7023 67.5308 45
      vertex 96.1615 76.5885 45
    endloop
  endfacet
  facet normal 0 0 -1
    outer loop
      vertex 68.3529 67.5827 45
      vertex 96.1615 76.5885 45
      vertex 68.7023 67.5308 45
    endloop
  endfacet
  facet normal -0 0 -1
    outer loop
      vertex 96.1615 76.5885 45
      vertex 68.3529 67.5827 45
      vertex 96.3506 76.7598 45
    endloop
  endfacet
  facet normal 0 0 -1
    outer loop
      vertex 68 67.6 45
      vertex 96.3506 76.7598 45
      vertex 68.3529 67.5827 45
    endloop
  endfacet
  facet normal -0 0 -1
    outer loop
      vertex 96.3506 76.7598 45
      vertex 68 67.6 45
      vertex 96.5555 76.9118 45
    endloop
  endfacet
  facet normal 0 0 -1
    outer loop
      vertex 67.6471 67.5827 45
      vertex 96.5555 76.9118 45
      vertex 68 67.6 45
    endloop
  endfacet
  facet normal -0 0 -1
    outer loop
      vertex 96.5555 76.9118 45
      vertex 67.6471 67.5827 45
      vertex 96.7744 77.043 45
    endloop
  endfacet
  facet normal 0 0 -1
    outer loop
      vertex 51.696 67.7404 45
      vertex 96.7744 77.043 45
      vertex 67.6471 67.5827 45
    endloop
  endfacet
  facet normal 0 0 -1
    outer loop
      vertex 51.5 67.75 45
      vertex 96.7744 77.043 45
      vertex 51.696 67.7404 45
    endloop
  endfacet
  facet normal 0 0 -1
    outer loop
      vertex 51.8902 67.7116 45
      vertex 67.6471 67.5827 45
      vertex 67.2977 67.5308 45
    endloop
  endfacet
  facet normal 0 0 -1
    outer loop
      vertex 52.0806 67.6639 45
      vertex 67.2977 67.5308 45
      vertex 66.955 67.445 45
    endloop
  endfacet
  facet normal -0 0 -1
    outer loop
      vertex 64.555 44.955 45
      vertex 53.4616 42.6402 45
      vertex 64.4692 45.2977 45
    endloop
  endfacet
  facet normal 0 0 -1
    outer loop
      vertex 53.4616 42.6402 45
      vertex 64.555 44.955 45
      vertex 53.4904 42.446 45
    endloop
  endfacet
  facet normal 0 0 -1
    outer loop
      vertex 53.5 42.25 45
      vertex 63.6223 30.326 45
      vertex 63.303 30.1749 45
    endloop
  endfacet
  facet normal 0 0 -1
    outer loop
      vertex 53.5 42.25 45
      vertex 63.303 30.1749 45
      vertex 62.9999 29.9933 45
    endloop
  endfacet
  facet normal 0 0 -1
    outer loop
      vertex 53.5 42.25 45
      vertex 62.9999 29.9933 45
      vertex 62.7162 29.7828 45
    endloop
  endfacet
  facet normal 0 0 -1
    outer loop
      vertex 52.5 46.5 45
      vertex 64.4 46 45
      vertex 53.2638 43.1928 45
    endloop
  endfacet
  facet normal 0 0 -1
    outer loop
      vertex 53.5 42.25 45
      vertex 62.7162 29.7828 45
      vertex 62.4544 29.5456 45
    endloop
  endfacet
  facet normal 0 0 -1
    outer loop
      vertex 53.5 42.25 45
      vertex 62.4544 29.5456 45
      vertex 62.2172 29.2838 45
    endloop
  endfacet
  facet normal 0 0 -1
    outer loop
      vertex 53.5 42.25 45
      vertex 62.2172 29.2838 45
      vertex 62.0067 29.0001 45
    endloop
  endfacet
  facet normal 0 0 -1
    outer loop
      vertex 53.5 42.25 45
      vertex 62.0067 29.0001 45
      vertex 61.8251 28.697 45
    endloop
  endfacet
  facet normal 0 0 -1
    outer loop
      vertex 53.5 42.25 45
      vertex 61.8251 28.697 45
      vertex 61.674 28.3777 45
    endloop
  endfacet
  facet normal 0 0 -1
    outer loop
      vertex 53.5 42.25 45
      vertex 61.674 28.3777 45
      vertex 61.555 28.045 45
    endloop
  endfacet
  facet normal 0 0 -1
    outer loop
      vertex 53.5 42.25 45
      vertex 61.555 28.045 45
      vertex 61.4692 27.7023 45
    endloop
  endfacet
  facet normal 0 0 -1
    outer loop
      vertex 53.5 42.25 45
      vertex 61.4692 27.7023 45
      vertex 61.4173 27.3529 45
    endloop
  endfacet
  facet normal 0 0 -1
    outer loop
      vertex 53.5 42.25 45
      vertex 61.4173 27.3529 45
      vertex 61.4 27 45
    endloop
  endfacet
  facet normal 0 0 -1
    outer loop
      vertex 64.4173 63.6471 45
      vertex 53.5 65.75 45
      vertex 64.4 64 45
    endloop
  endfacet
  facet normal 0 0 -1
    outer loop
      vertex 64.4 64 45
      vertex 53.5 65.75 45
      vertex 64.4173 64.3529 45
    endloop
  endfacet
  facet normal 0 0 -1
    outer loop
      vertex 64.4173 64.3529 45
      vertex 53.5 65.75 45
      vertex 64.4692 64.7023 45
    endloop
  endfacet
  facet normal 0 0 -1
    outer loop
      vertex 53.4904 65.946 45
      vertex 64.4692 64.7023 45
      vertex 53.5 65.75 45
    endloop
  endfacet
  facet normal 0 0 -1
    outer loop
      vertex 64.4692 64.7023 45
      vertex 53.4904 65.946 45
      vertex 64.555 65.045 45
    endloop
  endfacet
  facet normal 0 0 -1
    outer loop
      vertex 53.4616 66.1402 45
      vertex 64.555 65.045 45
      vertex 53.4904 65.946 45
    endloop
  endfacet
  facet normal 0 0 -1
    outer loop
      vertex 64.555 65.045 45
      vertex 53.4616 66.1402 45
      vertex 64.674 65.3777 45
    endloop
  endfacet
  facet normal 0 0 -1
    outer loop
      vertex 53.4139 66.3306 45
      vertex 64.674 65.3777 45
      vertex 53.4616 66.1402 45
    endloop
  endfacet
  facet normal 0 0 -1
    outer loop
      vertex 64.674 65.3777 45
      vertex 53.4139 66.3306 45
      vertex 64.8251 65.697 45
    endloop
  endfacet
  facet normal 0 0 -1
    outer loop
      vertex 53.3478 66.5154 45
      vertex 64.8251 65.697 45
      vertex 53.4139 66.3306 45
    endloop
  endfacet
  facet normal 0 0 -1
    outer loop
      vertex 64.8251 65.697 45
      vertex 53.3478 66.5154 45
      vertex 65.0067 66.0001 45
    endloop
  endfacet
  facet normal 0 0 -1
    outer loop
      vertex 53.2638 66.6928 45
      vertex 65.0067 66.0001 45
      vertex 53.3478 66.5154 45
    endloop
  endfacet
  facet normal 0 0 -1
    outer loop
      vertex 65.0067 66.0001 45
      vertex 53.2638 66.6928 45
      vertex 65.2172 66.2838 45
    endloop
  endfacet
  facet normal 0 0 -1
    outer loop
      vertex 53.1629 66.8611 45
      vertex 65.2172 66.2838 45
      vertex 53.2638 66.6928 45
    endloop
  endfacet
  facet normal 0 0 -1
    outer loop
      vertex 53.046 67.0188 45
      vertex 65.2172 66.2838 45
      vertex 53.1629 66.8611 45
    endloop
  endfacet
  facet normal 0 0 -1
    outer loop
      vertex 65.2172 66.2838 45
      vertex 53.046 67.0188 45
      vertex 65.4544 66.5456 45
    endloop
  endfacet
  facet normal 0 0 -1
    outer loop
      vertex 52.9142 67.1642 45
      vertex 65.4544 66.5456 45
      vertex 53.046 67.0188 45
    endloop
  endfacet
  facet normal 0 0 -1
    outer loop
      vertex 65.4544 66.5456 45
      vertex 52.9142 67.1642 45
      vertex 65.7162 66.7828 45
    endloop
  endfacet
  facet normal 0 0 -1
    outer loop
      vertex 52.7688 67.296 45
      vertex 65.7162 66.7828 45
      vertex 52.9142 67.1642 45
    endloop
  endfacet
  facet normal 0 0 -1
    outer loop
      vertex 65.7162 66.7828 45
      vertex 52.7688 67.296 45
      vertex 65.9999 66.9933 45
    endloop
  endfacet
  facet normal 0 0 -1
    outer loop
      vertex 52.6111 67.4129 45
      vertex 65.9999 66.9933 45
      vertex 52.7688 67.296 45
    endloop
  endfacet
  facet normal 0 0 -1
    outer loop
      vertex 65.9999 66.9933 45
      vertex 52.6111 67.4129 45
      vertex 66.303 67.1749 45
    endloop
  endfacet
  facet normal 0 0 -1
    outer loop
      vertex 52.4428 67.5138 45
      vertex 66.303 67.1749 45
      vertex 52.6111 67.4129 45
    endloop
  endfacet
  facet normal 0 0 -1
    outer loop
      vertex 66.303 67.1749 45
      vertex 52.4428 67.5138 45
      vertex 66.6223 67.326 45
    endloop
  endfacet
  facet normal 0 0 -1
    outer loop
      vertex 52.2654 67.5978 45
      vertex 66.6223 67.326 45
      vertex 52.4428 67.5138 45
    endloop
  endfacet
  facet normal 0 0 -1
    outer loop
      vertex 66.6223 67.326 45
      vertex 52.2654 67.5978 45
      vertex 66.955 67.445 45
    endloop
  endfacet
  facet normal 0 0 -1
    outer loop
      vertex 52.0806 67.6639 45
      vertex 66.955 67.445 45
      vertex 52.2654 67.5978 45
    endloop
  endfacet
  facet normal 0 0 -1
    outer loop
      vertex 67.2977 67.5308 45
      vertex 52.0806 67.6639 45
      vertex 51.8902 67.7116 45
    endloop
  endfacet
  facet normal 0 0 -1
    outer loop
      vertex 67.6471 67.5827 45
      vertex 51.8902 67.7116 45
      vertex 51.696 67.7404 45
    endloop
  endfacet
  facet normal -0 0 -1
    outer loop
      vertex 96.7744 77.043 45
      vertex 51.5 67.75 45
      vertex 97.005 77.1521 45
    endloop
  endfacet
  facet normal 0 0 -1
    outer loop
      vertex 13.2256 77.043 45
      vertex 97.005 77.1521 45
      vertex 51.5 67.75 45
    endloop
  endfacet
  facet normal 0 0 -1
    outer loop
      vertex 12.995 77.1521 45
      vertex 97.005 77.1521 45
      vertex 13.2256 77.043 45
    endloop
  endfacet
  facet normal 0 0 -1
    outer loop
      vertex 13.2256 77.043 45
      vertex 51.5 67.75 45
      vertex 51.304 67.7404 45
    endloop
  endfacet
  facet normal 0 0 -1
    outer loop
      vertex 13.4445 76.9118 45
      vertex 51.304 67.7404 45
      vertex 51.1098 67.7116 45
    endloop
  endfacet
  facet normal 0 0 -1
    outer loop
      vertex 30.5 65.75 45
      vertex 49.5096 65.946 45
      vertex 49.5 65.75 45
    endloop
  endfacet
  facet normal 0 0 -1
    outer loop
      vertex 30.4904 65.946 45
      vertex 49.5096 65.946 45
      vertex 30.5 65.75 45
    endloop
  endfacet
  facet normal 0 0 -1
    outer loop
      vertex 49.5096 65.946 45
      vertex 30.4904 65.946 45
      vertex 49.5384 66.1402 45
    endloop
  endfacet
  facet normal 0 0 -1
    outer loop
      vertex 30.4616 66.1402 45
      vertex 49.5384 66.1402 45
      vertex 30.4904 65.946 45
    endloop
  endfacet
  facet normal 0 0 -1
    outer loop
      vertex 49.5384 66.1402 45
      vertex 30.4616 66.1402 45
      vertex 49.5861 66.3306 45
    endloop
  endfacet
  facet normal 0 0 -1
    outer loop
      vertex 30.4139 66.3306 45
      vertex 49.5861 66.3306 45
      vertex 30.4616 66.1402 45
    endloop
  endfacet
  facet normal 0 0 -1
    outer loop
      vertex 49.5861 66.3306 45
      vertex 30.4139 66.3306 45
      vertex 49.6522 66.5154 45
    endloop
  endfacet
  facet normal 0 0 -1
    outer loop
      vertex 30.3478 66.5154 45
      vertex 49.6522 66.5154 45
      vertex 30.4139 66.3306 45
    endloop
  endfacet
  facet normal 0 0 -1
    outer loop
      vertex 49.6522 66.5154 45
      vertex 30.3478 66.5154 45
      vertex 49.7362 66.6928 45
    endloop
  endfacet
  facet normal 0 0 -1
    outer loop
      vertex 30.2638 66.6928 45
      vertex 49.7362 66.6928 45
      vertex 30.3478 66.5154 45
    endloop
  endfacet
  facet normal 0 0 -1
    outer loop
      vertex 49.7362 66.6928 45
      vertex 30.2638 66.6928 45
      vertex 49.8371 66.8611 45
    endloop
  endfacet
  facet normal 0 0 -1
    outer loop
      vertex 30.1629 66.8611 45
      vertex 49.8371 66.8611 45
      vertex 30.2638 66.6928 45
    endloop
  endfacet
  facet normal 0 0 -1
    outer loop
      vertex 49.8371 66.8611 45
      vertex 30.1629 66.8611 45
      vertex 49.954 67.0188 45
    endloop
  endfacet
  facet normal 0 0 -1
    outer loop
      vertex 30.046 67.0188 45
      vertex 49.954 67.0188 45
      vertex 30.1629 66.8611 45
    endloop
  endfacet
  facet normal 0 0 -1
    outer loop
      vertex 49.954 67.0188 45
      vertex 30.046 67.0188 45
      vertex 50.0858 67.1642 45
    endloop
  endfacet
  facet normal 0 0 -1
    outer loop
      vertex 29.9142 67.1642 45
      vertex 50.0858 67.1642 45
      vertex 30.046 67.0188 45
    endloop
  endfacet
  facet normal 0 0 -1
    outer loop
      vertex 50.0858 67.1642 45
      vertex 29.9142 67.1642 45
      vertex 50.2312 67.296 45
    endloop
  endfacet
  facet normal 0 0 -1
    outer loop
      vertex 29.7688 67.296 45
      vertex 50.2312 67.296 45
      vertex 29.9142 67.1642 45
    endloop
  endfacet
  facet normal 0 0 -1
    outer loop
      vertex 50.2312 67.296 45
      vertex 29.7688 67.296 45
      vertex 50.3889 67.4129 45
    endloop
  endfacet
  facet normal 0 0 -1
    outer loop
      vertex 29.6111 67.4129 45
      vertex 50.3889 67.4129 45
      vertex 29.7688 67.296 45
    endloop
  endfacet
  facet normal 0 0 -1
    outer loop
      vertex 50.3889 67.4129 45
      vertex 29.6111 67.4129 45
      vertex 50.5572 67.5138 45
    endloop
  endfacet
  facet normal 0 0 -1
    outer loop
      vertex 29.4428 67.5138 45
      vertex 50.5572 67.5138 45
      vertex 29.6111 67.4129 45
    endloop
  endfacet
  facet normal 0 0 -1
    outer loop
      vertex 50.5572 67.5138 45
      vertex 29.4428 67.5138 45
      vertex 50.7346 67.5978 45
    endloop
  endfacet
  facet normal 0 0 -1
    outer loop
      vertex 29.2654 67.5978 45
      vertex 50.7346 67.5978 45
      vertex 29.4428 67.5138 45
    endloop
  endfacet
  facet normal 0 0 -1
    outer loop
      vertex 50.7346 67.5978 45
      vertex 29.2654 67.5978 45
      vertex 50.9194 67.6639 45
    endloop
  endfacet
  facet normal 0 0 -1
    outer loop
      vertex 29.0806 67.6639 45
      vertex 50.9194 67.6639 45
      vertex 29.2654 67.5978 45
    endloop
  endfacet
  facet normal 0 0 -1
    outer loop
      vertex 13.8385 76.5885 45
      vertex 50.9194 67.6639 45
      vertex 29.0806 67.6639 45
    endloop
  endfacet
  facet normal 0 0 -1
    outer loop
      vertex 13.4445 76.9118 45
      vertex 51.1098 67.7116 45
      vertex 13.6494 76.7598 45
    endloop
  endfacet
  facet normal 0 0 -1
    outer loop
      vertex 13.6494 76.7598 45
      vertex 50.9194 67.6639 45
      vertex 13.8385 76.5885 45
    endloop
  endfacet
  facet normal 0 0 -1
    outer loop
      vertex 13.8385 76.5885 45
      vertex 29.0806 67.6639 45
      vertex 28.8902 67.7116 45
    endloop
  endfacet
  facet normal 0 0 -1
    outer loop
      vertex 14.0098 76.3994 45
      vertex 28.8902 67.7116 45
      vertex 28.696 67.7404 45
    endloop
  endfacet
  facet normal 0 0 -1
    outer loop
      vertex 14.1618 76.1945 45
      vertex 28.696 67.7404 45
      vertex 28.5 67.75 45
    endloop
  endfacet
  facet normal 0 0 -1
    outer loop
      vertex 14.293 75.9756 45
      vertex 28.5 67.75 45
      vertex 28.304 67.7404 45
    endloop
  endfacet
  facet normal 0 0 -1
    outer loop
      vertex 17.0001 29.9933 45
      vertex 27.0858 40.8358 45
      vertex 17.2838 29.7828 45
    endloop
  endfacet
  facet normal -0 0 -1
    outer loop
      vertex 27.0858 40.8358 45
      vertex 17.0001 29.9933 45
      vertex 26.954 40.9812 45
    endloop
  endfacet
  facet normal -0 0 -1
    outer loop
      vertex 26.954 40.9812 45
      vertex 17.0001 29.9933 45
      vertex 26.8371 41.1389 45
    endloop
  endfacet
  facet normal 0 0 -1
    outer loop
      vertex 16.697 30.1749 45
      vertex 26.8371 41.1389 45
      vertex 17.0001 29.9933 45
    endloop
  endfacet
  facet normal -0 0 -1
    outer loop
      vertex 26.8371 41.1389 45
      vertex 16.697 30.1749 45
      vertex 26.7362 41.3072 45
    endloop
  endfacet
  facet normal 0 0 -1
    outer loop
      vertex 16.3777 30.326 45
      vertex 26.7362 41.3072 45
      vertex 16.697 30.1749 45
    endloop
  endfacet
  facet normal -0 0 -1
    outer loop
      vertex 26.7362 41.3072 45
      vertex 16.3777 30.326 45
      vertex 26.6522 41.4846 45
    endloop
  endfacet
  facet normal 0 0 -1
    outer loop
      vertex 16.045 30.445 45
      vertex 26.6522 41.4846 45
      vertex 16.3777 30.326 45
    endloop
  endfacet
  facet normal -0 0 -1
    outer loop
      vertex 26.6522 41.4846 45
      vertex 16.045 30.445 45
      vertex 26.5861 41.6694 45
    endloop
  endfacet
  facet normal 0 0 -1
    outer loop
      vertex 15.7023 30.5308 45
      vertex 26.5861 41.6694 45
      vertex 16.045 30.445 45
    endloop
  endfacet
  facet normal -0 0 -1
    outer loop
      vertex 26.5861 41.6694 45
      vertex 15.7023 30.5308 45
      vertex 26.5384 41.8598 45
    endloop
  endfacet
  facet normal 0 0 -1
    outer loop
      vertex 15.3529 30.5827 45
      vertex 26.5384 41.8598 45
      vertex 15.7023 30.5308 45
    endloop
  endfacet
  facet normal -0 0 -1
    outer loop
      vertex 26.5384 41.8598 45
      vertex 15.3529 30.5827 45
      vertex 26.5096 42.054 45
    endloop
  endfacet
  facet normal 0 0 -1
    outer loop
      vertex 5.80004 39.5072 45
      vertex 15.3529 30.5827 45
      vertex 15 30.6 45
    endloop
  endfacet
  facet normal 0 0 -1
    outer loop
      vertex 15.3529 30.5827 45
      vertex 5.80004 39.5072 45
      vertex 26.5096 42.054 45
    endloop
  endfacet
  facet normal 0 0 -1
    outer loop
      vertex 5.80004 39.5072 45
      vertex 15 30.6 45
      vertex 14.6471 30.5827 45
    endloop
  endfacet
  facet normal 0 0 -1
    outer loop
      vertex 5.54299 40.2256 45
      vertex 26.5384 42.6402 45
      vertex 5.65209 39.995 45
    endloop
  endfacet
  facet normal 0 0 -1
    outer loop
      vertex 14.5875 74.4952 45
      vertex 26.5 65.75 45
      vertex 26.5096 65.554 45
    endloop
  endfacet
  facet normal 0 0 -1
    outer loop
      vertex 14.5875 74.4952 45
      vertex 26.5096 65.946 45
      vertex 26.5 65.75 45
    endloop
  endfacet
  facet normal 0 0 -1
    outer loop
      vertex 14.5875 74.4952 45
      vertex 26.5384 66.1402 45
      vertex 26.5096 65.946 45
    endloop
  endfacet
  facet normal 0 0 -1
    outer loop
      vertex 14.5875 74.4952 45
      vertex 26.5861 66.3306 45
      vertex 26.5384 66.1402 45
    endloop
  endfacet
  facet normal 0 0 -1
    outer loop
      vertex 14.5875 74.4952 45
      vertex 26.6522 66.5154 45
      vertex 26.5861 66.3306 45
    endloop
  endfacet
  facet normal 0 0 -1
    outer loop
      vertex 14.5875 74.4952 45
      vertex 26.7362 66.6928 45
      vertex 26.6522 66.5154 45
    endloop
  endfacet
  facet normal 0 0 -1
    outer loop
      vertex 14.5875 74.4952 45
      vertex 26.8371 66.8611 45
      vertex 26.7362 66.6928 45
    endloop
  endfacet
  facet normal 0 0 -1
    outer loop
      vertex 14.5875 74.4952 45
      vertex 26.954 67.0188 45
      vertex 26.8371 66.8611 45
    endloop
  endfacet
  facet normal 0 0 -1
    outer loop
      vertex 14.5875 74.4952 45
      vertex 27.0858 67.1642 45
      vertex 26.954 67.0188 45
    endloop
  endfacet
  facet normal 0 0 -1
    outer loop
      vertex 14.5875 74.4952 45
      vertex 27.2312 67.296 45
      vertex 27.0858 67.1642 45
    endloop
  endfacet
  facet normal 0 0 -1
    outer loop
      vertex 14.5875 74.4952 45
      vertex 27.3889 67.4129 45
      vertex 27.2312 67.296 45
    endloop
  endfacet
  facet normal 0 0 -1
    outer loop
      vertex 14.6 74.75 45
      vertex 27.5572 67.5138 45
      vertex 27.3889 67.4129 45
    endloop
  endfacet
  facet normal 0 0 -1
    outer loop
      vertex 14.5875 75.0048 45
      vertex 27.5572 67.5138 45
      vertex 14.6 74.75 45
    endloop
  endfacet
  facet normal 0 0 -1
    outer loop
      vertex 27.5572 67.5138 45
      vertex 14.5875 75.0048 45
      vertex 27.7346 67.5978 45
    endloop
  endfacet
  facet normal 0 0 -1
    outer loop
      vertex 14.55 75.2572 45
      vertex 27.7346 67.5978 45
      vertex 14.5875 75.0048 45
    endloop
  endfacet
  facet normal 0 0 -1
    outer loop
      vertex 27.7346 67.5978 45
      vertex 14.55 75.2572 45
      vertex 27.9194 67.6639 45
    endloop
  endfacet
  facet normal 0 0 -1
    outer loop
      vertex 14.488 75.5047 45
      vertex 27.9194 67.6639 45
      vertex 14.55 75.2572 45
    endloop
  endfacet
  facet normal 0 0 -1
    outer loop
      vertex 27.9194 67.6639 45
      vertex 14.488 75.5047 45
      vertex 28.1098 67.7116 45
    endloop
  endfacet
  facet normal 0 0 -1
    outer loop
      vertex 14.4021 75.745 45
      vertex 28.1098 67.7116 45
      vertex 14.488 75.5047 45
    endloop
  endfacet
  facet normal 0 0 -1
    outer loop
      vertex 28.1098 67.7116 45
      vertex 14.4021 75.745 45
      vertex 28.304 67.7404 45
    endloop
  endfacet
  facet normal 0 0 -1
    outer loop
      vertex 14.293 75.9756 45
      vertex 28.304 67.7404 45
      vertex 14.4021 75.745 45
    endloop
  endfacet
  facet normal 0 0 -1
    outer loop
      vertex 28.5 67.75 45
      vertex 14.293 75.9756 45
      vertex 14.1618 76.1945 45
    endloop
  endfacet
  facet normal 0 0 -1
    outer loop
      vertex 28.696 67.7404 45
      vertex 14.1618 76.1945 45
      vertex 14.0098 76.3994 45
    endloop
  endfacet
  facet normal 0 0 -1
    outer loop
      vertex 28.8902 67.7116 45
      vertex 14.0098 76.3994 45
      vertex 13.8385 76.5885 45
    endloop
  endfacet
  facet normal 0 0 -1
    outer loop
      vertex 50.9194 67.6639 45
      vertex 13.6494 76.7598 45
      vertex 51.1098 67.7116 45
    endloop
  endfacet
  facet normal 0 0 -1
    outer loop
      vertex 51.304 67.7404 45
      vertex 13.4445 76.9118 45
      vertex 13.2256 77.043 45
    endloop
  endfacet
  facet normal 0 0 -1
    outer loop
      vertex 97.005 77.1521 45
      vertex 12.995 77.1521 45
      vertex 97.2453 77.238 45
    endloop
  endfacet
  facet normal 0 0 -1
    outer loop
      vertex 12.7547 77.238 45
      vertex 97.2453 77.238 45
      vertex 12.995 77.1521 45
    endloop
  endfacet
  facet normal 0 0 -1
    outer loop
      vertex 97.2453 77.238 45
      vertex 12.7547 77.238 45
      vertex 97.4928 77.3 45
    endloop
  endfacet
  facet normal 0 0 -1
    outer loop
      vertex 12.5072 77.3 45
      vertex 97.4928 77.3 45
      vertex 12.7547 77.238 45
    endloop
  endfacet
  facet normal 0 0 -1
    outer loop
      vertex 97.4928 77.3 45
      vertex 12.5072 77.3 45
      vertex 97.7452 77.3375 45
    endloop
  endfacet
  facet normal 0 0 -1
    outer loop
      vertex 12.2548 77.3375 45
      vertex 97.7452 77.3375 45
      vertex 12.5072 77.3 45
    endloop
  endfacet
  facet normal 0 0 -1
    outer loop
      vertex 97.7452 77.3375 45
      vertex 12.2548 77.3375 45
      vertex 110 78 45
    endloop
  endfacet
  facet normal 0 0 -1
    outer loop
      vertex 12 77.35 45
      vertex 110 78 45
      vertex 12.2548 77.3375 45
    endloop
  endfacet
  facet normal -0 0 -1
    outer loop
      vertex 11.4928 72.2 45
      vertex 3.75723 41.55 45
      vertex 11.2453 72.262 45
    endloop
  endfacet
  facet normal 0 0 -1
    outer loop
      vertex 3.50484 41.5875 45
      vertex 11.2453 72.262 45
      vertex 3.75723 41.55 45
    endloop
  endfacet
  facet normal -0 0 -1
    outer loop
      vertex 11.2453 72.262 45
      vertex 3.50484 41.5875 45
      vertex 11.005 72.3479 45
    endloop
  endfacet
  facet normal 0 0 -1
    outer loop
      vertex 3.25 41.6 45
      vertex 11.005 72.3479 45
      vertex 3.50484 41.5875 45
    endloop
  endfacet
  facet normal -0 0 -1
    outer loop
      vertex 11.005 72.3479 45
      vertex 3.25 41.6 45
      vertex 10.7744 72.457 45
    endloop
  endfacet
  facet normal 0 0 -1
    outer loop
      vertex 2.99516 41.5875 45
      vertex 10.7744 72.457 45
      vertex 3.25 41.6 45
    endloop
  endfacet
  facet normal -0 0 -1
    outer loop
      vertex 10.7744 72.457 45
      vertex 2.99516 41.5875 45
      vertex 10.5555 72.5882 45
    endloop
  endfacet
  facet normal 0 0 -1
    outer loop
      vertex 2.74276 41.55 45
      vertex 10.5555 72.5882 45
      vertex 2.99516 41.5875 45
    endloop
  endfacet
  facet normal -0 0 -1
    outer loop
      vertex 10.5555 72.5882 45
      vertex 2.74276 41.55 45
      vertex 10.3506 72.7402 45
    endloop
  endfacet
  facet normal 0 0 -1
    outer loop
      vertex 2.49526 41.488 45
      vertex 10.3506 72.7402 45
      vertex 2.74276 41.55 45
    endloop
  endfacet
  facet normal -0 0 -1
    outer loop
      vertex 10.3506 72.7402 45
      vertex 2.49526 41.488 45
      vertex 10.1615 72.9115 45
    endloop
  endfacet
  facet normal 0 0 -1
    outer loop
      vertex 0 78 45
      vertex 10.1615 72.9115 45
      vertex 2.49526 41.488 45
    endloop
  endfacet
  facet normal 0 0 -1
    outer loop
      vertex 10.1615 72.9115 45
      vertex 0 78 45
      vertex 9.99017 73.1006 45
    endloop
  endfacet
  facet normal 0 0 -1
    outer loop
      vertex 9.99017 73.1006 45
      vertex 0 78 45
      vertex 9.83818 73.3055 45
    endloop
  endfacet
  facet normal 0 0 -1
    outer loop
      vertex 9.83818 73.3055 45
      vertex 0 78 45
      vertex 9.707 73.5244 45
    endloop
  endfacet
  facet normal 0 0 -1
    outer loop
      vertex 9.707 73.5244 45
      vertex 0 78 45
      vertex 9.59791 73.755 45
    endloop
  endfacet
  facet normal 0 0 -1
    outer loop
      vertex 9.51195 73.9953 45
      vertex 0 78 45
      vertex 9.44996 74.2428 45
    endloop
  endfacet
  facet normal 0 0 -1
    outer loop
      vertex 9.44996 74.2428 45
      vertex 0 78 45
      vertex 9.41252 74.4952 45
    endloop
  endfacet
  facet normal 0 0 -1
    outer loop
      vertex 9.41252 74.4952 45
      vertex 0 78 45
      vertex 9.4 74.75 45
    endloop
  endfacet
  facet normal 0 0 -1
    outer loop
      vertex 9.4 74.75 45
      vertex 0 78 45
      vertex 9.41252 75.0048 45
    endloop
  endfacet
  facet normal 0 0 -1
    outer loop
      vertex 9.59791 73.755 45
      vertex 0 78 45
      vertex 9.51195 73.9953 45
    endloop
  endfacet
  facet normal 0 0 -1
    outer loop
      vertex 0 78 45
      vertex 2.49526 41.488 45
      vertex 2.25502 41.4021 45
    endloop
  endfacet
  facet normal 0 0 -1
    outer loop
      vertex 0 78 45
      vertex 2.25502 41.4021 45
      vertex 2.02437 41.293 45
    endloop
  endfacet
  facet normal 0 0 -1
    outer loop
      vertex 0 78 45
      vertex 2.02437 41.293 45
      vertex 1.80552 41.1618 45
    endloop
  endfacet
  facet normal 0 0 -1
    outer loop
      vertex 0 78 45
      vertex 1.80552 41.1618 45
      vertex 1.60058 41.0098 45
    endloop
  endfacet
  facet normal 0 0 -1
    outer loop
      vertex 0 78 45
      vertex 1.60058 41.0098 45
      vertex 1.41152 40.8385 45
    endloop
  endfacet
  facet normal 0 0 -1
    outer loop
      vertex 0 78 45
      vertex 1.41152 40.8385 45
      vertex 1.24017 40.6494 45
    endloop
  endfacet
  facet normal 0 0 -1
    outer loop
      vertex 0 78 45
      vertex 1.24017 40.6494 45
      vertex 1.08818 40.4445 45
    endloop
  endfacet
  facet normal 0 0 -1
    outer loop
      vertex 0 78 45
      vertex 1.08818 40.4445 45
      vertex 0.957005 40.2256 45
    endloop
  endfacet
  facet normal 0 0 -1
    outer loop
      vertex 0 78 45
      vertex 0.957005 40.2256 45
      vertex 0.847913 39.995 45
    endloop
  endfacet
  facet normal 0 0 -1
    outer loop
      vertex 0 78 45
      vertex 0.847913 39.995 45
      vertex 0.761954 39.7547 45
    endloop
  endfacet
  facet normal 0 0 -1
    outer loop
      vertex 0 78 45
      vertex 0.761954 39.7547 45
      vertex 0.699958 39.5072 45
    endloop
  endfacet
  facet normal 0 0 -1
    outer loop
      vertex 12 77.35 45
      vertex 0 78 45
      vertex 110 78 45
    endloop
  endfacet
  facet normal 0 0 -1
    outer loop
      vertex 11.7452 77.3375 45
      vertex 0 78 45
      vertex 12 77.35 45
    endloop
  endfacet
  facet normal 0 0 -1
    outer loop
      vertex 11.4928 77.3 45
      vertex 0 78 45
      vertex 11.7452 77.3375 45
    endloop
  endfacet
  facet normal 0 0 -1
    outer loop
      vertex 11.2453 77.238 45
      vertex 0 78 45
      vertex 11.4928 77.3 45
    endloop
  endfacet
  facet normal 0 0 -1
    outer loop
      vertex 11.005 77.1521 45
      vertex 0 78 45
      vertex 11.2453 77.238 45
    endloop
  endfacet
  facet normal 0 0 -1
    outer loop
      vertex 10.7744 77.043 45
      vertex 0 78 45
      vertex 11.005 77.1521 45
    endloop
  endfacet
  facet normal 0 0 -1
    outer loop
      vertex 10.5555 76.9118 45
      vertex 0 78 45
      vertex 10.7744 77.043 45
    endloop
  endfacet
  facet normal 0 0 -1
    outer loop
      vertex 10.3506 76.7598 45
      vertex 0 78 45
      vertex 10.5555 76.9118 45
    endloop
  endfacet
  facet normal 0 0 -1
    outer loop
      vertex 10.1615 76.5885 45
      vertex 0 78 45
      vertex 10.3506 76.7598 45
    endloop
  endfacet
  facet normal 0 0 -1
    outer loop
      vertex 9.99017 76.3994 45
      vertex 0 78 45
      vertex 10.1615 76.5885 45
    endloop
  endfacet
  facet normal 0 0 -1
    outer loop
      vertex 9.83818 76.1945 45
      vertex 0 78 45
      vertex 9.99017 76.3994 45
    endloop
  endfacet
  facet normal 0 0 -1
    outer loop
      vertex 9.707 75.9756 45
      vertex 0 78 45
      vertex 9.83818 76.1945 45
    endloop
  endfacet
  facet normal 0 0 -1
    outer loop
      vertex 9.59791 75.745 45
      vertex 0 78 45
      vertex 9.707 75.9756 45
    endloop
  endfacet
  facet normal 0 0 -1
    outer loop
      vertex 9.51195 75.5047 45
      vertex 0 78 45
      vertex 9.59791 75.745 45
    endloop
  endfacet
  facet normal 0 0 -1
    outer loop
      vertex 9.44996 75.2572 45
      vertex 0 78 45
      vertex 9.51195 75.5047 45
    endloop
  endfacet
  facet normal 0 0 -1
    outer loop
      vertex 9.41252 75.0048 45
      vertex 0 78 45
      vertex 9.44996 75.2572 45
    endloop
  endfacet
  facet normal 0 0 -1
    outer loop
      vertex 0.662519 39.2548 45
      vertex 0 78 45
      vertex 0.699958 39.5072 45
    endloop
  endfacet
  facet normal 0 0 -1
    outer loop
      vertex 0.65 39 45
      vertex 0 78 45
      vertex 0.662519 39.2548 45
    endloop
  endfacet
  facet normal 0 0 -1
    outer loop
      vertex 0 78 45
      vertex 0.65 39 45
      vertex 0 0 45
    endloop
  endfacet
  facet normal 0 0 -1
    outer loop
      vertex 29.3957 42.1618 45
      vertex 29.3957 42.3382 45
      vertex 29.4 42.25 45
    endloop
  endfacet
  facet normal 0 0 -1
    outer loop
      vertex 29.3827 42.0744 45
      vertex 29.3957 42.3382 45
      vertex 29.3957 42.1618 45
    endloop
  endfacet
  facet normal 0 0 -1
    outer loop
      vertex 29.3827 42.0744 45
      vertex 29.3827 42.4256 45
      vertex 29.3957 42.3382 45
    endloop
  endfacet
  facet normal 0 0 -1
    outer loop
      vertex 29.3612 41.9887 45
      vertex 29.3827 42.4256 45
      vertex 29.3827 42.0744 45
    endloop
  endfacet
  facet normal 0 0 -1
    outer loop
      vertex 29.3612 41.9887 45
      vertex 29.3612 42.5113 45
      vertex 29.3827 42.4256 45
    endloop
  endfacet
  facet normal 0 0 -1
    outer loop
      vertex 29.3315 41.9056 45
      vertex 29.3612 42.5113 45
      vertex 29.3612 41.9887 45
    endloop
  endfacet
  facet normal 0 0 -1
    outer loop
      vertex 29.3315 41.9056 45
      vertex 29.3315 42.5944 45
      vertex 29.3612 42.5113 45
    endloop
  endfacet
  facet normal 0 0 -1
    outer loop
      vertex 29.2937 41.8257 45
      vertex 29.3315 42.5944 45
      vertex 29.3315 41.9056 45
    endloop
  endfacet
  facet normal 0 0 -1
    outer loop
      vertex 29.2937 41.8257 45
      vertex 29.2937 42.6743 45
      vertex 29.3315 42.5944 45
    endloop
  endfacet
  facet normal 0 0 -1
    outer loop
      vertex 29.2483 41.75 45
      vertex 29.2937 42.6743 45
      vertex 29.2937 41.8257 45
    endloop
  endfacet
  facet normal 0 0 -1
    outer loop
      vertex 29.2483 41.75 45
      vertex 29.2483 42.75 45
      vertex 29.2937 42.6743 45
    endloop
  endfacet
  facet normal 0 0 -1
    outer loop
      vertex 29.1957 41.679 45
      vertex 29.2483 42.75 45
      vertex 29.2483 41.75 45
    endloop
  endfacet
  facet normal 0 0 -1
    outer loop
      vertex 29.1957 41.679 45
      vertex 29.1957 42.821 45
      vertex 29.2483 42.75 45
    endloop
  endfacet
  facet normal 0 0 -1
    outer loop
      vertex 29.1364 41.6136 45
      vertex 29.1957 42.821 45
      vertex 29.1957 41.679 45
    endloop
  endfacet
  facet normal 0 0 -1
    outer loop
      vertex 29.1364 41.6136 45
      vertex 29.1364 42.8864 45
      vertex 29.1957 42.821 45
    endloop
  endfacet
  facet normal 0 0 -1
    outer loop
      vertex 29.071 41.5543 45
      vertex 29.1364 42.8864 45
      vertex 29.1364 41.6136 45
    endloop
  endfacet
  facet normal 0 0 -1
    outer loop
      vertex 29.071 41.5543 45
      vertex 29.071 42.9457 45
      vertex 29.1364 42.8864 45
    endloop
  endfacet
  facet normal 0 0 -1
    outer loop
      vertex 29 41.5017 45
      vertex 29.071 42.9457 45
      vertex 29.071 41.5543 45
    endloop
  endfacet
  facet normal 0 0 -1
    outer loop
      vertex 29 41.5017 45
      vertex 29 42.9983 45
      vertex 29.071 42.9457 45
    endloop
  endfacet
  facet normal 0 0 -1
    outer loop
      vertex 28.9243 41.4563 45
      vertex 29 42.9983 45
      vertex 29 41.5017 45
    endloop
  endfacet
  facet normal 0 0 -1
    outer loop
      vertex 28.9243 41.4563 45
      vertex 28.9243 43.0437 45
      vertex 29 42.9983 45
    endloop
  endfacet
  facet normal 0 0 -1
    outer loop
      vertex 28.8444 41.4185 45
      vertex 28.9243 43.0437 45
      vertex 28.9243 41.4563 45
    endloop
  endfacet
  facet normal 0 0 -1
    outer loop
      vertex 28.8444 41.4185 45
      vertex 28.8444 43.0815 45
      vertex 28.9243 43.0437 45
    endloop
  endfacet
  facet normal 0 0 -1
    outer loop
      vertex 28.7613 41.3888 45
      vertex 28.8444 43.0815 45
      vertex 28.8444 41.4185 45
    endloop
  endfacet
  facet normal 0 0 -1
    outer loop
      vertex 28.7613 41.3888 45
      vertex 28.7613 43.1112 45
      vertex 28.8444 43.0815 45
    endloop
  endfacet
  facet normal 0 0 -1
    outer loop
      vertex 28.6756 41.3673 45
      vertex 28.7613 43.1112 45
      vertex 28.7613 41.3888 45
    endloop
  endfacet
  facet normal 0 0 -1
    outer loop
      vertex 28.6756 41.3673 45
      vertex 28.6756 43.1327 45
      vertex 28.7613 43.1112 45
    endloop
  endfacet
  facet normal 0 0 -1
    outer loop
      vertex 28.5882 41.3543 45
      vertex 28.6756 43.1327 45
      vertex 28.6756 41.3673 45
    endloop
  endfacet
  facet normal 0 0 -1
    outer loop
      vertex 28.5882 41.3543 45
      vertex 28.5882 43.1457 45
      vertex 28.6756 43.1327 45
    endloop
  endfacet
  facet normal 0 0 -1
    outer loop
      vertex 28.5 41.35 45
      vertex 28.5882 43.1457 45
      vertex 28.5882 41.3543 45
    endloop
  endfacet
  facet normal 0 0 -1
    outer loop
      vertex 28.5 41.35 45
      vertex 28.5 43.15 45
      vertex 28.5882 43.1457 45
    endloop
  endfacet
  facet normal 0 0 -1
    outer loop
      vertex 28.4118 41.3543 45
      vertex 28.5 43.15 45
      vertex 28.5 41.35 45
    endloop
  endfacet
  facet normal 0 0 -1
    outer loop
      vertex 28.4118 41.3543 45
      vertex 28.4118 43.1457 45
      vertex 28.5 43.15 45
    endloop
  endfacet
  facet normal 0 0 -1
    outer loop
      vertex 28.3244 41.3673 45
      vertex 28.4118 43.1457 45
      vertex 28.4118 41.3543 45
    endloop
  endfacet
  facet normal 0 0 -1
    outer loop
      vertex 28.3244 41.3673 45
      vertex 28.3244 43.1327 45
      vertex 28.4118 43.1457 45
    endloop
  endfacet
  facet normal 0 0 -1
    outer loop
      vertex 28.2387 41.3888 45
      vertex 28.3244 43.1327 45
      vertex 28.3244 41.3673 45
    endloop
  endfacet
  facet normal 0 0 -1
    outer loop
      vertex 28.2387 41.3888 45
      vertex 28.2387 43.1112 45
      vertex 28.3244 43.1327 45
    endloop
  endfacet
  facet normal 0 0 -1
    outer loop
      vertex 28.1556 41.4185 45
      vertex 28.2387 43.1112 45
      vertex 28.2387 41.3888 45
    endloop
  endfacet
  facet normal 0 0 -1
    outer loop
      vertex 28.1556 41.4185 45
      vertex 28.1556 43.0815 45
      vertex 28.2387 43.1112 45
    endloop
  endfacet
  facet normal 0 0 -1
    outer loop
      vertex 28.0757 41.4563 45
      vertex 28.1556 43.0815 45
      vertex 28.1556 41.4185 45
    endloop
  endfacet
  facet normal 0 0 -1
    outer loop
      vertex 28.0757 41.4563 45
      vertex 28.0757 43.0437 45
      vertex 28.1556 43.0815 45
    endloop
  endfacet
  facet normal 0 0 -1
    outer loop
      vertex 28 41.5017 45
      vertex 28.0757 43.0437 45
      vertex 28.0757 41.4563 45
    endloop
  endfacet
  facet normal 0 0 -1
    outer loop
      vertex 28 41.5017 45
      vertex 28 42.9983 45
      vertex 28.0757 43.0437 45
    endloop
  endfacet
  facet normal 0 0 -1
    outer loop
      vertex 27.929 41.5543 45
      vertex 28 42.9983 45
      vertex 28 41.5017 45
    endloop
  endfacet
  facet normal 0 0 -1
    outer loop
      vertex 27.929 41.5543 45
      vertex 27.929 42.9457 45
      vertex 28 42.9983 45
    endloop
  endfacet
  facet normal 0 0 -1
    outer loop
      vertex 27.8636 41.6136 45
      vertex 27.929 42.9457 45
      vertex 27.929 41.5543 45
    endloop
  endfacet
  facet normal 0 0 -1
    outer loop
      vertex 27.8636 41.6136 45
      vertex 27.8636 42.8864 45
      vertex 27.929 42.9457 45
    endloop
  endfacet
  facet normal 0 0 -1
    outer loop
      vertex 27.8043 41.679 45
      vertex 27.8636 42.8864 45
      vertex 27.8636 41.6136 45
    endloop
  endfacet
  facet normal 0 0 -1
    outer loop
      vertex 27.8043 41.679 45
      vertex 27.8043 42.821 45
      vertex 27.8636 42.8864 45
    endloop
  endfacet
  facet normal 0 0 -1
    outer loop
      vertex 27.7517 41.75 45
      vertex 27.8043 42.821 45
      vertex 27.8043 41.679 45
    endloop
  endfacet
  facet normal 0 0 -1
    outer loop
      vertex 27.7517 41.75 45
      vertex 27.7517 42.75 45
      vertex 27.8043 42.821 45
    endloop
  endfacet
  facet normal 0 0 -1
    outer loop
      vertex 27.7063 41.8257 45
      vertex 27.7517 42.75 45
      vertex 27.7517 41.75 45
    endloop
  endfacet
  facet normal 0 0 -1
    outer loop
      vertex 27.7063 41.8257 45
      vertex 27.7063 42.6743 45
      vertex 27.7517 42.75 45
    endloop
  endfacet
  facet normal 0 0 -1
    outer loop
      vertex 27.6685 41.9056 45
      vertex 27.7063 42.6743 45
      vertex 27.7063 41.8257 45
    endloop
  endfacet
  facet normal 0 0 -1
    outer loop
      vertex 27.6685 41.9056 45
      vertex 27.6685 42.5944 45
      vertex 27.7063 42.6743 45
    endloop
  endfacet
  facet normal 0 0 -1
    outer loop
      vertex 27.6388 41.9887 45
      vertex 27.6685 42.5944 45
      vertex 27.6685 41.9056 45
    endloop
  endfacet
  facet normal 0 0 -1
    outer loop
      vertex 27.6388 41.9887 45
      vertex 27.6388 42.5113 45
      vertex 27.6685 42.5944 45
    endloop
  endfacet
  facet normal 0 0 -1
    outer loop
      vertex 27.6173 42.0744 45
      vertex 27.6388 42.5113 45
      vertex 27.6388 41.9887 45
    endloop
  endfacet
  facet normal 0 0 -1
    outer loop
      vertex 27.6173 42.0744 45
      vertex 27.6173 42.4256 45
      vertex 27.6388 42.5113 45
    endloop
  endfacet
  facet normal 0 0 -1
    outer loop
      vertex 27.6043 42.1618 45
      vertex 27.6173 42.4256 45
      vertex 27.6173 42.0744 45
    endloop
  endfacet
  facet normal 0 0 -1
    outer loop
      vertex 27.6043 42.1618 45
      vertex 27.6043 42.3382 45
      vertex 27.6173 42.4256 45
    endloop
  endfacet
  facet normal 0 -0 -1
    outer loop
      vertex 27.6043 42.3382 45
      vertex 27.6043 42.1618 45
      vertex 27.6 42.25 45
    endloop
  endfacet
  facet normal 0 0 -1
    outer loop
      vertex 52.3957 42.1618 45
      vertex 52.3957 42.3382 45
      vertex 52.4 42.25 45
    endloop
  endfacet
  facet normal 0 0 -1
    outer loop
      vertex 52.3827 42.0744 45
      vertex 52.3957 42.3382 45
      vertex 52.3957 42.1618 45
    endloop
  endfacet
  facet normal 0 0 -1
    outer loop
      vertex 52.3827 42.0744 45
      vertex 52.3827 42.4256 45
      vertex 52.3957 42.3382 45
    endloop
  endfacet
  facet normal 0 0 -1
    outer loop
      vertex 52.3612 41.9887 45
      vertex 52.3827 42.4256 45
      vertex 52.3827 42.0744 45
    endloop
  endfacet
  facet normal 0 0 -1
    outer loop
      vertex 52.3612 41.9887 45
      vertex 52.3612 42.5113 45
      vertex 52.3827 42.4256 45
    endloop
  endfacet
  facet normal 0 0 -1
    outer loop
      vertex 52.3315 41.9056 45
      vertex 52.3612 42.5113 45
      vertex 52.3612 41.9887 45
    endloop
  endfacet
  facet normal 0 0 -1
    outer loop
      vertex 52.3315 41.9056 45
      vertex 52.3315 42.5944 45
      vertex 52.3612 42.5113 45
    endloop
  endfacet
  facet normal 0 0 -1
    outer loop
      vertex 52.2937 41.8257 45
      vertex 52.3315 42.5944 45
      vertex 52.3315 41.9056 45
    endloop
  endfacet
  facet normal 0 0 -1
    outer loop
      vertex 52.2937 41.8257 45
      vertex 52.2937 42.6743 45
      vertex 52.3315 42.5944 45
    endloop
  endfacet
  facet normal 0 0 -1
    outer loop
      vertex 52.2483 41.75 45
      vertex 52.2937 42.6743 45
      vertex 52.2937 41.8257 45
    endloop
  endfacet
  facet normal 0 0 -1
    outer loop
      vertex 52.2483 41.75 45
      vertex 52.2483 42.75 45
      vertex 52.2937 42.6743 45
    endloop
  endfacet
  facet normal 0 0 -1
    outer loop
      vertex 52.1957 41.679 45
      vertex 52.2483 42.75 45
      vertex 52.2483 41.75 45
    endloop
  endfacet
  facet normal 0 0 -1
    outer loop
      vertex 52.1957 41.679 45
      vertex 52.1957 42.821 45
      vertex 52.2483 42.75 45
    endloop
  endfacet
  facet normal 0 0 -1
    outer loop
      vertex 52.1364 41.6136 45
      vertex 52.1957 42.821 45
      vertex 52.1957 41.679 45
    endloop
  endfacet
  facet normal 0 0 -1
    outer loop
      vertex 52.1364 41.6136 45
      vertex 52.1364 42.8864 45
      vertex 52.1957 42.821 45
    endloop
  endfacet
  facet normal 0 0 -1
    outer loop
      vertex 52.071 41.5543 45
      vertex 52.1364 42.8864 45
      vertex 52.1364 41.6136 45
    endloop
  endfacet
  facet normal 0 0 -1
    outer loop
      vertex 52.071 41.5543 45
      vertex 52.071 42.9457 45
      vertex 52.1364 42.8864 45
    endloop
  endfacet
  facet normal 0 0 -1
    outer loop
      vertex 52 41.5017 45
      vertex 52.071 42.9457 45
      vertex 52.071 41.5543 45
    endloop
  endfacet
  facet normal 0 0 -1
    outer loop
      vertex 52 41.5017 45
      vertex 52 42.9983 45
      vertex 52.071 42.9457 45
    endloop
  endfacet
  facet normal 0 0 -1
    outer loop
      vertex 51.9243 41.4563 45
      vertex 52 42.9983 45
      vertex 52 41.5017 45
    endloop
  endfacet
  facet normal 0 0 -1
    outer loop
      vertex 51.9243 41.4563 45
      vertex 51.9243 43.0437 45
      vertex 52 42.9983 45
    endloop
  endfacet
  facet normal 0 0 -1
    outer loop
      vertex 51.8444 41.4185 45
      vertex 51.9243 43.0437 45
      vertex 51.9243 41.4563 45
    endloop
  endfacet
  facet normal 0 0 -1
    outer loop
      vertex 51.8444 41.4185 45
      vertex 51.8444 43.0815 45
      vertex 51.9243 43.0437 45
    endloop
  endfacet
  facet normal 0 0 -1
    outer loop
      vertex 51.7613 41.3888 45
      vertex 51.8444 43.0815 45
      vertex 51.8444 41.4185 45
    endloop
  endfacet
  facet normal 0 0 -1
    outer loop
      vertex 51.7613 41.3888 45
      vertex 51.7613 43.1112 45
      vertex 51.8444 43.0815 45
    endloop
  endfacet
  facet normal 0 0 -1
    outer loop
      vertex 51.6756 41.3673 45
      vertex 51.7613 43.1112 45
      vertex 51.7613 41.3888 45
    endloop
  endfacet
  facet normal 0 0 -1
    outer loop
      vertex 51.6756 41.3673 45
      vertex 51.6756 43.1327 45
      vertex 51.7613 43.1112 45
    endloop
  endfacet
  facet normal 0 0 -1
    outer loop
      vertex 51.5882 41.3543 45
      vertex 51.6756 43.1327 45
      vertex 51.6756 41.3673 45
    endloop
  endfacet
  facet normal 0 0 -1
    outer loop
      vertex 51.5882 41.3543 45
      vertex 51.5882 43.1457 45
      vertex 51.6756 43.1327 45
    endloop
  endfacet
  facet normal 0 0 -1
    outer loop
      vertex 51.5 41.35 45
      vertex 51.5882 43.1457 45
      vertex 51.5882 41.3543 45
    endloop
  endfacet
  facet normal 0 0 -1
    outer loop
      vertex 51.5 41.35 45
      vertex 51.5 43.15 45
      vertex 51.5882 43.1457 45
    endloop
  endfacet
  facet normal 0 0 -1
    outer loop
      vertex 51.4118 41.3543 45
      vertex 51.5 43.15 45
      vertex 51.5 41.35 45
    endloop
  endfacet
  facet normal 0 0 -1
    outer loop
      vertex 51.4118 41.3543 45
      vertex 51.4118 43.1457 45
      vertex 51.5 43.15 45
    endloop
  endfacet
  facet normal 0 0 -1
    outer loop
      vertex 51.3244 41.3673 45
      vertex 51.4118 43.1457 45
      vertex 51.4118 41.3543 45
    endloop
  endfacet
  facet normal 0 0 -1
    outer loop
      vertex 51.3244 41.3673 45
      vertex 51.3244 43.1327 45
      vertex 51.4118 43.1457 45
    endloop
  endfacet
  facet normal 0 0 -1
    outer loop
      vertex 51.2387 41.3888 45
      vertex 51.3244 43.1327 45
      vertex 51.3244 41.3673 45
    endloop
  endfacet
  facet normal 0 0 -1
    outer loop
      vertex 51.2387 41.3888 45
      vertex 51.2387 43.1112 45
      vertex 51.3244 43.1327 45
    endloop
  endfacet
  facet normal 0 0 -1
    outer loop
      vertex 51.1556 41.4185 45
      vertex 51.2387 43.1112 45
      vertex 51.2387 41.3888 45
    endloop
  endfacet
  facet normal 0 0 -1
    outer loop
      vertex 51.1556 41.4185 45
      vertex 51.1556 43.0815 45
      vertex 51.2387 43.1112 45
    endloop
  endfacet
  facet normal 0 0 -1
    outer loop
      vertex 51.0757 41.4563 45
      vertex 51.1556 43.0815 45
      vertex 51.1556 41.4185 45
    endloop
  endfacet
  facet normal 0 0 -1
    outer loop
      vertex 51.0757 41.4563 45
      vertex 51.0757 43.0437 45
      vertex 51.1556 43.0815 45
    endloop
  endfacet
  facet normal 0 0 -1
    outer loop
      vertex 51 41.5017 45
      vertex 51.0757 43.0437 45
      vertex 51.0757 41.4563 45
    endloop
  endfacet
  facet normal 0 0 -1
    outer loop
      vertex 51 41.5017 45
      vertex 51 42.9983 45
      vertex 51.0757 43.0437 45
    endloop
  endfacet
  facet normal 0 0 -1
    outer loop
      vertex 50.929 41.5543 45
      vertex 51 42.9983 45
      vertex 51 41.5017 45
    endloop
  endfacet
  facet normal 0 0 -1
    outer loop
      vertex 50.929 41.5543 45
      vertex 50.929 42.9457 45
      vertex 51 42.9983 45
    endloop
  endfacet
  facet normal 0 0 -1
    outer loop
      vertex 50.8636 41.6136 45
      vertex 50.929 42.9457 45
      vertex 50.929 41.5543 45
    endloop
  endfacet
  facet normal 0 0 -1
    outer loop
      vertex 50.8636 41.6136 45
      vertex 50.8636 42.8864 45
      vertex 50.929 42.9457 45
    endloop
  endfacet
  facet normal 0 0 -1
    outer loop
      vertex 50.8043 41.679 45
      vertex 50.8636 42.8864 45
      vertex 50.8636 41.6136 45
    endloop
  endfacet
  facet normal 0 0 -1
    outer loop
      vertex 50.8043 41.679 45
      vertex 50.8043 42.821 45
      vertex 50.8636 42.8864 45
    endloop
  endfacet
  facet normal 0 0 -1
    outer loop
      vertex 50.7517 41.75 45
      vertex 50.8043 42.821 45
      vertex 50.8043 41.679 45
    endloop
  endfacet
  facet normal 0 0 -1
    outer loop
      vertex 50.7517 41.75 45
      vertex 50.7517 42.75 45
      vertex 50.8043 42.821 45
    endloop
  endfacet
  facet normal 0 0 -1
    outer loop
      vertex 50.7063 41.8257 45
      vertex 50.7517 42.75 45
      vertex 50.7517 41.75 45
    endloop
  endfacet
  facet normal 0 0 -1
    outer loop
      vertex 50.7063 41.8257 45
      vertex 50.7063 42.6743 45
      vertex 50.7517 42.75 45
    endloop
  endfacet
  facet normal 0 0 -1
    outer loop
      vertex 50.6685 41.9056 45
      vertex 50.7063 42.6743 45
      vertex 50.7063 41.8257 45
    endloop
  endfacet
  facet normal 0 0 -1
    outer loop
      vertex 50.6685 41.9056 45
      vertex 50.6685 42.5944 45
      vertex 50.7063 42.6743 45
    endloop
  endfacet
  facet normal 0 0 -1
    outer loop
      vertex 50.6388 41.9887 45
      vertex 50.6685 42.5944 45
      vertex 50.6685 41.9056 45
    endloop
  endfacet
  facet normal 0 0 -1
    outer loop
      vertex 50.6388 41.9887 45
      vertex 50.6388 42.5113 45
      vertex 50.6685 42.5944 45
    endloop
  endfacet
  facet normal 0 0 -1
    outer loop
      vertex 50.6173 42.0744 45
      vertex 50.6388 42.5113 45
      vertex 50.6388 41.9887 45
    endloop
  endfacet
  facet normal 0 0 -1
    outer loop
      vertex 50.6173 42.0744 45
      vertex 50.6173 42.4256 45
      vertex 50.6388 42.5113 45
    endloop
  endfacet
  facet normal 0 0 -1
    outer loop
      vertex 50.6043 42.1618 45
      vertex 50.6173 42.4256 45
      vertex 50.6173 42.0744 45
    endloop
  endfacet
  facet normal 0 0 -1
    outer loop
      vertex 50.6043 42.1618 45
      vertex 50.6043 42.3382 45
      vertex 50.6173 42.4256 45
    endloop
  endfacet
  facet normal 0 -0 -1
    outer loop
      vertex 50.6043 42.3382 45
      vertex 50.6043 42.1618 45
      vertex 50.6 42.25 45
    endloop
  endfacet
  facet normal 0 0 -1
    outer loop
      vertex 29.3957 65.6618 45
      vertex 29.3957 65.8382 45
      vertex 29.4 65.75 45
    endloop
  endfacet
  facet normal 0 0 -1
    outer loop
      vertex 29.3827 65.5744 45
      vertex 29.3957 65.8382 45
      vertex 29.3957 65.6618 45
    endloop
  endfacet
  facet normal 0 0 -1
    outer loop
      vertex 29.3827 65.5744 45
      vertex 29.3827 65.9256 45
      vertex 29.3957 65.8382 45
    endloop
  endfacet
  facet normal 0 0 -1
    outer loop
      vertex 29.3612 65.4887 45
      vertex 29.3827 65.9256 45
      vertex 29.3827 65.5744 45
    endloop
  endfacet
  facet normal 0 0 -1
    outer loop
      vertex 29.3612 65.4887 45
      vertex 29.3612 66.0113 45
      vertex 29.3827 65.9256 45
    endloop
  endfacet
  facet normal 0 0 -1
    outer loop
      vertex 29.3315 65.4056 45
      vertex 29.3612 66.0113 45
      vertex 29.3612 65.4887 45
    endloop
  endfacet
  facet normal 0 0 -1
    outer loop
      vertex 29.3315 65.4056 45
      vertex 29.3315 66.0944 45
      vertex 29.3612 66.0113 45
    endloop
  endfacet
  facet normal 0 0 -1
    outer loop
      vertex 29.2937 65.3257 45
      vertex 29.3315 66.0944 45
      vertex 29.3315 65.4056 45
    endloop
  endfacet
  facet normal 0 0 -1
    outer loop
      vertex 29.2937 65.3257 45
      vertex 29.2937 66.1743 45
      vertex 29.3315 66.0944 45
    endloop
  endfacet
  facet normal 0 0 -1
    outer loop
      vertex 29.2483 65.25 45
      vertex 29.2937 66.1743 45
      vertex 29.2937 65.3257 45
    endloop
  endfacet
  facet normal 0 0 -1
    outer loop
      vertex 29.2483 65.25 45
      vertex 29.2483 66.25 45
      vertex 29.2937 66.1743 45
    endloop
  endfacet
  facet normal 0 0 -1
    outer loop
      vertex 29.1957 65.179 45
      vertex 29.2483 66.25 45
      vertex 29.2483 65.25 45
    endloop
  endfacet
  facet normal 0 0 -1
    outer loop
      vertex 29.1957 65.179 45
      vertex 29.1957 66.321 45
      vertex 29.2483 66.25 45
    endloop
  endfacet
  facet normal 0 0 -1
    outer loop
      vertex 29.1364 65.1136 45
      vertex 29.1957 66.321 45
      vertex 29.1957 65.179 45
    endloop
  endfacet
  facet normal 0 0 -1
    outer loop
      vertex 29.1364 65.1136 45
      vertex 29.1364 66.3864 45
      vertex 29.1957 66.321 45
    endloop
  endfacet
  facet normal 0 0 -1
    outer loop
      vertex 29.071 65.0543 45
      vertex 29.1364 66.3864 45
      vertex 29.1364 65.1136 45
    endloop
  endfacet
  facet normal 0 0 -1
    outer loop
      vertex 29.071 65.0543 45
      vertex 29.071 66.4457 45
      vertex 29.1364 66.3864 45
    endloop
  endfacet
  facet normal 0 0 -1
    outer loop
      vertex 29 65.0017 45
      vertex 29.071 66.4457 45
      vertex 29.071 65.0543 45
    endloop
  endfacet
  facet normal 0 0 -1
    outer loop
      vertex 29 65.0017 45
      vertex 29 66.4983 45
      vertex 29.071 66.4457 45
    endloop
  endfacet
  facet normal 0 0 -1
    outer loop
      vertex 28.9243 64.9563 45
      vertex 29 66.4983 45
      vertex 29 65.0017 45
    endloop
  endfacet
  facet normal 0 0 -1
    outer loop
      vertex 28.9243 64.9563 45
      vertex 28.9243 66.5437 45
      vertex 29 66.4983 45
    endloop
  endfacet
  facet normal 0 0 -1
    outer loop
      vertex 28.8444 64.9185 45
      vertex 28.9243 66.5437 45
      vertex 28.9243 64.9563 45
    endloop
  endfacet
  facet normal 0 0 -1
    outer loop
      vertex 28.8444 64.9185 45
      vertex 28.8444 66.5815 45
      vertex 28.9243 66.5437 45
    endloop
  endfacet
  facet normal 0 0 -1
    outer loop
      vertex 28.7613 64.8888 45
      vertex 28.8444 66.5815 45
      vertex 28.8444 64.9185 45
    endloop
  endfacet
  facet normal 0 0 -1
    outer loop
      vertex 28.7613 64.8888 45
      vertex 28.7613 66.6112 45
      vertex 28.8444 66.5815 45
    endloop
  endfacet
  facet normal 0 0 -1
    outer loop
      vertex 28.6756 64.8673 45
      vertex 28.7613 66.6112 45
      vertex 28.7613 64.8888 45
    endloop
  endfacet
  facet normal 0 0 -1
    outer loop
      vertex 28.6756 64.8673 45
      vertex 28.6756 66.6327 45
      vertex 28.7613 66.6112 45
    endloop
  endfacet
  facet normal 0 0 -1
    outer loop
      vertex 28.5882 64.8543 45
      vertex 28.6756 66.6327 45
      vertex 28.6756 64.8673 45
    endloop
  endfacet
  facet normal 0 0 -1
    outer loop
      vertex 28.5882 64.8543 45
      vertex 28.5882 66.6457 45
      vertex 28.6756 66.6327 45
    endloop
  endfacet
  facet normal 0 0 -1
    outer loop
      vertex 28.5 64.85 45
      vertex 28.5882 66.6457 45
      vertex 28.5882 64.8543 45
    endloop
  endfacet
  facet normal 0 0 -1
    outer loop
      vertex 28.5 64.85 45
      vertex 28.5 66.65 45
      vertex 28.5882 66.6457 45
    endloop
  endfacet
  facet normal 0 0 -1
    outer loop
      vertex 28.4118 64.8543 45
      vertex 28.5 66.65 45
      vertex 28.5 64.85 45
    endloop
  endfacet
  facet normal 0 0 -1
    outer loop
      vertex 28.4118 64.8543 45
      vertex 28.4118 66.6457 45
      vertex 28.5 66.65 45
    endloop
  endfacet
  facet normal 0 0 -1
    outer loop
      vertex 28.3244 64.8673 45
      vertex 28.4118 66.6457 45
      vertex 28.4118 64.8543 45
    endloop
  endfacet
  facet normal 0 0 -1
    outer loop
      vertex 28.3244 64.8673 45
      vertex 28.3244 66.6327 45
      vertex 28.4118 66.6457 45
    endloop
  endfacet
  facet normal 0 0 -1
    outer loop
      vertex 28.2387 64.8888 45
      vertex 28.3244 66.6327 45
      vertex 28.3244 64.8673 45
    endloop
  endfacet
  facet normal 0 0 -1
    outer loop
      vertex 28.2387 64.8888 45
      vertex 28.2387 66.6112 45
      vertex 28.3244 66.6327 45
    endloop
  endfacet
  facet normal 0 0 -1
    outer loop
      vertex 28.1556 64.9185 45
      vertex 28.2387 66.6112 45
      vertex 28.2387 64.8888 45
    endloop
  endfacet
  facet normal 0 0 -1
    outer loop
      vertex 28.1556 64.9185 45
      vertex 28.1556 66.5815 45
      vertex 28.2387 66.6112 45
    endloop
  endfacet
  facet normal 0 0 -1
    outer loop
      vertex 28.0757 64.9563 45
      vertex 28.1556 66.5815 45
      vertex 28.1556 64.9185 45
    endloop
  endfacet
  facet normal 0 0 -1
    outer loop
      vertex 28.0757 64.9563 45
      vertex 28.0757 66.5437 45
      vertex 28.1556 66.5815 45
    endloop
  endfacet
  facet normal 0 0 -1
    outer loop
      vertex 28 65.0017 45
      vertex 28.0757 66.5437 45
      vertex 28.0757 64.9563 45
    endloop
  endfacet
  facet normal 0 0 -1
    outer loop
      vertex 28 65.0017 45
      vertex 28 66.4983 45
      vertex 28.0757 66.5437 45
    endloop
  endfacet
  facet normal 0 0 -1
    outer loop
      vertex 27.929 65.0543 45
      vertex 28 66.4983 45
      vertex 28 65.0017 45
    endloop
  endfacet
  facet normal 0 0 -1
    outer loop
      vertex 27.929 65.0543 45
      vertex 27.929 66.4457 45
      vertex 28 66.4983 45
    endloop
  endfacet
  facet normal 0 0 -1
    outer loop
      vertex 27.8636 65.1136 45
      vertex 27.929 66.4457 45
      vertex 27.929 65.0543 45
    endloop
  endfacet
  facet normal 0 0 -1
    outer loop
      vertex 27.8636 65.1136 45
      vertex 27.8636 66.3864 45
      vertex 27.929 66.4457 45
    endloop
  endfacet
  facet normal 0 0 -1
    outer loop
      vertex 27.8043 65.179 45
      vertex 27.8636 66.3864 45
      vertex 27.8636 65.1136 45
    endloop
  endfacet
  facet normal 0 0 -1
    outer loop
      vertex 27.8043 65.179 45
      vertex 27.8043 66.321 45
      vertex 27.8636 66.3864 45
    endloop
  endfacet
  facet normal 0 0 -1
    outer loop
      vertex 27.7517 65.25 45
      vertex 27.8043 66.321 45
      vertex 27.8043 65.179 45
    endloop
  endfacet
  facet normal 0 0 -1
    outer loop
      vertex 27.7517 65.25 45
      vertex 27.7517 66.25 45
      vertex 27.8043 66.321 45
    endloop
  endfacet
  facet normal 0 0 -1
    outer loop
      vertex 27.7063 65.3257 45
      vertex 27.7517 66.25 45
      vertex 27.7517 65.25 45
    endloop
  endfacet
  facet normal 0 0 -1
    outer loop
      vertex 27.7063 65.3257 45
      vertex 27.7063 66.1743 45
      vertex 27.7517 66.25 45
    endloop
  endfacet
  facet normal 0 0 -1
    outer loop
      vertex 27.6685 65.4056 45
      vertex 27.7063 66.1743 45
      vertex 27.7063 65.3257 45
    endloop
  endfacet
  facet normal 0 0 -1
    outer loop
      vertex 27.6685 65.4056 45
      vertex 27.6685 66.0944 45
      vertex 27.7063 66.1743 45
    endloop
  endfacet
  facet normal 0 0 -1
    outer loop
      vertex 27.6388 65.4887 45
      vertex 27.6685 66.0944 45
      vertex 27.6685 65.4056 45
    endloop
  endfacet
  facet normal 0 0 -1
    outer loop
      vertex 27.6388 65.4887 45
      vertex 27.6388 66.0113 45
      vertex 27.6685 66.0944 45
    endloop
  endfacet
  facet normal 0 0 -1
    outer loop
      vertex 27.6173 65.5744 45
      vertex 27.6388 66.0113 45
      vertex 27.6388 65.4887 45
    endloop
  endfacet
  facet normal 0 0 -1
    outer loop
      vertex 27.6173 65.5744 45
      vertex 27.6173 65.9256 45
      vertex 27.6388 66.0113 45
    endloop
  endfacet
  facet normal 0 0 -1
    outer loop
      vertex 27.6043 65.6618 45
      vertex 27.6173 65.9256 45
      vertex 27.6173 65.5744 45
    endloop
  endfacet
  facet normal 0 0 -1
    outer loop
      vertex 27.6043 65.6618 45
      vertex 27.6043 65.8382 45
      vertex 27.6173 65.9256 45
    endloop
  endfacet
  facet normal 0 -0 -1
    outer loop
      vertex 27.6043 65.8382 45
      vertex 27.6043 65.6618 45
      vertex 27.6 65.75 45
    endloop
  endfacet
  facet normal 0 0 -1
    outer loop
      vertex 52.3957 65.6618 45
      vertex 52.3957 65.8382 45
      vertex 52.4 65.75 45
    endloop
  endfacet
  facet normal 0 0 -1
    outer loop
      vertex 52.3827 65.5744 45
      vertex 52.3957 65.8382 45
      vertex 52.3957 65.6618 45
    endloop
  endfacet
  facet normal 0 0 -1
    outer loop
      vertex 52.3827 65.5744 45
      vertex 52.3827 65.9256 45
      vertex 52.3957 65.8382 45
    endloop
  endfacet
  facet normal 0 0 -1
    outer loop
      vertex 52.3612 65.4887 45
      vertex 52.3827 65.9256 45
      vertex 52.3827 65.5744 45
    endloop
  endfacet
  facet normal 0 0 -1
    outer loop
      vertex 52.3612 65.4887 45
      vertex 52.3612 66.0113 45
      vertex 52.3827 65.9256 45
    endloop
  endfacet
  facet normal 0 0 -1
    outer loop
      vertex 52.3315 65.4056 45
      vertex 52.3612 66.0113 45
      vertex 52.3612 65.4887 45
    endloop
  endfacet
  facet normal 0 0 -1
    outer loop
      vertex 52.3315 65.4056 45
      vertex 52.3315 66.0944 45
      vertex 52.3612 66.0113 45
    endloop
  endfacet
  facet normal 0 0 -1
    outer loop
      vertex 52.2937 65.3257 45
      vertex 52.3315 66.0944 45
      vertex 52.3315 65.4056 45
    endloop
  endfacet
  facet normal 0 0 -1
    outer loop
      vertex 52.2937 65.3257 45
      vertex 52.2937 66.1743 45
      vertex 52.3315 66.0944 45
    endloop
  endfacet
  facet normal 0 0 -1
    outer loop
      vertex 52.2483 65.25 45
      vertex 52.2937 66.1743 45
      vertex 52.2937 65.3257 45
    endloop
  endfacet
  facet normal 0 0 -1
    outer loop
      vertex 52.2483 65.25 45
      vertex 52.2483 66.25 45
      vertex 52.2937 66.1743 45
    endloop
  endfacet
  facet normal 0 0 -1
    outer loop
      vertex 52.1957 65.179 45
      vertex 52.2483 66.25 45
      vertex 52.2483 65.25 45
    endloop
  endfacet
  facet normal 0 0 -1
    outer loop
      vertex 52.1957 65.179 45
      vertex 52.1957 66.321 45
      vertex 52.2483 66.25 45
    endloop
  endfacet
  facet normal 0 0 -1
    outer loop
      vertex 52.1364 65.1136 45
      vertex 52.1957 66.321 45
      vertex 52.1957 65.179 45
    endloop
  endfacet
  facet normal 0 0 -1
    outer loop
      vertex 52.1364 65.1136 45
      vertex 52.1364 66.3864 45
      vertex 52.1957 66.321 45
    endloop
  endfacet
  facet normal 0 0 -1
    outer loop
      vertex 52.071 65.0543 45
      vertex 52.1364 66.3864 45
      vertex 52.1364 65.1136 45
    endloop
  endfacet
  facet normal 0 0 -1
    outer loop
      vertex 52.071 65.0543 45
      vertex 52.071 66.4457 45
      vertex 52.1364 66.3864 45
    endloop
  endfacet
  facet normal 0 0 -1
    outer loop
      vertex 52 65.0017 45
      vertex 52.071 66.4457 45
      vertex 52.071 65.0543 45
    endloop
  endfacet
  facet normal 0 0 -1
    outer loop
      vertex 52 65.0017 45
      vertex 52 66.4983 45
      vertex 52.071 66.4457 45
    endloop
  endfacet
  facet normal 0 0 -1
    outer loop
      vertex 51.9243 64.9563 45
      vertex 52 66.4983 45
      vertex 52 65.0017 45
    endloop
  endfacet
  facet normal 0 0 -1
    outer loop
      vertex 51.9243 64.9563 45
      vertex 51.9243 66.5437 45
      vertex 52 66.4983 45
    endloop
  endfacet
  facet normal 0 0 -1
    outer loop
      vertex 51.8444 64.9185 45
      vertex 51.9243 66.5437 45
      vertex 51.9243 64.9563 45
    endloop
  endfacet
  facet normal 0 0 -1
    outer loop
      vertex 51.8444 64.9185 45
      vertex 51.8444 66.5815 45
      vertex 51.9243 66.5437 45
    endloop
  endfacet
  facet normal 0 0 -1
    outer loop
      vertex 51.7613 64.8888 45
      vertex 51.8444 66.5815 45
      vertex 51.8444 64.9185 45
    endloop
  endfacet
  facet normal 0 0 -1
    outer loop
      vertex 51.7613 64.8888 45
      vertex 51.7613 66.6112 45
      vertex 51.8444 66.5815 45
    endloop
  endfacet
  facet normal 0 0 -1
    outer loop
      vertex 51.6756 64.8673 45
      vertex 51.7613 66.6112 45
      vertex 51.7613 64.8888 45
    endloop
  endfacet
  facet normal 0 0 -1
    outer loop
      vertex 51.6756 64.8673 45
      vertex 51.6756 66.6327 45
      vertex 51.7613 66.6112 45
    endloop
  endfacet
  facet normal 0 0 -1
    outer loop
      vertex 51.5882 64.8543 45
      vertex 51.6756 66.6327 45
      vertex 51.6756 64.8673 45
    endloop
  endfacet
  facet normal 0 0 -1
    outer loop
      vertex 51.5882 64.8543 45
      vertex 51.5882 66.6457 45
      vertex 51.6756 66.6327 45
    endloop
  endfacet
  facet normal 0 0 -1
    outer loop
      vertex 51.5 64.85 45
      vertex 51.5882 66.6457 45
      vertex 51.5882 64.8543 45
    endloop
  endfacet
  facet normal 0 0 -1
    outer loop
      vertex 51.5 64.85 45
      vertex 51.5 66.65 45
      vertex 51.5882 66.6457 45
    endloop
  endfacet
  facet normal 0 0 -1
    outer loop
      vertex 51.4118 64.8543 45
      vertex 51.5 66.65 45
      vertex 51.5 64.85 45
    endloop
  endfacet
  facet normal 0 0 -1
    outer loop
      vertex 51.4118 64.8543 45
      vertex 51.4118 66.6457 45
      vertex 51.5 66.65 45
    endloop
  endfacet
  facet normal 0 0 -1
    outer loop
      vertex 51.3244 64.8673 45
      vertex 51.4118 66.6457 45
      vertex 51.4118 64.8543 45
    endloop
  endfacet
  facet normal 0 0 -1
    outer loop
      vertex 51.3244 64.8673 45
      vertex 51.3244 66.6327 45
      vertex 51.4118 66.6457 45
    endloop
  endfacet
  facet normal 0 0 -1
    outer loop
      vertex 51.2387 64.8888 45
      vertex 51.3244 66.6327 45
      vertex 51.3244 64.8673 45
    endloop
  endfacet
  facet normal 0 0 -1
    outer loop
      vertex 51.2387 64.8888 45
      vertex 51.2387 66.6112 45
      vertex 51.3244 66.6327 45
    endloop
  endfacet
  facet normal 0 0 -1
    outer loop
      vertex 51.1556 64.9185 45
      vertex 51.2387 66.6112 45
      vertex 51.2387 64.8888 45
    endloop
  endfacet
  facet normal 0 0 -1
    outer loop
      vertex 51.1556 64.9185 45
      vertex 51.1556 66.5815 45
      vertex 51.2387 66.6112 45
    endloop
  endfacet
  facet normal 0 0 -1
    outer loop
      vertex 51.0757 64.9563 45
      vertex 51.1556 66.5815 45
      vertex 51.1556 64.9185 45
    endloop
  endfacet
  facet normal 0 0 -1
    outer loop
      vertex 51.0757 64.9563 45
      vertex 51.0757 66.5437 45
      vertex 51.1556 66.5815 45
    endloop
  endfacet
  facet normal 0 0 -1
    outer loop
      vertex 51 65.0017 45
      vertex 51.0757 66.5437 45
      vertex 51.0757 64.9563 45
    endloop
  endfacet
  facet normal 0 0 -1
    outer loop
      vertex 51 65.0017 45
      vertex 51 66.4983 45
      vertex 51.0757 66.5437 45
    endloop
  endfacet
  facet normal 0 0 -1
    outer loop
      vertex 50.929 65.0543 45
      vertex 51 66.4983 45
      vertex 51 65.0017 45
    endloop
  endfacet
  facet normal 0 0 -1
    outer loop
      vertex 50.929 65.0543 45
      vertex 50.929 66.4457 45
      vertex 51 66.4983 45
    endloop
  endfacet
  facet normal 0 0 -1
    outer loop
      vertex 50.8636 65.1136 45
      vertex 50.929 66.4457 45
      vertex 50.929 65.0543 45
    endloop
  endfacet
  facet normal 0 0 -1
    outer loop
      vertex 50.8636 65.1136 45
      vertex 50.8636 66.3864 45
      vertex 50.929 66.4457 45
    endloop
  endfacet
  facet normal 0 0 -1
    outer loop
      vertex 50.8043 65.179 45
      vertex 50.8636 66.3864 45
      vertex 50.8636 65.1136 45
    endloop
  endfacet
  facet normal 0 0 -1
    outer loop
      vertex 50.8043 65.179 45
      vertex 50.8043 66.321 45
      vertex 50.8636 66.3864 45
    endloop
  endfacet
  facet normal 0 0 -1
    outer loop
      vertex 50.7517 65.25 45
      vertex 50.8043 66.321 45
      vertex 50.8043 65.179 45
    endloop
  endfacet
  facet normal 0 0 -1
    outer loop
      vertex 50.7517 65.25 45
      vertex 50.7517 66.25 45
      vertex 50.8043 66.321 45
    endloop
  endfacet
  facet normal 0 0 -1
    outer loop
      vertex 50.7063 65.3257 45
      vertex 50.7517 66.25 45
      vertex 50.7517 65.25 45
    endloop
  endfacet
  facet normal 0 0 -1
    outer loop
      vertex 50.7063 65.3257 45
      vertex 50.7063 66.1743 45
      vertex 50.7517 66.25 45
    endloop
  endfacet
  facet normal 0 0 -1
    outer loop
      vertex 50.6685 65.4056 45
      vertex 50.7063 66.1743 45
      vertex 50.7063 65.3257 45
    endloop
  endfacet
  facet normal 0 0 -1
    outer loop
      vertex 50.6685 65.4056 45
      vertex 50.6685 66.0944 45
      vertex 50.7063 66.1743 45
    endloop
  endfacet
  facet normal 0 0 -1
    outer loop
      vertex 50.6388 65.4887 45
      vertex 50.6685 66.0944 45
      vertex 50.6685 65.4056 45
    endloop
  endfacet
  facet normal 0 0 -1
    outer loop
      vertex 50.6388 65.4887 45
      vertex 50.6388 66.0113 45
      vertex 50.6685 66.0944 45
    endloop
  endfacet
  facet normal 0 0 -1
    outer loop
      vertex 50.6173 65.5744 45
      vertex 50.6388 66.0113 45
      vertex 50.6388 65.4887 45
    endloop
  endfacet
  facet normal 0 0 -1
    outer loop
      vertex 50.6173 65.5744 45
      vertex 50.6173 65.9256 45
      vertex 50.6388 66.0113 45
    endloop
  endfacet
  facet normal 0 0 -1
    outer loop
      vertex 50.6043 65.6618 45
      vertex 50.6173 65.9256 45
      vertex 50.6173 65.5744 45
    endloop
  endfacet
  facet normal 0 0 -1
    outer loop
      vertex 50.6043 65.6618 45
      vertex 50.6043 65.8382 45
      vertex 50.6173 65.9256 45
    endloop
  endfacet
  facet normal 0 -0 -1
    outer loop
      vertex 50.6043 65.8382 45
      vertex 50.6043 65.6618 45
      vertex 50.6 65.75 45
    endloop
  endfacet
  facet normal 0.146696 0.989182 -0
    outer loop
      vertex 28.8902 44.2116 43.5
      vertex 28.696 44.2404 45
      vertex 28.8902 44.2116 45
    endloop
  endfacet
  facet normal 0.146696 0.989182 0
    outer loop
      vertex 28.696 44.2404 45
      vertex 28.8902 44.2116 43.5
      vertex 28.696 44.2404 43.5
    endloop
  endfacet
  facet normal 0.998803 -0.0489209 0
    outer loop
      vertex 30.4904 42.054 45
      vertex 30.5 42.25 43.5
      vertex 30.5 42.25 45
    endloop
  endfacet
  facet normal 0.998803 -0.0489209 0
    outer loop
      vertex 30.5 42.25 43.5
      vertex 30.4904 42.054 45
      vertex 30.4904 42.054 43.5
    endloop
  endfacet
  facet normal 0.9038 -0.427955 0
    outer loop
      vertex 30.2638 41.3072 45
      vertex 30.3478 41.4846 43.5
      vertex 30.3478 41.4846 45
    endloop
  endfacet
  facet normal 0.9038 -0.427955 0
    outer loop
      vertex 30.3478 41.4846 43.5
      vertex 30.2638 41.3072 45
      vertex 30.2638 41.3072 43.5
    endloop
  endfacet
  facet normal 0.243015 0.970023 -0
    outer loop
      vertex 29.0806 44.1639 43.5
      vertex 28.8902 44.2116 45
      vertex 29.0806 44.1639 45
    endloop
  endfacet
  facet normal 0.243015 0.970023 0
    outer loop
      vertex 28.8902 44.2116 45
      vertex 29.0806 44.1639 43.5
      vertex 28.8902 44.2116 43.5
    endloop
  endfacet
  facet normal 0.514196 0.857673 -0
    outer loop
      vertex 29.6111 43.9129 43.5
      vertex 29.4428 44.0138 45
      vertex 29.6111 43.9129 45
    endloop
  endfacet
  facet normal 0.514196 0.857673 0
    outer loop
      vertex 29.4428 44.0138 45
      vertex 29.6111 43.9129 43.5
      vertex 29.4428 44.0138 43.5
    endloop
  endfacet
  facet normal 0.595508 0.80335 -0
    outer loop
      vertex 29.7688 43.796 43.5
      vertex 29.6111 43.9129 45
      vertex 29.7688 43.796 45
    endloop
  endfacet
  facet normal 0.595508 0.80335 0
    outer loop
      vertex 29.6111 43.9129 45
      vertex 29.7688 43.796 43.5
      vertex 29.6111 43.9129 43.5
    endloop
  endfacet
  facet normal 0.0489209 -0.998803 0
    outer loop
      vertex 28.5 40.25 43.5
      vertex 28.696 40.2596 45
      vertex 28.5 40.25 45
    endloop
  endfacet
  facet normal 0.0489209 -0.998803 0
    outer loop
      vertex 28.696 40.2596 45
      vertex 28.5 40.25 43.5
      vertex 28.696 40.2596 43.5
    endloop
  endfacet
  facet normal 0.94158 0.336788 0
    outer loop
      vertex 30.4139 42.8306 45
      vertex 30.3478 43.0154 43.5
      vertex 30.3478 43.0154 45
    endloop
  endfacet
  facet normal 0.94158 0.336788 0
    outer loop
      vertex 30.3478 43.0154 43.5
      vertex 30.4139 42.8306 45
      vertex 30.4139 42.8306 43.5
    endloop
  endfacet
  facet normal 0.857673 -0.514196 0
    outer loop
      vertex 30.1629 41.1389 45
      vertex 30.2638 41.3072 43.5
      vertex 30.2638 41.3072 45
    endloop
  endfacet
  facet normal 0.857673 -0.514196 0
    outer loop
      vertex 30.2638 41.3072 43.5
      vertex 30.1629 41.1389 45
      vertex 30.1629 41.1389 43.5
    endloop
  endfacet
  facet normal -0.998803 0.0489209 0
    outer loop
      vertex 26.5 42.25 43.5
      vertex 26.5096 42.446 45
      vertex 26.5096 42.446 43.5
    endloop
  endfacet
  facet normal -0.998803 0.0489209 0
    outer loop
      vertex 26.5096 42.446 45
      vertex 26.5 42.25 43.5
      vertex 26.5 42.25 45
    endloop
  endfacet
  facet normal 0.94158 -0.336788 0
    outer loop
      vertex 30.3478 41.4846 45
      vertex 30.4139 41.6694 43.5
      vertex 30.4139 41.6694 45
    endloop
  endfacet
  facet normal 0.94158 -0.336788 0
    outer loop
      vertex 30.4139 41.6694 43.5
      vertex 30.3478 41.4846 45
      vertex 30.3478 41.4846 43.5
    endloop
  endfacet
  facet normal 0.740908 0.671607 0
    outer loop
      vertex 30.046 43.5188 45
      vertex 29.9142 43.6642 43.5
      vertex 29.9142 43.6642 45
    endloop
  endfacet
  facet normal 0.740908 0.671607 0
    outer loop
      vertex 29.9142 43.6642 43.5
      vertex 30.046 43.5188 45
      vertex 30.046 43.5188 43.5
    endloop
  endfacet
  facet normal 0.9038 0.427955 0
    outer loop
      vertex 30.3478 43.0154 45
      vertex 30.2638 43.1928 43.5
      vertex 30.2638 43.1928 45
    endloop
  endfacet
  facet normal 0.9038 0.427955 0
    outer loop
      vertex 30.2638 43.1928 43.5
      vertex 30.3478 43.0154 45
      vertex 30.3478 43.0154 43.5
    endloop
  endfacet
  facet normal 0.595508 -0.80335 0
    outer loop
      vertex 29.6111 40.5871 43.5
      vertex 29.7688 40.704 45
      vertex 29.6111 40.5871 45
    endloop
  endfacet
  facet normal 0.595508 -0.80335 0
    outer loop
      vertex 29.7688 40.704 45
      vertex 29.6111 40.5871 43.5
      vertex 29.7688 40.704 43.5
    endloop
  endfacet
  facet normal 0.857673 0.514196 0
    outer loop
      vertex 30.2638 43.1928 45
      vertex 30.1629 43.3611 43.5
      vertex 30.1629 43.3611 45
    endloop
  endfacet
  facet normal 0.857673 0.514196 0
    outer loop
      vertex 30.1629 43.3611 43.5
      vertex 30.2638 43.1928 45
      vertex 30.2638 43.1928 43.5
    endloop
  endfacet
  facet normal -0.671607 0.740908 0
    outer loop
      vertex 27.2312 43.796 43.5
      vertex 27.0858 43.6642 45
      vertex 27.2312 43.796 45
    endloop
  endfacet
  facet normal -0.671607 0.740908 0
    outer loop
      vertex 27.0858 43.6642 45
      vertex 27.2312 43.796 43.5
      vertex 27.0858 43.6642 43.5
    endloop
  endfacet
  facet normal -0.9038 0.427955 0
    outer loop
      vertex 26.6522 43.0154 43.5
      vertex 26.7362 43.1928 45
      vertex 26.7362 43.1928 43.5
    endloop
  endfacet
  facet normal -0.9038 0.427955 0
    outer loop
      vertex 26.7362 43.1928 45
      vertex 26.6522 43.0154 43.5
      vertex 26.6522 43.0154 45
    endloop
  endfacet
  facet normal 0.671607 0.740908 -0
    outer loop
      vertex 29.9142 43.6642 43.5
      vertex 29.7688 43.796 45
      vertex 29.9142 43.6642 45
    endloop
  endfacet
  facet normal 0.671607 0.740908 0
    outer loop
      vertex 29.7688 43.796 45
      vertex 29.9142 43.6642 43.5
      vertex 29.7688 43.796 43.5
    endloop
  endfacet
  facet normal -0.0489209 0.998803 0
    outer loop
      vertex 28.5 44.25 43.5
      vertex 28.304 44.2404 45
      vertex 28.5 44.25 45
    endloop
  endfacet
  facet normal -0.0489209 0.998803 0
    outer loop
      vertex 28.304 44.2404 45
      vertex 28.5 44.25 43.5
      vertex 28.304 44.2404 43.5
    endloop
  endfacet
  facet normal -0.740908 -0.671607 0
    outer loop
      vertex 27.0858 40.8358 43.5
      vertex 26.954 40.9812 45
      vertex 26.954 40.9812 43.5
    endloop
  endfacet
  facet normal -0.740908 -0.671607 0
    outer loop
      vertex 26.954 40.9812 45
      vertex 27.0858 40.8358 43.5
      vertex 27.0858 40.8358 45
    endloop
  endfacet
  facet normal -0.595508 -0.80335 0
    outer loop
      vertex 27.2312 40.704 43.5
      vertex 27.3889 40.5871 45
      vertex 27.2312 40.704 45
    endloop
  endfacet
  facet normal -0.595508 -0.80335 -0
    outer loop
      vertex 27.3889 40.5871 45
      vertex 27.2312 40.704 43.5
      vertex 27.3889 40.5871 43.5
    endloop
  endfacet
  facet normal -0.989182 -0.146696 0
    outer loop
      vertex 26.5384 41.8598 43.5
      vertex 26.5096 42.054 45
      vertex 26.5096 42.054 43.5
    endloop
  endfacet
  facet normal -0.989182 -0.146696 0
    outer loop
      vertex 26.5096 42.054 45
      vertex 26.5384 41.8598 43.5
      vertex 26.5384 41.8598 45
    endloop
  endfacet
  facet normal -0.80335 -0.595508 0
    outer loop
      vertex 26.954 40.9812 43.5
      vertex 26.8371 41.1389 45
      vertex 26.8371 41.1389 43.5
    endloop
  endfacet
  facet normal -0.80335 -0.595508 0
    outer loop
      vertex 26.8371 41.1389 45
      vertex 26.954 40.9812 43.5
      vertex 26.954 40.9812 45
    endloop
  endfacet
  facet normal -0.998803 -0.0489209 0
    outer loop
      vertex 26.5096 42.054 43.5
      vertex 26.5 42.25 45
      vertex 26.5 42.25 43.5
    endloop
  endfacet
  facet normal -0.998803 -0.0489209 0
    outer loop
      vertex 26.5 42.25 45
      vertex 26.5096 42.054 43.5
      vertex 26.5096 42.054 45
    endloop
  endfacet
  facet normal -0.970023 0.243015 0
    outer loop
      vertex 26.5384 42.6402 43.5
      vertex 26.5861 42.8306 45
      vertex 26.5861 42.8306 43.5
    endloop
  endfacet
  facet normal -0.970023 0.243015 0
    outer loop
      vertex 26.5861 42.8306 45
      vertex 26.5384 42.6402 43.5
      vertex 26.5384 42.6402 45
    endloop
  endfacet
  facet normal -0.80335 0.595508 0
    outer loop
      vertex 26.8371 43.3611 43.5
      vertex 26.954 43.5188 45
      vertex 26.954 43.5188 43.5
    endloop
  endfacet
  facet normal -0.80335 0.595508 0
    outer loop
      vertex 26.954 43.5188 45
      vertex 26.8371 43.3611 43.5
      vertex 26.8371 43.3611 45
    endloop
  endfacet
  facet normal 0.514196 -0.857673 0
    outer loop
      vertex 29.4428 40.4862 43.5
      vertex 29.6111 40.5871 45
      vertex 29.4428 40.4862 45
    endloop
  endfacet
  facet normal 0.514196 -0.857673 0
    outer loop
      vertex 29.6111 40.5871 45
      vertex 29.4428 40.4862 43.5
      vertex 29.6111 40.5871 43.5
    endloop
  endfacet
  facet normal -0.427955 -0.9038 0
    outer loop
      vertex 27.5572 40.4862 43.5
      vertex 27.7346 40.4022 45
      vertex 27.5572 40.4862 45
    endloop
  endfacet
  facet normal -0.427955 -0.9038 -0
    outer loop
      vertex 27.7346 40.4022 45
      vertex 27.5572 40.4862 43.5
      vertex 27.7346 40.4022 43.5
    endloop
  endfacet
  facet normal -0.0489209 -0.998803 0
    outer loop
      vertex 28.304 40.2596 43.5
      vertex 28.5 40.25 45
      vertex 28.304 40.2596 45
    endloop
  endfacet
  facet normal -0.0489209 -0.998803 -0
    outer loop
      vertex 28.5 40.25 45
      vertex 28.304 40.2596 43.5
      vertex 28.5 40.25 43.5
    endloop
  endfacet
  facet normal -0.146696 -0.989182 0
    outer loop
      vertex 28.1098 40.2884 43.5
      vertex 28.304 40.2596 45
      vertex 28.1098 40.2884 45
    endloop
  endfacet
  facet normal -0.146696 -0.989182 -0
    outer loop
      vertex 28.304 40.2596 45
      vertex 28.1098 40.2884 43.5
      vertex 28.304 40.2596 43.5
    endloop
  endfacet
  facet normal -0.9038 -0.427955 0
    outer loop
      vertex 26.7362 41.3072 43.5
      vertex 26.6522 41.4846 45
      vertex 26.6522 41.4846 43.5
    endloop
  endfacet
  facet normal -0.9038 -0.427955 0
    outer loop
      vertex 26.6522 41.4846 45
      vertex 26.7362 41.3072 43.5
      vertex 26.7362 41.3072 45
    endloop
  endfacet
  facet normal -0.989182 0.146696 0
    outer loop
      vertex 26.5096 42.446 43.5
      vertex 26.5384 42.6402 45
      vertex 26.5384 42.6402 43.5
    endloop
  endfacet
  facet normal -0.989182 0.146696 0
    outer loop
      vertex 26.5384 42.6402 45
      vertex 26.5096 42.446 43.5
      vertex 26.5096 42.446 45
    endloop
  endfacet
  facet normal -0.336788 -0.94158 0
    outer loop
      vertex 27.7346 40.4022 43.5
      vertex 27.9194 40.3361 45
      vertex 27.7346 40.4022 45
    endloop
  endfacet
  facet normal -0.336788 -0.94158 -0
    outer loop
      vertex 27.9194 40.3361 45
      vertex 27.7346 40.4022 43.5
      vertex 27.9194 40.3361 43.5
    endloop
  endfacet
  facet normal -0.989118 -0.147123 0
    outer loop
      vertex 29.3957 42.3382 43.5
      vertex 29.3827 42.4256 45
      vertex 29.3827 42.4256 43.5
    endloop
  endfacet
  facet normal -0.989118 -0.147123 0
    outer loop
      vertex 29.3827 42.4256 45
      vertex 29.3957 42.3382 43.5
      vertex 29.3957 42.3382 45
    endloop
  endfacet
  facet normal -0.998814 -0.048695 0
    outer loop
      vertex 29.4 42.25 43.5
      vertex 29.3957 42.3382 45
      vertex 29.3957 42.3382 43.5
    endloop
  endfacet
  facet normal -0.998814 -0.048695 0
    outer loop
      vertex 29.3957 42.3382 45
      vertex 29.4 42.25 43.5
      vertex 29.4 42.25 45
    endloop
  endfacet
  facet normal -0.969942 -0.243334 0
    outer loop
      vertex 29.3827 42.4256 43.5
      vertex 29.3612 42.5113 45
      vertex 29.3612 42.5113 43.5
    endloop
  endfacet
  facet normal -0.969942 -0.243334 0
    outer loop
      vertex 29.3612 42.5113 45
      vertex 29.3827 42.4256 43.5
      vertex 29.3827 42.4256 45
    endloop
  endfacet
  facet normal -0.998814 0.048695 0
    outer loop
      vertex 29.3957 42.1618 43.5
      vertex 29.4 42.25 45
      vertex 29.4 42.25 43.5
    endloop
  endfacet
  facet normal -0.998814 0.048695 0
    outer loop
      vertex 29.4 42.25 45
      vertex 29.3957 42.1618 43.5
      vertex 29.3957 42.1618 45
    endloop
  endfacet
  facet normal -0.243334 -0.969942 0
    outer loop
      vertex 28.6756 43.1327 43.5
      vertex 28.7613 43.1112 45
      vertex 28.6756 43.1327 45
    endloop
  endfacet
  facet normal -0.243334 -0.969942 -0
    outer loop
      vertex 28.7613 43.1112 45
      vertex 28.6756 43.1327 43.5
      vertex 28.7613 43.1112 43.5
    endloop
  endfacet
  facet normal 0.048695 -0.998814 0
    outer loop
      vertex 28.4118 43.1457 43.5
      vertex 28.5 43.15 45
      vertex 28.4118 43.1457 45
    endloop
  endfacet
  facet normal 0.048695 -0.998814 0
    outer loop
      vertex 28.5 43.15 45
      vertex 28.4118 43.1457 43.5
      vertex 28.5 43.15 43.5
    endloop
  endfacet
  facet normal 0.147123 -0.989118 0
    outer loop
      vertex 28.3244 43.1327 43.5
      vertex 28.4118 43.1457 45
      vertex 28.3244 43.1327 45
    endloop
  endfacet
  facet normal 0.147123 -0.989118 0
    outer loop
      vertex 28.4118 43.1457 45
      vertex 28.3244 43.1327 43.5
      vertex 28.4118 43.1457 43.5
    endloop
  endfacet
  facet normal -0.941665 0.336552 0
    outer loop
      vertex 29.3315 41.9056 43.5
      vertex 29.3612 41.9887 45
      vertex 29.3612 41.9887 43.5
    endloop
  endfacet
  facet normal -0.941665 0.336552 0
    outer loop
      vertex 29.3612 41.9887 45
      vertex 29.3315 41.9056 43.5
      vertex 29.3315 41.9056 45
    endloop
  endfacet
  facet normal 0.336552 -0.941665 0
    outer loop
      vertex 28.1556 43.0815 43.5
      vertex 28.2387 43.1112 45
      vertex 28.1556 43.0815 45
    endloop
  endfacet
  facet normal 0.336552 -0.941665 0
    outer loop
      vertex 28.2387 43.1112 45
      vertex 28.1556 43.0815 43.5
      vertex 28.2387 43.1112 43.5
    endloop
  endfacet
  facet normal -0.147123 0.989118 0
    outer loop
      vertex 28.6756 41.3673 43.5
      vertex 28.5882 41.3543 45
      vertex 28.6756 41.3673 45
    endloop
  endfacet
  facet normal -0.147123 0.989118 0
    outer loop
      vertex 28.5882 41.3543 45
      vertex 28.6756 41.3673 43.5
      vertex 28.5882 41.3543 43.5
    endloop
  endfacet
  facet normal 0.903945 0.427649 0
    outer loop
      vertex 27.7063 41.8257 45
      vertex 27.6685 41.9056 43.5
      vertex 27.6685 41.9056 45
    endloop
  endfacet
  facet normal 0.903945 0.427649 0
    outer loop
      vertex 27.6685 41.9056 43.5
      vertex 27.7063 41.8257 45
      vertex 27.7063 41.8257 43.5
    endloop
  endfacet
  facet normal 0.903945 -0.427649 0
    outer loop
      vertex 27.6685 42.5944 45
      vertex 27.7063 42.6743 43.5
      vertex 27.7063 42.6743 45
    endloop
  endfacet
  facet normal 0.903945 -0.427649 0
    outer loop
      vertex 27.7063 42.6743 43.5
      vertex 27.6685 42.5944 45
      vertex 27.6685 42.5944 43.5
    endloop
  endfacet
  facet normal -0.671714 -0.740811 0
    outer loop
      vertex 29.071 42.9457 43.5
      vertex 29.1364 42.8864 45
      vertex 29.071 42.9457 45
    endloop
  endfacet
  facet normal -0.671714 -0.740811 -0
    outer loop
      vertex 29.1364 42.8864 45
      vertex 29.071 42.9457 43.5
      vertex 29.1364 42.8864 43.5
    endloop
  endfacet
  facet normal 0.969942 -0.243334 0
    outer loop
      vertex 27.6173 42.4256 45
      vertex 27.6388 42.5113 43.5
      vertex 27.6388 42.5113 45
    endloop
  endfacet
  facet normal 0.969942 -0.243334 0
    outer loop
      vertex 27.6388 42.5113 43.5
      vertex 27.6173 42.4256 45
      vertex 27.6173 42.4256 43.5
    endloop
  endfacet
  facet normal 0.671714 -0.740811 0
    outer loop
      vertex 27.8636 42.8864 43.5
      vertex 27.929 42.9457 45
      vertex 27.8636 42.8864 45
    endloop
  endfacet
  facet normal 0.671714 -0.740811 0
    outer loop
      vertex 27.929 42.9457 45
      vertex 27.8636 42.8864 43.5
      vertex 27.929 42.9457 43.5
    endloop
  endfacet
  facet normal 0.243334 -0.969942 0
    outer loop
      vertex 28.2387 43.1112 43.5
      vertex 28.3244 43.1327 45
      vertex 28.2387 43.1112 45
    endloop
  endfacet
  facet normal 0.243334 -0.969942 0
    outer loop
      vertex 28.3244 43.1327 45
      vertex 28.2387 43.1112 43.5
      vertex 28.3244 43.1327 43.5
    endloop
  endfacet
  facet normal -0.903945 0.427649 0
    outer loop
      vertex 29.2937 41.8257 43.5
      vertex 29.3315 41.9056 45
      vertex 29.3315 41.9056 43.5
    endloop
  endfacet
  facet normal -0.903945 0.427649 0
    outer loop
      vertex 29.3315 41.9056 45
      vertex 29.2937 41.8257 43.5
      vertex 29.2937 41.8257 45
    endloop
  endfacet
  facet normal 0.803517 0.595282 0
    outer loop
      vertex 27.8043 41.679 45
      vertex 27.7517 41.75 43.5
      vertex 27.7517 41.75 45
    endloop
  endfacet
  facet normal 0.803517 0.595282 0
    outer loop
      vertex 27.7517 41.75 43.5
      vertex 27.8043 41.679 45
      vertex 27.8043 41.679 43.5
    endloop
  endfacet
  facet normal 0.595282 -0.803517 0
    outer loop
      vertex 27.929 42.9457 43.5
      vertex 28 42.9983 45
      vertex 27.929 42.9457 45
    endloop
  endfacet
  facet normal 0.595282 -0.803517 0
    outer loop
      vertex 28 42.9983 45
      vertex 27.929 42.9457 43.5
      vertex 28 42.9983 43.5
    endloop
  endfacet
  facet normal -0.989118 0.147123 0
    outer loop
      vertex 29.3827 42.0744 43.5
      vertex 29.3957 42.1618 45
      vertex 29.3957 42.1618 43.5
    endloop
  endfacet
  facet normal -0.989118 0.147123 0
    outer loop
      vertex 29.3957 42.1618 45
      vertex 29.3827 42.0744 43.5
      vertex 29.3827 42.0744 45
    endloop
  endfacet
  facet normal 0.989118 0.147123 0
    outer loop
      vertex 27.6173 42.0744 45
      vertex 27.6043 42.1618 43.5
      vertex 27.6043 42.1618 45
    endloop
  endfacet
  facet normal 0.989118 0.147123 0
    outer loop
      vertex 27.6043 42.1618 43.5
      vertex 27.6173 42.0744 45
      vertex 27.6173 42.0744 43.5
    endloop
  endfacet
  facet normal 0.803517 -0.595282 0
    outer loop
      vertex 27.7517 42.75 45
      vertex 27.8043 42.821 43.5
      vertex 27.8043 42.821 45
    endloop
  endfacet
  facet normal 0.803517 -0.595282 0
    outer loop
      vertex 27.8043 42.821 43.5
      vertex 27.7517 42.75 45
      vertex 27.7517 42.75 43.5
    endloop
  endfacet
  facet normal -0.514329 0.857593 0
    outer loop
      vertex 29 41.5017 43.5
      vertex 28.9243 41.4563 45
      vertex 29 41.5017 45
    endloop
  endfacet
  facet normal -0.514329 0.857593 0
    outer loop
      vertex 28.9243 41.4563 45
      vertex 29 41.5017 43.5
      vertex 28.9243 41.4563 43.5
    endloop
  endfacet
  facet normal 0.740811 0.671714 0
    outer loop
      vertex 27.8636 41.6136 45
      vertex 27.8043 41.679 43.5
      vertex 27.8043 41.679 45
    endloop
  endfacet
  facet normal 0.740811 0.671714 0
    outer loop
      vertex 27.8043 41.679 43.5
      vertex 27.8636 41.6136 45
      vertex 27.8636 41.6136 43.5
    endloop
  endfacet
  facet normal 0.048695 0.998814 -0
    outer loop
      vertex 28.5 41.35 43.5
      vertex 28.4118 41.3543 45
      vertex 28.5 41.35 45
    endloop
  endfacet
  facet normal 0.048695 0.998814 0
    outer loop
      vertex 28.4118 41.3543 45
      vertex 28.5 41.35 43.5
      vertex 28.4118 41.3543 43.5
    endloop
  endfacet
  facet normal -0.595282 0.803517 0
    outer loop
      vertex 29.071 41.5543 43.5
      vertex 29 41.5017 45
      vertex 29.071 41.5543 45
    endloop
  endfacet
  facet normal -0.595282 0.803517 0
    outer loop
      vertex 29 41.5017 45
      vertex 29.071 41.5543 43.5
      vertex 29 41.5017 43.5
    endloop
  endfacet
  facet normal -0.903945 -0.427649 0
    outer loop
      vertex 29.3315 42.5944 43.5
      vertex 29.2937 42.6743 45
      vertex 29.2937 42.6743 43.5
    endloop
  endfacet
  facet normal -0.903945 -0.427649 0
    outer loop
      vertex 29.2937 42.6743 45
      vertex 29.3315 42.5944 43.5
      vertex 29.3315 42.5944 45
    endloop
  endfacet
  facet normal 0.857593 0.514329 0
    outer loop
      vertex 27.7517 41.75 45
      vertex 27.7063 41.8257 43.5
      vertex 27.7063 41.8257 45
    endloop
  endfacet
  facet normal 0.857593 0.514329 0
    outer loop
      vertex 27.7063 41.8257 43.5
      vertex 27.7517 41.75 45
      vertex 27.7517 41.75 43.5
    endloop
  endfacet
  facet normal -0.048695 0.998814 0
    outer loop
      vertex 28.5882 41.3543 43.5
      vertex 28.5 41.35 45
      vertex 28.5882 41.3543 45
    endloop
  endfacet
  facet normal -0.048695 0.998814 0
    outer loop
      vertex 28.5 41.35 45
      vertex 28.5882 41.3543 43.5
      vertex 28.5 41.35 43.5
    endloop
  endfacet
  facet normal 0.989118 -0.147123 0
    outer loop
      vertex 27.6043 42.3382 45
      vertex 27.6173 42.4256 43.5
      vertex 27.6173 42.4256 45
    endloop
  endfacet
  facet normal 0.989118 -0.147123 0
    outer loop
      vertex 27.6173 42.4256 43.5
      vertex 27.6043 42.3382 45
      vertex 27.6043 42.3382 43.5
    endloop
  endfacet
  facet normal -0.803517 -0.595282 0
    outer loop
      vertex 29.2483 42.75 43.5
      vertex 29.1957 42.821 45
      vertex 29.1957 42.821 43.5
    endloop
  endfacet
  facet normal -0.803517 -0.595282 0
    outer loop
      vertex 29.1957 42.821 45
      vertex 29.2483 42.75 43.5
      vertex 29.2483 42.75 45
    endloop
  endfacet
  facet normal -0.671714 0.740811 0
    outer loop
      vertex 29.1364 41.6136 43.5
      vertex 29.071 41.5543 45
      vertex 29.1364 41.6136 45
    endloop
  endfacet
  facet normal -0.671714 0.740811 0
    outer loop
      vertex 29.071 41.5543 45
      vertex 29.1364 41.6136 43.5
      vertex 29.071 41.5543 43.5
    endloop
  endfacet
  facet normal -0.803517 0.595282 0
    outer loop
      vertex 29.1957 41.679 43.5
      vertex 29.2483 41.75 45
      vertex 29.2483 41.75 43.5
    endloop
  endfacet
  facet normal -0.803517 0.595282 0
    outer loop
      vertex 29.2483 41.75 45
      vertex 29.1957 41.679 43.5
      vertex 29.1957 41.679 45
    endloop
  endfacet
  facet normal -0.427649 -0.903945 0
    outer loop
      vertex 28.8444 43.0815 43.5
      vertex 28.9243 43.0437 45
      vertex 28.8444 43.0815 45
    endloop
  endfacet
  facet normal -0.427649 -0.903945 -0
    outer loop
      vertex 28.9243 43.0437 45
      vertex 28.8444 43.0815 43.5
      vertex 28.9243 43.0437 43.5
    endloop
  endfacet
  facet normal 0.147123 0.989118 -0
    outer loop
      vertex 28.4118 41.3543 43.5
      vertex 28.3244 41.3673 45
      vertex 28.4118 41.3543 45
    endloop
  endfacet
  facet normal 0.147123 0.989118 0
    outer loop
      vertex 28.3244 41.3673 45
      vertex 28.4118 41.3543 43.5
      vertex 28.3244 41.3673 43.5
    endloop
  endfacet
  facet normal -0.514329 -0.857593 0
    outer loop
      vertex 28.9243 43.0437 43.5
      vertex 29 42.9983 45
      vertex 28.9243 43.0437 45
    endloop
  endfacet
  facet normal -0.514329 -0.857593 -0
    outer loop
      vertex 29 42.9983 45
      vertex 28.9243 43.0437 43.5
      vertex 29 42.9983 43.5
    endloop
  endfacet
  facet normal -0.941665 -0.336552 0
    outer loop
      vertex 29.3612 42.5113 43.5
      vertex 29.3315 42.5944 45
      vertex 29.3315 42.5944 43.5
    endloop
  endfacet
  facet normal -0.941665 -0.336552 0
    outer loop
      vertex 29.3315 42.5944 45
      vertex 29.3612 42.5113 43.5
      vertex 29.3612 42.5113 45
    endloop
  endfacet
  facet normal -0.740811 -0.671714 0
    outer loop
      vertex 29.1957 42.821 43.5
      vertex 29.1364 42.8864 45
      vertex 29.1364 42.8864 43.5
    endloop
  endfacet
  facet normal -0.740811 -0.671714 0
    outer loop
      vertex 29.1364 42.8864 45
      vertex 29.1957 42.821 43.5
      vertex 29.1957 42.821 45
    endloop
  endfacet
  facet normal 0.243334 0.969942 -0
    outer loop
      vertex 28.3244 41.3673 43.5
      vertex 28.2387 41.3888 45
      vertex 28.3244 41.3673 45
    endloop
  endfacet
  facet normal 0.243334 0.969942 0
    outer loop
      vertex 28.2387 41.3888 45
      vertex 28.3244 41.3673 43.5
      vertex 28.2387 41.3888 43.5
    endloop
  endfacet
  facet normal -0.595282 -0.803517 0
    outer loop
      vertex 29 42.9983 43.5
      vertex 29.071 42.9457 45
      vertex 29 42.9983 45
    endloop
  endfacet
  facet normal -0.595282 -0.803517 -0
    outer loop
      vertex 29.071 42.9457 45
      vertex 29 42.9983 43.5
      vertex 29.071 42.9457 43.5
    endloop
  endfacet
  facet normal -0.427649 0.903945 0
    outer loop
      vertex 28.9243 41.4563 43.5
      vertex 28.8444 41.4185 45
      vertex 28.9243 41.4563 45
    endloop
  endfacet
  facet normal -0.427649 0.903945 0
    outer loop
      vertex 28.8444 41.4185 45
      vertex 28.9243 41.4563 43.5
      vertex 28.8444 41.4185 43.5
    endloop
  endfacet
  facet normal -0.336552 -0.941665 0
    outer loop
      vertex 28.7613 43.1112 43.5
      vertex 28.8444 43.0815 45
      vertex 28.7613 43.1112 45
    endloop
  endfacet
  facet normal -0.336552 -0.941665 -0
    outer loop
      vertex 28.8444 43.0815 45
      vertex 28.7613 43.1112 43.5
      vertex 28.8444 43.0815 43.5
    endloop
  endfacet
  facet normal -0.969942 0.243334 0
    outer loop
      vertex 29.3612 41.9887 43.5
      vertex 29.3827 42.0744 45
      vertex 29.3827 42.0744 43.5
    endloop
  endfacet
  facet normal -0.969942 0.243334 0
    outer loop
      vertex 29.3827 42.0744 45
      vertex 29.3612 41.9887 43.5
      vertex 29.3612 41.9887 45
    endloop
  endfacet
  facet normal 0.427649 -0.903945 0
    outer loop
      vertex 28.0757 43.0437 43.5
      vertex 28.1556 43.0815 45
      vertex 28.0757 43.0437 45
    endloop
  endfacet
  facet normal 0.427649 -0.903945 0
    outer loop
      vertex 28.1556 43.0815 45
      vertex 28.0757 43.0437 43.5
      vertex 28.1556 43.0815 43.5
    endloop
  endfacet
  facet normal -0.857593 -0.514329 0
    outer loop
      vertex 29.2937 42.6743 43.5
      vertex 29.2483 42.75 45
      vertex 29.2483 42.75 43.5
    endloop
  endfacet
  facet normal -0.857593 -0.514329 0
    outer loop
      vertex 29.2483 42.75 45
      vertex 29.2937 42.6743 43.5
      vertex 29.2937 42.6743 45
    endloop
  endfacet
  facet normal -0.243334 0.969942 0
    outer loop
      vertex 28.7613 41.3888 43.5
      vertex 28.6756 41.3673 45
      vertex 28.7613 41.3888 45
    endloop
  endfacet
  facet normal -0.243334 0.969942 0
    outer loop
      vertex 28.6756 41.3673 45
      vertex 28.7613 41.3888 43.5
      vertex 28.6756 41.3673 43.5
    endloop
  endfacet
  facet normal 0.969942 0.243334 0
    outer loop
      vertex 27.6388 41.9887 45
      vertex 27.6173 42.0744 43.5
      vertex 27.6173 42.0744 45
    endloop
  endfacet
  facet normal 0.969942 0.243334 0
    outer loop
      vertex 27.6173 42.0744 43.5
      vertex 27.6388 41.9887 45
      vertex 27.6388 41.9887 43.5
    endloop
  endfacet
  facet normal 0.336552 0.941665 -0
    outer loop
      vertex 28.2387 41.3888 43.5
      vertex 28.1556 41.4185 45
      vertex 28.2387 41.3888 45
    endloop
  endfacet
  facet normal 0.336552 0.941665 0
    outer loop
      vertex 28.1556 41.4185 45
      vertex 28.2387 41.3888 43.5
      vertex 28.1556 41.4185 43.5
    endloop
  endfacet
  facet normal 0.514329 -0.857593 0
    outer loop
      vertex 28 42.9983 43.5
      vertex 28.0757 43.0437 45
      vertex 28 42.9983 45
    endloop
  endfacet
  facet normal 0.514329 -0.857593 0
    outer loop
      vertex 28.0757 43.0437 45
      vertex 28 42.9983 43.5
      vertex 28.0757 43.0437 43.5
    endloop
  endfacet
  facet normal 0.514329 0.857593 -0
    outer loop
      vertex 28.0757 41.4563 43.5
      vertex 28 41.5017 45
      vertex 28.0757 41.4563 45
    endloop
  endfacet
  facet normal 0.514329 0.857593 0
    outer loop
      vertex 28 41.5017 45
      vertex 28.0757 41.4563 43.5
      vertex 28 41.5017 43.5
    endloop
  endfacet
  facet normal 0.671714 0.740811 -0
    outer loop
      vertex 27.929 41.5543 43.5
      vertex 27.8636 41.6136 45
      vertex 27.929 41.5543 45
    endloop
  endfacet
  facet normal 0.671714 0.740811 0
    outer loop
      vertex 27.8636 41.6136 45
      vertex 27.929 41.5543 43.5
      vertex 27.8636 41.6136 43.5
    endloop
  endfacet
  facet normal -0.336552 0.941665 0
    outer loop
      vertex 28.8444 41.4185 43.5
      vertex 28.7613 41.3888 45
      vertex 28.8444 41.4185 45
    endloop
  endfacet
  facet normal -0.336552 0.941665 0
    outer loop
      vertex 28.7613 41.3888 45
      vertex 28.8444 41.4185 43.5
      vertex 28.7613 41.3888 43.5
    endloop
  endfacet
  facet normal 0.740811 -0.671714 0
    outer loop
      vertex 27.8043 42.821 45
      vertex 27.8636 42.8864 43.5
      vertex 27.8636 42.8864 45
    endloop
  endfacet
  facet normal 0.740811 -0.671714 0
    outer loop
      vertex 27.8636 42.8864 43.5
      vertex 27.8043 42.821 45
      vertex 27.8043 42.821 43.5
    endloop
  endfacet
  facet normal -0.048695 -0.998814 0
    outer loop
      vertex 28.5 43.15 43.5
      vertex 28.5882 43.1457 45
      vertex 28.5 43.15 45
    endloop
  endfacet
  facet normal -0.048695 -0.998814 -0
    outer loop
      vertex 28.5882 43.1457 45
      vertex 28.5 43.15 43.5
      vertex 28.5882 43.1457 43.5
    endloop
  endfacet
  facet normal 0.998814 0.048695 0
    outer loop
      vertex 27.6043 42.1618 45
      vertex 27.6 42.25 43.5
      vertex 27.6 42.25 45
    endloop
  endfacet
  facet normal 0.998814 0.048695 0
    outer loop
      vertex 27.6 42.25 43.5
      vertex 27.6043 42.1618 45
      vertex 27.6043 42.1618 43.5
    endloop
  endfacet
  facet normal -0.740811 0.671714 0
    outer loop
      vertex 29.1364 41.6136 43.5
      vertex 29.1957 41.679 45
      vertex 29.1957 41.679 43.5
    endloop
  endfacet
  facet normal -0.740811 0.671714 0
    outer loop
      vertex 29.1957 41.679 45
      vertex 29.1364 41.6136 43.5
      vertex 29.1364 41.6136 45
    endloop
  endfacet
  facet normal -0.857593 0.514329 0
    outer loop
      vertex 29.2483 41.75 43.5
      vertex 29.2937 41.8257 45
      vertex 29.2937 41.8257 43.5
    endloop
  endfacet
  facet normal -0.857593 0.514329 0
    outer loop
      vertex 29.2937 41.8257 45
      vertex 29.2483 41.75 43.5
      vertex 29.2483 41.75 45
    endloop
  endfacet
  facet normal 0.941665 0.336552 0
    outer loop
      vertex 27.6685 41.9056 45
      vertex 27.6388 41.9887 43.5
      vertex 27.6388 41.9887 45
    endloop
  endfacet
  facet normal 0.941665 0.336552 0
    outer loop
      vertex 27.6388 41.9887 43.5
      vertex 27.6685 41.9056 45
      vertex 27.6685 41.9056 43.5
    endloop
  endfacet
  facet normal 0.595282 0.803517 -0
    outer loop
      vertex 28 41.5017 43.5
      vertex 27.929 41.5543 45
      vertex 28 41.5017 45
    endloop
  endfacet
  facet normal 0.595282 0.803517 0
    outer loop
      vertex 27.929 41.5543 45
      vertex 28 41.5017 43.5
      vertex 27.929 41.5543 43.5
    endloop
  endfacet
  facet normal 0.941665 -0.336552 0
    outer loop
      vertex 27.6388 42.5113 45
      vertex 27.6685 42.5944 43.5
      vertex 27.6685 42.5944 45
    endloop
  endfacet
  facet normal 0.941665 -0.336552 0
    outer loop
      vertex 27.6685 42.5944 43.5
      vertex 27.6388 42.5113 45
      vertex 27.6388 42.5113 43.5
    endloop
  endfacet
  facet normal 0.998814 -0.048695 0
    outer loop
      vertex 27.6 42.25 45
      vertex 27.6043 42.3382 43.5
      vertex 27.6043 42.3382 45
    endloop
  endfacet
  facet normal 0.998814 -0.048695 0
    outer loop
      vertex 27.6043 42.3382 43.5
      vertex 27.6 42.25 45
      vertex 27.6 42.25 43.5
    endloop
  endfacet
  facet normal 0.427649 0.903945 -0
    outer loop
      vertex 28.1556 41.4185 43.5
      vertex 28.0757 41.4563 45
      vertex 28.1556 41.4185 45
    endloop
  endfacet
  facet normal 0.427649 0.903945 0
    outer loop
      vertex 28.0757 41.4563 45
      vertex 28.1556 41.4185 43.5
      vertex 28.0757 41.4563 43.5
    endloop
  endfacet
  facet normal -0.147123 -0.989118 0
    outer loop
      vertex 28.5882 43.1457 43.5
      vertex 28.6756 43.1327 45
      vertex 28.5882 43.1457 45
    endloop
  endfacet
  facet normal -0.147123 -0.989118 -0
    outer loop
      vertex 28.6756 43.1327 45
      vertex 28.5882 43.1457 43.5
      vertex 28.6756 43.1327 43.5
    endloop
  endfacet
  facet normal 0.857593 -0.514329 0
    outer loop
      vertex 27.7063 42.6743 45
      vertex 27.7517 42.75 43.5
      vertex 27.7517 42.75 45
    endloop
  endfacet
  facet normal 0.857593 -0.514329 0
    outer loop
      vertex 27.7517 42.75 43.5
      vertex 27.7063 42.6743 45
      vertex 27.7063 42.6743 43.5
    endloop
  endfacet
  facet normal 0.989182 0.146696 0
    outer loop
      vertex 30.4904 65.946 45
      vertex 30.4616 66.1402 43.5
      vertex 30.4616 66.1402 45
    endloop
  endfacet
  facet normal 0.989182 0.146696 0
    outer loop
      vertex 30.4616 66.1402 43.5
      vertex 30.4904 65.946 45
      vertex 30.4904 65.946 43.5
    endloop
  endfacet
  facet normal 0.998803 0.0489209 0
    outer loop
      vertex 30.5 65.75 45
      vertex 30.4904 65.946 43.5
      vertex 30.4904 65.946 45
    endloop
  endfacet
  facet normal 0.998803 0.0489209 0
    outer loop
      vertex 30.4904 65.946 43.5
      vertex 30.5 65.75 45
      vertex 30.5 65.75 43.5
    endloop
  endfacet
  facet normal 0.970023 0.243015 0
    outer loop
      vertex 30.4616 66.1402 45
      vertex 30.4139 66.3306 43.5
      vertex 30.4139 66.3306 45
    endloop
  endfacet
  facet normal 0.970023 0.243015 0
    outer loop
      vertex 30.4139 66.3306 43.5
      vertex 30.4616 66.1402 45
      vertex 30.4616 66.1402 43.5
    endloop
  endfacet
  facet normal -0.514196 -0.857673 0
    outer loop
      vertex 27.3889 64.0871 43.5
      vertex 27.5572 63.9862 45
      vertex 27.3889 64.0871 45
    endloop
  endfacet
  facet normal -0.514196 -0.857673 -0
    outer loop
      vertex 27.5572 63.9862 45
      vertex 27.3889 64.0871 43.5
      vertex 27.5572 63.9862 43.5
    endloop
  endfacet
  facet normal -0.514196 0.857673 0
    outer loop
      vertex 27.5572 67.5138 43.5
      vertex 27.3889 67.4129 45
      vertex 27.5572 67.5138 45
    endloop
  endfacet
  facet normal -0.514196 0.857673 0
    outer loop
      vertex 27.3889 67.4129 45
      vertex 27.5572 67.5138 43.5
      vertex 27.3889 67.4129 43.5
    endloop
  endfacet
  facet normal -0.94158 0.336788 0
    outer loop
      vertex 26.5861 66.3306 43.5
      vertex 26.6522 66.5154 45
      vertex 26.6522 66.5154 43.5
    endloop
  endfacet
  facet normal -0.94158 0.336788 0
    outer loop
      vertex 26.6522 66.5154 45
      vertex 26.5861 66.3306 43.5
      vertex 26.5861 66.3306 45
    endloop
  endfacet
  facet normal 0.336788 0.94158 -0
    outer loop
      vertex 29.2654 67.5978 43.5
      vertex 29.0806 67.6639 45
      vertex 29.2654 67.5978 45
    endloop
  endfacet
  facet normal 0.336788 0.94158 0
    outer loop
      vertex 29.0806 67.6639 45
      vertex 29.2654 67.5978 43.5
      vertex 29.0806 67.6639 43.5
    endloop
  endfacet
  facet normal 0 0 -1
    outer loop
      vertex 29.4 65.75 43.5
      vertex 30.5 65.75 43.5
      vertex 30.4904 65.554 43.5
    endloop
  endfacet
  facet normal 0 0 -1
    outer loop
      vertex 29.3957 65.6618 43.5
      vertex 30.4904 65.554 43.5
      vertex 30.4616 65.3598 43.5
    endloop
  endfacet
  facet normal 0 0 -1
    outer loop
      vertex 30.5 65.75 43.5
      vertex 29.4 65.75 43.5
      vertex 30.4904 65.946 43.5
    endloop
  endfacet
  facet normal 0 0 -1
    outer loop
      vertex 29.3827 65.5744 43.5
      vertex 30.4616 65.3598 43.5
      vertex 30.4139 65.1694 43.5
    endloop
  endfacet
  facet normal 0 0 -1
    outer loop
      vertex 29.3957 65.8382 43.5
      vertex 30.4904 65.946 43.5
      vertex 29.4 65.75 43.5
    endloop
  endfacet
  facet normal 0 0 -1
    outer loop
      vertex 29.3612 65.4887 43.5
      vertex 30.4139 65.1694 43.5
      vertex 30.3478 64.9846 43.5
    endloop
  endfacet
  facet normal -0 0 -1
    outer loop
      vertex 30.4904 65.946 43.5
      vertex 29.3957 65.8382 43.5
      vertex 30.4616 66.1402 43.5
    endloop
  endfacet
  facet normal 0 0 -1
    outer loop
      vertex 29.3315 65.4056 43.5
      vertex 30.3478 64.9846 43.5
      vertex 30.2638 64.8072 43.5
    endloop
  endfacet
  facet normal 0 0 -1
    outer loop
      vertex 29.3827 65.9256 43.5
      vertex 30.4616 66.1402 43.5
      vertex 29.3957 65.8382 43.5
    endloop
  endfacet
  facet normal 0 0 -1
    outer loop
      vertex 29.2937 65.3257 43.5
      vertex 30.2638 64.8072 43.5
      vertex 30.1629 64.6389 43.5
    endloop
  endfacet
  facet normal -0 0 -1
    outer loop
      vertex 30.4616 66.1402 43.5
      vertex 29.3827 65.9256 43.5
      vertex 30.4139 66.3306 43.5
    endloop
  endfacet
  facet normal 0 0 -1
    outer loop
      vertex 29.2483 65.25 43.5
      vertex 30.1629 64.6389 43.5
      vertex 30.046 64.4812 43.5
    endloop
  endfacet
  facet normal 0 0 -1
    outer loop
      vertex 29.3612 66.0113 43.5
      vertex 30.4139 66.3306 43.5
      vertex 29.3827 65.9256 43.5
    endloop
  endfacet
  facet normal 0 0 -1
    outer loop
      vertex 29.1957 65.179 43.5
      vertex 30.046 64.4812 43.5
      vertex 29.9142 64.3358 43.5
    endloop
  endfacet
  facet normal -0 0 -1
    outer loop
      vertex 30.4139 66.3306 43.5
      vertex 29.3612 66.0113 43.5
      vertex 30.3478 66.5154 43.5
    endloop
  endfacet
  facet normal 0 0 -1
    outer loop
      vertex 29.1364 65.1136 43.5
      vertex 29.9142 64.3358 43.5
      vertex 29.7688 64.204 43.5
    endloop
  endfacet
  facet normal 0 0 -1
    outer loop
      vertex 29.3315 66.0944 43.5
      vertex 30.3478 66.5154 43.5
      vertex 29.3612 66.0113 43.5
    endloop
  endfacet
  facet normal 0 0 -1
    outer loop
      vertex 29.071 65.0543 43.5
      vertex 29.7688 64.204 43.5
      vertex 29.6111 64.0871 43.5
    endloop
  endfacet
  facet normal -0 0 -1
    outer loop
      vertex 30.3478 66.5154 43.5
      vertex 29.3315 66.0944 43.5
      vertex 30.2638 66.6928 43.5
    endloop
  endfacet
  facet normal 0 0 -1
    outer loop
      vertex 29 65.0017 43.5
      vertex 29.6111 64.0871 43.5
      vertex 29.4428 63.9862 43.5
    endloop
  endfacet
  facet normal 0 0 -1
    outer loop
      vertex 29.2937 66.1743 43.5
      vertex 30.2638 66.6928 43.5
      vertex 29.3315 66.0944 43.5
    endloop
  endfacet
  facet normal -0 0 -1
    outer loop
      vertex 30.2638 66.6928 43.5
      vertex 29.2937 66.1743 43.5
      vertex 30.1629 66.8611 43.5
    endloop
  endfacet
  facet normal 0 0 -1
    outer loop
      vertex 30.4904 65.554 43.5
      vertex 29.3957 65.6618 43.5
      vertex 29.4 65.75 43.5
    endloop
  endfacet
  facet normal 0 0 -1
    outer loop
      vertex 30.4616 65.3598 43.5
      vertex 29.3827 65.5744 43.5
      vertex 29.3957 65.6618 43.5
    endloop
  endfacet
  facet normal 0 0 -1
    outer loop
      vertex 30.4139 65.1694 43.5
      vertex 29.3612 65.4887 43.5
      vertex 29.3827 65.5744 43.5
    endloop
  endfacet
  facet normal 0 0 -1
    outer loop
      vertex 30.3478 64.9846 43.5
      vertex 29.3315 65.4056 43.5
      vertex 29.3612 65.4887 43.5
    endloop
  endfacet
  facet normal 0 0 -1
    outer loop
      vertex 30.2638 64.8072 43.5
      vertex 29.2937 65.3257 43.5
      vertex 29.3315 65.4056 43.5
    endloop
  endfacet
  facet normal 0 0 -1
    outer loop
      vertex 28.9243 64.9563 43.5
      vertex 29.4428 63.9862 43.5
      vertex 29.2654 63.9022 43.5
    endloop
  endfacet
  facet normal 0 0 -1
    outer loop
      vertex 30.1629 64.6389 43.5
      vertex 29.2483 65.25 43.5
      vertex 29.2937 65.3257 43.5
    endloop
  endfacet
  facet normal 0 0 -1
    outer loop
      vertex 30.046 64.4812 43.5
      vertex 29.1957 65.179 43.5
      vertex 29.2483 65.25 43.5
    endloop
  endfacet
  facet normal 0 0 -1
    outer loop
      vertex 29.9142 64.3358 43.5
      vertex 29.1364 65.1136 43.5
      vertex 29.1957 65.179 43.5
    endloop
  endfacet
  facet normal 0 0 -1
    outer loop
      vertex 28.8444 64.9185 43.5
      vertex 29.2654 63.9022 43.5
      vertex 29.0806 63.8361 43.5
    endloop
  endfacet
  facet normal 0 0 -1
    outer loop
      vertex 29.7688 64.204 43.5
      vertex 29.071 65.0543 43.5
      vertex 29.1364 65.1136 43.5
    endloop
  endfacet
  facet normal 0 0 -1
    outer loop
      vertex 29.6111 64.0871 43.5
      vertex 29 65.0017 43.5
      vertex 29.071 65.0543 43.5
    endloop
  endfacet
  facet normal 0 0 -1
    outer loop
      vertex 29.4428 63.9862 43.5
      vertex 28.9243 64.9563 43.5
      vertex 29 65.0017 43.5
    endloop
  endfacet
  facet normal 0 0 -1
    outer loop
      vertex 28.7613 64.8888 43.5
      vertex 29.0806 63.8361 43.5
      vertex 28.8902 63.7884 43.5
    endloop
  endfacet
  facet normal 0 0 -1
    outer loop
      vertex 29.2654 63.9022 43.5
      vertex 28.8444 64.9185 43.5
      vertex 28.9243 64.9563 43.5
    endloop
  endfacet
  facet normal 0 0 -1
    outer loop
      vertex 29.0806 63.8361 43.5
      vertex 28.7613 64.8888 43.5
      vertex 28.8444 64.9185 43.5
    endloop
  endfacet
  facet normal 0 0 -1
    outer loop
      vertex 28.6756 64.8673 43.5
      vertex 28.8902 63.7884 43.5
      vertex 28.696 63.7596 43.5
    endloop
  endfacet
  facet normal 0 0 -1
    outer loop
      vertex 28.8902 63.7884 43.5
      vertex 28.6756 64.8673 43.5
      vertex 28.7613 64.8888 43.5
    endloop
  endfacet
  facet normal 0 0 -1
    outer loop
      vertex 28.696 63.7596 43.5
      vertex 28.5882 64.8543 43.5
      vertex 28.6756 64.8673 43.5
    endloop
  endfacet
  facet normal 0 0 -1
    outer loop
      vertex 28.5 63.75 43.5
      vertex 28.5882 64.8543 43.5
      vertex 28.696 63.7596 43.5
    endloop
  endfacet
  facet normal 0 0 -1
    outer loop
      vertex 28.5 63.75 43.5
      vertex 28.5 64.85 43.5
      vertex 28.5882 64.8543 43.5
    endloop
  endfacet
  facet normal 0 0 -1
    outer loop
      vertex 28.5 63.75 43.5
      vertex 28.4118 64.8543 43.5
      vertex 28.5 64.85 43.5
    endloop
  endfacet
  facet normal 0 0 -1
    outer loop
      vertex 28.304 63.7596 43.5
      vertex 28.4118 64.8543 43.5
      vertex 28.5 63.75 43.5
    endloop
  endfacet
  facet normal -0 0 -1
    outer loop
      vertex 28.4118 64.8543 43.5
      vertex 28.304 63.7596 43.5
      vertex 28.3244 64.8673 43.5
    endloop
  endfacet
  facet normal 0 0 -1
    outer loop
      vertex 28.1098 63.7884 43.5
      vertex 28.3244 64.8673 43.5
      vertex 28.304 63.7596 43.5
    endloop
  endfacet
  facet normal -0 0 -1
    outer loop
      vertex 28.3244 64.8673 43.5
      vertex 28.1098 63.7884 43.5
      vertex 28.2387 64.8888 43.5
    endloop
  endfacet
  facet normal 0 0 -1
    outer loop
      vertex 27.9194 63.8361 43.5
      vertex 28.2387 64.8888 43.5
      vertex 28.1098 63.7884 43.5
    endloop
  endfacet
  facet normal -0 0 -1
    outer loop
      vertex 28.2387 64.8888 43.5
      vertex 27.9194 63.8361 43.5
      vertex 28.1556 64.9185 43.5
    endloop
  endfacet
  facet normal 0 0 -1
    outer loop
      vertex 27.7346 63.9022 43.5
      vertex 28.1556 64.9185 43.5
      vertex 27.9194 63.8361 43.5
    endloop
  endfacet
  facet normal -0 0 -1
    outer loop
      vertex 28.1556 64.9185 43.5
      vertex 27.7346 63.9022 43.5
      vertex 28.0757 64.9563 43.5
    endloop
  endfacet
  facet normal 0 0 -1
    outer loop
      vertex 27.5572 63.9862 43.5
      vertex 28.0757 64.9563 43.5
      vertex 27.7346 63.9022 43.5
    endloop
  endfacet
  facet normal -0 0 -1
    outer loop
      vertex 28.0757 64.9563 43.5
      vertex 27.5572 63.9862 43.5
      vertex 28 65.0017 43.5
    endloop
  endfacet
  facet normal 0 0 -1
    outer loop
      vertex 27.3889 64.0871 43.5
      vertex 28 65.0017 43.5
      vertex 27.5572 63.9862 43.5
    endloop
  endfacet
  facet normal -0 0 -1
    outer loop
      vertex 28 65.0017 43.5
      vertex 27.3889 64.0871 43.5
      vertex 27.929 65.0543 43.5
    endloop
  endfacet
  facet normal 0 0 -1
    outer loop
      vertex 27.2312 64.204 43.5
      vertex 27.929 65.0543 43.5
      vertex 27.3889 64.0871 43.5
    endloop
  endfacet
  facet normal -0 0 -1
    outer loop
      vertex 27.929 65.0543 43.5
      vertex 27.2312 64.204 43.5
      vertex 27.8636 65.1136 43.5
    endloop
  endfacet
  facet normal 0 0 -1
    outer loop
      vertex 27.0858 64.3358 43.5
      vertex 27.8636 65.1136 43.5
      vertex 27.2312 64.204 43.5
    endloop
  endfacet
  facet normal -0 0 -1
    outer loop
      vertex 27.8636 65.1136 43.5
      vertex 27.0858 64.3358 43.5
      vertex 27.8043 65.179 43.5
    endloop
  endfacet
  facet normal 0 0 -1
    outer loop
      vertex 26.954 64.4812 43.5
      vertex 27.8043 65.179 43.5
      vertex 27.0858 64.3358 43.5
    endloop
  endfacet
  facet normal -0 0 -1
    outer loop
      vertex 27.8043 65.179 43.5
      vertex 26.954 64.4812 43.5
      vertex 27.7517 65.25 43.5
    endloop
  endfacet
  facet normal -0 0 -1
    outer loop
      vertex 27.7517 65.25 43.5
      vertex 26.8371 64.6389 43.5
      vertex 27.7063 65.3257 43.5
    endloop
  endfacet
  facet normal 0 0 -1
    outer loop
      vertex 26.8371 64.6389 43.5
      vertex 27.7517 65.25 43.5
      vertex 26.954 64.4812 43.5
    endloop
  endfacet
  facet normal 0 0 -1
    outer loop
      vertex 29.2483 66.25 43.5
      vertex 30.1629 66.8611 43.5
      vertex 29.2937 66.1743 43.5
    endloop
  endfacet
  facet normal -0 0 -1
    outer loop
      vertex 30.1629 66.8611 43.5
      vertex 29.2483 66.25 43.5
      vertex 30.046 67.0188 43.5
    endloop
  endfacet
  facet normal 0 0 -1
    outer loop
      vertex 29.1957 66.321 43.5
      vertex 30.046 67.0188 43.5
      vertex 29.2483 66.25 43.5
    endloop
  endfacet
  facet normal -0 0 -1
    outer loop
      vertex 30.046 67.0188 43.5
      vertex 29.1957 66.321 43.5
      vertex 29.9142 67.1642 43.5
    endloop
  endfacet
  facet normal 0 0 -1
    outer loop
      vertex 29.1364 66.3864 43.5
      vertex 29.9142 67.1642 43.5
      vertex 29.1957 66.321 43.5
    endloop
  endfacet
  facet normal -0 0 -1
    outer loop
      vertex 29.9142 67.1642 43.5
      vertex 29.1364 66.3864 43.5
      vertex 29.7688 67.296 43.5
    endloop
  endfacet
  facet normal 0 0 -1
    outer loop
      vertex 29.071 66.4457 43.5
      vertex 29.7688 67.296 43.5
      vertex 29.1364 66.3864 43.5
    endloop
  endfacet
  facet normal -0 0 -1
    outer loop
      vertex 29.7688 67.296 43.5
      vertex 29.071 66.4457 43.5
      vertex 29.6111 67.4129 43.5
    endloop
  endfacet
  facet normal 0 0 -1
    outer loop
      vertex 29 66.4983 43.5
      vertex 29.6111 67.4129 43.5
      vertex 29.071 66.4457 43.5
    endloop
  endfacet
  facet normal -0 0 -1
    outer loop
      vertex 29.6111 67.4129 43.5
      vertex 29 66.4983 43.5
      vertex 29.4428 67.5138 43.5
    endloop
  endfacet
  facet normal 0 0 -1
    outer loop
      vertex 28.9243 66.5437 43.5
      vertex 29.4428 67.5138 43.5
      vertex 29 66.4983 43.5
    endloop
  endfacet
  facet normal -0 0 -1
    outer loop
      vertex 29.4428 67.5138 43.5
      vertex 28.9243 66.5437 43.5
      vertex 29.2654 67.5978 43.5
    endloop
  endfacet
  facet normal 0 0 -1
    outer loop
      vertex 28.8444 66.5815 43.5
      vertex 29.2654 67.5978 43.5
      vertex 28.9243 66.5437 43.5
    endloop
  endfacet
  facet normal -0 0 -1
    outer loop
      vertex 29.2654 67.5978 43.5
      vertex 28.8444 66.5815 43.5
      vertex 29.0806 67.6639 43.5
    endloop
  endfacet
  facet normal 0 0 -1
    outer loop
      vertex 28.7613 66.6112 43.5
      vertex 29.0806 67.6639 43.5
      vertex 28.8444 66.5815 43.5
    endloop
  endfacet
  facet normal -0 0 -1
    outer loop
      vertex 29.0806 67.6639 43.5
      vertex 28.7613 66.6112 43.5
      vertex 28.8902 67.7116 43.5
    endloop
  endfacet
  facet normal 0 0 -1
    outer loop
      vertex 28.6756 66.6327 43.5
      vertex 28.8902 67.7116 43.5
      vertex 28.7613 66.6112 43.5
    endloop
  endfacet
  facet normal -0 0 -1
    outer loop
      vertex 28.8902 67.7116 43.5
      vertex 28.6756 66.6327 43.5
      vertex 28.696 67.7404 43.5
    endloop
  endfacet
  facet normal 0 0 -1
    outer loop
      vertex 28.5882 66.6457 43.5
      vertex 28.696 67.7404 43.5
      vertex 28.6756 66.6327 43.5
    endloop
  endfacet
  facet normal 0 0 -1
    outer loop
      vertex 28.5 66.65 43.5
      vertex 28.696 67.7404 43.5
      vertex 28.5882 66.6457 43.5
    endloop
  endfacet
  facet normal 0 0 -1
    outer loop
      vertex 28.5 66.65 43.5
      vertex 28.5 67.75 43.5
      vertex 28.696 67.7404 43.5
    endloop
  endfacet
  facet normal 0 0 -1
    outer loop
      vertex 28.4118 66.6457 43.5
      vertex 28.5 67.75 43.5
      vertex 28.5 66.65 43.5
    endloop
  endfacet
  facet normal 0 0 -1
    outer loop
      vertex 28.304 67.7404 43.5
      vertex 28.4118 66.6457 43.5
      vertex 28.3244 66.6327 43.5
    endloop
  endfacet
  facet normal 0 0 -1
    outer loop
      vertex 28.4118 66.6457 43.5
      vertex 28.304 67.7404 43.5
      vertex 28.5 67.75 43.5
    endloop
  endfacet
  facet normal 0 0 -1
    outer loop
      vertex 28.1098 67.7116 43.5
      vertex 28.3244 66.6327 43.5
      vertex 28.2387 66.6112 43.5
    endloop
  endfacet
  facet normal 0 0 -1
    outer loop
      vertex 27.9194 67.6639 43.5
      vertex 28.2387 66.6112 43.5
      vertex 28.1556 66.5815 43.5
    endloop
  endfacet
  facet normal 0 0 -1
    outer loop
      vertex 28.3244 66.6327 43.5
      vertex 28.1098 67.7116 43.5
      vertex 28.304 67.7404 43.5
    endloop
  endfacet
  facet normal 0 0 -1
    outer loop
      vertex 27.7346 67.5978 43.5
      vertex 28.1556 66.5815 43.5
      vertex 28.0757 66.5437 43.5
    endloop
  endfacet
  facet normal 0 0 -1
    outer loop
      vertex 27.5572 67.5138 43.5
      vertex 28.0757 66.5437 43.5
      vertex 28 66.4983 43.5
    endloop
  endfacet
  facet normal 0 0 -1
    outer loop
      vertex 27.3889 67.4129 43.5
      vertex 28 66.4983 43.5
      vertex 27.929 66.4457 43.5
    endloop
  endfacet
  facet normal 0 0 -1
    outer loop
      vertex 28.2387 66.6112 43.5
      vertex 27.9194 67.6639 43.5
      vertex 28.1098 67.7116 43.5
    endloop
  endfacet
  facet normal 0 0 -1
    outer loop
      vertex 27.2312 67.296 43.5
      vertex 27.929 66.4457 43.5
      vertex 27.8636 66.3864 43.5
    endloop
  endfacet
  facet normal 0 0 -1
    outer loop
      vertex 27.0858 67.1642 43.5
      vertex 27.8636 66.3864 43.5
      vertex 27.8043 66.321 43.5
    endloop
  endfacet
  facet normal 0 0 -1
    outer loop
      vertex 26.954 67.0188 43.5
      vertex 27.8043 66.321 43.5
      vertex 27.7517 66.25 43.5
    endloop
  endfacet
  facet normal 0 0 -1
    outer loop
      vertex 28.1556 66.5815 43.5
      vertex 27.7346 67.5978 43.5
      vertex 27.9194 67.6639 43.5
    endloop
  endfacet
  facet normal 0 0 -1
    outer loop
      vertex 26.8371 66.8611 43.5
      vertex 27.7517 66.25 43.5
      vertex 27.7063 66.1743 43.5
    endloop
  endfacet
  facet normal 0 0 -1
    outer loop
      vertex 26.7362 66.6928 43.5
      vertex 27.7063 66.1743 43.5
      vertex 27.6685 66.0944 43.5
    endloop
  endfacet
  facet normal 0 0 -1
    outer loop
      vertex 26.6522 66.5154 43.5
      vertex 27.6685 66.0944 43.5
      vertex 27.6388 66.0113 43.5
    endloop
  endfacet
  facet normal 0 0 -1
    outer loop
      vertex 26.5861 66.3306 43.5
      vertex 27.6388 66.0113 43.5
      vertex 27.6173 65.9256 43.5
    endloop
  endfacet
  facet normal 0 0 -1
    outer loop
      vertex 26.5384 66.1402 43.5
      vertex 27.6173 65.9256 43.5
      vertex 27.6043 65.8382 43.5
    endloop
  endfacet
  facet normal 0 0 -1
    outer loop
      vertex 28.0757 66.5437 43.5
      vertex 27.5572 67.5138 43.5
      vertex 27.7346 67.5978 43.5
    endloop
  endfacet
  facet normal 0 0 -1
    outer loop
      vertex 26.5096 65.946 43.5
      vertex 27.6043 65.8382 43.5
      vertex 27.6 65.75 43.5
    endloop
  endfacet
  facet normal 0 0 -1
    outer loop
      vertex 26.7362 64.8072 43.5
      vertex 27.7063 65.3257 43.5
      vertex 26.8371 64.6389 43.5
    endloop
  endfacet
  facet normal -0 0 -1
    outer loop
      vertex 27.7063 65.3257 43.5
      vertex 26.7362 64.8072 43.5
      vertex 27.6685 65.4056 43.5
    endloop
  endfacet
  facet normal 0 0 -1
    outer loop
      vertex 28 66.4983 43.5
      vertex 27.3889 67.4129 43.5
      vertex 27.5572 67.5138 43.5
    endloop
  endfacet
  facet normal 0 0 -1
    outer loop
      vertex 26.6522 64.9846 43.5
      vertex 27.6685 65.4056 43.5
      vertex 26.7362 64.8072 43.5
    endloop
  endfacet
  facet normal 0 0 -1
    outer loop
      vertex 27.929 66.4457 43.5
      vertex 27.2312 67.296 43.5
      vertex 27.3889 67.4129 43.5
    endloop
  endfacet
  facet normal -0 0 -1
    outer loop
      vertex 27.6685 65.4056 43.5
      vertex 26.6522 64.9846 43.5
      vertex 27.6388 65.4887 43.5
    endloop
  endfacet
  facet normal 0 0 -1
    outer loop
      vertex 27.8636 66.3864 43.5
      vertex 27.0858 67.1642 43.5
      vertex 27.2312 67.296 43.5
    endloop
  endfacet
  facet normal 0 0 -1
    outer loop
      vertex 26.5861 65.1694 43.5
      vertex 27.6388 65.4887 43.5
      vertex 26.6522 64.9846 43.5
    endloop
  endfacet
  facet normal 0 0 -1
    outer loop
      vertex 27.8043 66.321 43.5
      vertex 26.954 67.0188 43.5
      vertex 27.0858 67.1642 43.5
    endloop
  endfacet
  facet normal -0 0 -1
    outer loop
      vertex 27.6388 65.4887 43.5
      vertex 26.5861 65.1694 43.5
      vertex 27.6173 65.5744 43.5
    endloop
  endfacet
  facet normal 0 0 -1
    outer loop
      vertex 27.7517 66.25 43.5
      vertex 26.8371 66.8611 43.5
      vertex 26.954 67.0188 43.5
    endloop
  endfacet
  facet normal 0 0 -1
    outer loop
      vertex 26.5384 65.3598 43.5
      vertex 27.6173 65.5744 43.5
      vertex 26.5861 65.1694 43.5
    endloop
  endfacet
  facet normal 0 0 -1
    outer loop
      vertex 27.7063 66.1743 43.5
      vertex 26.7362 66.6928 43.5
      vertex 26.8371 66.8611 43.5
    endloop
  endfacet
  facet normal -0 0 -1
    outer loop
      vertex 27.6173 65.5744 43.5
      vertex 26.5384 65.3598 43.5
      vertex 27.6043 65.6618 43.5
    endloop
  endfacet
  facet normal 0 0 -1
    outer loop
      vertex 27.6685 66.0944 43.5
      vertex 26.6522 66.5154 43.5
      vertex 26.7362 66.6928 43.5
    endloop
  endfacet
  facet normal 0 0 -1
    outer loop
      vertex 26.5096 65.554 43.5
      vertex 27.6043 65.6618 43.5
      vertex 26.5384 65.3598 43.5
    endloop
  endfacet
  facet normal 0 0 -1
    outer loop
      vertex 27.6388 66.0113 43.5
      vertex 26.5861 66.3306 43.5
      vertex 26.6522 66.5154 43.5
    endloop
  endfacet
  facet normal -0 0 -1
    outer loop
      vertex 27.6043 65.6618 43.5
      vertex 26.5096 65.554 43.5
      vertex 27.6 65.75 43.5
    endloop
  endfacet
  facet normal 0 0 -1
    outer loop
      vertex 27.6173 65.9256 43.5
      vertex 26.5384 66.1402 43.5
      vertex 26.5861 66.3306 43.5
    endloop
  endfacet
  facet normal 0 0 -1
    outer loop
      vertex 26.5 65.75 43.5
      vertex 27.6 65.75 43.5
      vertex 26.5096 65.554 43.5
    endloop
  endfacet
  facet normal 0 0 -1
    outer loop
      vertex 27.6043 65.8382 43.5
      vertex 26.5096 65.946 43.5
      vertex 26.5384 66.1402 43.5
    endloop
  endfacet
  facet normal 0 0 -1
    outer loop
      vertex 27.6 65.75 43.5
      vertex 26.5 65.75 43.5
      vertex 26.5096 65.946 43.5
    endloop
  endfacet
  facet normal -0.94158 -0.336788 0
    outer loop
      vertex 26.6522 64.9846 43.5
      vertex 26.5861 65.1694 45
      vertex 26.5861 65.1694 43.5
    endloop
  endfacet
  facet normal -0.94158 -0.336788 0
    outer loop
      vertex 26.5861 65.1694 45
      vertex 26.6522 64.9846 43.5
      vertex 26.6522 64.9846 45
    endloop
  endfacet
  facet normal -0.146696 0.989182 0
    outer loop
      vertex 28.304 67.7404 43.5
      vertex 28.1098 67.7116 45
      vertex 28.304 67.7404 45
    endloop
  endfacet
  facet normal -0.146696 0.989182 0
    outer loop
      vertex 28.1098 67.7116 45
      vertex 28.304 67.7404 43.5
      vertex 28.1098 67.7116 43.5
    endloop
  endfacet
  facet normal 0.146696 -0.989182 0
    outer loop
      vertex 28.696 63.7596 43.5
      vertex 28.8902 63.7884 45
      vertex 28.696 63.7596 45
    endloop
  endfacet
  facet normal 0.146696 -0.989182 0
    outer loop
      vertex 28.8902 63.7884 45
      vertex 28.696 63.7596 43.5
      vertex 28.8902 63.7884 43.5
    endloop
  endfacet
  facet normal -0.740908 0.671607 0
    outer loop
      vertex 26.954 67.0188 43.5
      vertex 27.0858 67.1642 45
      vertex 27.0858 67.1642 43.5
    endloop
  endfacet
  facet normal -0.740908 0.671607 0
    outer loop
      vertex 27.0858 67.1642 45
      vertex 26.954 67.0188 43.5
      vertex 26.954 67.0188 45
    endloop
  endfacet
  facet normal 0.427955 -0.9038 0
    outer loop
      vertex 29.2654 63.9022 43.5
      vertex 29.4428 63.9862 45
      vertex 29.2654 63.9022 45
    endloop
  endfacet
  facet normal 0.427955 -0.9038 0
    outer loop
      vertex 29.4428 63.9862 45
      vertex 29.2654 63.9022 43.5
      vertex 29.4428 63.9862 43.5
    endloop
  endfacet
  facet normal 0.80335 -0.595508 0
    outer loop
      vertex 30.046 64.4812 45
      vertex 30.1629 64.6389 43.5
      vertex 30.1629 64.6389 45
    endloop
  endfacet
  facet normal 0.80335 -0.595508 0
    outer loop
      vertex 30.1629 64.6389 43.5
      vertex 30.046 64.4812 45
      vertex 30.046 64.4812 43.5
    endloop
  endfacet
  facet normal 0.336788 -0.94158 0
    outer loop
      vertex 29.0806 63.8361 43.5
      vertex 29.2654 63.9022 45
      vertex 29.0806 63.8361 45
    endloop
  endfacet
  facet normal 0.336788 -0.94158 0
    outer loop
      vertex 29.2654 63.9022 45
      vertex 29.0806 63.8361 43.5
      vertex 29.2654 63.9022 43.5
    endloop
  endfacet
  facet normal 0.989182 -0.146696 0
    outer loop
      vertex 30.4616 65.3598 45
      vertex 30.4904 65.554 43.5
      vertex 30.4904 65.554 45
    endloop
  endfacet
  facet normal 0.989182 -0.146696 0
    outer loop
      vertex 30.4904 65.554 43.5
      vertex 30.4616 65.3598 45
      vertex 30.4616 65.3598 43.5
    endloop
  endfacet
  facet normal 0.671607 -0.740908 0
    outer loop
      vertex 29.7688 64.204 43.5
      vertex 29.9142 64.3358 45
      vertex 29.7688 64.204 45
    endloop
  endfacet
  facet normal 0.671607 -0.740908 0
    outer loop
      vertex 29.9142 64.3358 45
      vertex 29.7688 64.204 43.5
      vertex 29.9142 64.3358 43.5
    endloop
  endfacet
  facet normal 0.0489209 0.998803 -0
    outer loop
      vertex 28.696 67.7404 43.5
      vertex 28.5 67.75 45
      vertex 28.696 67.7404 45
    endloop
  endfacet
  facet normal 0.0489209 0.998803 0
    outer loop
      vertex 28.5 67.75 45
      vertex 28.696 67.7404 43.5
      vertex 28.5 67.75 43.5
    endloop
  endfacet
  facet normal 0.427955 0.9038 -0
    outer loop
      vertex 29.4428 67.5138 43.5
      vertex 29.2654 67.5978 45
      vertex 29.4428 67.5138 45
    endloop
  endfacet
  facet normal 0.427955 0.9038 0
    outer loop
      vertex 29.2654 67.5978 45
      vertex 29.4428 67.5138 43.5
      vertex 29.2654 67.5978 43.5
    endloop
  endfacet
  facet normal -0.427955 0.9038 0
    outer loop
      vertex 27.7346 67.5978 43.5
      vertex 27.5572 67.5138 45
      vertex 27.7346 67.5978 45
    endloop
  endfacet
  facet normal -0.427955 0.9038 0
    outer loop
      vertex 27.5572 67.5138 45
      vertex 27.7346 67.5978 43.5
      vertex 27.5572 67.5138 43.5
    endloop
  endfacet
  facet normal -0.857673 -0.514196 0
    outer loop
      vertex 26.8371 64.6389 43.5
      vertex 26.7362 64.8072 45
      vertex 26.7362 64.8072 43.5
    endloop
  endfacet
  facet normal -0.857673 -0.514196 0
    outer loop
      vertex 26.7362 64.8072 45
      vertex 26.8371 64.6389 43.5
      vertex 26.8371 64.6389 45
    endloop
  endfacet
  facet normal -0.243015 -0.970023 0
    outer loop
      vertex 27.9194 63.8361 43.5
      vertex 28.1098 63.7884 45
      vertex 27.9194 63.8361 45
    endloop
  endfacet
  facet normal -0.243015 -0.970023 -0
    outer loop
      vertex 28.1098 63.7884 45
      vertex 27.9194 63.8361 43.5
      vertex 28.1098 63.7884 43.5
    endloop
  endfacet
  facet normal 0.740908 -0.671607 0
    outer loop
      vertex 29.9142 64.3358 45
      vertex 30.046 64.4812 43.5
      vertex 30.046 64.4812 45
    endloop
  endfacet
  facet normal 0.740908 -0.671607 0
    outer loop
      vertex 30.046 64.4812 43.5
      vertex 29.9142 64.3358 45
      vertex 29.9142 64.3358 43.5
    endloop
  endfacet
  facet normal -0.970023 -0.243015 0
    outer loop
      vertex 26.5861 65.1694 43.5
      vertex 26.5384 65.3598 45
      vertex 26.5384 65.3598 43.5
    endloop
  endfacet
  facet normal -0.970023 -0.243015 0
    outer loop
      vertex 26.5384 65.3598 45
      vertex 26.5861 65.1694 43.5
      vertex 26.5861 65.1694 45
    endloop
  endfacet
  facet normal -0.671607 -0.740908 0
    outer loop
      vertex 27.0858 64.3358 43.5
      vertex 27.2312 64.204 45
      vertex 27.0858 64.3358 45
    endloop
  endfacet
  facet normal -0.671607 -0.740908 -0
    outer loop
      vertex 27.2312 64.204 45
      vertex 27.0858 64.3358 43.5
      vertex 27.2312 64.204 43.5
    endloop
  endfacet
  facet normal 0.970023 -0.243015 0
    outer loop
      vertex 30.4139 65.1694 45
      vertex 30.4616 65.3598 43.5
      vertex 30.4616 65.3598 45
    endloop
  endfacet
  facet normal 0.970023 -0.243015 0
    outer loop
      vertex 30.4616 65.3598 43.5
      vertex 30.4139 65.1694 45
      vertex 30.4139 65.1694 43.5
    endloop
  endfacet
  facet normal -0.336788 0.94158 0
    outer loop
      vertex 27.9194 67.6639 43.5
      vertex 27.7346 67.5978 45
      vertex 27.9194 67.6639 45
    endloop
  endfacet
  facet normal -0.336788 0.94158 0
    outer loop
      vertex 27.7346 67.5978 45
      vertex 27.9194 67.6639 43.5
      vertex 27.7346 67.5978 43.5
    endloop
  endfacet
  facet normal -0.595508 0.80335 0
    outer loop
      vertex 27.3889 67.4129 43.5
      vertex 27.2312 67.296 45
      vertex 27.3889 67.4129 45
    endloop
  endfacet
  facet normal -0.595508 0.80335 0
    outer loop
      vertex 27.2312 67.296 45
      vertex 27.3889 67.4129 43.5
      vertex 27.2312 67.296 43.5
    endloop
  endfacet
  facet normal 0.243015 -0.970023 0
    outer loop
      vertex 28.8902 63.7884 43.5
      vertex 29.0806 63.8361 45
      vertex 28.8902 63.7884 45
    endloop
  endfacet
  facet normal 0.243015 -0.970023 0
    outer loop
      vertex 29.0806 63.8361 45
      vertex 28.8902 63.7884 43.5
      vertex 29.0806 63.8361 43.5
    endloop
  endfacet
  facet normal -0.243015 0.970023 0
    outer loop
      vertex 28.1098 67.7116 43.5
      vertex 27.9194 67.6639 45
      vertex 28.1098 67.7116 45
    endloop
  endfacet
  facet normal -0.243015 0.970023 0
    outer loop
      vertex 27.9194 67.6639 45
      vertex 28.1098 67.7116 43.5
      vertex 27.9194 67.6639 43.5
    endloop
  endfacet
  facet normal 0.80335 0.595508 0
    outer loop
      vertex 30.1629 66.8611 45
      vertex 30.046 67.0188 43.5
      vertex 30.046 67.0188 45
    endloop
  endfacet
  facet normal 0.80335 0.595508 0
    outer loop
      vertex 30.046 67.0188 43.5
      vertex 30.1629 66.8611 45
      vertex 30.1629 66.8611 43.5
    endloop
  endfacet
  facet normal -0.857673 0.514196 0
    outer loop
      vertex 26.7362 66.6928 43.5
      vertex 26.8371 66.8611 45
      vertex 26.8371 66.8611 43.5
    endloop
  endfacet
  facet normal -0.857673 0.514196 0
    outer loop
      vertex 26.8371 66.8611 45
      vertex 26.7362 66.6928 43.5
      vertex 26.7362 66.6928 45
    endloop
  endfacet
  facet normal 0.146696 0.989182 -0
    outer loop
      vertex 28.8902 67.7116 43.5
      vertex 28.696 67.7404 45
      vertex 28.8902 67.7116 45
    endloop
  endfacet
  facet normal 0.146696 0.989182 0
    outer loop
      vertex 28.696 67.7404 45
      vertex 28.8902 67.7116 43.5
      vertex 28.696 67.7404 43.5
    endloop
  endfacet
  facet normal 0.998803 -0.0489209 0
    outer loop
      vertex 30.4904 65.554 45
      vertex 30.5 65.75 43.5
      vertex 30.5 65.75 45
    endloop
  endfacet
  facet normal 0.998803 -0.0489209 0
    outer loop
      vertex 30.5 65.75 43.5
      vertex 30.4904 65.554 45
      vertex 30.4904 65.554 43.5
    endloop
  endfacet
  facet normal 0.9038 -0.427955 0
    outer loop
      vertex 30.2638 64.8072 45
      vertex 30.3478 64.9846 43.5
      vertex 30.3478 64.9846 45
    endloop
  endfacet
  facet normal 0.9038 -0.427955 0
    outer loop
      vertex 30.3478 64.9846 43.5
      vertex 30.2638 64.8072 45
      vertex 30.2638 64.8072 43.5
    endloop
  endfacet
  facet normal 0.243015 0.970023 -0
    outer loop
      vertex 29.0806 67.6639 43.5
      vertex 28.8902 67.7116 45
      vertex 29.0806 67.6639 45
    endloop
  endfacet
  facet normal 0.243015 0.970023 0
    outer loop
      vertex 28.8902 67.7116 45
      vertex 29.0806 67.6639 43.5
      vertex 28.8902 67.7116 43.5
    endloop
  endfacet
  facet normal 0.514196 0.857673 -0
    outer loop
      vertex 29.6111 67.4129 43.5
      vertex 29.4428 67.5138 45
      vertex 29.6111 67.4129 45
    endloop
  endfacet
  facet normal 0.514196 0.857673 0
    outer loop
      vertex 29.4428 67.5138 45
      vertex 29.6111 67.4129 43.5
      vertex 29.4428 67.5138 43.5
    endloop
  endfacet
  facet normal 0.595508 0.80335 -0
    outer loop
      vertex 29.7688 67.296 43.5
      vertex 29.6111 67.4129 45
      vertex 29.7688 67.296 45
    endloop
  endfacet
  facet normal 0.595508 0.80335 0
    outer loop
      vertex 29.6111 67.4129 45
      vertex 29.7688 67.296 43.5
      vertex 29.6111 67.4129 43.5
    endloop
  endfacet
  facet normal 0.0489209 -0.998803 0
    outer loop
      vertex 28.5 63.75 43.5
      vertex 28.696 63.7596 45
      vertex 28.5 63.75 45
    endloop
  endfacet
  facet normal 0.0489209 -0.998803 0
    outer loop
      vertex 28.696 63.7596 45
      vertex 28.5 63.75 43.5
      vertex 28.696 63.7596 43.5
    endloop
  endfacet
  facet normal 0.94158 0.336788 0
    outer loop
      vertex 30.4139 66.3306 45
      vertex 30.3478 66.5154 43.5
      vertex 30.3478 66.5154 45
    endloop
  endfacet
  facet normal 0.94158 0.336788 0
    outer loop
      vertex 30.3478 66.5154 43.5
      vertex 30.4139 66.3306 45
      vertex 30.4139 66.3306 43.5
    endloop
  endfacet
  facet normal 0.857673 -0.514196 0
    outer loop
      vertex 30.1629 64.6389 45
      vertex 30.2638 64.8072 43.5
      vertex 30.2638 64.8072 45
    endloop
  endfacet
  facet normal 0.857673 -0.514196 0
    outer loop
      vertex 30.2638 64.8072 43.5
      vertex 30.1629 64.6389 45
      vertex 30.1629 64.6389 43.5
    endloop
  endfacet
  facet normal -0.998803 0.0489209 0
    outer loop
      vertex 26.5 65.75 43.5
      vertex 26.5096 65.946 45
      vertex 26.5096 65.946 43.5
    endloop
  endfacet
  facet normal -0.998803 0.0489209 0
    outer loop
      vertex 26.5096 65.946 45
      vertex 26.5 65.75 43.5
      vertex 26.5 65.75 45
    endloop
  endfacet
  facet normal 0.94158 -0.336788 0
    outer loop
      vertex 30.3478 64.9846 45
      vertex 30.4139 65.1694 43.5
      vertex 30.4139 65.1694 45
    endloop
  endfacet
  facet normal 0.94158 -0.336788 0
    outer loop
      vertex 30.4139 65.1694 43.5
      vertex 30.3478 64.9846 45
      vertex 30.3478 64.9846 43.5
    endloop
  endfacet
  facet normal 0.740908 0.671607 0
    outer loop
      vertex 30.046 67.0188 45
      vertex 29.9142 67.1642 43.5
      vertex 29.9142 67.1642 45
    endloop
  endfacet
  facet normal 0.740908 0.671607 0
    outer loop
      vertex 29.9142 67.1642 43.5
      vertex 30.046 67.0188 45
      vertex 30.046 67.0188 43.5
    endloop
  endfacet
  facet normal 0.9038 0.427955 0
    outer loop
      vertex 30.3478 66.5154 45
      vertex 30.2638 66.6928 43.5
      vertex 30.2638 66.6928 45
    endloop
  endfacet
  facet normal 0.9038 0.427955 0
    outer loop
      vertex 30.2638 66.6928 43.5
      vertex 30.3478 66.5154 45
      vertex 30.3478 66.5154 43.5
    endloop
  endfacet
  facet normal 0.595508 -0.80335 0
    outer loop
      vertex 29.6111 64.0871 43.5
      vertex 29.7688 64.204 45
      vertex 29.6111 64.0871 45
    endloop
  endfacet
  facet normal 0.595508 -0.80335 0
    outer loop
      vertex 29.7688 64.204 45
      vertex 29.6111 64.0871 43.5
      vertex 29.7688 64.204 43.5
    endloop
  endfacet
  facet normal 0.857673 0.514196 0
    outer loop
      vertex 30.2638 66.6928 45
      vertex 30.1629 66.8611 43.5
      vertex 30.1629 66.8611 45
    endloop
  endfacet
  facet normal 0.857673 0.514196 0
    outer loop
      vertex 30.1629 66.8611 43.5
      vertex 30.2638 66.6928 45
      vertex 30.2638 66.6928 43.5
    endloop
  endfacet
  facet normal -0.671607 0.740908 0
    outer loop
      vertex 27.2312 67.296 43.5
      vertex 27.0858 67.1642 45
      vertex 27.2312 67.296 45
    endloop
  endfacet
  facet normal -0.671607 0.740908 0
    outer loop
      vertex 27.0858 67.1642 45
      vertex 27.2312 67.296 43.5
      vertex 27.0858 67.1642 43.5
    endloop
  endfacet
  facet normal -0.9038 0.427955 0
    outer loop
      vertex 26.6522 66.5154 43.5
      vertex 26.7362 66.6928 45
      vertex 26.7362 66.6928 43.5
    endloop
  endfacet
  facet normal -0.9038 0.427955 0
    outer loop
      vertex 26.7362 66.6928 45
      vertex 26.6522 66.5154 43.5
      vertex 26.6522 66.5154 45
    endloop
  endfacet
  facet normal 0.671607 0.740908 -0
    outer loop
      vertex 29.9142 67.1642 43.5
      vertex 29.7688 67.296 45
      vertex 29.9142 67.1642 45
    endloop
  endfacet
  facet normal 0.671607 0.740908 0
    outer loop
      vertex 29.7688 67.296 45
      vertex 29.9142 67.1642 43.5
      vertex 29.7688 67.296 43.5
    endloop
  endfacet
  facet normal -0.0489209 0.998803 0
    outer loop
      vertex 28.5 67.75 43.5
      vertex 28.304 67.7404 45
      vertex 28.5 67.75 45
    endloop
  endfacet
  facet normal -0.0489209 0.998803 0
    outer loop
      vertex 28.304 67.7404 45
      vertex 28.5 67.75 43.5
      vertex 28.304 67.7404 43.5
    endloop
  endfacet
  facet normal -0.740908 -0.671607 0
    outer loop
      vertex 27.0858 64.3358 43.5
      vertex 26.954 64.4812 45
      vertex 26.954 64.4812 43.5
    endloop
  endfacet
  facet normal -0.740908 -0.671607 0
    outer loop
      vertex 26.954 64.4812 45
      vertex 27.0858 64.3358 43.5
      vertex 27.0858 64.3358 45
    endloop
  endfacet
  facet normal -0.595508 -0.80335 0
    outer loop
      vertex 27.2312 64.204 43.5
      vertex 27.3889 64.0871 45
      vertex 27.2312 64.204 45
    endloop
  endfacet
  facet normal -0.595508 -0.80335 -0
    outer loop
      vertex 27.3889 64.0871 45
      vertex 27.2312 64.204 43.5
      vertex 27.3889 64.0871 43.5
    endloop
  endfacet
  facet normal -0.989182 -0.146696 0
    outer loop
      vertex 26.5384 65.3598 43.5
      vertex 26.5096 65.554 45
      vertex 26.5096 65.554 43.5
    endloop
  endfacet
  facet normal -0.989182 -0.146696 0
    outer loop
      vertex 26.5096 65.554 45
      vertex 26.5384 65.3598 43.5
      vertex 26.5384 65.3598 45
    endloop
  endfacet
  facet normal -0.80335 -0.595508 0
    outer loop
      vertex 26.954 64.4812 43.5
      vertex 26.8371 64.6389 45
      vertex 26.8371 64.6389 43.5
    endloop
  endfacet
  facet normal -0.80335 -0.595508 0
    outer loop
      vertex 26.8371 64.6389 45
      vertex 26.954 64.4812 43.5
      vertex 26.954 64.4812 45
    endloop
  endfacet
  facet normal -0.998803 -0.0489209 0
    outer loop
      vertex 26.5096 65.554 43.5
      vertex 26.5 65.75 45
      vertex 26.5 65.75 43.5
    endloop
  endfacet
  facet normal -0.998803 -0.0489209 0
    outer loop
      vertex 26.5 65.75 45
      vertex 26.5096 65.554 43.5
      vertex 26.5096 65.554 45
    endloop
  endfacet
  facet normal -0.970023 0.243015 0
    outer loop
      vertex 26.5384 66.1402 43.5
      vertex 26.5861 66.3306 45
      vertex 26.5861 66.3306 43.5
    endloop
  endfacet
  facet normal -0.970023 0.243015 0
    outer loop
      vertex 26.5861 66.3306 45
      vertex 26.5384 66.1402 43.5
      vertex 26.5384 66.1402 45
    endloop
  endfacet
  facet normal -0.80335 0.595508 0
    outer loop
      vertex 26.8371 66.8611 43.5
      vertex 26.954 67.0188 45
      vertex 26.954 67.0188 43.5
    endloop
  endfacet
  facet normal -0.80335 0.595508 0
    outer loop
      vertex 26.954 67.0188 45
      vertex 26.8371 66.8611 43.5
      vertex 26.8371 66.8611 45
    endloop
  endfacet
  facet normal 0.514196 -0.857673 0
    outer loop
      vertex 29.4428 63.9862 43.5
      vertex 29.6111 64.0871 45
      vertex 29.4428 63.9862 45
    endloop
  endfacet
  facet normal 0.514196 -0.857673 0
    outer loop
      vertex 29.6111 64.0871 45
      vertex 29.4428 63.9862 43.5
      vertex 29.6111 64.0871 43.5
    endloop
  endfacet
  facet normal -0.427955 -0.9038 0
    outer loop
      vertex 27.5572 63.9862 43.5
      vertex 27.7346 63.9022 45
      vertex 27.5572 63.9862 45
    endloop
  endfacet
  facet normal -0.427955 -0.9038 -0
    outer loop
      vertex 27.7346 63.9022 45
      vertex 27.5572 63.9862 43.5
      vertex 27.7346 63.9022 43.5
    endloop
  endfacet
  facet normal -0.0489209 -0.998803 0
    outer loop
      vertex 28.304 63.7596 43.5
      vertex 28.5 63.75 45
      vertex 28.304 63.7596 45
    endloop
  endfacet
  facet normal -0.0489209 -0.998803 -0
    outer loop
      vertex 28.5 63.75 45
      vertex 28.304 63.7596 43.5
      vertex 28.5 63.75 43.5
    endloop
  endfacet
  facet normal -0.146696 -0.989182 0
    outer loop
      vertex 28.1098 63.7884 43.5
      vertex 28.304 63.7596 45
      vertex 28.1098 63.7884 45
    endloop
  endfacet
  facet normal -0.146696 -0.989182 -0
    outer loop
      vertex 28.304 63.7596 45
      vertex 28.1098 63.7884 43.5
      vertex 28.304 63.7596 43.5
    endloop
  endfacet
  facet normal -0.9038 -0.427955 0
    outer loop
      vertex 26.7362 64.8072 43.5
      vertex 26.6522 64.9846 45
      vertex 26.6522 64.9846 43.5
    endloop
  endfacet
  facet normal -0.9038 -0.427955 0
    outer loop
      vertex 26.6522 64.9846 45
      vertex 26.7362 64.8072 43.5
      vertex 26.7362 64.8072 45
    endloop
  endfacet
  facet normal -0.989182 0.146696 0
    outer loop
      vertex 26.5096 65.946 43.5
      vertex 26.5384 66.1402 45
      vertex 26.5384 66.1402 43.5
    endloop
  endfacet
  facet normal -0.989182 0.146696 0
    outer loop
      vertex 26.5384 66.1402 45
      vertex 26.5096 65.946 43.5
      vertex 26.5096 65.946 45
    endloop
  endfacet
  facet normal -0.336788 -0.94158 0
    outer loop
      vertex 27.7346 63.9022 43.5
      vertex 27.9194 63.8361 45
      vertex 27.7346 63.9022 45
    endloop
  endfacet
  facet normal -0.336788 -0.94158 -0
    outer loop
      vertex 27.9194 63.8361 45
      vertex 27.7346 63.9022 43.5
      vertex 27.9194 63.8361 43.5
    endloop
  endfacet
  facet normal -0.989118 -0.147123 0
    outer loop
      vertex 29.3957 65.8382 43.5
      vertex 29.3827 65.9256 45
      vertex 29.3827 65.9256 43.5
    endloop
  endfacet
  facet normal -0.989118 -0.147123 0
    outer loop
      vertex 29.3827 65.9256 45
      vertex 29.3957 65.8382 43.5
      vertex 29.3957 65.8382 45
    endloop
  endfacet
  facet normal -0.998814 -0.048695 0
    outer loop
      vertex 29.4 65.75 43.5
      vertex 29.3957 65.8382 45
      vertex 29.3957 65.8382 43.5
    endloop
  endfacet
  facet normal -0.998814 -0.048695 0
    outer loop
      vertex 29.3957 65.8382 45
      vertex 29.4 65.75 43.5
      vertex 29.4 65.75 45
    endloop
  endfacet
  facet normal -0.969942 -0.243334 0
    outer loop
      vertex 29.3827 65.9256 43.5
      vertex 29.3612 66.0113 45
      vertex 29.3612 66.0113 43.5
    endloop
  endfacet
  facet normal -0.969942 -0.243334 0
    outer loop
      vertex 29.3612 66.0113 45
      vertex 29.3827 65.9256 43.5
      vertex 29.3827 65.9256 45
    endloop
  endfacet
  facet normal -0.998814 0.048695 0
    outer loop
      vertex 29.3957 65.6618 43.5
      vertex 29.4 65.75 45
      vertex 29.4 65.75 43.5
    endloop
  endfacet
  facet normal -0.998814 0.048695 0
    outer loop
      vertex 29.4 65.75 45
      vertex 29.3957 65.6618 43.5
      vertex 29.3957 65.6618 45
    endloop
  endfacet
  facet normal -0.243334 -0.969942 0
    outer loop
      vertex 28.6756 66.6327 43.5
      vertex 28.7613 66.6112 45
      vertex 28.6756 66.6327 45
    endloop
  endfacet
  facet normal -0.243334 -0.969942 -0
    outer loop
      vertex 28.7613 66.6112 45
      vertex 28.6756 66.6327 43.5
      vertex 28.7613 66.6112 43.5
    endloop
  endfacet
  facet normal 0.048695 -0.998814 0
    outer loop
      vertex 28.4118 66.6457 43.5
      vertex 28.5 66.65 45
      vertex 28.4118 66.6457 45
    endloop
  endfacet
  facet normal 0.048695 -0.998814 0
    outer loop
      vertex 28.5 66.65 45
      vertex 28.4118 66.6457 43.5
      vertex 28.5 66.65 43.5
    endloop
  endfacet
  facet normal 0.147123 -0.989118 0
    outer loop
      vertex 28.3244 66.6327 43.5
      vertex 28.4118 66.6457 45
      vertex 28.3244 66.6327 45
    endloop
  endfacet
  facet normal 0.147123 -0.989118 0
    outer loop
      vertex 28.4118 66.6457 45
      vertex 28.3244 66.6327 43.5
      vertex 28.4118 66.6457 43.5
    endloop
  endfacet
  facet normal -0.941665 0.336552 0
    outer loop
      vertex 29.3315 65.4056 43.5
      vertex 29.3612 65.4887 45
      vertex 29.3612 65.4887 43.5
    endloop
  endfacet
  facet normal -0.941665 0.336552 0
    outer loop
      vertex 29.3612 65.4887 45
      vertex 29.3315 65.4056 43.5
      vertex 29.3315 65.4056 45
    endloop
  endfacet
  facet normal 0.336552 -0.941665 0
    outer loop
      vertex 28.1556 66.5815 43.5
      vertex 28.2387 66.6112 45
      vertex 28.1556 66.5815 45
    endloop
  endfacet
  facet normal 0.336552 -0.941665 0
    outer loop
      vertex 28.2387 66.6112 45
      vertex 28.1556 66.5815 43.5
      vertex 28.2387 66.6112 43.5
    endloop
  endfacet
  facet normal -0.147123 0.989118 0
    outer loop
      vertex 28.6756 64.8673 43.5
      vertex 28.5882 64.8543 45
      vertex 28.6756 64.8673 45
    endloop
  endfacet
  facet normal -0.147123 0.989118 0
    outer loop
      vertex 28.5882 64.8543 45
      vertex 28.6756 64.8673 43.5
      vertex 28.5882 64.8543 43.5
    endloop
  endfacet
  facet normal 0.903945 0.427649 0
    outer loop
      vertex 27.7063 65.3257 45
      vertex 27.6685 65.4056 43.5
      vertex 27.6685 65.4056 45
    endloop
  endfacet
  facet normal 0.903945 0.427649 0
    outer loop
      vertex 27.6685 65.4056 43.5
      vertex 27.7063 65.3257 45
      vertex 27.7063 65.3257 43.5
    endloop
  endfacet
  facet normal 0.903945 -0.427649 0
    outer loop
      vertex 27.6685 66.0944 45
      vertex 27.7063 66.1743 43.5
      vertex 27.7063 66.1743 45
    endloop
  endfacet
  facet normal 0.903945 -0.427649 0
    outer loop
      vertex 27.7063 66.1743 43.5
      vertex 27.6685 66.0944 45
      vertex 27.6685 66.0944 43.5
    endloop
  endfacet
  facet normal -0.671714 -0.740811 0
    outer loop
      vertex 29.071 66.4457 43.5
      vertex 29.1364 66.3864 45
      vertex 29.071 66.4457 45
    endloop
  endfacet
  facet normal -0.671714 -0.740811 -0
    outer loop
      vertex 29.1364 66.3864 45
      vertex 29.071 66.4457 43.5
      vertex 29.1364 66.3864 43.5
    endloop
  endfacet
  facet normal 0.969942 -0.243334 0
    outer loop
      vertex 27.6173 65.9256 45
      vertex 27.6388 66.0113 43.5
      vertex 27.6388 66.0113 45
    endloop
  endfacet
  facet normal 0.969942 -0.243334 0
    outer loop
      vertex 27.6388 66.0113 43.5
      vertex 27.6173 65.9256 45
      vertex 27.6173 65.9256 43.5
    endloop
  endfacet
  facet normal 0.671714 -0.740811 0
    outer loop
      vertex 27.8636 66.3864 43.5
      vertex 27.929 66.4457 45
      vertex 27.8636 66.3864 45
    endloop
  endfacet
  facet normal 0.671714 -0.740811 0
    outer loop
      vertex 27.929 66.4457 45
      vertex 27.8636 66.3864 43.5
      vertex 27.929 66.4457 43.5
    endloop
  endfacet
  facet normal 0.243334 -0.969942 0
    outer loop
      vertex 28.2387 66.6112 43.5
      vertex 28.3244 66.6327 45
      vertex 28.2387 66.6112 45
    endloop
  endfacet
  facet normal 0.243334 -0.969942 0
    outer loop
      vertex 28.3244 66.6327 45
      vertex 28.2387 66.6112 43.5
      vertex 28.3244 66.6327 43.5
    endloop
  endfacet
  facet normal -0.903945 0.427649 0
    outer loop
      vertex 29.2937 65.3257 43.5
      vertex 29.3315 65.4056 45
      vertex 29.3315 65.4056 43.5
    endloop
  endfacet
  facet normal -0.903945 0.427649 0
    outer loop
      vertex 29.3315 65.4056 45
      vertex 29.2937 65.3257 43.5
      vertex 29.2937 65.3257 45
    endloop
  endfacet
  facet normal 0.803517 0.595282 0
    outer loop
      vertex 27.8043 65.179 45
      vertex 27.7517 65.25 43.5
      vertex 27.7517 65.25 45
    endloop
  endfacet
  facet normal 0.803517 0.595282 0
    outer loop
      vertex 27.7517 65.25 43.5
      vertex 27.8043 65.179 45
      vertex 27.8043 65.179 43.5
    endloop
  endfacet
  facet normal 0.595282 -0.803517 0
    outer loop
      vertex 27.929 66.4457 43.5
      vertex 28 66.4983 45
      vertex 27.929 66.4457 45
    endloop
  endfacet
  facet normal 0.595282 -0.803517 0
    outer loop
      vertex 28 66.4983 45
      vertex 27.929 66.4457 43.5
      vertex 28 66.4983 43.5
    endloop
  endfacet
  facet normal -0.989118 0.147123 0
    outer loop
      vertex 29.3827 65.5744 43.5
      vertex 29.3957 65.6618 45
      vertex 29.3957 65.6618 43.5
    endloop
  endfacet
  facet normal -0.989118 0.147123 0
    outer loop
      vertex 29.3957 65.6618 45
      vertex 29.3827 65.5744 43.5
      vertex 29.3827 65.5744 45
    endloop
  endfacet
  facet normal 0.989118 0.147123 0
    outer loop
      vertex 27.6173 65.5744 45
      vertex 27.6043 65.6618 43.5
      vertex 27.6043 65.6618 45
    endloop
  endfacet
  facet normal 0.989118 0.147123 0
    outer loop
      vertex 27.6043 65.6618 43.5
      vertex 27.6173 65.5744 45
      vertex 27.6173 65.5744 43.5
    endloop
  endfacet
  facet normal 0.803517 -0.595282 0
    outer loop
      vertex 27.7517 66.25 45
      vertex 27.8043 66.321 43.5
      vertex 27.8043 66.321 45
    endloop
  endfacet
  facet normal 0.803517 -0.595282 0
    outer loop
      vertex 27.8043 66.321 43.5
      vertex 27.7517 66.25 45
      vertex 27.7517 66.25 43.5
    endloop
  endfacet
  facet normal -0.514329 0.857593 0
    outer loop
      vertex 29 65.0017 43.5
      vertex 28.9243 64.9563 45
      vertex 29 65.0017 45
    endloop
  endfacet
  facet normal -0.514329 0.857593 0
    outer loop
      vertex 28.9243 64.9563 45
      vertex 29 65.0017 43.5
      vertex 28.9243 64.9563 43.5
    endloop
  endfacet
  facet normal 0.740811 0.671714 0
    outer loop
      vertex 27.8636 65.1136 45
      vertex 27.8043 65.179 43.5
      vertex 27.8043 65.179 45
    endloop
  endfacet
  facet normal 0.740811 0.671714 0
    outer loop
      vertex 27.8043 65.179 43.5
      vertex 27.8636 65.1136 45
      vertex 27.8636 65.1136 43.5
    endloop
  endfacet
  facet normal 0.048695 0.998814 -0
    outer loop
      vertex 28.5 64.85 43.5
      vertex 28.4118 64.8543 45
      vertex 28.5 64.85 45
    endloop
  endfacet
  facet normal 0.048695 0.998814 0
    outer loop
      vertex 28.4118 64.8543 45
      vertex 28.5 64.85 43.5
      vertex 28.4118 64.8543 43.5
    endloop
  endfacet
  facet normal -0.595282 0.803517 0
    outer loop
      vertex 29.071 65.0543 43.5
      vertex 29 65.0017 45
      vertex 29.071 65.0543 45
    endloop
  endfacet
  facet normal -0.595282 0.803517 0
    outer loop
      vertex 29 65.0017 45
      vertex 29.071 65.0543 43.5
      vertex 29 65.0017 43.5
    endloop
  endfacet
  facet normal -0.903945 -0.427649 0
    outer loop
      vertex 29.3315 66.0944 43.5
      vertex 29.2937 66.1743 45
      vertex 29.2937 66.1743 43.5
    endloop
  endfacet
  facet normal -0.903945 -0.427649 0
    outer loop
      vertex 29.2937 66.1743 45
      vertex 29.3315 66.0944 43.5
      vertex 29.3315 66.0944 45
    endloop
  endfacet
  facet normal 0.857593 0.514329 0
    outer loop
      vertex 27.7517 65.25 45
      vertex 27.7063 65.3257 43.5
      vertex 27.7063 65.3257 45
    endloop
  endfacet
  facet normal 0.857593 0.514329 0
    outer loop
      vertex 27.7063 65.3257 43.5
      vertex 27.7517 65.25 45
      vertex 27.7517 65.25 43.5
    endloop
  endfacet
  facet normal -0.048695 0.998814 0
    outer loop
      vertex 28.5882 64.8543 43.5
      vertex 28.5 64.85 45
      vertex 28.5882 64.8543 45
    endloop
  endfacet
  facet normal -0.048695 0.998814 0
    outer loop
      vertex 28.5 64.85 45
      vertex 28.5882 64.8543 43.5
      vertex 28.5 64.85 43.5
    endloop
  endfacet
  facet normal 0.989118 -0.147123 0
    outer loop
      vertex 27.6043 65.8382 45
      vertex 27.6173 65.9256 43.5
      vertex 27.6173 65.9256 45
    endloop
  endfacet
  facet normal 0.989118 -0.147123 0
    outer loop
      vertex 27.6173 65.9256 43.5
      vertex 27.6043 65.8382 45
      vertex 27.6043 65.8382 43.5
    endloop
  endfacet
  facet normal -0.803517 -0.595282 0
    outer loop
      vertex 29.2483 66.25 43.5
      vertex 29.1957 66.321 45
      vertex 29.1957 66.321 43.5
    endloop
  endfacet
  facet normal -0.803517 -0.595282 0
    outer loop
      vertex 29.1957 66.321 45
      vertex 29.2483 66.25 43.5
      vertex 29.2483 66.25 45
    endloop
  endfacet
  facet normal -0.671714 0.740811 0
    outer loop
      vertex 29.1364 65.1136 43.5
      vertex 29.071 65.0543 45
      vertex 29.1364 65.1136 45
    endloop
  endfacet
  facet normal -0.671714 0.740811 0
    outer loop
      vertex 29.071 65.0543 45
      vertex 29.1364 65.1136 43.5
      vertex 29.071 65.0543 43.5
    endloop
  endfacet
  facet normal -0.803517 0.595282 0
    outer loop
      vertex 29.1957 65.179 43.5
      vertex 29.2483 65.25 45
      vertex 29.2483 65.25 43.5
    endloop
  endfacet
  facet normal -0.803517 0.595282 0
    outer loop
      vertex 29.2483 65.25 45
      vertex 29.1957 65.179 43.5
      vertex 29.1957 65.179 45
    endloop
  endfacet
  facet normal -0.427649 -0.903945 0
    outer loop
      vertex 28.8444 66.5815 43.5
      vertex 28.9243 66.5437 45
      vertex 28.8444 66.5815 45
    endloop
  endfacet
  facet normal -0.427649 -0.903945 -0
    outer loop
      vertex 28.9243 66.5437 45
      vertex 28.8444 66.5815 43.5
      vertex 28.9243 66.5437 43.5
    endloop
  endfacet
  facet normal 0.147123 0.989118 -0
    outer loop
      vertex 28.4118 64.8543 43.5
      vertex 28.3244 64.8673 45
      vertex 28.4118 64.8543 45
    endloop
  endfacet
  facet normal 0.147123 0.989118 0
    outer loop
      vertex 28.3244 64.8673 45
      vertex 28.4118 64.8543 43.5
      vertex 28.3244 64.8673 43.5
    endloop
  endfacet
  facet normal -0.514329 -0.857593 0
    outer loop
      vertex 28.9243 66.5437 43.5
      vertex 29 66.4983 45
      vertex 28.9243 66.5437 45
    endloop
  endfacet
  facet normal -0.514329 -0.857593 -0
    outer loop
      vertex 29 66.4983 45
      vertex 28.9243 66.5437 43.5
      vertex 29 66.4983 43.5
    endloop
  endfacet
  facet normal -0.941665 -0.336552 0
    outer loop
      vertex 29.3612 66.0113 43.5
      vertex 29.3315 66.0944 45
      vertex 29.3315 66.0944 43.5
    endloop
  endfacet
  facet normal -0.941665 -0.336552 0
    outer loop
      vertex 29.3315 66.0944 45
      vertex 29.3612 66.0113 43.5
      vertex 29.3612 66.0113 45
    endloop
  endfacet
  facet normal -0.740811 -0.671714 0
    outer loop
      vertex 29.1957 66.321 43.5
      vertex 29.1364 66.3864 45
      vertex 29.1364 66.3864 43.5
    endloop
  endfacet
  facet normal -0.740811 -0.671714 0
    outer loop
      vertex 29.1364 66.3864 45
      vertex 29.1957 66.321 43.5
      vertex 29.1957 66.321 45
    endloop
  endfacet
  facet normal 0.243334 0.969942 -0
    outer loop
      vertex 28.3244 64.8673 43.5
      vertex 28.2387 64.8888 45
      vertex 28.3244 64.8673 45
    endloop
  endfacet
  facet normal 0.243334 0.969942 0
    outer loop
      vertex 28.2387 64.8888 45
      vertex 28.3244 64.8673 43.5
      vertex 28.2387 64.8888 43.5
    endloop
  endfacet
  facet normal -0.595282 -0.803517 0
    outer loop
      vertex 29 66.4983 43.5
      vertex 29.071 66.4457 45
      vertex 29 66.4983 45
    endloop
  endfacet
  facet normal -0.595282 -0.803517 -0
    outer loop
      vertex 29.071 66.4457 45
      vertex 29 66.4983 43.5
      vertex 29.071 66.4457 43.5
    endloop
  endfacet
  facet normal -0.427649 0.903945 0
    outer loop
      vertex 28.9243 64.9563 43.5
      vertex 28.8444 64.9185 45
      vertex 28.9243 64.9563 45
    endloop
  endfacet
  facet normal -0.427649 0.903945 0
    outer loop
      vertex 28.8444 64.9185 45
      vertex 28.9243 64.9563 43.5
      vertex 28.8444 64.9185 43.5
    endloop
  endfacet
  facet normal -0.336552 -0.941665 0
    outer loop
      vertex 28.7613 66.6112 43.5
      vertex 28.8444 66.5815 45
      vertex 28.7613 66.6112 45
    endloop
  endfacet
  facet normal -0.336552 -0.941665 -0
    outer loop
      vertex 28.8444 66.5815 45
      vertex 28.7613 66.6112 43.5
      vertex 28.8444 66.5815 43.5
    endloop
  endfacet
  facet normal -0.969942 0.243334 0
    outer loop
      vertex 29.3612 65.4887 43.5
      vertex 29.3827 65.5744 45
      vertex 29.3827 65.5744 43.5
    endloop
  endfacet
  facet normal -0.969942 0.243334 0
    outer loop
      vertex 29.3827 65.5744 45
      vertex 29.3612 65.4887 43.5
      vertex 29.3612 65.4887 45
    endloop
  endfacet
  facet normal 0.427649 -0.903945 0
    outer loop
      vertex 28.0757 66.5437 43.5
      vertex 28.1556 66.5815 45
      vertex 28.0757 66.5437 45
    endloop
  endfacet
  facet normal 0.427649 -0.903945 0
    outer loop
      vertex 28.1556 66.5815 45
      vertex 28.0757 66.5437 43.5
      vertex 28.1556 66.5815 43.5
    endloop
  endfacet
  facet normal -0.857593 -0.514329 0
    outer loop
      vertex 29.2937 66.1743 43.5
      vertex 29.2483 66.25 45
      vertex 29.2483 66.25 43.5
    endloop
  endfacet
  facet normal -0.857593 -0.514329 0
    outer loop
      vertex 29.2483 66.25 45
      vertex 29.2937 66.1743 43.5
      vertex 29.2937 66.1743 45
    endloop
  endfacet
  facet normal -0.243334 0.969942 0
    outer loop
      vertex 28.7613 64.8888 43.5
      vertex 28.6756 64.8673 45
      vertex 28.7613 64.8888 45
    endloop
  endfacet
  facet normal -0.243334 0.969942 0
    outer loop
      vertex 28.6756 64.8673 45
      vertex 28.7613 64.8888 43.5
      vertex 28.6756 64.8673 43.5
    endloop
  endfacet
  facet normal 0.969942 0.243334 0
    outer loop
      vertex 27.6388 65.4887 45
      vertex 27.6173 65.5744 43.5
      vertex 27.6173 65.5744 45
    endloop
  endfacet
  facet normal 0.969942 0.243334 0
    outer loop
      vertex 27.6173 65.5744 43.5
      vertex 27.6388 65.4887 45
      vertex 27.6388 65.4887 43.5
    endloop
  endfacet
  facet normal 0.336552 0.941665 -0
    outer loop
      vertex 28.2387 64.8888 43.5
      vertex 28.1556 64.9185 45
      vertex 28.2387 64.8888 45
    endloop
  endfacet
  facet normal 0.336552 0.941665 0
    outer loop
      vertex 28.1556 64.9185 45
      vertex 28.2387 64.8888 43.5
      vertex 28.1556 64.9185 43.5
    endloop
  endfacet
  facet normal 0.514329 -0.857593 0
    outer loop
      vertex 28 66.4983 43.5
      vertex 28.0757 66.5437 45
      vertex 28 66.4983 45
    endloop
  endfacet
  facet normal 0.514329 -0.857593 0
    outer loop
      vertex 28.0757 66.5437 45
      vertex 28 66.4983 43.5
      vertex 28.0757 66.5437 43.5
    endloop
  endfacet
  facet normal 0.514329 0.857593 -0
    outer loop
      vertex 28.0757 64.9563 43.5
      vertex 28 65.0017 45
      vertex 28.0757 64.9563 45
    endloop
  endfacet
  facet normal 0.514329 0.857593 0
    outer loop
      vertex 28 65.0017 45
      vertex 28.0757 64.9563 43.5
      vertex 28 65.0017 43.5
    endloop
  endfacet
  facet normal 0.671714 0.740811 -0
    outer loop
      vertex 27.929 65.0543 43.5
      vertex 27.8636 65.1136 45
      vertex 27.929 65.0543 45
    endloop
  endfacet
  facet normal 0.671714 0.740811 0
    outer loop
      vertex 27.8636 65.1136 45
      vertex 27.929 65.0543 43.5
      vertex 27.8636 65.1136 43.5
    endloop
  endfacet
  facet normal -0.336552 0.941665 0
    outer loop
      vertex 28.8444 64.9185 43.5
      vertex 28.7613 64.8888 45
      vertex 28.8444 64.9185 45
    endloop
  endfacet
  facet normal -0.336552 0.941665 0
    outer loop
      vertex 28.7613 64.8888 45
      vertex 28.8444 64.9185 43.5
      vertex 28.7613 64.8888 43.5
    endloop
  endfacet
  facet normal 0.740811 -0.671714 0
    outer loop
      vertex 27.8043 66.321 45
      vertex 27.8636 66.3864 43.5
      vertex 27.8636 66.3864 45
    endloop
  endfacet
  facet normal 0.740811 -0.671714 0
    outer loop
      vertex 27.8636 66.3864 43.5
      vertex 27.8043 66.321 45
      vertex 27.8043 66.321 43.5
    endloop
  endfacet
  facet normal -0.048695 -0.998814 0
    outer loop
      vertex 28.5 66.65 43.5
      vertex 28.5882 66.6457 45
      vertex 28.5 66.65 45
    endloop
  endfacet
  facet normal -0.048695 -0.998814 -0
    outer loop
      vertex 28.5882 66.6457 45
      vertex 28.5 66.65 43.5
      vertex 28.5882 66.6457 43.5
    endloop
  endfacet
  facet normal 0.998814 0.048695 0
    outer loop
      vertex 27.6043 65.6618 45
      vertex 27.6 65.75 43.5
      vertex 27.6 65.75 45
    endloop
  endfacet
  facet normal 0.998814 0.048695 0
    outer loop
      vertex 27.6 65.75 43.5
      vertex 27.6043 65.6618 45
      vertex 27.6043 65.6618 43.5
    endloop
  endfacet
  facet normal -0.740811 0.671714 0
    outer loop
      vertex 29.1364 65.1136 43.5
      vertex 29.1957 65.179 45
      vertex 29.1957 65.179 43.5
    endloop
  endfacet
  facet normal -0.740811 0.671714 0
    outer loop
      vertex 29.1957 65.179 45
      vertex 29.1364 65.1136 43.5
      vertex 29.1364 65.1136 45
    endloop
  endfacet
  facet normal -0.857593 0.514329 0
    outer loop
      vertex 29.2483 65.25 43.5
      vertex 29.2937 65.3257 45
      vertex 29.2937 65.3257 43.5
    endloop
  endfacet
  facet normal -0.857593 0.514329 0
    outer loop
      vertex 29.2937 65.3257 45
      vertex 29.2483 65.25 43.5
      vertex 29.2483 65.25 45
    endloop
  endfacet
  facet normal 0.941665 0.336552 0
    outer loop
      vertex 27.6685 65.4056 45
      vertex 27.6388 65.4887 43.5
      vertex 27.6388 65.4887 45
    endloop
  endfacet
  facet normal 0.941665 0.336552 0
    outer loop
      vertex 27.6388 65.4887 43.5
      vertex 27.6685 65.4056 45
      vertex 27.6685 65.4056 43.5
    endloop
  endfacet
  facet normal 0.595282 0.803517 -0
    outer loop
      vertex 28 65.0017 43.5
      vertex 27.929 65.0543 45
      vertex 28 65.0017 45
    endloop
  endfacet
  facet normal 0.595282 0.803517 0
    outer loop
      vertex 27.929 65.0543 45
      vertex 28 65.0017 43.5
      vertex 27.929 65.0543 43.5
    endloop
  endfacet
  facet normal 0.941665 -0.336552 0
    outer loop
      vertex 27.6388 66.0113 45
      vertex 27.6685 66.0944 43.5
      vertex 27.6685 66.0944 45
    endloop
  endfacet
  facet normal 0.941665 -0.336552 0
    outer loop
      vertex 27.6685 66.0944 43.5
      vertex 27.6388 66.0113 45
      vertex 27.6388 66.0113 43.5
    endloop
  endfacet
  facet normal 0.998814 -0.048695 0
    outer loop
      vertex 27.6 65.75 45
      vertex 27.6043 65.8382 43.5
      vertex 27.6043 65.8382 45
    endloop
  endfacet
  facet normal 0.998814 -0.048695 0
    outer loop
      vertex 27.6043 65.8382 43.5
      vertex 27.6 65.75 45
      vertex 27.6 65.75 43.5
    endloop
  endfacet
  facet normal 0.427649 0.903945 -0
    outer loop
      vertex 28.1556 64.9185 43.5
      vertex 28.0757 64.9563 45
      vertex 28.1556 64.9185 45
    endloop
  endfacet
  facet normal 0.427649 0.903945 0
    outer loop
      vertex 28.0757 64.9563 45
      vertex 28.1556 64.9185 43.5
      vertex 28.0757 64.9563 43.5
    endloop
  endfacet
  facet normal -0.147123 -0.989118 0
    outer loop
      vertex 28.5882 66.6457 43.5
      vertex 28.6756 66.6327 45
      vertex 28.5882 66.6457 45
    endloop
  endfacet
  facet normal -0.147123 -0.989118 -0
    outer loop
      vertex 28.6756 66.6327 45
      vertex 28.5882 66.6457 43.5
      vertex 28.6756 66.6327 43.5
    endloop
  endfacet
  facet normal 0.857593 -0.514329 0
    outer loop
      vertex 27.7063 66.1743 45
      vertex 27.7517 66.25 43.5
      vertex 27.7517 66.25 45
    endloop
  endfacet
  facet normal 0.857593 -0.514329 0
    outer loop
      vertex 27.7517 66.25 43.5
      vertex 27.7063 66.1743 45
      vertex 27.7063 66.1743 43.5
    endloop
  endfacet
  facet normal 0.989182 0.146696 0
    outer loop
      vertex 53.4904 42.446 45
      vertex 53.4616 42.6402 43.5
      vertex 53.4616 42.6402 45
    endloop
  endfacet
  facet normal 0.989182 0.146696 0
    outer loop
      vertex 53.4616 42.6402 43.5
      vertex 53.4904 42.446 45
      vertex 53.4904 42.446 43.5
    endloop
  endfacet
  facet normal 0.998803 0.0489209 0
    outer loop
      vertex 53.5 42.25 45
      vertex 53.4904 42.446 43.5
      vertex 53.4904 42.446 45
    endloop
  endfacet
  facet normal 0.998803 0.0489209 0
    outer loop
      vertex 53.4904 42.446 43.5
      vertex 53.5 42.25 45
      vertex 53.5 42.25 43.5
    endloop
  endfacet
  facet normal 0.970023 0.243015 0
    outer loop
      vertex 53.4616 42.6402 45
      vertex 53.4139 42.8306 43.5
      vertex 53.4139 42.8306 45
    endloop
  endfacet
  facet normal 0.970023 0.243015 0
    outer loop
      vertex 53.4139 42.8306 43.5
      vertex 53.4616 42.6402 45
      vertex 53.4616 42.6402 43.5
    endloop
  endfacet
  facet normal -0.514196 -0.857673 0
    outer loop
      vertex 50.3889 40.5871 43.5
      vertex 50.5572 40.4862 45
      vertex 50.3889 40.5871 45
    endloop
  endfacet
  facet normal -0.514196 -0.857673 -0
    outer loop
      vertex 50.5572 40.4862 45
      vertex 50.3889 40.5871 43.5
      vertex 50.5572 40.4862 43.5
    endloop
  endfacet
  facet normal -0.514196 0.857673 0
    outer loop
      vertex 50.5572 44.0138 43.5
      vertex 50.3889 43.9129 45
      vertex 50.5572 44.0138 45
    endloop
  endfacet
  facet normal -0.514196 0.857673 0
    outer loop
      vertex 50.3889 43.9129 45
      vertex 50.5572 44.0138 43.5
      vertex 50.3889 43.9129 43.5
    endloop
  endfacet
  facet normal -0.94158 0.336788 0
    outer loop
      vertex 49.5861 42.8306 43.5
      vertex 49.6522 43.0154 45
      vertex 49.6522 43.0154 43.5
    endloop
  endfacet
  facet normal -0.94158 0.336788 0
    outer loop
      vertex 49.6522 43.0154 45
      vertex 49.5861 42.8306 43.5
      vertex 49.5861 42.8306 45
    endloop
  endfacet
  facet normal 0.336788 0.94158 -0
    outer loop
      vertex 52.2654 44.0978 43.5
      vertex 52.0806 44.1639 45
      vertex 52.2654 44.0978 45
    endloop
  endfacet
  facet normal 0.336788 0.94158 0
    outer loop
      vertex 52.0806 44.1639 45
      vertex 52.2654 44.0978 43.5
      vertex 52.0806 44.1639 43.5
    endloop
  endfacet
  facet normal 0 0 -1
    outer loop
      vertex 52.4 42.25 43.5
      vertex 53.5 42.25 43.5
      vertex 53.4904 42.054 43.5
    endloop
  endfacet
  facet normal 0 0 -1
    outer loop
      vertex 52.3957 42.1618 43.5
      vertex 53.4904 42.054 43.5
      vertex 53.4616 41.8598 43.5
    endloop
  endfacet
  facet normal 0 0 -1
    outer loop
      vertex 53.5 42.25 43.5
      vertex 52.4 42.25 43.5
      vertex 53.4904 42.446 43.5
    endloop
  endfacet
  facet normal 0 0 -1
    outer loop
      vertex 52.3827 42.0744 43.5
      vertex 53.4616 41.8598 43.5
      vertex 53.4139 41.6694 43.5
    endloop
  endfacet
  facet normal 0 0 -1
    outer loop
      vertex 52.3957 42.3382 43.5
      vertex 53.4904 42.446 43.5
      vertex 52.4 42.25 43.5
    endloop
  endfacet
  facet normal 0 0 -1
    outer loop
      vertex 52.3612 41.9887 43.5
      vertex 53.4139 41.6694 43.5
      vertex 53.3478 41.4846 43.5
    endloop
  endfacet
  facet normal -0 0 -1
    outer loop
      vertex 53.4904 42.446 43.5
      vertex 52.3957 42.3382 43.5
      vertex 53.4616 42.6402 43.5
    endloop
  endfacet
  facet normal 0 0 -1
    outer loop
      vertex 52.3315 41.9056 43.5
      vertex 53.3478 41.4846 43.5
      vertex 53.2638 41.3072 43.5
    endloop
  endfacet
  facet normal 0 0 -1
    outer loop
      vertex 52.3827 42.4256 43.5
      vertex 53.4616 42.6402 43.5
      vertex 52.3957 42.3382 43.5
    endloop
  endfacet
  facet normal 0 0 -1
    outer loop
      vertex 52.2937 41.8257 43.5
      vertex 53.2638 41.3072 43.5
      vertex 53.1629 41.1389 43.5
    endloop
  endfacet
  facet normal -0 0 -1
    outer loop
      vertex 53.4616 42.6402 43.5
      vertex 52.3827 42.4256 43.5
      vertex 53.4139 42.8306 43.5
    endloop
  endfacet
  facet normal 0 0 -1
    outer loop
      vertex 52.2483 41.75 43.5
      vertex 53.1629 41.1389 43.5
      vertex 53.046 40.9812 43.5
    endloop
  endfacet
  facet normal 0 0 -1
    outer loop
      vertex 52.3612 42.5113 43.5
      vertex 53.4139 42.8306 43.5
      vertex 52.3827 42.4256 43.5
    endloop
  endfacet
  facet normal 0 0 -1
    outer loop
      vertex 52.1957 41.679 43.5
      vertex 53.046 40.9812 43.5
      vertex 52.9142 40.8358 43.5
    endloop
  endfacet
  facet normal -0 0 -1
    outer loop
      vertex 53.4139 42.8306 43.5
      vertex 52.3612 42.5113 43.5
      vertex 53.3478 43.0154 43.5
    endloop
  endfacet
  facet normal 0 0 -1
    outer loop
      vertex 52.1364 41.6136 43.5
      vertex 52.9142 40.8358 43.5
      vertex 52.7688 40.704 43.5
    endloop
  endfacet
  facet normal 0 0 -1
    outer loop
      vertex 52.3315 42.5944 43.5
      vertex 53.3478 43.0154 43.5
      vertex 52.3612 42.5113 43.5
    endloop
  endfacet
  facet normal 0 0 -1
    outer loop
      vertex 52.071 41.5543 43.5
      vertex 52.7688 40.704 43.5
      vertex 52.6111 40.5871 43.5
    endloop
  endfacet
  facet normal -0 0 -1
    outer loop
      vertex 53.3478 43.0154 43.5
      vertex 52.3315 42.5944 43.5
      vertex 53.2638 43.1928 43.5
    endloop
  endfacet
  facet normal 0 0 -1
    outer loop
      vertex 52 41.5017 43.5
      vertex 52.6111 40.5871 43.5
      vertex 52.4428 40.4862 43.5
    endloop
  endfacet
  facet normal 0 0 -1
    outer loop
      vertex 52.2937 42.6743 43.5
      vertex 53.2638 43.1928 43.5
      vertex 52.3315 42.5944 43.5
    endloop
  endfacet
  facet normal -0 0 -1
    outer loop
      vertex 53.2638 43.1928 43.5
      vertex 52.2937 42.6743 43.5
      vertex 53.1629 43.3611 43.5
    endloop
  endfacet
  facet normal 0 0 -1
    outer loop
      vertex 53.4904 42.054 43.5
      vertex 52.3957 42.1618 43.5
      vertex 52.4 42.25 43.5
    endloop
  endfacet
  facet normal 0 0 -1
    outer loop
      vertex 53.4616 41.8598 43.5
      vertex 52.3827 42.0744 43.5
      vertex 52.3957 42.1618 43.5
    endloop
  endfacet
  facet normal 0 0 -1
    outer loop
      vertex 53.4139 41.6694 43.5
      vertex 52.3612 41.9887 43.5
      vertex 52.3827 42.0744 43.5
    endloop
  endfacet
  facet normal 0 0 -1
    outer loop
      vertex 53.3478 41.4846 43.5
      vertex 52.3315 41.9056 43.5
      vertex 52.3612 41.9887 43.5
    endloop
  endfacet
  facet normal 0 0 -1
    outer loop
      vertex 53.2638 41.3072 43.5
      vertex 52.2937 41.8257 43.5
      vertex 52.3315 41.9056 43.5
    endloop
  endfacet
  facet normal 0 0 -1
    outer loop
      vertex 51.9243 41.4563 43.5
      vertex 52.4428 40.4862 43.5
      vertex 52.2654 40.4022 43.5
    endloop
  endfacet
  facet normal 0 0 -1
    outer loop
      vertex 53.1629 41.1389 43.5
      vertex 52.2483 41.75 43.5
      vertex 52.2937 41.8257 43.5
    endloop
  endfacet
  facet normal 0 0 -1
    outer loop
      vertex 53.046 40.9812 43.5
      vertex 52.1957 41.679 43.5
      vertex 52.2483 41.75 43.5
    endloop
  endfacet
  facet normal 0 0 -1
    outer loop
      vertex 52.9142 40.8358 43.5
      vertex 52.1364 41.6136 43.5
      vertex 52.1957 41.679 43.5
    endloop
  endfacet
  facet normal 0 0 -1
    outer loop
      vertex 51.8444 41.4185 43.5
      vertex 52.2654 40.4022 43.5
      vertex 52.0806 40.3361 43.5
    endloop
  endfacet
  facet normal 0 0 -1
    outer loop
      vertex 52.7688 40.704 43.5
      vertex 52.071 41.5543 43.5
      vertex 52.1364 41.6136 43.5
    endloop
  endfacet
  facet normal 0 0 -1
    outer loop
      vertex 52.6111 40.5871 43.5
      vertex 52 41.5017 43.5
      vertex 52.071 41.5543 43.5
    endloop
  endfacet
  facet normal 0 0 -1
    outer loop
      vertex 52.4428 40.4862 43.5
      vertex 51.9243 41.4563 43.5
      vertex 52 41.5017 43.5
    endloop
  endfacet
  facet normal 0 0 -1
    outer loop
      vertex 51.7613 41.3888 43.5
      vertex 52.0806 40.3361 43.5
      vertex 51.8902 40.2884 43.5
    endloop
  endfacet
  facet normal 0 0 -1
    outer loop
      vertex 52.2654 40.4022 43.5
      vertex 51.8444 41.4185 43.5
      vertex 51.9243 41.4563 43.5
    endloop
  endfacet
  facet normal 0 0 -1
    outer loop
      vertex 52.0806 40.3361 43.5
      vertex 51.7613 41.3888 43.5
      vertex 51.8444 41.4185 43.5
    endloop
  endfacet
  facet normal 0 0 -1
    outer loop
      vertex 51.6756 41.3673 43.5
      vertex 51.8902 40.2884 43.5
      vertex 51.696 40.2596 43.5
    endloop
  endfacet
  facet normal 0 0 -1
    outer loop
      vertex 51.8902 40.2884 43.5
      vertex 51.6756 41.3673 43.5
      vertex 51.7613 41.3888 43.5
    endloop
  endfacet
  facet normal 0 0 -1
    outer loop
      vertex 51.696 40.2596 43.5
      vertex 51.5882 41.3543 43.5
      vertex 51.6756 41.3673 43.5
    endloop
  endfacet
  facet normal 0 0 -1
    outer loop
      vertex 51.5 40.25 43.5
      vertex 51.5882 41.3543 43.5
      vertex 51.696 40.2596 43.5
    endloop
  endfacet
  facet normal 0 0 -1
    outer loop
      vertex 51.5 40.25 43.5
      vertex 51.5 41.35 43.5
      vertex 51.5882 41.3543 43.5
    endloop
  endfacet
  facet normal 0 0 -1
    outer loop
      vertex 51.5 40.25 43.5
      vertex 51.4118 41.3543 43.5
      vertex 51.5 41.35 43.5
    endloop
  endfacet
  facet normal 0 0 -1
    outer loop
      vertex 51.304 40.2596 43.5
      vertex 51.4118 41.3543 43.5
      vertex 51.5 40.25 43.5
    endloop
  endfacet
  facet normal -0 0 -1
    outer loop
      vertex 51.4118 41.3543 43.5
      vertex 51.304 40.2596 43.5
      vertex 51.3244 41.3673 43.5
    endloop
  endfacet
  facet normal 0 0 -1
    outer loop
      vertex 51.1098 40.2884 43.5
      vertex 51.3244 41.3673 43.5
      vertex 51.304 40.2596 43.5
    endloop
  endfacet
  facet normal -0 0 -1
    outer loop
      vertex 51.3244 41.3673 43.5
      vertex 51.1098 40.2884 43.5
      vertex 51.2387 41.3888 43.5
    endloop
  endfacet
  facet normal 0 0 -1
    outer loop
      vertex 50.9194 40.3361 43.5
      vertex 51.2387 41.3888 43.5
      vertex 51.1098 40.2884 43.5
    endloop
  endfacet
  facet normal -0 0 -1
    outer loop
      vertex 51.2387 41.3888 43.5
      vertex 50.9194 40.3361 43.5
      vertex 51.1556 41.4185 43.5
    endloop
  endfacet
  facet normal 0 0 -1
    outer loop
      vertex 50.7346 40.4022 43.5
      vertex 51.1556 41.4185 43.5
      vertex 50.9194 40.3361 43.5
    endloop
  endfacet
  facet normal -0 0 -1
    outer loop
      vertex 51.1556 41.4185 43.5
      vertex 50.7346 40.4022 43.5
      vertex 51.0757 41.4563 43.5
    endloop
  endfacet
  facet normal 0 0 -1
    outer loop
      vertex 50.5572 40.4862 43.5
      vertex 51.0757 41.4563 43.5
      vertex 50.7346 40.4022 43.5
    endloop
  endfacet
  facet normal -0 0 -1
    outer loop
      vertex 51.0757 41.4563 43.5
      vertex 50.5572 40.4862 43.5
      vertex 51 41.5017 43.5
    endloop
  endfacet
  facet normal 0 0 -1
    outer loop
      vertex 50.3889 40.5871 43.5
      vertex 51 41.5017 43.5
      vertex 50.5572 40.4862 43.5
    endloop
  endfacet
  facet normal -0 0 -1
    outer loop
      vertex 51 41.5017 43.5
      vertex 50.3889 40.5871 43.5
      vertex 50.929 41.5543 43.5
    endloop
  endfacet
  facet normal 0 0 -1
    outer loop
      vertex 50.2312 40.704 43.5
      vertex 50.929 41.5543 43.5
      vertex 50.3889 40.5871 43.5
    endloop
  endfacet
  facet normal -0 0 -1
    outer loop
      vertex 50.929 41.5543 43.5
      vertex 50.2312 40.704 43.5
      vertex 50.8636 41.6136 43.5
    endloop
  endfacet
  facet normal 0 0 -1
    outer loop
      vertex 50.0858 40.8358 43.5
      vertex 50.8636 41.6136 43.5
      vertex 50.2312 40.704 43.5
    endloop
  endfacet
  facet normal -0 0 -1
    outer loop
      vertex 50.8636 41.6136 43.5
      vertex 50.0858 40.8358 43.5
      vertex 50.8043 41.679 43.5
    endloop
  endfacet
  facet normal 0 0 -1
    outer loop
      vertex 49.954 40.9812 43.5
      vertex 50.8043 41.679 43.5
      vertex 50.0858 40.8358 43.5
    endloop
  endfacet
  facet normal -0 0 -1
    outer loop
      vertex 50.8043 41.679 43.5
      vertex 49.954 40.9812 43.5
      vertex 50.7517 41.75 43.5
    endloop
  endfacet
  facet normal -0 0 -1
    outer loop
      vertex 50.7517 41.75 43.5
      vertex 49.8371 41.1389 43.5
      vertex 50.7063 41.8257 43.5
    endloop
  endfacet
  facet normal 0 0 -1
    outer loop
      vertex 49.8371 41.1389 43.5
      vertex 50.7517 41.75 43.5
      vertex 49.954 40.9812 43.5
    endloop
  endfacet
  facet normal 0 0 -1
    outer loop
      vertex 52.2483 42.75 43.5
      vertex 53.1629 43.3611 43.5
      vertex 52.2937 42.6743 43.5
    endloop
  endfacet
  facet normal -0 0 -1
    outer loop
      vertex 53.1629 43.3611 43.5
      vertex 52.2483 42.75 43.5
      vertex 53.046 43.5188 43.5
    endloop
  endfacet
  facet normal 0 0 -1
    outer loop
      vertex 52.1957 42.821 43.5
      vertex 53.046 43.5188 43.5
      vertex 52.2483 42.75 43.5
    endloop
  endfacet
  facet normal -0 0 -1
    outer loop
      vertex 53.046 43.5188 43.5
      vertex 52.1957 42.821 43.5
      vertex 52.9142 43.6642 43.5
    endloop
  endfacet
  facet normal 0 0 -1
    outer loop
      vertex 52.1364 42.8864 43.5
      vertex 52.9142 43.6642 43.5
      vertex 52.1957 42.821 43.5
    endloop
  endfacet
  facet normal -0 0 -1
    outer loop
      vertex 52.9142 43.6642 43.5
      vertex 52.1364 42.8864 43.5
      vertex 52.7688 43.796 43.5
    endloop
  endfacet
  facet normal 0 0 -1
    outer loop
      vertex 52.071 42.9457 43.5
      vertex 52.7688 43.796 43.5
      vertex 52.1364 42.8864 43.5
    endloop
  endfacet
  facet normal -0 0 -1
    outer loop
      vertex 52.7688 43.796 43.5
      vertex 52.071 42.9457 43.5
      vertex 52.6111 43.9129 43.5
    endloop
  endfacet
  facet normal 0 0 -1
    outer loop
      vertex 52 42.9983 43.5
      vertex 52.6111 43.9129 43.5
      vertex 52.071 42.9457 43.5
    endloop
  endfacet
  facet normal -0 0 -1
    outer loop
      vertex 52.6111 43.9129 43.5
      vertex 52 42.9983 43.5
      vertex 52.4428 44.0138 43.5
    endloop
  endfacet
  facet normal 0 0 -1
    outer loop
      vertex 51.9243 43.0437 43.5
      vertex 52.4428 44.0138 43.5
      vertex 52 42.9983 43.5
    endloop
  endfacet
  facet normal -0 0 -1
    outer loop
      vertex 52.4428 44.0138 43.5
      vertex 51.9243 43.0437 43.5
      vertex 52.2654 44.0978 43.5
    endloop
  endfacet
  facet normal 0 0 -1
    outer loop
      vertex 51.8444 43.0815 43.5
      vertex 52.2654 44.0978 43.5
      vertex 51.9243 43.0437 43.5
    endloop
  endfacet
  facet normal -0 0 -1
    outer loop
      vertex 52.2654 44.0978 43.5
      vertex 51.8444 43.0815 43.5
      vertex 52.0806 44.1639 43.5
    endloop
  endfacet
  facet normal 0 0 -1
    outer loop
      vertex 51.7613 43.1112 43.5
      vertex 52.0806 44.1639 43.5
      vertex 51.8444 43.0815 43.5
    endloop
  endfacet
  facet normal -0 0 -1
    outer loop
      vertex 52.0806 44.1639 43.5
      vertex 51.7613 43.1112 43.5
      vertex 51.8902 44.2116 43.5
    endloop
  endfacet
  facet normal 0 0 -1
    outer loop
      vertex 51.6756 43.1327 43.5
      vertex 51.8902 44.2116 43.5
      vertex 51.7613 43.1112 43.5
    endloop
  endfacet
  facet normal -0 0 -1
    outer loop
      vertex 51.8902 44.2116 43.5
      vertex 51.6756 43.1327 43.5
      vertex 51.696 44.2404 43.5
    endloop
  endfacet
  facet normal 0 0 -1
    outer loop
      vertex 51.5882 43.1457 43.5
      vertex 51.696 44.2404 43.5
      vertex 51.6756 43.1327 43.5
    endloop
  endfacet
  facet normal 0 0 -1
    outer loop
      vertex 51.5 43.15 43.5
      vertex 51.696 44.2404 43.5
      vertex 51.5882 43.1457 43.5
    endloop
  endfacet
  facet normal 0 0 -1
    outer loop
      vertex 51.5 43.15 43.5
      vertex 51.5 44.25 43.5
      vertex 51.696 44.2404 43.5
    endloop
  endfacet
  facet normal 0 0 -1
    outer loop
      vertex 51.4118 43.1457 43.5
      vertex 51.5 44.25 43.5
      vertex 51.5 43.15 43.5
    endloop
  endfacet
  facet normal 0 0 -1
    outer loop
      vertex 51.304 44.2404 43.5
      vertex 51.4118 43.1457 43.5
      vertex 51.3244 43.1327 43.5
    endloop
  endfacet
  facet normal 0 0 -1
    outer loop
      vertex 51.4118 43.1457 43.5
      vertex 51.304 44.2404 43.5
      vertex 51.5 44.25 43.5
    endloop
  endfacet
  facet normal 0 0 -1
    outer loop
      vertex 51.1098 44.2116 43.5
      vertex 51.3244 43.1327 43.5
      vertex 51.2387 43.1112 43.5
    endloop
  endfacet
  facet normal 0 0 -1
    outer loop
      vertex 50.9194 44.1639 43.5
      vertex 51.2387 43.1112 43.5
      vertex 51.1556 43.0815 43.5
    endloop
  endfacet
  facet normal 0 0 -1
    outer loop
      vertex 51.3244 43.1327 43.5
      vertex 51.1098 44.2116 43.5
      vertex 51.304 44.2404 43.5
    endloop
  endfacet
  facet normal 0 0 -1
    outer loop
      vertex 50.7346 44.0978 43.5
      vertex 51.1556 43.0815 43.5
      vertex 51.0757 43.0437 43.5
    endloop
  endfacet
  facet normal 0 0 -1
    outer loop
      vertex 50.5572 44.0138 43.5
      vertex 51.0757 43.0437 43.5
      vertex 51 42.9983 43.5
    endloop
  endfacet
  facet normal 0 0 -1
    outer loop
      vertex 50.3889 43.9129 43.5
      vertex 51 42.9983 43.5
      vertex 50.929 42.9457 43.5
    endloop
  endfacet
  facet normal 0 0 -1
    outer loop
      vertex 51.2387 43.1112 43.5
      vertex 50.9194 44.1639 43.5
      vertex 51.1098 44.2116 43.5
    endloop
  endfacet
  facet normal 0 0 -1
    outer loop
      vertex 50.2312 43.796 43.5
      vertex 50.929 42.9457 43.5
      vertex 50.8636 42.8864 43.5
    endloop
  endfacet
  facet normal 0 0 -1
    outer loop
      vertex 50.0858 43.6642 43.5
      vertex 50.8636 42.8864 43.5
      vertex 50.8043 42.821 43.5
    endloop
  endfacet
  facet normal 0 0 -1
    outer loop
      vertex 49.954 43.5188 43.5
      vertex 50.8043 42.821 43.5
      vertex 50.7517 42.75 43.5
    endloop
  endfacet
  facet normal 0 0 -1
    outer loop
      vertex 51.1556 43.0815 43.5
      vertex 50.7346 44.0978 43.5
      vertex 50.9194 44.1639 43.5
    endloop
  endfacet
  facet normal 0 0 -1
    outer loop
      vertex 49.8371 43.3611 43.5
      vertex 50.7517 42.75 43.5
      vertex 50.7063 42.6743 43.5
    endloop
  endfacet
  facet normal 0 0 -1
    outer loop
      vertex 49.7362 43.1928 43.5
      vertex 50.7063 42.6743 43.5
      vertex 50.6685 42.5944 43.5
    endloop
  endfacet
  facet normal 0 0 -1
    outer loop
      vertex 49.6522 43.0154 43.5
      vertex 50.6685 42.5944 43.5
      vertex 50.6388 42.5113 43.5
    endloop
  endfacet
  facet normal 0 0 -1
    outer loop
      vertex 49.5861 42.8306 43.5
      vertex 50.6388 42.5113 43.5
      vertex 50.6173 42.4256 43.5
    endloop
  endfacet
  facet normal 0 0 -1
    outer loop
      vertex 49.5384 42.6402 43.5
      vertex 50.6173 42.4256 43.5
      vertex 50.6043 42.3382 43.5
    endloop
  endfacet
  facet normal 0 0 -1
    outer loop
      vertex 51.0757 43.0437 43.5
      vertex 50.5572 44.0138 43.5
      vertex 50.7346 44.0978 43.5
    endloop
  endfacet
  facet normal 0 0 -1
    outer loop
      vertex 49.5096 42.446 43.5
      vertex 50.6043 42.3382 43.5
      vertex 50.6 42.25 43.5
    endloop
  endfacet
  facet normal 0 0 -1
    outer loop
      vertex 49.7362 41.3072 43.5
      vertex 50.7063 41.8257 43.5
      vertex 49.8371 41.1389 43.5
    endloop
  endfacet
  facet normal -0 0 -1
    outer loop
      vertex 50.7063 41.8257 43.5
      vertex 49.7362 41.3072 43.5
      vertex 50.6685 41.9056 43.5
    endloop
  endfacet
  facet normal 0 0 -1
    outer loop
      vertex 51 42.9983 43.5
      vertex 50.3889 43.9129 43.5
      vertex 50.5572 44.0138 43.5
    endloop
  endfacet
  facet normal 0 0 -1
    outer loop
      vertex 49.6522 41.4846 43.5
      vertex 50.6685 41.9056 43.5
      vertex 49.7362 41.3072 43.5
    endloop
  endfacet
  facet normal 0 0 -1
    outer loop
      vertex 50.929 42.9457 43.5
      vertex 50.2312 43.796 43.5
      vertex 50.3889 43.9129 43.5
    endloop
  endfacet
  facet normal -0 0 -1
    outer loop
      vertex 50.6685 41.9056 43.5
      vertex 49.6522 41.4846 43.5
      vertex 50.6388 41.9887 43.5
    endloop
  endfacet
  facet normal 0 0 -1
    outer loop
      vertex 50.8636 42.8864 43.5
      vertex 50.0858 43.6642 43.5
      vertex 50.2312 43.796 43.5
    endloop
  endfacet
  facet normal 0 0 -1
    outer loop
      vertex 49.5861 41.6694 43.5
      vertex 50.6388 41.9887 43.5
      vertex 49.6522 41.4846 43.5
    endloop
  endfacet
  facet normal 0 0 -1
    outer loop
      vertex 50.8043 42.821 43.5
      vertex 49.954 43.5188 43.5
      vertex 50.0858 43.6642 43.5
    endloop
  endfacet
  facet normal -0 0 -1
    outer loop
      vertex 50.6388 41.9887 43.5
      vertex 49.5861 41.6694 43.5
      vertex 50.6173 42.0744 43.5
    endloop
  endfacet
  facet normal 0 0 -1
    outer loop
      vertex 50.7517 42.75 43.5
      vertex 49.8371 43.3611 43.5
      vertex 49.954 43.5188 43.5
    endloop
  endfacet
  facet normal 0 0 -1
    outer loop
      vertex 49.5384 41.8598 43.5
      vertex 50.6173 42.0744 43.5
      vertex 49.5861 41.6694 43.5
    endloop
  endfacet
  facet normal 0 0 -1
    outer loop
      vertex 50.7063 42.6743 43.5
      vertex 49.7362 43.1928 43.5
      vertex 49.8371 43.3611 43.5
    endloop
  endfacet
  facet normal -0 0 -1
    outer loop
      vertex 50.6173 42.0744 43.5
      vertex 49.5384 41.8598 43.5
      vertex 50.6043 42.1618 43.5
    endloop
  endfacet
  facet normal 0 0 -1
    outer loop
      vertex 50.6685 42.5944 43.5
      vertex 49.6522 43.0154 43.5
      vertex 49.7362 43.1928 43.5
    endloop
  endfacet
  facet normal 0 0 -1
    outer loop
      vertex 49.5096 42.054 43.5
      vertex 50.6043 42.1618 43.5
      vertex 49.5384 41.8598 43.5
    endloop
  endfacet
  facet normal 0 0 -1
    outer loop
      vertex 50.6388 42.5113 43.5
      vertex 49.5861 42.8306 43.5
      vertex 49.6522 43.0154 43.5
    endloop
  endfacet
  facet normal -0 0 -1
    outer loop
      vertex 50.6043 42.1618 43.5
      vertex 49.5096 42.054 43.5
      vertex 50.6 42.25 43.5
    endloop
  endfacet
  facet normal 0 0 -1
    outer loop
      vertex 50.6173 42.4256 43.5
      vertex 49.5384 42.6402 43.5
      vertex 49.5861 42.8306 43.5
    endloop
  endfacet
  facet normal 0 0 -1
    outer loop
      vertex 49.5 42.25 43.5
      vertex 50.6 42.25 43.5
      vertex 49.5096 42.054 43.5
    endloop
  endfacet
  facet normal 0 0 -1
    outer loop
      vertex 50.6043 42.3382 43.5
      vertex 49.5096 42.446 43.5
      vertex 49.5384 42.6402 43.5
    endloop
  endfacet
  facet normal 0 0 -1
    outer loop
      vertex 50.6 42.25 43.5
      vertex 49.5 42.25 43.5
      vertex 49.5096 42.446 43.5
    endloop
  endfacet
  facet normal -0.94158 -0.336788 0
    outer loop
      vertex 49.6522 41.4846 43.5
      vertex 49.5861 41.6694 45
      vertex 49.5861 41.6694 43.5
    endloop
  endfacet
  facet normal -0.94158 -0.336788 0
    outer loop
      vertex 49.5861 41.6694 45
      vertex 49.6522 41.4846 43.5
      vertex 49.6522 41.4846 45
    endloop
  endfacet
  facet normal -0.146696 0.989182 0
    outer loop
      vertex 51.304 44.2404 43.5
      vertex 51.1098 44.2116 45
      vertex 51.304 44.2404 45
    endloop
  endfacet
  facet normal -0.146696 0.989182 0
    outer loop
      vertex 51.1098 44.2116 45
      vertex 51.304 44.2404 43.5
      vertex 51.1098 44.2116 43.5
    endloop
  endfacet
  facet normal 0.146696 -0.989182 0
    outer loop
      vertex 51.696 40.2596 43.5
      vertex 51.8902 40.2884 45
      vertex 51.696 40.2596 45
    endloop
  endfacet
  facet normal 0.146696 -0.989182 0
    outer loop
      vertex 51.8902 40.2884 45
      vertex 51.696 40.2596 43.5
      vertex 51.8902 40.2884 43.5
    endloop
  endfacet
  facet normal -0.740908 0.671607 0
    outer loop
      vertex 49.954 43.5188 43.5
      vertex 50.0858 43.6642 45
      vertex 50.0858 43.6642 43.5
    endloop
  endfacet
  facet normal -0.740908 0.671607 0
    outer loop
      vertex 50.0858 43.6642 45
      vertex 49.954 43.5188 43.5
      vertex 49.954 43.5188 45
    endloop
  endfacet
  facet normal 0.427955 -0.9038 0
    outer loop
      vertex 52.2654 40.4022 43.5
      vertex 52.4428 40.4862 45
      vertex 52.2654 40.4022 45
    endloop
  endfacet
  facet normal 0.427955 -0.9038 0
    outer loop
      vertex 52.4428 40.4862 45
      vertex 52.2654 40.4022 43.5
      vertex 52.4428 40.4862 43.5
    endloop
  endfacet
  facet normal 0.80335 -0.595508 0
    outer loop
      vertex 53.046 40.9812 45
      vertex 53.1629 41.1389 43.5
      vertex 53.1629 41.1389 45
    endloop
  endfacet
  facet normal 0.80335 -0.595508 0
    outer loop
      vertex 53.1629 41.1389 43.5
      vertex 53.046 40.9812 45
      vertex 53.046 40.9812 43.5
    endloop
  endfacet
  facet normal 0.336788 -0.94158 0
    outer loop
      vertex 52.0806 40.3361 43.5
      vertex 52.2654 40.4022 45
      vertex 52.0806 40.3361 45
    endloop
  endfacet
  facet normal 0.336788 -0.94158 0
    outer loop
      vertex 52.2654 40.4022 45
      vertex 52.0806 40.3361 43.5
      vertex 52.2654 40.4022 43.5
    endloop
  endfacet
  facet normal 0.989182 -0.146696 0
    outer loop
      vertex 53.4616 41.8598 45
      vertex 53.4904 42.054 43.5
      vertex 53.4904 42.054 45
    endloop
  endfacet
  facet normal 0.989182 -0.146696 0
    outer loop
      vertex 53.4904 42.054 43.5
      vertex 53.4616 41.8598 45
      vertex 53.4616 41.8598 43.5
    endloop
  endfacet
  facet normal 0.671607 -0.740908 0
    outer loop
      vertex 52.7688 40.704 43.5
      vertex 52.9142 40.8358 45
      vertex 52.7688 40.704 45
    endloop
  endfacet
  facet normal 0.671607 -0.740908 0
    outer loop
      vertex 52.9142 40.8358 45
      vertex 52.7688 40.704 43.5
      vertex 52.9142 40.8358 43.5
    endloop
  endfacet
  facet normal 0.0489209 0.998803 -0
    outer loop
      vertex 51.696 44.2404 43.5
      vertex 51.5 44.25 45
      vertex 51.696 44.2404 45
    endloop
  endfacet
  facet normal 0.0489209 0.998803 0
    outer loop
      vertex 51.5 44.25 45
      vertex 51.696 44.2404 43.5
      vertex 51.5 44.25 43.5
    endloop
  endfacet
  facet normal 0.427955 0.9038 -0
    outer loop
      vertex 52.4428 44.0138 43.5
      vertex 52.2654 44.0978 45
      vertex 52.4428 44.0138 45
    endloop
  endfacet
  facet normal 0.427955 0.9038 0
    outer loop
      vertex 52.2654 44.0978 45
      vertex 52.4428 44.0138 43.5
      vertex 52.2654 44.0978 43.5
    endloop
  endfacet
  facet normal -0.427955 0.9038 0
    outer loop
      vertex 50.7346 44.0978 43.5
      vertex 50.5572 44.0138 45
      vertex 50.7346 44.0978 45
    endloop
  endfacet
  facet normal -0.427955 0.9038 0
    outer loop
      vertex 50.5572 44.0138 45
      vertex 50.7346 44.0978 43.5
      vertex 50.5572 44.0138 43.5
    endloop
  endfacet
  facet normal -0.857673 -0.514196 0
    outer loop
      vertex 49.8371 41.1389 43.5
      vertex 49.7362 41.3072 45
      vertex 49.7362 41.3072 43.5
    endloop
  endfacet
  facet normal -0.857673 -0.514196 0
    outer loop
      vertex 49.7362 41.3072 45
      vertex 49.8371 41.1389 43.5
      vertex 49.8371 41.1389 45
    endloop
  endfacet
  facet normal -0.243015 -0.970023 0
    outer loop
      vertex 50.9194 40.3361 43.5
      vertex 51.1098 40.2884 45
      vertex 50.9194 40.3361 45
    endloop
  endfacet
  facet normal -0.243015 -0.970023 -0
    outer loop
      vertex 51.1098 40.2884 45
      vertex 50.9194 40.3361 43.5
      vertex 51.1098 40.2884 43.5
    endloop
  endfacet
  facet normal 0.740908 -0.671607 0
    outer loop
      vertex 52.9142 40.8358 45
      vertex 53.046 40.9812 43.5
      vertex 53.046 40.9812 45
    endloop
  endfacet
  facet normal 0.740908 -0.671607 0
    outer loop
      vertex 53.046 40.9812 43.5
      vertex 52.9142 40.8358 45
      vertex 52.9142 40.8358 43.5
    endloop
  endfacet
  facet normal -0.970023 -0.243015 0
    outer loop
      vertex 49.5861 41.6694 43.5
      vertex 49.5384 41.8598 45
      vertex 49.5384 41.8598 43.5
    endloop
  endfacet
  facet normal -0.970023 -0.243015 0
    outer loop
      vertex 49.5384 41.8598 45
      vertex 49.5861 41.6694 43.5
      vertex 49.5861 41.6694 45
    endloop
  endfacet
  facet normal -0.671607 -0.740908 0
    outer loop
      vertex 50.0858 40.8358 43.5
      vertex 50.2312 40.704 45
      vertex 50.0858 40.8358 45
    endloop
  endfacet
  facet normal -0.671607 -0.740908 -0
    outer loop
      vertex 50.2312 40.704 45
      vertex 50.0858 40.8358 43.5
      vertex 50.2312 40.704 43.5
    endloop
  endfacet
  facet normal 0.970023 -0.243015 0
    outer loop
      vertex 53.4139 41.6694 45
      vertex 53.4616 41.8598 43.5
      vertex 53.4616 41.8598 45
    endloop
  endfacet
  facet normal 0.970023 -0.243015 0
    outer loop
      vertex 53.4616 41.8598 43.5
      vertex 53.4139 41.6694 45
      vertex 53.4139 41.6694 43.5
    endloop
  endfacet
  facet normal -0.336788 0.94158 0
    outer loop
      vertex 50.9194 44.1639 43.5
      vertex 50.7346 44.0978 45
      vertex 50.9194 44.1639 45
    endloop
  endfacet
  facet normal -0.336788 0.94158 0
    outer loop
      vertex 50.7346 44.0978 45
      vertex 50.9194 44.1639 43.5
      vertex 50.7346 44.0978 43.5
    endloop
  endfacet
  facet normal -0.595508 0.80335 0
    outer loop
      vertex 50.3889 43.9129 43.5
      vertex 50.2312 43.796 45
      vertex 50.3889 43.9129 45
    endloop
  endfacet
  facet normal -0.595508 0.80335 0
    outer loop
      vertex 50.2312 43.796 45
      vertex 50.3889 43.9129 43.5
      vertex 50.2312 43.796 43.5
    endloop
  endfacet
  facet normal 0.243015 -0.970023 0
    outer loop
      vertex 51.8902 40.2884 43.5
      vertex 52.0806 40.3361 45
      vertex 51.8902 40.2884 45
    endloop
  endfacet
  facet normal 0.243015 -0.970023 0
    outer loop
      vertex 52.0806 40.3361 45
      vertex 51.8902 40.2884 43.5
      vertex 52.0806 40.3361 43.5
    endloop
  endfacet
  facet normal -0.243015 0.970023 0
    outer loop
      vertex 51.1098 44.2116 43.5
      vertex 50.9194 44.1639 45
      vertex 51.1098 44.2116 45
    endloop
  endfacet
  facet normal -0.243015 0.970023 0
    outer loop
      vertex 50.9194 44.1639 45
      vertex 51.1098 44.2116 43.5
      vertex 50.9194 44.1639 43.5
    endloop
  endfacet
  facet normal 0.80335 0.595508 0
    outer loop
      vertex 53.1629 43.3611 45
      vertex 53.046 43.5188 43.5
      vertex 53.046 43.5188 45
    endloop
  endfacet
  facet normal 0.80335 0.595508 0
    outer loop
      vertex 53.046 43.5188 43.5
      vertex 53.1629 43.3611 45
      vertex 53.1629 43.3611 43.5
    endloop
  endfacet
  facet normal -0.857673 0.514196 0
    outer loop
      vertex 49.7362 43.1928 43.5
      vertex 49.8371 43.3611 45
      vertex 49.8371 43.3611 43.5
    endloop
  endfacet
  facet normal -0.857673 0.514196 0
    outer loop
      vertex 49.8371 43.3611 45
      vertex 49.7362 43.1928 43.5
      vertex 49.7362 43.1928 45
    endloop
  endfacet
  facet normal 0.146696 0.989182 -0
    outer loop
      vertex 51.8902 44.2116 43.5
      vertex 51.696 44.2404 45
      vertex 51.8902 44.2116 45
    endloop
  endfacet
  facet normal 0.146696 0.989182 0
    outer loop
      vertex 51.696 44.2404 45
      vertex 51.8902 44.2116 43.5
      vertex 51.696 44.2404 43.5
    endloop
  endfacet
  facet normal 0.998803 -0.0489209 0
    outer loop
      vertex 53.4904 42.054 45
      vertex 53.5 42.25 43.5
      vertex 53.5 42.25 45
    endloop
  endfacet
  facet normal 0.998803 -0.0489209 0
    outer loop
      vertex 53.5 42.25 43.5
      vertex 53.4904 42.054 45
      vertex 53.4904 42.054 43.5
    endloop
  endfacet
  facet normal 0.9038 -0.427955 0
    outer loop
      vertex 53.2638 41.3072 45
      vertex 53.3478 41.4846 43.5
      vertex 53.3478 41.4846 45
    endloop
  endfacet
  facet normal 0.9038 -0.427955 0
    outer loop
      vertex 53.3478 41.4846 43.5
      vertex 53.2638 41.3072 45
      vertex 53.2638 41.3072 43.5
    endloop
  endfacet
  facet normal 0.243015 0.970023 -0
    outer loop
      vertex 52.0806 44.1639 43.5
      vertex 51.8902 44.2116 45
      vertex 52.0806 44.1639 45
    endloop
  endfacet
  facet normal 0.243015 0.970023 0
    outer loop
      vertex 51.8902 44.2116 45
      vertex 52.0806 44.1639 43.5
      vertex 51.8902 44.2116 43.5
    endloop
  endfacet
  facet normal 0.514196 0.857673 -0
    outer loop
      vertex 52.6111 43.9129 43.5
      vertex 52.4428 44.0138 45
      vertex 52.6111 43.9129 45
    endloop
  endfacet
  facet normal 0.514196 0.857673 0
    outer loop
      vertex 52.4428 44.0138 45
      vertex 52.6111 43.9129 43.5
      vertex 52.4428 44.0138 43.5
    endloop
  endfacet
  facet normal 0.595508 0.80335 -0
    outer loop
      vertex 52.7688 43.796 43.5
      vertex 52.6111 43.9129 45
      vertex 52.7688 43.796 45
    endloop
  endfacet
  facet normal 0.595508 0.80335 0
    outer loop
      vertex 52.6111 43.9129 45
      vertex 52.7688 43.796 43.5
      vertex 52.6111 43.9129 43.5
    endloop
  endfacet
  facet normal 0.0489209 -0.998803 0
    outer loop
      vertex 51.5 40.25 43.5
      vertex 51.696 40.2596 45
      vertex 51.5 40.25 45
    endloop
  endfacet
  facet normal 0.0489209 -0.998803 0
    outer loop
      vertex 51.696 40.2596 45
      vertex 51.5 40.25 43.5
      vertex 51.696 40.2596 43.5
    endloop
  endfacet
  facet normal 0.94158 0.336788 0
    outer loop
      vertex 53.4139 42.8306 45
      vertex 53.3478 43.0154 43.5
      vertex 53.3478 43.0154 45
    endloop
  endfacet
  facet normal 0.94158 0.336788 0
    outer loop
      vertex 53.3478 43.0154 43.5
      vertex 53.4139 42.8306 45
      vertex 53.4139 42.8306 43.5
    endloop
  endfacet
  facet normal 0.857673 -0.514196 0
    outer loop
      vertex 53.1629 41.1389 45
      vertex 53.2638 41.3072 43.5
      vertex 53.2638 41.3072 45
    endloop
  endfacet
  facet normal 0.857673 -0.514196 0
    outer loop
      vertex 53.2638 41.3072 43.5
      vertex 53.1629 41.1389 45
      vertex 53.1629 41.1389 43.5
    endloop
  endfacet
  facet normal -0.998803 0.0489209 0
    outer loop
      vertex 49.5 42.25 43.5
      vertex 49.5096 42.446 45
      vertex 49.5096 42.446 43.5
    endloop
  endfacet
  facet normal -0.998803 0.0489209 0
    outer loop
      vertex 49.5096 42.446 45
      vertex 49.5 42.25 43.5
      vertex 49.5 42.25 45
    endloop
  endfacet
  facet normal 0.94158 -0.336788 0
    outer loop
      vertex 53.3478 41.4846 45
      vertex 53.4139 41.6694 43.5
      vertex 53.4139 41.6694 45
    endloop
  endfacet
  facet normal 0.94158 -0.336788 0
    outer loop
      vertex 53.4139 41.6694 43.5
      vertex 53.3478 41.4846 45
      vertex 53.3478 41.4846 43.5
    endloop
  endfacet
  facet normal 0.740908 0.671607 0
    outer loop
      vertex 53.046 43.5188 45
      vertex 52.9142 43.6642 43.5
      vertex 52.9142 43.6642 45
    endloop
  endfacet
  facet normal 0.740908 0.671607 0
    outer loop
      vertex 52.9142 43.6642 43.5
      vertex 53.046 43.5188 45
      vertex 53.046 43.5188 43.5
    endloop
  endfacet
  facet normal 0.9038 0.427955 0
    outer loop
      vertex 53.3478 43.0154 45
      vertex 53.2638 43.1928 43.5
      vertex 53.2638 43.1928 45
    endloop
  endfacet
  facet normal 0.9038 0.427955 0
    outer loop
      vertex 53.2638 43.1928 43.5
      vertex 53.3478 43.0154 45
      vertex 53.3478 43.0154 43.5
    endloop
  endfacet
  facet normal 0.595508 -0.80335 0
    outer loop
      vertex 52.6111 40.5871 43.5
      vertex 52.7688 40.704 45
      vertex 52.6111 40.5871 45
    endloop
  endfacet
  facet normal 0.595508 -0.80335 0
    outer loop
      vertex 52.7688 40.704 45
      vertex 52.6111 40.5871 43.5
      vertex 52.7688 40.704 43.5
    endloop
  endfacet
  facet normal 0.857673 0.514196 0
    outer loop
      vertex 53.2638 43.1928 45
      vertex 53.1629 43.3611 43.5
      vertex 53.1629 43.3611 45
    endloop
  endfacet
  facet normal 0.857673 0.514196 0
    outer loop
      vertex 53.1629 43.3611 43.5
      vertex 53.2638 43.1928 45
      vertex 53.2638 43.1928 43.5
    endloop
  endfacet
  facet normal -0.671607 0.740908 0
    outer loop
      vertex 50.2312 43.796 43.5
      vertex 50.0858 43.6642 45
      vertex 50.2312 43.796 45
    endloop
  endfacet
  facet normal -0.671607 0.740908 0
    outer loop
      vertex 50.0858 43.6642 45
      vertex 50.2312 43.796 43.5
      vertex 50.0858 43.6642 43.5
    endloop
  endfacet
  facet normal -0.9038 0.427955 0
    outer loop
      vertex 49.6522 43.0154 43.5
      vertex 49.7362 43.1928 45
      vertex 49.7362 43.1928 43.5
    endloop
  endfacet
  facet normal -0.9038 0.427955 0
    outer loop
      vertex 49.7362 43.1928 45
      vertex 49.6522 43.0154 43.5
      vertex 49.6522 43.0154 45
    endloop
  endfacet
  facet normal 0.671607 0.740908 -0
    outer loop
      vertex 52.9142 43.6642 43.5
      vertex 52.7688 43.796 45
      vertex 52.9142 43.6642 45
    endloop
  endfacet
  facet normal 0.671607 0.740908 0
    outer loop
      vertex 52.7688 43.796 45
      vertex 52.9142 43.6642 43.5
      vertex 52.7688 43.796 43.5
    endloop
  endfacet
  facet normal -0.0489209 0.998803 0
    outer loop
      vertex 51.5 44.25 43.5
      vertex 51.304 44.2404 45
      vertex 51.5 44.25 45
    endloop
  endfacet
  facet normal -0.0489209 0.998803 0
    outer loop
      vertex 51.304 44.2404 45
      vertex 51.5 44.25 43.5
      vertex 51.304 44.2404 43.5
    endloop
  endfacet
  facet normal -0.740908 -0.671607 0
    outer loop
      vertex 50.0858 40.8358 43.5
      vertex 49.954 40.9812 45
      vertex 49.954 40.9812 43.5
    endloop
  endfacet
  facet normal -0.740908 -0.671607 0
    outer loop
      vertex 49.954 40.9812 45
      vertex 50.0858 40.8358 43.5
      vertex 50.0858 40.8358 45
    endloop
  endfacet
  facet normal -0.595508 -0.80335 0
    outer loop
      vertex 50.2312 40.704 43.5
      vertex 50.3889 40.5871 45
      vertex 50.2312 40.704 45
    endloop
  endfacet
  facet normal -0.595508 -0.80335 -0
    outer loop
      vertex 50.3889 40.5871 45
      vertex 50.2312 40.704 43.5
      vertex 50.3889 40.5871 43.5
    endloop
  endfacet
  facet normal -0.989182 -0.146696 0
    outer loop
      vertex 49.5384 41.8598 43.5
      vertex 49.5096 42.054 45
      vertex 49.5096 42.054 43.5
    endloop
  endfacet
  facet normal -0.989182 -0.146696 0
    outer loop
      vertex 49.5096 42.054 45
      vertex 49.5384 41.8598 43.5
      vertex 49.5384 41.8598 45
    endloop
  endfacet
  facet normal -0.80335 -0.595508 0
    outer loop
      vertex 49.954 40.9812 43.5
      vertex 49.8371 41.1389 45
      vertex 49.8371 41.1389 43.5
    endloop
  endfacet
  facet normal -0.80335 -0.595508 0
    outer loop
      vertex 49.8371 41.1389 45
      vertex 49.954 40.9812 43.5
      vertex 49.954 40.9812 45
    endloop
  endfacet
  facet normal -0.998803 -0.0489209 0
    outer loop
      vertex 49.5096 42.054 43.5
      vertex 49.5 42.25 45
      vertex 49.5 42.25 43.5
    endloop
  endfacet
  facet normal -0.998803 -0.0489209 0
    outer loop
      vertex 49.5 42.25 45
      vertex 49.5096 42.054 43.5
      vertex 49.5096 42.054 45
    endloop
  endfacet
  facet normal -0.970023 0.243015 0
    outer loop
      vertex 49.5384 42.6402 43.5
      vertex 49.5861 42.8306 45
      vertex 49.5861 42.8306 43.5
    endloop
  endfacet
  facet normal -0.970023 0.243015 0
    outer loop
      vertex 49.5861 42.8306 45
      vertex 49.5384 42.6402 43.5
      vertex 49.5384 42.6402 45
    endloop
  endfacet
  facet normal -0.80335 0.595508 0
    outer loop
      vertex 49.8371 43.3611 43.5
      vertex 49.954 43.5188 45
      vertex 49.954 43.5188 43.5
    endloop
  endfacet
  facet normal -0.80335 0.595508 0
    outer loop
      vertex 49.954 43.5188 45
      vertex 49.8371 43.3611 43.5
      vertex 49.8371 43.3611 45
    endloop
  endfacet
  facet normal 0.514196 -0.857673 0
    outer loop
      vertex 52.4428 40.4862 43.5
      vertex 52.6111 40.5871 45
      vertex 52.4428 40.4862 45
    endloop
  endfacet
  facet normal 0.514196 -0.857673 0
    outer loop
      vertex 52.6111 40.5871 45
      vertex 52.4428 40.4862 43.5
      vertex 52.6111 40.5871 43.5
    endloop
  endfacet
  facet normal -0.427955 -0.9038 0
    outer loop
      vertex 50.5572 40.4862 43.5
      vertex 50.7346 40.4022 45
      vertex 50.5572 40.4862 45
    endloop
  endfacet
  facet normal -0.427955 -0.9038 -0
    outer loop
      vertex 50.7346 40.4022 45
      vertex 50.5572 40.4862 43.5
      vertex 50.7346 40.4022 43.5
    endloop
  endfacet
  facet normal -0.0489209 -0.998803 0
    outer loop
      vertex 51.304 40.2596 43.5
      vertex 51.5 40.25 45
      vertex 51.304 40.2596 45
    endloop
  endfacet
  facet normal -0.0489209 -0.998803 -0
    outer loop
      vertex 51.5 40.25 45
      vertex 51.304 40.2596 43.5
      vertex 51.5 40.25 43.5
    endloop
  endfacet
  facet normal -0.146696 -0.989182 0
    outer loop
      vertex 51.1098 40.2884 43.5
      vertex 51.304 40.2596 45
      vertex 51.1098 40.2884 45
    endloop
  endfacet
  facet normal -0.146696 -0.989182 -0
    outer loop
      vertex 51.304 40.2596 45
      vertex 51.1098 40.2884 43.5
      vertex 51.304 40.2596 43.5
    endloop
  endfacet
  facet normal -0.9038 -0.427955 0
    outer loop
      vertex 49.7362 41.3072 43.5
      vertex 49.6522 41.4846 45
      vertex 49.6522 41.4846 43.5
    endloop
  endfacet
  facet normal -0.9038 -0.427955 0
    outer loop
      vertex 49.6522 41.4846 45
      vertex 49.7362 41.3072 43.5
      vertex 49.7362 41.3072 45
    endloop
  endfacet
  facet normal -0.989182 0.146696 0
    outer loop
      vertex 49.5096 42.446 43.5
      vertex 49.5384 42.6402 45
      vertex 49.5384 42.6402 43.5
    endloop
  endfacet
  facet normal -0.989182 0.146696 0
    outer loop
      vertex 49.5384 42.6402 45
      vertex 49.5096 42.446 43.5
      vertex 49.5096 42.446 45
    endloop
  endfacet
  facet normal -0.336788 -0.94158 0
    outer loop
      vertex 50.7346 40.4022 43.5
      vertex 50.9194 40.3361 45
      vertex 50.7346 40.4022 45
    endloop
  endfacet
  facet normal -0.336788 -0.94158 -0
    outer loop
      vertex 50.9194 40.3361 45
      vertex 50.7346 40.4022 43.5
      vertex 50.9194 40.3361 43.5
    endloop
  endfacet
  facet normal -0.989118 -0.147123 0
    outer loop
      vertex 52.3957 42.3382 43.5
      vertex 52.3827 42.4256 45
      vertex 52.3827 42.4256 43.5
    endloop
  endfacet
  facet normal -0.989118 -0.147123 0
    outer loop
      vertex 52.3827 42.4256 45
      vertex 52.3957 42.3382 43.5
      vertex 52.3957 42.3382 45
    endloop
  endfacet
  facet normal -0.998814 -0.048695 0
    outer loop
      vertex 52.4 42.25 43.5
      vertex 52.3957 42.3382 45
      vertex 52.3957 42.3382 43.5
    endloop
  endfacet
  facet normal -0.998814 -0.048695 0
    outer loop
      vertex 52.3957 42.3382 45
      vertex 52.4 42.25 43.5
      vertex 52.4 42.25 45
    endloop
  endfacet
  facet normal -0.969942 -0.243334 0
    outer loop
      vertex 52.3827 42.4256 43.5
      vertex 52.3612 42.5113 45
      vertex 52.3612 42.5113 43.5
    endloop
  endfacet
  facet normal -0.969942 -0.243334 0
    outer loop
      vertex 52.3612 42.5113 45
      vertex 52.3827 42.4256 43.5
      vertex 52.3827 42.4256 45
    endloop
  endfacet
  facet normal -0.998814 0.048695 0
    outer loop
      vertex 52.3957 42.1618 43.5
      vertex 52.4 42.25 45
      vertex 52.4 42.25 43.5
    endloop
  endfacet
  facet normal -0.998814 0.048695 0
    outer loop
      vertex 52.4 42.25 45
      vertex 52.3957 42.1618 43.5
      vertex 52.3957 42.1618 45
    endloop
  endfacet
  facet normal -0.243334 -0.969942 0
    outer loop
      vertex 51.6756 43.1327 43.5
      vertex 51.7613 43.1112 45
      vertex 51.6756 43.1327 45
    endloop
  endfacet
  facet normal -0.243334 -0.969942 -0
    outer loop
      vertex 51.7613 43.1112 45
      vertex 51.6756 43.1327 43.5
      vertex 51.7613 43.1112 43.5
    endloop
  endfacet
  facet normal 0.048695 -0.998814 0
    outer loop
      vertex 51.4118 43.1457 43.5
      vertex 51.5 43.15 45
      vertex 51.4118 43.1457 45
    endloop
  endfacet
  facet normal 0.048695 -0.998814 0
    outer loop
      vertex 51.5 43.15 45
      vertex 51.4118 43.1457 43.5
      vertex 51.5 43.15 43.5
    endloop
  endfacet
  facet normal 0.147123 -0.989118 0
    outer loop
      vertex 51.3244 43.1327 43.5
      vertex 51.4118 43.1457 45
      vertex 51.3244 43.1327 45
    endloop
  endfacet
  facet normal 0.147123 -0.989118 0
    outer loop
      vertex 51.4118 43.1457 45
      vertex 51.3244 43.1327 43.5
      vertex 51.4118 43.1457 43.5
    endloop
  endfacet
  facet normal -0.941665 0.336552 0
    outer loop
      vertex 52.3315 41.9056 43.5
      vertex 52.3612 41.9887 45
      vertex 52.3612 41.9887 43.5
    endloop
  endfacet
  facet normal -0.941665 0.336552 0
    outer loop
      vertex 52.3612 41.9887 45
      vertex 52.3315 41.9056 43.5
      vertex 52.3315 41.9056 45
    endloop
  endfacet
  facet normal 0.336552 -0.941665 0
    outer loop
      vertex 51.1556 43.0815 43.5
      vertex 51.2387 43.1112 45
      vertex 51.1556 43.0815 45
    endloop
  endfacet
  facet normal 0.336552 -0.941665 0
    outer loop
      vertex 51.2387 43.1112 45
      vertex 51.1556 43.0815 43.5
      vertex 51.2387 43.1112 43.5
    endloop
  endfacet
  facet normal -0.147123 0.989118 0
    outer loop
      vertex 51.6756 41.3673 43.5
      vertex 51.5882 41.3543 45
      vertex 51.6756 41.3673 45
    endloop
  endfacet
  facet normal -0.147123 0.989118 0
    outer loop
      vertex 51.5882 41.3543 45
      vertex 51.6756 41.3673 43.5
      vertex 51.5882 41.3543 43.5
    endloop
  endfacet
  facet normal 0.903945 0.427649 0
    outer loop
      vertex 50.7063 41.8257 45
      vertex 50.6685 41.9056 43.5
      vertex 50.6685 41.9056 45
    endloop
  endfacet
  facet normal 0.903945 0.427649 0
    outer loop
      vertex 50.6685 41.9056 43.5
      vertex 50.7063 41.8257 45
      vertex 50.7063 41.8257 43.5
    endloop
  endfacet
  facet normal 0.903945 -0.427649 0
    outer loop
      vertex 50.6685 42.5944 45
      vertex 50.7063 42.6743 43.5
      vertex 50.7063 42.6743 45
    endloop
  endfacet
  facet normal 0.903945 -0.427649 0
    outer loop
      vertex 50.7063 42.6743 43.5
      vertex 50.6685 42.5944 45
      vertex 50.6685 42.5944 43.5
    endloop
  endfacet
  facet normal -0.671714 -0.740811 0
    outer loop
      vertex 52.071 42.9457 43.5
      vertex 52.1364 42.8864 45
      vertex 52.071 42.9457 45
    endloop
  endfacet
  facet normal -0.671714 -0.740811 -0
    outer loop
      vertex 52.1364 42.8864 45
      vertex 52.071 42.9457 43.5
      vertex 52.1364 42.8864 43.5
    endloop
  endfacet
  facet normal 0.969942 -0.243334 0
    outer loop
      vertex 50.6173 42.4256 45
      vertex 50.6388 42.5113 43.5
      vertex 50.6388 42.5113 45
    endloop
  endfacet
  facet normal 0.969942 -0.243334 0
    outer loop
      vertex 50.6388 42.5113 43.5
      vertex 50.6173 42.4256 45
      vertex 50.6173 42.4256 43.5
    endloop
  endfacet
  facet normal 0.671714 -0.740811 0
    outer loop
      vertex 50.8636 42.8864 43.5
      vertex 50.929 42.9457 45
      vertex 50.8636 42.8864 45
    endloop
  endfacet
  facet normal 0.671714 -0.740811 0
    outer loop
      vertex 50.929 42.9457 45
      vertex 50.8636 42.8864 43.5
      vertex 50.929 42.9457 43.5
    endloop
  endfacet
  facet normal 0.243334 -0.969942 0
    outer loop
      vertex 51.2387 43.1112 43.5
      vertex 51.3244 43.1327 45
      vertex 51.2387 43.1112 45
    endloop
  endfacet
  facet normal 0.243334 -0.969942 0
    outer loop
      vertex 51.3244 43.1327 45
      vertex 51.2387 43.1112 43.5
      vertex 51.3244 43.1327 43.5
    endloop
  endfacet
  facet normal -0.903945 0.427649 0
    outer loop
      vertex 52.2937 41.8257 43.5
      vertex 52.3315 41.9056 45
      vertex 52.3315 41.9056 43.5
    endloop
  endfacet
  facet normal -0.903945 0.427649 0
    outer loop
      vertex 52.3315 41.9056 45
      vertex 52.2937 41.8257 43.5
      vertex 52.2937 41.8257 45
    endloop
  endfacet
  facet normal 0.803517 0.595282 0
    outer loop
      vertex 50.8043 41.679 45
      vertex 50.7517 41.75 43.5
      vertex 50.7517 41.75 45
    endloop
  endfacet
  facet normal 0.803517 0.595282 0
    outer loop
      vertex 50.7517 41.75 43.5
      vertex 50.8043 41.679 45
      vertex 50.8043 41.679 43.5
    endloop
  endfacet
  facet normal 0.595282 -0.803517 0
    outer loop
      vertex 50.929 42.9457 43.5
      vertex 51 42.9983 45
      vertex 50.929 42.9457 45
    endloop
  endfacet
  facet normal 0.595282 -0.803517 0
    outer loop
      vertex 51 42.9983 45
      vertex 50.929 42.9457 43.5
      vertex 51 42.9983 43.5
    endloop
  endfacet
  facet normal -0.989118 0.147123 0
    outer loop
      vertex 52.3827 42.0744 43.5
      vertex 52.3957 42.1618 45
      vertex 52.3957 42.1618 43.5
    endloop
  endfacet
  facet normal -0.989118 0.147123 0
    outer loop
      vertex 52.3957 42.1618 45
      vertex 52.3827 42.0744 43.5
      vertex 52.3827 42.0744 45
    endloop
  endfacet
  facet normal 0.989118 0.147123 0
    outer loop
      vertex 50.6173 42.0744 45
      vertex 50.6043 42.1618 43.5
      vertex 50.6043 42.1618 45
    endloop
  endfacet
  facet normal 0.989118 0.147123 0
    outer loop
      vertex 50.6043 42.1618 43.5
      vertex 50.6173 42.0744 45
      vertex 50.6173 42.0744 43.5
    endloop
  endfacet
  facet normal 0.803517 -0.595282 0
    outer loop
      vertex 50.7517 42.75 45
      vertex 50.8043 42.821 43.5
      vertex 50.8043 42.821 45
    endloop
  endfacet
  facet normal 0.803517 -0.595282 0
    outer loop
      vertex 50.8043 42.821 43.5
      vertex 50.7517 42.75 45
      vertex 50.7517 42.75 43.5
    endloop
  endfacet
  facet normal -0.514329 0.857593 0
    outer loop
      vertex 52 41.5017 43.5
      vertex 51.9243 41.4563 45
      vertex 52 41.5017 45
    endloop
  endfacet
  facet normal -0.514329 0.857593 0
    outer loop
      vertex 51.9243 41.4563 45
      vertex 52 41.5017 43.5
      vertex 51.9243 41.4563 43.5
    endloop
  endfacet
  facet normal 0.740811 0.671714 0
    outer loop
      vertex 50.8636 41.6136 45
      vertex 50.8043 41.679 43.5
      vertex 50.8043 41.679 45
    endloop
  endfacet
  facet normal 0.740811 0.671714 0
    outer loop
      vertex 50.8043 41.679 43.5
      vertex 50.8636 41.6136 45
      vertex 50.8636 41.6136 43.5
    endloop
  endfacet
  facet normal 0.048695 0.998814 -0
    outer loop
      vertex 51.5 41.35 43.5
      vertex 51.4118 41.3543 45
      vertex 51.5 41.35 45
    endloop
  endfacet
  facet normal 0.048695 0.998814 0
    outer loop
      vertex 51.4118 41.3543 45
      vertex 51.5 41.35 43.5
      vertex 51.4118 41.3543 43.5
    endloop
  endfacet
  facet normal -0.595282 0.803517 0
    outer loop
      vertex 52.071 41.5543 43.5
      vertex 52 41.5017 45
      vertex 52.071 41.5543 45
    endloop
  endfacet
  facet normal -0.595282 0.803517 0
    outer loop
      vertex 52 41.5017 45
      vertex 52.071 41.5543 43.5
      vertex 52 41.5017 43.5
    endloop
  endfacet
  facet normal -0.903945 -0.427649 0
    outer loop
      vertex 52.3315 42.5944 43.5
      vertex 52.2937 42.6743 45
      vertex 52.2937 42.6743 43.5
    endloop
  endfacet
  facet normal -0.903945 -0.427649 0
    outer loop
      vertex 52.2937 42.6743 45
      vertex 52.3315 42.5944 43.5
      vertex 52.3315 42.5944 45
    endloop
  endfacet
  facet normal 0.857593 0.514329 0
    outer loop
      vertex 50.7517 41.75 45
      vertex 50.7063 41.8257 43.5
      vertex 50.7063 41.8257 45
    endloop
  endfacet
  facet normal 0.857593 0.514329 0
    outer loop
      vertex 50.7063 41.8257 43.5
      vertex 50.7517 41.75 45
      vertex 50.7517 41.75 43.5
    endloop
  endfacet
  facet normal -0.048695 0.998814 0
    outer loop
      vertex 51.5882 41.3543 43.5
      vertex 51.5 41.35 45
      vertex 51.5882 41.3543 45
    endloop
  endfacet
  facet normal -0.048695 0.998814 0
    outer loop
      vertex 51.5 41.35 45
      vertex 51.5882 41.3543 43.5
      vertex 51.5 41.35 43.5
    endloop
  endfacet
  facet normal 0.989118 -0.147123 0
    outer loop
      vertex 50.6043 42.3382 45
      vertex 50.6173 42.4256 43.5
      vertex 50.6173 42.4256 45
    endloop
  endfacet
  facet normal 0.989118 -0.147123 0
    outer loop
      vertex 50.6173 42.4256 43.5
      vertex 50.6043 42.3382 45
      vertex 50.6043 42.3382 43.5
    endloop
  endfacet
  facet normal -0.803517 -0.595282 0
    outer loop
      vertex 52.2483 42.75 43.5
      vertex 52.1957 42.821 45
      vertex 52.1957 42.821 43.5
    endloop
  endfacet
  facet normal -0.803517 -0.595282 0
    outer loop
      vertex 52.1957 42.821 45
      vertex 52.2483 42.75 43.5
      vertex 52.2483 42.75 45
    endloop
  endfacet
  facet normal -0.671714 0.740811 0
    outer loop
      vertex 52.1364 41.6136 43.5
      vertex 52.071 41.5543 45
      vertex 52.1364 41.6136 45
    endloop
  endfacet
  facet normal -0.671714 0.740811 0
    outer loop
      vertex 52.071 41.5543 45
      vertex 52.1364 41.6136 43.5
      vertex 52.071 41.5543 43.5
    endloop
  endfacet
  facet normal -0.803517 0.595282 0
    outer loop
      vertex 52.1957 41.679 43.5
      vertex 52.2483 41.75 45
      vertex 52.2483 41.75 43.5
    endloop
  endfacet
  facet normal -0.803517 0.595282 0
    outer loop
      vertex 52.2483 41.75 45
      vertex 52.1957 41.679 43.5
      vertex 52.1957 41.679 45
    endloop
  endfacet
  facet normal -0.427649 -0.903945 0
    outer loop
      vertex 51.8444 43.0815 43.5
      vertex 51.9243 43.0437 45
      vertex 51.8444 43.0815 45
    endloop
  endfacet
  facet normal -0.427649 -0.903945 -0
    outer loop
      vertex 51.9243 43.0437 45
      vertex 51.8444 43.0815 43.5
      vertex 51.9243 43.0437 43.5
    endloop
  endfacet
  facet normal 0.147123 0.989118 -0
    outer loop
      vertex 51.4118 41.3543 43.5
      vertex 51.3244 41.3673 45
      vertex 51.4118 41.3543 45
    endloop
  endfacet
  facet normal 0.147123 0.989118 0
    outer loop
      vertex 51.3244 41.3673 45
      vertex 51.4118 41.3543 43.5
      vertex 51.3244 41.3673 43.5
    endloop
  endfacet
  facet normal -0.514329 -0.857593 0
    outer loop
      vertex 51.9243 43.0437 43.5
      vertex 52 42.9983 45
      vertex 51.9243 43.0437 45
    endloop
  endfacet
  facet normal -0.514329 -0.857593 -0
    outer loop
      vertex 52 42.9983 45
      vertex 51.9243 43.0437 43.5
      vertex 52 42.9983 43.5
    endloop
  endfacet
  facet normal -0.941665 -0.336552 0
    outer loop
      vertex 52.3612 42.5113 43.5
      vertex 52.3315 42.5944 45
      vertex 52.3315 42.5944 43.5
    endloop
  endfacet
  facet normal -0.941665 -0.336552 0
    outer loop
      vertex 52.3315 42.5944 45
      vertex 52.3612 42.5113 43.5
      vertex 52.3612 42.5113 45
    endloop
  endfacet
  facet normal -0.740811 -0.671714 0
    outer loop
      vertex 52.1957 42.821 43.5
      vertex 52.1364 42.8864 45
      vertex 52.1364 42.8864 43.5
    endloop
  endfacet
  facet normal -0.740811 -0.671714 0
    outer loop
      vertex 52.1364 42.8864 45
      vertex 52.1957 42.821 43.5
      vertex 52.1957 42.821 45
    endloop
  endfacet
  facet normal 0.243334 0.969942 -0
    outer loop
      vertex 51.3244 41.3673 43.5
      vertex 51.2387 41.3888 45
      vertex 51.3244 41.3673 45
    endloop
  endfacet
  facet normal 0.243334 0.969942 0
    outer loop
      vertex 51.2387 41.3888 45
      vertex 51.3244 41.3673 43.5
      vertex 51.2387 41.3888 43.5
    endloop
  endfacet
  facet normal -0.595282 -0.803517 0
    outer loop
      vertex 52 42.9983 43.5
      vertex 52.071 42.9457 45
      vertex 52 42.9983 45
    endloop
  endfacet
  facet normal -0.595282 -0.803517 -0
    outer loop
      vertex 52.071 42.9457 45
      vertex 52 42.9983 43.5
      vertex 52.071 42.9457 43.5
    endloop
  endfacet
  facet normal -0.427649 0.903945 0
    outer loop
      vertex 51.9243 41.4563 43.5
      vertex 51.8444 41.4185 45
      vertex 51.9243 41.4563 45
    endloop
  endfacet
  facet normal -0.427649 0.903945 0
    outer loop
      vertex 51.8444 41.4185 45
      vertex 51.9243 41.4563 43.5
      vertex 51.8444 41.4185 43.5
    endloop
  endfacet
  facet normal -0.336552 -0.941665 0
    outer loop
      vertex 51.7613 43.1112 43.5
      vertex 51.8444 43.0815 45
      vertex 51.7613 43.1112 45
    endloop
  endfacet
  facet normal -0.336552 -0.941665 -0
    outer loop
      vertex 51.8444 43.0815 45
      vertex 51.7613 43.1112 43.5
      vertex 51.8444 43.0815 43.5
    endloop
  endfacet
  facet normal -0.969942 0.243334 0
    outer loop
      vertex 52.3612 41.9887 43.5
      vertex 52.3827 42.0744 45
      vertex 52.3827 42.0744 43.5
    endloop
  endfacet
  facet normal -0.969942 0.243334 0
    outer loop
      vertex 52.3827 42.0744 45
      vertex 52.3612 41.9887 43.5
      vertex 52.3612 41.9887 45
    endloop
  endfacet
  facet normal 0.427649 -0.903945 0
    outer loop
      vertex 51.0757 43.0437 43.5
      vertex 51.1556 43.0815 45
      vertex 51.0757 43.0437 45
    endloop
  endfacet
  facet normal 0.427649 -0.903945 0
    outer loop
      vertex 51.1556 43.0815 45
      vertex 51.0757 43.0437 43.5
      vertex 51.1556 43.0815 43.5
    endloop
  endfacet
  facet normal -0.857593 -0.514329 0
    outer loop
      vertex 52.2937 42.6743 43.5
      vertex 52.2483 42.75 45
      vertex 52.2483 42.75 43.5
    endloop
  endfacet
  facet normal -0.857593 -0.514329 0
    outer loop
      vertex 52.2483 42.75 45
      vertex 52.2937 42.6743 43.5
      vertex 52.2937 42.6743 45
    endloop
  endfacet
  facet normal -0.243334 0.969942 0
    outer loop
      vertex 51.7613 41.3888 43.5
      vertex 51.6756 41.3673 45
      vertex 51.7613 41.3888 45
    endloop
  endfacet
  facet normal -0.243334 0.969942 0
    outer loop
      vertex 51.6756 41.3673 45
      vertex 51.7613 41.3888 43.5
      vertex 51.6756 41.3673 43.5
    endloop
  endfacet
  facet normal 0.969942 0.243334 0
    outer loop
      vertex 50.6388 41.9887 45
      vertex 50.6173 42.0744 43.5
      vertex 50.6173 42.0744 45
    endloop
  endfacet
  facet normal 0.969942 0.243334 0
    outer loop
      vertex 50.6173 42.0744 43.5
      vertex 50.6388 41.9887 45
      vertex 50.6388 41.9887 43.5
    endloop
  endfacet
  facet normal 0.336552 0.941665 -0
    outer loop
      vertex 51.2387 41.3888 43.5
      vertex 51.1556 41.4185 45
      vertex 51.2387 41.3888 45
    endloop
  endfacet
  facet normal 0.336552 0.941665 0
    outer loop
      vertex 51.1556 41.4185 45
      vertex 51.2387 41.3888 43.5
      vertex 51.1556 41.4185 43.5
    endloop
  endfacet
  facet normal 0.514329 -0.857593 0
    outer loop
      vertex 51 42.9983 43.5
      vertex 51.0757 43.0437 45
      vertex 51 42.9983 45
    endloop
  endfacet
  facet normal 0.514329 -0.857593 0
    outer loop
      vertex 51.0757 43.0437 45
      vertex 51 42.9983 43.5
      vertex 51.0757 43.0437 43.5
    endloop
  endfacet
  facet normal 0.514329 0.857593 -0
    outer loop
      vertex 51.0757 41.4563 43.5
      vertex 51 41.5017 45
      vertex 51.0757 41.4563 45
    endloop
  endfacet
  facet normal 0.514329 0.857593 0
    outer loop
      vertex 51 41.5017 45
      vertex 51.0757 41.4563 43.5
      vertex 51 41.5017 43.5
    endloop
  endfacet
  facet normal 0.671714 0.740811 -0
    outer loop
      vertex 50.929 41.5543 43.5
      vertex 50.8636 41.6136 45
      vertex 50.929 41.5543 45
    endloop
  endfacet
  facet normal 0.671714 0.740811 0
    outer loop
      vertex 50.8636 41.6136 45
      vertex 50.929 41.5543 43.5
      vertex 50.8636 41.6136 43.5
    endloop
  endfacet
  facet normal -0.336552 0.941665 0
    outer loop
      vertex 51.8444 41.4185 43.5
      vertex 51.7613 41.3888 45
      vertex 51.8444 41.4185 45
    endloop
  endfacet
  facet normal -0.336552 0.941665 0
    outer loop
      vertex 51.7613 41.3888 45
      vertex 51.8444 41.4185 43.5
      vertex 51.7613 41.3888 43.5
    endloop
  endfacet
  facet normal 0.740811 -0.671714 0
    outer loop
      vertex 50.8043 42.821 45
      vertex 50.8636 42.8864 43.5
      vertex 50.8636 42.8864 45
    endloop
  endfacet
  facet normal 0.740811 -0.671714 0
    outer loop
      vertex 50.8636 42.8864 43.5
      vertex 50.8043 42.821 45
      vertex 50.8043 42.821 43.5
    endloop
  endfacet
  facet normal -0.048695 -0.998814 0
    outer loop
      vertex 51.5 43.15 43.5
      vertex 51.5882 43.1457 45
      vertex 51.5 43.15 45
    endloop
  endfacet
  facet normal -0.048695 -0.998814 -0
    outer loop
      vertex 51.5882 43.1457 45
      vertex 51.5 43.15 43.5
      vertex 51.5882 43.1457 43.5
    endloop
  endfacet
  facet normal 0.998814 0.048695 0
    outer loop
      vertex 50.6043 42.1618 45
      vertex 50.6 42.25 43.5
      vertex 50.6 42.25 45
    endloop
  endfacet
  facet normal 0.998814 0.048695 0
    outer loop
      vertex 50.6 42.25 43.5
      vertex 50.6043 42.1618 45
      vertex 50.6043 42.1618 43.5
    endloop
  endfacet
  facet normal -0.740811 0.671714 0
    outer loop
      vertex 52.1364 41.6136 43.5
      vertex 52.1957 41.679 45
      vertex 52.1957 41.679 43.5
    endloop
  endfacet
  facet normal -0.740811 0.671714 0
    outer loop
      vertex 52.1957 41.679 45
      vertex 52.1364 41.6136 43.5
      vertex 52.1364 41.6136 45
    endloop
  endfacet
  facet normal -0.857593 0.514329 0
    outer loop
      vertex 52.2483 41.75 43.5
      vertex 52.2937 41.8257 45
      vertex 52.2937 41.8257 43.5
    endloop
  endfacet
  facet normal -0.857593 0.514329 0
    outer loop
      vertex 52.2937 41.8257 45
      vertex 52.2483 41.75 43.5
      vertex 52.2483 41.75 45
    endloop
  endfacet
  facet normal 0.941665 0.336552 0
    outer loop
      vertex 50.6685 41.9056 45
      vertex 50.6388 41.9887 43.5
      vertex 50.6388 41.9887 45
    endloop
  endfacet
  facet normal 0.941665 0.336552 0
    outer loop
      vertex 50.6388 41.9887 43.5
      vertex 50.6685 41.9056 45
      vertex 50.6685 41.9056 43.5
    endloop
  endfacet
  facet normal 0.595282 0.803517 -0
    outer loop
      vertex 51 41.5017 43.5
      vertex 50.929 41.5543 45
      vertex 51 41.5017 45
    endloop
  endfacet
  facet normal 0.595282 0.803517 0
    outer loop
      vertex 50.929 41.5543 45
      vertex 51 41.5017 43.5
      vertex 50.929 41.5543 43.5
    endloop
  endfacet
  facet normal 0.941665 -0.336552 0
    outer loop
      vertex 50.6388 42.5113 45
      vertex 50.6685 42.5944 43.5
      vertex 50.6685 42.5944 45
    endloop
  endfacet
  facet normal 0.941665 -0.336552 0
    outer loop
      vertex 50.6685 42.5944 43.5
      vertex 50.6388 42.5113 45
      vertex 50.6388 42.5113 43.5
    endloop
  endfacet
  facet normal 0.998814 -0.048695 0
    outer loop
      vertex 50.6 42.25 45
      vertex 50.6043 42.3382 43.5
      vertex 50.6043 42.3382 45
    endloop
  endfacet
  facet normal 0.998814 -0.048695 0
    outer loop
      vertex 50.6043 42.3382 43.5
      vertex 50.6 42.25 45
      vertex 50.6 42.25 43.5
    endloop
  endfacet
  facet normal 0.427649 0.903945 -0
    outer loop
      vertex 51.1556 41.4185 43.5
      vertex 51.0757 41.4563 45
      vertex 51.1556 41.4185 45
    endloop
  endfacet
  facet normal 0.427649 0.903945 0
    outer loop
      vertex 51.0757 41.4563 45
      vertex 51.1556 41.4185 43.5
      vertex 51.0757 41.4563 43.5
    endloop
  endfacet
  facet normal -0.147123 -0.989118 0
    outer loop
      vertex 51.5882 43.1457 43.5
      vertex 51.6756 43.1327 45
      vertex 51.5882 43.1457 45
    endloop
  endfacet
  facet normal -0.147123 -0.989118 -0
    outer loop
      vertex 51.6756 43.1327 45
      vertex 51.5882 43.1457 43.5
      vertex 51.6756 43.1327 43.5
    endloop
  endfacet
  facet normal 0.857593 -0.514329 0
    outer loop
      vertex 50.7063 42.6743 45
      vertex 50.7517 42.75 43.5
      vertex 50.7517 42.75 45
    endloop
  endfacet
  facet normal 0.857593 -0.514329 0
    outer loop
      vertex 50.7517 42.75 43.5
      vertex 50.7063 42.6743 45
      vertex 50.7063 42.6743 43.5
    endloop
  endfacet
  facet normal 0.989182 0.146696 0
    outer loop
      vertex 53.4904 65.946 45
      vertex 53.4616 66.1402 43.5
      vertex 53.4616 66.1402 45
    endloop
  endfacet
  facet normal 0.989182 0.146696 0
    outer loop
      vertex 53.4616 66.1402 43.5
      vertex 53.4904 65.946 45
      vertex 53.4904 65.946 43.5
    endloop
  endfacet
  facet normal 0.998803 0.0489209 0
    outer loop
      vertex 53.5 65.75 45
      vertex 53.4904 65.946 43.5
      vertex 53.4904 65.946 45
    endloop
  endfacet
  facet normal 0.998803 0.0489209 0
    outer loop
      vertex 53.4904 65.946 43.5
      vertex 53.5 65.75 45
      vertex 53.5 65.75 43.5
    endloop
  endfacet
  facet normal 0.970023 0.243015 0
    outer loop
      vertex 53.4616 66.1402 45
      vertex 53.4139 66.3306 43.5
      vertex 53.4139 66.3306 45
    endloop
  endfacet
  facet normal 0.970023 0.243015 0
    outer loop
      vertex 53.4139 66.3306 43.5
      vertex 53.4616 66.1402 45
      vertex 53.4616 66.1402 43.5
    endloop
  endfacet
  facet normal -0.514196 -0.857673 0
    outer loop
      vertex 50.3889 64.0871 43.5
      vertex 50.5572 63.9862 45
      vertex 50.3889 64.0871 45
    endloop
  endfacet
  facet normal -0.514196 -0.857673 -0
    outer loop
      vertex 50.5572 63.9862 45
      vertex 50.3889 64.0871 43.5
      vertex 50.5572 63.9862 43.5
    endloop
  endfacet
  facet normal -0.514196 0.857673 0
    outer loop
      vertex 50.5572 67.5138 43.5
      vertex 50.3889 67.4129 45
      vertex 50.5572 67.5138 45
    endloop
  endfacet
  facet normal -0.514196 0.857673 0
    outer loop
      vertex 50.3889 67.4129 45
      vertex 50.5572 67.5138 43.5
      vertex 50.3889 67.4129 43.5
    endloop
  endfacet
  facet normal -0.94158 0.336788 0
    outer loop
      vertex 49.5861 66.3306 43.5
      vertex 49.6522 66.5154 45
      vertex 49.6522 66.5154 43.5
    endloop
  endfacet
  facet normal -0.94158 0.336788 0
    outer loop
      vertex 49.6522 66.5154 45
      vertex 49.5861 66.3306 43.5
      vertex 49.5861 66.3306 45
    endloop
  endfacet
  facet normal 0.336788 0.94158 -0
    outer loop
      vertex 52.2654 67.5978 43.5
      vertex 52.0806 67.6639 45
      vertex 52.2654 67.5978 45
    endloop
  endfacet
  facet normal 0.336788 0.94158 0
    outer loop
      vertex 52.0806 67.6639 45
      vertex 52.2654 67.5978 43.5
      vertex 52.0806 67.6639 43.5
    endloop
  endfacet
  facet normal 0 0 -1
    outer loop
      vertex 52.4 65.75 43.5
      vertex 53.5 65.75 43.5
      vertex 53.4904 65.554 43.5
    endloop
  endfacet
  facet normal 0 0 -1
    outer loop
      vertex 52.3957 65.6618 43.5
      vertex 53.4904 65.554 43.5
      vertex 53.4616 65.3598 43.5
    endloop
  endfacet
  facet normal 0 0 -1
    outer loop
      vertex 53.5 65.75 43.5
      vertex 52.4 65.75 43.5
      vertex 53.4904 65.946 43.5
    endloop
  endfacet
  facet normal 0 0 -1
    outer loop
      vertex 52.3827 65.5744 43.5
      vertex 53.4616 65.3598 43.5
      vertex 53.4139 65.1694 43.5
    endloop
  endfacet
  facet normal 0 0 -1
    outer loop
      vertex 52.3957 65.8382 43.5
      vertex 53.4904 65.946 43.5
      vertex 52.4 65.75 43.5
    endloop
  endfacet
  facet normal 0 0 -1
    outer loop
      vertex 52.3612 65.4887 43.5
      vertex 53.4139 65.1694 43.5
      vertex 53.3478 64.9846 43.5
    endloop
  endfacet
  facet normal -0 0 -1
    outer loop
      vertex 53.4904 65.946 43.5
      vertex 52.3957 65.8382 43.5
      vertex 53.4616 66.1402 43.5
    endloop
  endfacet
  facet normal 0 0 -1
    outer loop
      vertex 52.3315 65.4056 43.5
      vertex 53.3478 64.9846 43.5
      vertex 53.2638 64.8072 43.5
    endloop
  endfacet
  facet normal 0 0 -1
    outer loop
      vertex 52.3827 65.9256 43.5
      vertex 53.4616 66.1402 43.5
      vertex 52.3957 65.8382 43.5
    endloop
  endfacet
  facet normal 0 0 -1
    outer loop
      vertex 52.2937 65.3257 43.5
      vertex 53.2638 64.8072 43.5
      vertex 53.1629 64.6389 43.5
    endloop
  endfacet
  facet normal -0 0 -1
    outer loop
      vertex 53.4616 66.1402 43.5
      vertex 52.3827 65.9256 43.5
      vertex 53.4139 66.3306 43.5
    endloop
  endfacet
  facet normal 0 0 -1
    outer loop
      vertex 52.2483 65.25 43.5
      vertex 53.1629 64.6389 43.5
      vertex 53.046 64.4812 43.5
    endloop
  endfacet
  facet normal 0 0 -1
    outer loop
      vertex 52.3612 66.0113 43.5
      vertex 53.4139 66.3306 43.5
      vertex 52.3827 65.9256 43.5
    endloop
  endfacet
  facet normal 0 0 -1
    outer loop
      vertex 52.1957 65.179 43.5
      vertex 53.046 64.4812 43.5
      vertex 52.9142 64.3358 43.5
    endloop
  endfacet
  facet normal -0 0 -1
    outer loop
      vertex 53.4139 66.3306 43.5
      vertex 52.3612 66.0113 43.5
      vertex 53.3478 66.5154 43.5
    endloop
  endfacet
  facet normal 0 0 -1
    outer loop
      vertex 52.1364 65.1136 43.5
      vertex 52.9142 64.3358 43.5
      vertex 52.7688 64.204 43.5
    endloop
  endfacet
  facet normal 0 0 -1
    outer loop
      vertex 52.3315 66.0944 43.5
      vertex 53.3478 66.5154 43.5
      vertex 52.3612 66.0113 43.5
    endloop
  endfacet
  facet normal 0 0 -1
    outer loop
      vertex 52.071 65.0543 43.5
      vertex 52.7688 64.204 43.5
      vertex 52.6111 64.0871 43.5
    endloop
  endfacet
  facet normal -0 0 -1
    outer loop
      vertex 53.3478 66.5154 43.5
      vertex 52.3315 66.0944 43.5
      vertex 53.2638 66.6928 43.5
    endloop
  endfacet
  facet normal 0 0 -1
    outer loop
      vertex 52 65.0017 43.5
      vertex 52.6111 64.0871 43.5
      vertex 52.4428 63.9862 43.5
    endloop
  endfacet
  facet normal 0 0 -1
    outer loop
      vertex 52.2937 66.1743 43.5
      vertex 53.2638 66.6928 43.5
      vertex 52.3315 66.0944 43.5
    endloop
  endfacet
  facet normal -0 0 -1
    outer loop
      vertex 53.2638 66.6928 43.5
      vertex 52.2937 66.1743 43.5
      vertex 53.1629 66.8611 43.5
    endloop
  endfacet
  facet normal 0 0 -1
    outer loop
      vertex 53.4904 65.554 43.5
      vertex 52.3957 65.6618 43.5
      vertex 52.4 65.75 43.5
    endloop
  endfacet
  facet normal 0 0 -1
    outer loop
      vertex 53.4616 65.3598 43.5
      vertex 52.3827 65.5744 43.5
      vertex 52.3957 65.6618 43.5
    endloop
  endfacet
  facet normal 0 0 -1
    outer loop
      vertex 53.4139 65.1694 43.5
      vertex 52.3612 65.4887 43.5
      vertex 52.3827 65.5744 43.5
    endloop
  endfacet
  facet normal 0 0 -1
    outer loop
      vertex 53.3478 64.9846 43.5
      vertex 52.3315 65.4056 43.5
      vertex 52.3612 65.4887 43.5
    endloop
  endfacet
  facet normal 0 0 -1
    outer loop
      vertex 53.2638 64.8072 43.5
      vertex 52.2937 65.3257 43.5
      vertex 52.3315 65.4056 43.5
    endloop
  endfacet
  facet normal 0 0 -1
    outer loop
      vertex 51.9243 64.9563 43.5
      vertex 52.4428 63.9862 43.5
      vertex 52.2654 63.9022 43.5
    endloop
  endfacet
  facet normal 0 0 -1
    outer loop
      vertex 53.1629 64.6389 43.5
      vertex 52.2483 65.25 43.5
      vertex 52.2937 65.3257 43.5
    endloop
  endfacet
  facet normal 0 0 -1
    outer loop
      vertex 53.046 64.4812 43.5
      vertex 52.1957 65.179 43.5
      vertex 52.2483 65.25 43.5
    endloop
  endfacet
  facet normal 0 0 -1
    outer loop
      vertex 52.9142 64.3358 43.5
      vertex 52.1364 65.1136 43.5
      vertex 52.1957 65.179 43.5
    endloop
  endfacet
  facet normal 0 0 -1
    outer loop
      vertex 51.8444 64.9185 43.5
      vertex 52.2654 63.9022 43.5
      vertex 52.0806 63.8361 43.5
    endloop
  endfacet
  facet normal 0 0 -1
    outer loop
      vertex 52.7688 64.204 43.5
      vertex 52.071 65.0543 43.5
      vertex 52.1364 65.1136 43.5
    endloop
  endfacet
  facet normal 0 0 -1
    outer loop
      vertex 52.6111 64.0871 43.5
      vertex 52 65.0017 43.5
      vertex 52.071 65.0543 43.5
    endloop
  endfacet
  facet normal 0 0 -1
    outer loop
      vertex 52.4428 63.9862 43.5
      vertex 51.9243 64.9563 43.5
      vertex 52 65.0017 43.5
    endloop
  endfacet
  facet normal 0 0 -1
    outer loop
      vertex 51.7613 64.8888 43.5
      vertex 52.0806 63.8361 43.5
      vertex 51.8902 63.7884 43.5
    endloop
  endfacet
  facet normal 0 0 -1
    outer loop
      vertex 52.2654 63.9022 43.5
      vertex 51.8444 64.9185 43.5
      vertex 51.9243 64.9563 43.5
    endloop
  endfacet
  facet normal 0 0 -1
    outer loop
      vertex 52.0806 63.8361 43.5
      vertex 51.7613 64.8888 43.5
      vertex 51.8444 64.9185 43.5
    endloop
  endfacet
  facet normal 0 0 -1
    outer loop
      vertex 51.6756 64.8673 43.5
      vertex 51.8902 63.7884 43.5
      vertex 51.696 63.7596 43.5
    endloop
  endfacet
  facet normal 0 0 -1
    outer loop
      vertex 51.8902 63.7884 43.5
      vertex 51.6756 64.8673 43.5
      vertex 51.7613 64.8888 43.5
    endloop
  endfacet
  facet normal 0 0 -1
    outer loop
      vertex 51.696 63.7596 43.5
      vertex 51.5882 64.8543 43.5
      vertex 51.6756 64.8673 43.5
    endloop
  endfacet
  facet normal 0 0 -1
    outer loop
      vertex 51.5 63.75 43.5
      vertex 51.5882 64.8543 43.5
      vertex 51.696 63.7596 43.5
    endloop
  endfacet
  facet normal 0 0 -1
    outer loop
      vertex 51.5 63.75 43.5
      vertex 51.5 64.85 43.5
      vertex 51.5882 64.8543 43.5
    endloop
  endfacet
  facet normal 0 0 -1
    outer loop
      vertex 51.5 63.75 43.5
      vertex 51.4118 64.8543 43.5
      vertex 51.5 64.85 43.5
    endloop
  endfacet
  facet normal 0 0 -1
    outer loop
      vertex 51.304 63.7596 43.5
      vertex 51.4118 64.8543 43.5
      vertex 51.5 63.75 43.5
    endloop
  endfacet
  facet normal -0 0 -1
    outer loop
      vertex 51.4118 64.8543 43.5
      vertex 51.304 63.7596 43.5
      vertex 51.3244 64.8673 43.5
    endloop
  endfacet
  facet normal 0 0 -1
    outer loop
      vertex 51.1098 63.7884 43.5
      vertex 51.3244 64.8673 43.5
      vertex 51.304 63.7596 43.5
    endloop
  endfacet
  facet normal -0 0 -1
    outer loop
      vertex 51.3244 64.8673 43.5
      vertex 51.1098 63.7884 43.5
      vertex 51.2387 64.8888 43.5
    endloop
  endfacet
  facet normal 0 0 -1
    outer loop
      vertex 50.9194 63.8361 43.5
      vertex 51.2387 64.8888 43.5
      vertex 51.1098 63.7884 43.5
    endloop
  endfacet
  facet normal -0 0 -1
    outer loop
      vertex 51.2387 64.8888 43.5
      vertex 50.9194 63.8361 43.5
      vertex 51.1556 64.9185 43.5
    endloop
  endfacet
  facet normal 0 0 -1
    outer loop
      vertex 50.7346 63.9022 43.5
      vertex 51.1556 64.9185 43.5
      vertex 50.9194 63.8361 43.5
    endloop
  endfacet
  facet normal -0 0 -1
    outer loop
      vertex 51.1556 64.9185 43.5
      vertex 50.7346 63.9022 43.5
      vertex 51.0757 64.9563 43.5
    endloop
  endfacet
  facet normal 0 0 -1
    outer loop
      vertex 50.5572 63.9862 43.5
      vertex 51.0757 64.9563 43.5
      vertex 50.7346 63.9022 43.5
    endloop
  endfacet
  facet normal -0 0 -1
    outer loop
      vertex 51.0757 64.9563 43.5
      vertex 50.5572 63.9862 43.5
      vertex 51 65.0017 43.5
    endloop
  endfacet
  facet normal 0 0 -1
    outer loop
      vertex 50.3889 64.0871 43.5
      vertex 51 65.0017 43.5
      vertex 50.5572 63.9862 43.5
    endloop
  endfacet
  facet normal -0 0 -1
    outer loop
      vertex 51 65.0017 43.5
      vertex 50.3889 64.0871 43.5
      vertex 50.929 65.0543 43.5
    endloop
  endfacet
  facet normal 0 0 -1
    outer loop
      vertex 50.2312 64.204 43.5
      vertex 50.929 65.0543 43.5
      vertex 50.3889 64.0871 43.5
    endloop
  endfacet
  facet normal -0 0 -1
    outer loop
      vertex 50.929 65.0543 43.5
      vertex 50.2312 64.204 43.5
      vertex 50.8636 65.1136 43.5
    endloop
  endfacet
  facet normal 0 0 -1
    outer loop
      vertex 50.0858 64.3358 43.5
      vertex 50.8636 65.1136 43.5
      vertex 50.2312 64.204 43.5
    endloop
  endfacet
  facet normal -0 0 -1
    outer loop
      vertex 50.8636 65.1136 43.5
      vertex 50.0858 64.3358 43.5
      vertex 50.8043 65.179 43.5
    endloop
  endfacet
  facet normal 0 0 -1
    outer loop
      vertex 49.954 64.4812 43.5
      vertex 50.8043 65.179 43.5
      vertex 50.0858 64.3358 43.5
    endloop
  endfacet
  facet normal -0 0 -1
    outer loop
      vertex 50.8043 65.179 43.5
      vertex 49.954 64.4812 43.5
      vertex 50.7517 65.25 43.5
    endloop
  endfacet
  facet normal -0 0 -1
    outer loop
      vertex 50.7517 65.25 43.5
      vertex 49.8371 64.6389 43.5
      vertex 50.7063 65.3257 43.5
    endloop
  endfacet
  facet normal 0 0 -1
    outer loop
      vertex 49.8371 64.6389 43.5
      vertex 50.7517 65.25 43.5
      vertex 49.954 64.4812 43.5
    endloop
  endfacet
  facet normal 0 0 -1
    outer loop
      vertex 52.2483 66.25 43.5
      vertex 53.1629 66.8611 43.5
      vertex 52.2937 66.1743 43.5
    endloop
  endfacet
  facet normal -0 0 -1
    outer loop
      vertex 53.1629 66.8611 43.5
      vertex 52.2483 66.25 43.5
      vertex 53.046 67.0188 43.5
    endloop
  endfacet
  facet normal 0 0 -1
    outer loop
      vertex 52.1957 66.321 43.5
      vertex 53.046 67.0188 43.5
      vertex 52.2483 66.25 43.5
    endloop
  endfacet
  facet normal -0 0 -1
    outer loop
      vertex 53.046 67.0188 43.5
      vertex 52.1957 66.321 43.5
      vertex 52.9142 67.1642 43.5
    endloop
  endfacet
  facet normal 0 0 -1
    outer loop
      vertex 52.1364 66.3864 43.5
      vertex 52.9142 67.1642 43.5
      vertex 52.1957 66.321 43.5
    endloop
  endfacet
  facet normal -0 0 -1
    outer loop
      vertex 52.9142 67.1642 43.5
      vertex 52.1364 66.3864 43.5
      vertex 52.7688 67.296 43.5
    endloop
  endfacet
  facet normal 0 0 -1
    outer loop
      vertex 52.071 66.4457 43.5
      vertex 52.7688 67.296 43.5
      vertex 52.1364 66.3864 43.5
    endloop
  endfacet
  facet normal -0 0 -1
    outer loop
      vertex 52.7688 67.296 43.5
      vertex 52.071 66.4457 43.5
      vertex 52.6111 67.4129 43.5
    endloop
  endfacet
  facet normal 0 0 -1
    outer loop
      vertex 52 66.4983 43.5
      vertex 52.6111 67.4129 43.5
      vertex 52.071 66.4457 43.5
    endloop
  endfacet
  facet normal -0 0 -1
    outer loop
      vertex 52.6111 67.4129 43.5
      vertex 52 66.4983 43.5
      vertex 52.4428 67.5138 43.5
    endloop
  endfacet
  facet normal 0 0 -1
    outer loop
      vertex 51.9243 66.5437 43.5
      vertex 52.4428 67.5138 43.5
      vertex 52 66.4983 43.5
    endloop
  endfacet
  facet normal -0 0 -1
    outer loop
      vertex 52.4428 67.5138 43.5
      vertex 51.9243 66.5437 43.5
      vertex 52.2654 67.5978 43.5
    endloop
  endfacet
  facet normal 0 0 -1
    outer loop
      vertex 51.8444 66.5815 43.5
      vertex 52.2654 67.5978 43.5
      vertex 51.9243 66.5437 43.5
    endloop
  endfacet
  facet normal -0 0 -1
    outer loop
      vertex 52.2654 67.5978 43.5
      vertex 51.8444 66.5815 43.5
      vertex 52.0806 67.6639 43.5
    endloop
  endfacet
  facet normal 0 0 -1
    outer loop
      vertex 51.7613 66.6112 43.5
      vertex 52.0806 67.6639 43.5
      vertex 51.8444 66.5815 43.5
    endloop
  endfacet
  facet normal -0 0 -1
    outer loop
      vertex 52.0806 67.6639 43.5
      vertex 51.7613 66.6112 43.5
      vertex 51.8902 67.7116 43.5
    endloop
  endfacet
  facet normal 0 0 -1
    outer loop
      vertex 51.6756 66.6327 43.5
      vertex 51.8902 67.7116 43.5
      vertex 51.7613 66.6112 43.5
    endloop
  endfacet
  facet normal -0 0 -1
    outer loop
      vertex 51.8902 67.7116 43.5
      vertex 51.6756 66.6327 43.5
      vertex 51.696 67.7404 43.5
    endloop
  endfacet
  facet normal 0 0 -1
    outer loop
      vertex 51.5882 66.6457 43.5
      vertex 51.696 67.7404 43.5
      vertex 51.6756 66.6327 43.5
    endloop
  endfacet
  facet normal 0 0 -1
    outer loop
      vertex 51.5 66.65 43.5
      vertex 51.696 67.7404 43.5
      vertex 51.5882 66.6457 43.5
    endloop
  endfacet
  facet normal 0 0 -1
    outer loop
      vertex 51.5 66.65 43.5
      vertex 51.5 67.75 43.5
      vertex 51.696 67.7404 43.5
    endloop
  endfacet
  facet normal 0 0 -1
    outer loop
      vertex 51.4118 66.6457 43.5
      vertex 51.5 67.75 43.5
      vertex 51.5 66.65 43.5
    endloop
  endfacet
  facet normal 0 0 -1
    outer loop
      vertex 51.304 67.7404 43.5
      vertex 51.4118 66.6457 43.5
      vertex 51.3244 66.6327 43.5
    endloop
  endfacet
  facet normal 0 0 -1
    outer loop
      vertex 51.4118 66.6457 43.5
      vertex 51.304 67.7404 43.5
      vertex 51.5 67.75 43.5
    endloop
  endfacet
  facet normal 0 0 -1
    outer loop
      vertex 51.1098 67.7116 43.5
      vertex 51.3244 66.6327 43.5
      vertex 51.2387 66.6112 43.5
    endloop
  endfacet
  facet normal 0 0 -1
    outer loop
      vertex 50.9194 67.6639 43.5
      vertex 51.2387 66.6112 43.5
      vertex 51.1556 66.5815 43.5
    endloop
  endfacet
  facet normal 0 0 -1
    outer loop
      vertex 51.3244 66.6327 43.5
      vertex 51.1098 67.7116 43.5
      vertex 51.304 67.7404 43.5
    endloop
  endfacet
  facet normal 0 0 -1
    outer loop
      vertex 50.7346 67.5978 43.5
      vertex 51.1556 66.5815 43.5
      vertex 51.0757 66.5437 43.5
    endloop
  endfacet
  facet normal 0 0 -1
    outer loop
      vertex 50.5572 67.5138 43.5
      vertex 51.0757 66.5437 43.5
      vertex 51 66.4983 43.5
    endloop
  endfacet
  facet normal 0 0 -1
    outer loop
      vertex 50.3889 67.4129 43.5
      vertex 51 66.4983 43.5
      vertex 50.929 66.4457 43.5
    endloop
  endfacet
  facet normal 0 0 -1
    outer loop
      vertex 51.2387 66.6112 43.5
      vertex 50.9194 67.6639 43.5
      vertex 51.1098 67.7116 43.5
    endloop
  endfacet
  facet normal 0 0 -1
    outer loop
      vertex 50.2312 67.296 43.5
      vertex 50.929 66.4457 43.5
      vertex 50.8636 66.3864 43.5
    endloop
  endfacet
  facet normal 0 0 -1
    outer loop
      vertex 50.0858 67.1642 43.5
      vertex 50.8636 66.3864 43.5
      vertex 50.8043 66.321 43.5
    endloop
  endfacet
  facet normal 0 0 -1
    outer loop
      vertex 49.954 67.0188 43.5
      vertex 50.8043 66.321 43.5
      vertex 50.7517 66.25 43.5
    endloop
  endfacet
  facet normal 0 0 -1
    outer loop
      vertex 51.1556 66.5815 43.5
      vertex 50.7346 67.5978 43.5
      vertex 50.9194 67.6639 43.5
    endloop
  endfacet
  facet normal 0 0 -1
    outer loop
      vertex 49.8371 66.8611 43.5
      vertex 50.7517 66.25 43.5
      vertex 50.7063 66.1743 43.5
    endloop
  endfacet
  facet normal 0 0 -1
    outer loop
      vertex 49.7362 66.6928 43.5
      vertex 50.7063 66.1743 43.5
      vertex 50.6685 66.0944 43.5
    endloop
  endfacet
  facet normal 0 0 -1
    outer loop
      vertex 49.6522 66.5154 43.5
      vertex 50.6685 66.0944 43.5
      vertex 50.6388 66.0113 43.5
    endloop
  endfacet
  facet normal 0 0 -1
    outer loop
      vertex 49.5861 66.3306 43.5
      vertex 50.6388 66.0113 43.5
      vertex 50.6173 65.9256 43.5
    endloop
  endfacet
  facet normal 0 0 -1
    outer loop
      vertex 49.5384 66.1402 43.5
      vertex 50.6173 65.9256 43.5
      vertex 50.6043 65.8382 43.5
    endloop
  endfacet
  facet normal 0 0 -1
    outer loop
      vertex 51.0757 66.5437 43.5
      vertex 50.5572 67.5138 43.5
      vertex 50.7346 67.5978 43.5
    endloop
  endfacet
  facet normal 0 0 -1
    outer loop
      vertex 49.5096 65.946 43.5
      vertex 50.6043 65.8382 43.5
      vertex 50.6 65.75 43.5
    endloop
  endfacet
  facet normal 0 0 -1
    outer loop
      vertex 49.7362 64.8072 43.5
      vertex 50.7063 65.3257 43.5
      vertex 49.8371 64.6389 43.5
    endloop
  endfacet
  facet normal -0 0 -1
    outer loop
      vertex 50.7063 65.3257 43.5
      vertex 49.7362 64.8072 43.5
      vertex 50.6685 65.4056 43.5
    endloop
  endfacet
  facet normal 0 0 -1
    outer loop
      vertex 51 66.4983 43.5
      vertex 50.3889 67.4129 43.5
      vertex 50.5572 67.5138 43.5
    endloop
  endfacet
  facet normal 0 0 -1
    outer loop
      vertex 49.6522 64.9846 43.5
      vertex 50.6685 65.4056 43.5
      vertex 49.7362 64.8072 43.5
    endloop
  endfacet
  facet normal 0 0 -1
    outer loop
      vertex 50.929 66.4457 43.5
      vertex 50.2312 67.296 43.5
      vertex 50.3889 67.4129 43.5
    endloop
  endfacet
  facet normal -0 0 -1
    outer loop
      vertex 50.6685 65.4056 43.5
      vertex 49.6522 64.9846 43.5
      vertex 50.6388 65.4887 43.5
    endloop
  endfacet
  facet normal 0 0 -1
    outer loop
      vertex 50.8636 66.3864 43.5
      vertex 50.0858 67.1642 43.5
      vertex 50.2312 67.296 43.5
    endloop
  endfacet
  facet normal 0 0 -1
    outer loop
      vertex 49.5861 65.1694 43.5
      vertex 50.6388 65.4887 43.5
      vertex 49.6522 64.9846 43.5
    endloop
  endfacet
  facet normal 0 0 -1
    outer loop
      vertex 50.8043 66.321 43.5
      vertex 49.954 67.0188 43.5
      vertex 50.0858 67.1642 43.5
    endloop
  endfacet
  facet normal -0 0 -1
    outer loop
      vertex 50.6388 65.4887 43.5
      vertex 49.5861 65.1694 43.5
      vertex 50.6173 65.5744 43.5
    endloop
  endfacet
  facet normal 0 0 -1
    outer loop
      vertex 50.7517 66.25 43.5
      vertex 49.8371 66.8611 43.5
      vertex 49.954 67.0188 43.5
    endloop
  endfacet
  facet normal 0 0 -1
    outer loop
      vertex 49.5384 65.3598 43.5
      vertex 50.6173 65.5744 43.5
      vertex 49.5861 65.1694 43.5
    endloop
  endfacet
  facet normal 0 0 -1
    outer loop
      vertex 50.7063 66.1743 43.5
      vertex 49.7362 66.6928 43.5
      vertex 49.8371 66.8611 43.5
    endloop
  endfacet
  facet normal -0 0 -1
    outer loop
      vertex 50.6173 65.5744 43.5
      vertex 49.5384 65.3598 43.5
      vertex 50.6043 65.6618 43.5
    endloop
  endfacet
  facet normal 0 0 -1
    outer loop
      vertex 50.6685 66.0944 43.5
      vertex 49.6522 66.5154 43.5
      vertex 49.7362 66.6928 43.5
    endloop
  endfacet
  facet normal 0 0 -1
    outer loop
      vertex 49.5096 65.554 43.5
      vertex 50.6043 65.6618 43.5
      vertex 49.5384 65.3598 43.5
    endloop
  endfacet
  facet normal 0 0 -1
    outer loop
      vertex 50.6388 66.0113 43.5
      vertex 49.5861 66.3306 43.5
      vertex 49.6522 66.5154 43.5
    endloop
  endfacet
  facet normal -0 0 -1
    outer loop
      vertex 50.6043 65.6618 43.5
      vertex 49.5096 65.554 43.5
      vertex 50.6 65.75 43.5
    endloop
  endfacet
  facet normal 0 0 -1
    outer loop
      vertex 50.6173 65.9256 43.5
      vertex 49.5384 66.1402 43.5
      vertex 49.5861 66.3306 43.5
    endloop
  endfacet
  facet normal 0 0 -1
    outer loop
      vertex 49.5 65.75 43.5
      vertex 50.6 65.75 43.5
      vertex 49.5096 65.554 43.5
    endloop
  endfacet
  facet normal 0 0 -1
    outer loop
      vertex 50.6043 65.8382 43.5
      vertex 49.5096 65.946 43.5
      vertex 49.5384 66.1402 43.5
    endloop
  endfacet
  facet normal 0 0 -1
    outer loop
      vertex 50.6 65.75 43.5
      vertex 49.5 65.75 43.5
      vertex 49.5096 65.946 43.5
    endloop
  endfacet
  facet normal -0.94158 -0.336788 0
    outer loop
      vertex 49.6522 64.9846 43.5
      vertex 49.5861 65.1694 45
      vertex 49.5861 65.1694 43.5
    endloop
  endfacet
  facet normal -0.94158 -0.336788 0
    outer loop
      vertex 49.5861 65.1694 45
      vertex 49.6522 64.9846 43.5
      vertex 49.6522 64.9846 45
    endloop
  endfacet
  facet normal -0.146696 0.989182 0
    outer loop
      vertex 51.304 67.7404 43.5
      vertex 51.1098 67.7116 45
      vertex 51.304 67.7404 45
    endloop
  endfacet
  facet normal -0.146696 0.989182 0
    outer loop
      vertex 51.1098 67.7116 45
      vertex 51.304 67.7404 43.5
      vertex 51.1098 67.7116 43.5
    endloop
  endfacet
  facet normal 0.146696 -0.989182 0
    outer loop
      vertex 51.696 63.7596 43.5
      vertex 51.8902 63.7884 45
      vertex 51.696 63.7596 45
    endloop
  endfacet
  facet normal 0.146696 -0.989182 0
    outer loop
      vertex 51.8902 63.7884 45
      vertex 51.696 63.7596 43.5
      vertex 51.8902 63.7884 43.5
    endloop
  endfacet
  facet normal -0.740908 0.671607 0
    outer loop
      vertex 49.954 67.0188 43.5
      vertex 50.0858 67.1642 45
      vertex 50.0858 67.1642 43.5
    endloop
  endfacet
  facet normal -0.740908 0.671607 0
    outer loop
      vertex 50.0858 67.1642 45
      vertex 49.954 67.0188 43.5
      vertex 49.954 67.0188 45
    endloop
  endfacet
  facet normal 0.427955 -0.9038 0
    outer loop
      vertex 52.2654 63.9022 43.5
      vertex 52.4428 63.9862 45
      vertex 52.2654 63.9022 45
    endloop
  endfacet
  facet normal 0.427955 -0.9038 0
    outer loop
      vertex 52.4428 63.9862 45
      vertex 52.2654 63.9022 43.5
      vertex 52.4428 63.9862 43.5
    endloop
  endfacet
  facet normal 0.80335 -0.595508 0
    outer loop
      vertex 53.046 64.4812 45
      vertex 53.1629 64.6389 43.5
      vertex 53.1629 64.6389 45
    endloop
  endfacet
  facet normal 0.80335 -0.595508 0
    outer loop
      vertex 53.1629 64.6389 43.5
      vertex 53.046 64.4812 45
      vertex 53.046 64.4812 43.5
    endloop
  endfacet
  facet normal 0.336788 -0.94158 0
    outer loop
      vertex 52.0806 63.8361 43.5
      vertex 52.2654 63.9022 45
      vertex 52.0806 63.8361 45
    endloop
  endfacet
  facet normal 0.336788 -0.94158 0
    outer loop
      vertex 52.2654 63.9022 45
      vertex 52.0806 63.8361 43.5
      vertex 52.2654 63.9022 43.5
    endloop
  endfacet
  facet normal 0.989182 -0.146696 0
    outer loop
      vertex 53.4616 65.3598 45
      vertex 53.4904 65.554 43.5
      vertex 53.4904 65.554 45
    endloop
  endfacet
  facet normal 0.989182 -0.146696 0
    outer loop
      vertex 53.4904 65.554 43.5
      vertex 53.4616 65.3598 45
      vertex 53.4616 65.3598 43.5
    endloop
  endfacet
  facet normal 0.671607 -0.740908 0
    outer loop
      vertex 52.7688 64.204 43.5
      vertex 52.9142 64.3358 45
      vertex 52.7688 64.204 45
    endloop
  endfacet
  facet normal 0.671607 -0.740908 0
    outer loop
      vertex 52.9142 64.3358 45
      vertex 52.7688 64.204 43.5
      vertex 52.9142 64.3358 43.5
    endloop
  endfacet
  facet normal 0.0489209 0.998803 -0
    outer loop
      vertex 51.696 67.7404 43.5
      vertex 51.5 67.75 45
      vertex 51.696 67.7404 45
    endloop
  endfacet
  facet normal 0.0489209 0.998803 0
    outer loop
      vertex 51.5 67.75 45
      vertex 51.696 67.7404 43.5
      vertex 51.5 67.75 43.5
    endloop
  endfacet
  facet normal 0.427955 0.9038 -0
    outer loop
      vertex 52.4428 67.5138 43.5
      vertex 52.2654 67.5978 45
      vertex 52.4428 67.5138 45
    endloop
  endfacet
  facet normal 0.427955 0.9038 0
    outer loop
      vertex 52.2654 67.5978 45
      vertex 52.4428 67.5138 43.5
      vertex 52.2654 67.5978 43.5
    endloop
  endfacet
  facet normal -0.427955 0.9038 0
    outer loop
      vertex 50.7346 67.5978 43.5
      vertex 50.5572 67.5138 45
      vertex 50.7346 67.5978 45
    endloop
  endfacet
  facet normal -0.427955 0.9038 0
    outer loop
      vertex 50.5572 67.5138 45
      vertex 50.7346 67.5978 43.5
      vertex 50.5572 67.5138 43.5
    endloop
  endfacet
  facet normal -0.857673 -0.514196 0
    outer loop
      vertex 49.8371 64.6389 43.5
      vertex 49.7362 64.8072 45
      vertex 49.7362 64.8072 43.5
    endloop
  endfacet
  facet normal -0.857673 -0.514196 0
    outer loop
      vertex 49.7362 64.8072 45
      vertex 49.8371 64.6389 43.5
      vertex 49.8371 64.6389 45
    endloop
  endfacet
  facet normal -0.243015 -0.970023 0
    outer loop
      vertex 50.9194 63.8361 43.5
      vertex 51.1098 63.7884 45
      vertex 50.9194 63.8361 45
    endloop
  endfacet
  facet normal -0.243015 -0.970023 -0
    outer loop
      vertex 51.1098 63.7884 45
      vertex 50.9194 63.8361 43.5
      vertex 51.1098 63.7884 43.5
    endloop
  endfacet
  facet normal 0.740908 -0.671607 0
    outer loop
      vertex 52.9142 64.3358 45
      vertex 53.046 64.4812 43.5
      vertex 53.046 64.4812 45
    endloop
  endfacet
  facet normal 0.740908 -0.671607 0
    outer loop
      vertex 53.046 64.4812 43.5
      vertex 52.9142 64.3358 45
      vertex 52.9142 64.3358 43.5
    endloop
  endfacet
  facet normal -0.970023 -0.243015 0
    outer loop
      vertex 49.5861 65.1694 43.5
      vertex 49.5384 65.3598 45
      vertex 49.5384 65.3598 43.5
    endloop
  endfacet
  facet normal -0.970023 -0.243015 0
    outer loop
      vertex 49.5384 65.3598 45
      vertex 49.5861 65.1694 43.5
      vertex 49.5861 65.1694 45
    endloop
  endfacet
  facet normal -0.671607 -0.740908 0
    outer loop
      vertex 50.0858 64.3358 43.5
      vertex 50.2312 64.204 45
      vertex 50.0858 64.3358 45
    endloop
  endfacet
  facet normal -0.671607 -0.740908 -0
    outer loop
      vertex 50.2312 64.204 45
      vertex 50.0858 64.3358 43.5
      vertex 50.2312 64.204 43.5
    endloop
  endfacet
  facet normal 0.970023 -0.243015 0
    outer loop
      vertex 53.4139 65.1694 45
      vertex 53.4616 65.3598 43.5
      vertex 53.4616 65.3598 45
    endloop
  endfacet
  facet normal 0.970023 -0.243015 0
    outer loop
      vertex 53.4616 65.3598 43.5
      vertex 53.4139 65.1694 45
      vertex 53.4139 65.1694 43.5
    endloop
  endfacet
  facet normal -0.336788 0.94158 0
    outer loop
      vertex 50.9194 67.6639 43.5
      vertex 50.7346 67.5978 45
      vertex 50.9194 67.6639 45
    endloop
  endfacet
  facet normal -0.336788 0.94158 0
    outer loop
      vertex 50.7346 67.5978 45
      vertex 50.9194 67.6639 43.5
      vertex 50.7346 67.5978 43.5
    endloop
  endfacet
  facet normal -0.595508 0.80335 0
    outer loop
      vertex 50.3889 67.4129 43.5
      vertex 50.2312 67.296 45
      vertex 50.3889 67.4129 45
    endloop
  endfacet
  facet normal -0.595508 0.80335 0
    outer loop
      vertex 50.2312 67.296 45
      vertex 50.3889 67.4129 43.5
      vertex 50.2312 67.296 43.5
    endloop
  endfacet
  facet normal 0.243015 -0.970023 0
    outer loop
      vertex 51.8902 63.7884 43.5
      vertex 52.0806 63.8361 45
      vertex 51.8902 63.7884 45
    endloop
  endfacet
  facet normal 0.243015 -0.970023 0
    outer loop
      vertex 52.0806 63.8361 45
      vertex 51.8902 63.7884 43.5
      vertex 52.0806 63.8361 43.5
    endloop
  endfacet
  facet normal -0.243015 0.970023 0
    outer loop
      vertex 51.1098 67.7116 43.5
      vertex 50.9194 67.6639 45
      vertex 51.1098 67.7116 45
    endloop
  endfacet
  facet normal -0.243015 0.970023 0
    outer loop
      vertex 50.9194 67.6639 45
      vertex 51.1098 67.7116 43.5
      vertex 50.9194 67.6639 43.5
    endloop
  endfacet
  facet normal 0.80335 0.595508 0
    outer loop
      vertex 53.1629 66.8611 45
      vertex 53.046 67.0188 43.5
      vertex 53.046 67.0188 45
    endloop
  endfacet
  facet normal 0.80335 0.595508 0
    outer loop
      vertex 53.046 67.0188 43.5
      vertex 53.1629 66.8611 45
      vertex 53.1629 66.8611 43.5
    endloop
  endfacet
  facet normal -0.857673 0.514196 0
    outer loop
      vertex 49.7362 66.6928 43.5
      vertex 49.8371 66.8611 45
      vertex 49.8371 66.8611 43.5
    endloop
  endfacet
  facet normal -0.857673 0.514196 0
    outer loop
      vertex 49.8371 66.8611 45
      vertex 49.7362 66.6928 43.5
      vertex 49.7362 66.6928 45
    endloop
  endfacet
  facet normal 0.146696 0.989182 -0
    outer loop
      vertex 51.8902 67.7116 43.5
      vertex 51.696 67.7404 45
      vertex 51.8902 67.7116 45
    endloop
  endfacet
  facet normal 0.146696 0.989182 0
    outer loop
      vertex 51.696 67.7404 45
      vertex 51.8902 67.7116 43.5
      vertex 51.696 67.7404 43.5
    endloop
  endfacet
  facet normal 0.998803 -0.0489209 0
    outer loop
      vertex 53.4904 65.554 45
      vertex 53.5 65.75 43.5
      vertex 53.5 65.75 45
    endloop
  endfacet
  facet normal 0.998803 -0.0489209 0
    outer loop
      vertex 53.5 65.75 43.5
      vertex 53.4904 65.554 45
      vertex 53.4904 65.554 43.5
    endloop
  endfacet
  facet normal 0.9038 -0.427955 0
    outer loop
      vertex 53.2638 64.8072 45
      vertex 53.3478 64.9846 43.5
      vertex 53.3478 64.9846 45
    endloop
  endfacet
  facet normal 0.9038 -0.427955 0
    outer loop
      vertex 53.3478 64.9846 43.5
      vertex 53.2638 64.8072 45
      vertex 53.2638 64.8072 43.5
    endloop
  endfacet
  facet normal 0.243015 0.970023 -0
    outer loop
      vertex 52.0806 67.6639 43.5
      vertex 51.8902 67.7116 45
      vertex 52.0806 67.6639 45
    endloop
  endfacet
  facet normal 0.243015 0.970023 0
    outer loop
      vertex 51.8902 67.7116 45
      vertex 52.0806 67.6639 43.5
      vertex 51.8902 67.7116 43.5
    endloop
  endfacet
  facet normal 0.514196 0.857673 -0
    outer loop
      vertex 52.6111 67.4129 43.5
      vertex 52.4428 67.5138 45
      vertex 52.6111 67.4129 45
    endloop
  endfacet
  facet normal 0.514196 0.857673 0
    outer loop
      vertex 52.4428 67.5138 45
      vertex 52.6111 67.4129 43.5
      vertex 52.4428 67.5138 43.5
    endloop
  endfacet
  facet normal 0.595508 0.80335 -0
    outer loop
      vertex 52.7688 67.296 43.5
      vertex 52.6111 67.4129 45
      vertex 52.7688 67.296 45
    endloop
  endfacet
  facet normal 0.595508 0.80335 0
    outer loop
      vertex 52.6111 67.4129 45
      vertex 52.7688 67.296 43.5
      vertex 52.6111 67.4129 43.5
    endloop
  endfacet
  facet normal 0.0489209 -0.998803 0
    outer loop
      vertex 51.5 63.75 43.5
      vertex 51.696 63.7596 45
      vertex 51.5 63.75 45
    endloop
  endfacet
  facet normal 0.0489209 -0.998803 0
    outer loop
      vertex 51.696 63.7596 45
      vertex 51.5 63.75 43.5
      vertex 51.696 63.7596 43.5
    endloop
  endfacet
  facet normal 0.94158 0.336788 0
    outer loop
      vertex 53.4139 66.3306 45
      vertex 53.3478 66.5154 43.5
      vertex 53.3478 66.5154 45
    endloop
  endfacet
  facet normal 0.94158 0.336788 0
    outer loop
      vertex 53.3478 66.5154 43.5
      vertex 53.4139 66.3306 45
      vertex 53.4139 66.3306 43.5
    endloop
  endfacet
  facet normal 0.857673 -0.514196 0
    outer loop
      vertex 53.1629 64.6389 45
      vertex 53.2638 64.8072 43.5
      vertex 53.2638 64.8072 45
    endloop
  endfacet
  facet normal 0.857673 -0.514196 0
    outer loop
      vertex 53.2638 64.8072 43.5
      vertex 53.1629 64.6389 45
      vertex 53.1629 64.6389 43.5
    endloop
  endfacet
  facet normal -0.998803 0.0489209 0
    outer loop
      vertex 49.5 65.75 43.5
      vertex 49.5096 65.946 45
      vertex 49.5096 65.946 43.5
    endloop
  endfacet
  facet normal -0.998803 0.0489209 0
    outer loop
      vertex 49.5096 65.946 45
      vertex 49.5 65.75 43.5
      vertex 49.5 65.75 45
    endloop
  endfacet
  facet normal 0.94158 -0.336788 0
    outer loop
      vertex 53.3478 64.9846 45
      vertex 53.4139 65.1694 43.5
      vertex 53.4139 65.1694 45
    endloop
  endfacet
  facet normal 0.94158 -0.336788 0
    outer loop
      vertex 53.4139 65.1694 43.5
      vertex 53.3478 64.9846 45
      vertex 53.3478 64.9846 43.5
    endloop
  endfacet
  facet normal 0.740908 0.671607 0
    outer loop
      vertex 53.046 67.0188 45
      vertex 52.9142 67.1642 43.5
      vertex 52.9142 67.1642 45
    endloop
  endfacet
  facet normal 0.740908 0.671607 0
    outer loop
      vertex 52.9142 67.1642 43.5
      vertex 53.046 67.0188 45
      vertex 53.046 67.0188 43.5
    endloop
  endfacet
  facet normal 0.9038 0.427955 0
    outer loop
      vertex 53.3478 66.5154 45
      vertex 53.2638 66.6928 43.5
      vertex 53.2638 66.6928 45
    endloop
  endfacet
  facet normal 0.9038 0.427955 0
    outer loop
      vertex 53.2638 66.6928 43.5
      vertex 53.3478 66.5154 45
      vertex 53.3478 66.5154 43.5
    endloop
  endfacet
  facet normal 0.595508 -0.80335 0
    outer loop
      vertex 52.6111 64.0871 43.5
      vertex 52.7688 64.204 45
      vertex 52.6111 64.0871 45
    endloop
  endfacet
  facet normal 0.595508 -0.80335 0
    outer loop
      vertex 52.7688 64.204 45
      vertex 52.6111 64.0871 43.5
      vertex 52.7688 64.204 43.5
    endloop
  endfacet
  facet normal 0.857673 0.514196 0
    outer loop
      vertex 53.2638 66.6928 45
      vertex 53.1629 66.8611 43.5
      vertex 53.1629 66.8611 45
    endloop
  endfacet
  facet normal 0.857673 0.514196 0
    outer loop
      vertex 53.1629 66.8611 43.5
      vertex 53.2638 66.6928 45
      vertex 53.2638 66.6928 43.5
    endloop
  endfacet
  facet normal -0.671607 0.740908 0
    outer loop
      vertex 50.2312 67.296 43.5
      vertex 50.0858 67.1642 45
      vertex 50.2312 67.296 45
    endloop
  endfacet
  facet normal -0.671607 0.740908 0
    outer loop
      vertex 50.0858 67.1642 45
      vertex 50.2312 67.296 43.5
      vertex 50.0858 67.1642 43.5
    endloop
  endfacet
  facet normal -0.9038 0.427955 0
    outer loop
      vertex 49.6522 66.5154 43.5
      vertex 49.7362 66.6928 45
      vertex 49.7362 66.6928 43.5
    endloop
  endfacet
  facet normal -0.9038 0.427955 0
    outer loop
      vertex 49.7362 66.6928 45
      vertex 49.6522 66.5154 43.5
      vertex 49.6522 66.5154 45
    endloop
  endfacet
  facet normal 0.671607 0.740908 -0
    outer loop
      vertex 52.9142 67.1642 43.5
      vertex 52.7688 67.296 45
      vertex 52.9142 67.1642 45
    endloop
  endfacet
  facet normal 0.671607 0.740908 0
    outer loop
      vertex 52.7688 67.296 45
      vertex 52.9142 67.1642 43.5
      vertex 52.7688 67.296 43.5
    endloop
  endfacet
  facet normal -0.0489209 0.998803 0
    outer loop
      vertex 51.5 67.75 43.5
      vertex 51.304 67.7404 45
      vertex 51.5 67.75 45
    endloop
  endfacet
  facet normal -0.0489209 0.998803 0
    outer loop
      vertex 51.304 67.7404 45
      vertex 51.5 67.75 43.5
      vertex 51.304 67.7404 43.5
    endloop
  endfacet
  facet normal -0.740908 -0.671607 0
    outer loop
      vertex 50.0858 64.3358 43.5
      vertex 49.954 64.4812 45
      vertex 49.954 64.4812 43.5
    endloop
  endfacet
  facet normal -0.740908 -0.671607 0
    outer loop
      vertex 49.954 64.4812 45
      vertex 50.0858 64.3358 43.5
      vertex 50.0858 64.3358 45
    endloop
  endfacet
  facet normal -0.595508 -0.80335 0
    outer loop
      vertex 50.2312 64.204 43.5
      vertex 50.3889 64.0871 45
      vertex 50.2312 64.204 45
    endloop
  endfacet
  facet normal -0.595508 -0.80335 -0
    outer loop
      vertex 50.3889 64.0871 45
      vertex 50.2312 64.204 43.5
      vertex 50.3889 64.0871 43.5
    endloop
  endfacet
  facet normal -0.989182 -0.146696 0
    outer loop
      vertex 49.5384 65.3598 43.5
      vertex 49.5096 65.554 45
      vertex 49.5096 65.554 43.5
    endloop
  endfacet
  facet normal -0.989182 -0.146696 0
    outer loop
      vertex 49.5096 65.554 45
      vertex 49.5384 65.3598 43.5
      vertex 49.5384 65.3598 45
    endloop
  endfacet
  facet normal -0.80335 -0.595508 0
    outer loop
      vertex 49.954 64.4812 43.5
      vertex 49.8371 64.6389 45
      vertex 49.8371 64.6389 43.5
    endloop
  endfacet
  facet normal -0.80335 -0.595508 0
    outer loop
      vertex 49.8371 64.6389 45
      vertex 49.954 64.4812 43.5
      vertex 49.954 64.4812 45
    endloop
  endfacet
  facet normal -0.998803 -0.0489209 0
    outer loop
      vertex 49.5096 65.554 43.5
      vertex 49.5 65.75 45
      vertex 49.5 65.75 43.5
    endloop
  endfacet
  facet normal -0.998803 -0.0489209 0
    outer loop
      vertex 49.5 65.75 45
      vertex 49.5096 65.554 43.5
      vertex 49.5096 65.554 45
    endloop
  endfacet
  facet normal -0.970023 0.243015 0
    outer loop
      vertex 49.5384 66.1402 43.5
      vertex 49.5861 66.3306 45
      vertex 49.5861 66.3306 43.5
    endloop
  endfacet
  facet normal -0.970023 0.243015 0
    outer loop
      vertex 49.5861 66.3306 45
      vertex 49.5384 66.1402 43.5
      vertex 49.5384 66.1402 45
    endloop
  endfacet
  facet normal -0.80335 0.595508 0
    outer loop
      vertex 49.8371 66.8611 43.5
      vertex 49.954 67.0188 45
      vertex 49.954 67.0188 43.5
    endloop
  endfacet
  facet normal -0.80335 0.595508 0
    outer loop
      vertex 49.954 67.0188 45
      vertex 49.8371 66.8611 43.5
      vertex 49.8371 66.8611 45
    endloop
  endfacet
  facet normal 0.514196 -0.857673 0
    outer loop
      vertex 52.4428 63.9862 43.5
      vertex 52.6111 64.0871 45
      vertex 52.4428 63.9862 45
    endloop
  endfacet
  facet normal 0.514196 -0.857673 0
    outer loop
      vertex 52.6111 64.0871 45
      vertex 52.4428 63.9862 43.5
      vertex 52.6111 64.0871 43.5
    endloop
  endfacet
  facet normal -0.427955 -0.9038 0
    outer loop
      vertex 50.5572 63.9862 43.5
      vertex 50.7346 63.9022 45
      vertex 50.5572 63.9862 45
    endloop
  endfacet
  facet normal -0.427955 -0.9038 -0
    outer loop
      vertex 50.7346 63.9022 45
      vertex 50.5572 63.9862 43.5
      vertex 50.7346 63.9022 43.5
    endloop
  endfacet
  facet normal -0.0489209 -0.998803 0
    outer loop
      vertex 51.304 63.7596 43.5
      vertex 51.5 63.75 45
      vertex 51.304 63.7596 45
    endloop
  endfacet
  facet normal -0.0489209 -0.998803 -0
    outer loop
      vertex 51.5 63.75 45
      vertex 51.304 63.7596 43.5
      vertex 51.5 63.75 43.5
    endloop
  endfacet
  facet normal -0.146696 -0.989182 0
    outer loop
      vertex 51.1098 63.7884 43.5
      vertex 51.304 63.7596 45
      vertex 51.1098 63.7884 45
    endloop
  endfacet
  facet normal -0.146696 -0.989182 -0
    outer loop
      vertex 51.304 63.7596 45
      vertex 51.1098 63.7884 43.5
      vertex 51.304 63.7596 43.5
    endloop
  endfacet
  facet normal -0.9038 -0.427955 0
    outer loop
      vertex 49.7362 64.8072 43.5
      vertex 49.6522 64.9846 45
      vertex 49.6522 64.9846 43.5
    endloop
  endfacet
  facet normal -0.9038 -0.427955 0
    outer loop
      vertex 49.6522 64.9846 45
      vertex 49.7362 64.8072 43.5
      vertex 49.7362 64.8072 45
    endloop
  endfacet
  facet normal -0.989182 0.146696 0
    outer loop
      vertex 49.5096 65.946 43.5
      vertex 49.5384 66.1402 45
      vertex 49.5384 66.1402 43.5
    endloop
  endfacet
  facet normal -0.989182 0.146696 0
    outer loop
      vertex 49.5384 66.1402 45
      vertex 49.5096 65.946 43.5
      vertex 49.5096 65.946 45
    endloop
  endfacet
  facet normal -0.336788 -0.94158 0
    outer loop
      vertex 50.7346 63.9022 43.5
      vertex 50.9194 63.8361 45
      vertex 50.7346 63.9022 45
    endloop
  endfacet
  facet normal -0.336788 -0.94158 -0
    outer loop
      vertex 50.9194 63.8361 45
      vertex 50.7346 63.9022 43.5
      vertex 50.9194 63.8361 43.5
    endloop
  endfacet
  facet normal -0.989118 -0.147123 0
    outer loop
      vertex 52.3957 65.8382 43.5
      vertex 52.3827 65.9256 45
      vertex 52.3827 65.9256 43.5
    endloop
  endfacet
  facet normal -0.989118 -0.147123 0
    outer loop
      vertex 52.3827 65.9256 45
      vertex 52.3957 65.8382 43.5
      vertex 52.3957 65.8382 45
    endloop
  endfacet
  facet normal -0.998814 -0.048695 0
    outer loop
      vertex 52.4 65.75 43.5
      vertex 52.3957 65.8382 45
      vertex 52.3957 65.8382 43.5
    endloop
  endfacet
  facet normal -0.998814 -0.048695 0
    outer loop
      vertex 52.3957 65.8382 45
      vertex 52.4 65.75 43.5
      vertex 52.4 65.75 45
    endloop
  endfacet
  facet normal -0.969942 -0.243334 0
    outer loop
      vertex 52.3827 65.9256 43.5
      vertex 52.3612 66.0113 45
      vertex 52.3612 66.0113 43.5
    endloop
  endfacet
  facet normal -0.969942 -0.243334 0
    outer loop
      vertex 52.3612 66.0113 45
      vertex 52.3827 65.9256 43.5
      vertex 52.3827 65.9256 45
    endloop
  endfacet
  facet normal -0.998814 0.048695 0
    outer loop
      vertex 52.3957 65.6618 43.5
      vertex 52.4 65.75 45
      vertex 52.4 65.75 43.5
    endloop
  endfacet
  facet normal -0.998814 0.048695 0
    outer loop
      vertex 52.4 65.75 45
      vertex 52.3957 65.6618 43.5
      vertex 52.3957 65.6618 45
    endloop
  endfacet
  facet normal -0.243334 -0.969942 0
    outer loop
      vertex 51.6756 66.6327 43.5
      vertex 51.7613 66.6112 45
      vertex 51.6756 66.6327 45
    endloop
  endfacet
  facet normal -0.243334 -0.969942 -0
    outer loop
      vertex 51.7613 66.6112 45
      vertex 51.6756 66.6327 43.5
      vertex 51.7613 66.6112 43.5
    endloop
  endfacet
  facet normal 0.048695 -0.998814 0
    outer loop
      vertex 51.4118 66.6457 43.5
      vertex 51.5 66.65 45
      vertex 51.4118 66.6457 45
    endloop
  endfacet
  facet normal 0.048695 -0.998814 0
    outer loop
      vertex 51.5 66.65 45
      vertex 51.4118 66.6457 43.5
      vertex 51.5 66.65 43.5
    endloop
  endfacet
  facet normal 0.147123 -0.989118 0
    outer loop
      vertex 51.3244 66.6327 43.5
      vertex 51.4118 66.6457 45
      vertex 51.3244 66.6327 45
    endloop
  endfacet
  facet normal 0.147123 -0.989118 0
    outer loop
      vertex 51.4118 66.6457 45
      vertex 51.3244 66.6327 43.5
      vertex 51.4118 66.6457 43.5
    endloop
  endfacet
  facet normal -0.941665 0.336552 0
    outer loop
      vertex 52.3315 65.4056 43.5
      vertex 52.3612 65.4887 45
      vertex 52.3612 65.4887 43.5
    endloop
  endfacet
  facet normal -0.941665 0.336552 0
    outer loop
      vertex 52.3612 65.4887 45
      vertex 52.3315 65.4056 43.5
      vertex 52.3315 65.4056 45
    endloop
  endfacet
  facet normal 0.336552 -0.941665 0
    outer loop
      vertex 51.1556 66.5815 43.5
      vertex 51.2387 66.6112 45
      vertex 51.1556 66.5815 45
    endloop
  endfacet
  facet normal 0.336552 -0.941665 0
    outer loop
      vertex 51.2387 66.6112 45
      vertex 51.1556 66.5815 43.5
      vertex 51.2387 66.6112 43.5
    endloop
  endfacet
  facet normal -0.147123 0.989118 0
    outer loop
      vertex 51.6756 64.8673 43.5
      vertex 51.5882 64.8543 45
      vertex 51.6756 64.8673 45
    endloop
  endfacet
  facet normal -0.147123 0.989118 0
    outer loop
      vertex 51.5882 64.8543 45
      vertex 51.6756 64.8673 43.5
      vertex 51.5882 64.8543 43.5
    endloop
  endfacet
  facet normal 0.903945 0.427649 0
    outer loop
      vertex 50.7063 65.3257 45
      vertex 50.6685 65.4056 43.5
      vertex 50.6685 65.4056 45
    endloop
  endfacet
  facet normal 0.903945 0.427649 0
    outer loop
      vertex 50.6685 65.4056 43.5
      vertex 50.7063 65.3257 45
      vertex 50.7063 65.3257 43.5
    endloop
  endfacet
  facet normal 0.903945 -0.427649 0
    outer loop
      vertex 50.6685 66.0944 45
      vertex 50.7063 66.1743 43.5
      vertex 50.7063 66.1743 45
    endloop
  endfacet
  facet normal 0.903945 -0.427649 0
    outer loop
      vertex 50.7063 66.1743 43.5
      vertex 50.6685 66.0944 45
      vertex 50.6685 66.0944 43.5
    endloop
  endfacet
  facet normal -0.671714 -0.740811 0
    outer loop
      vertex 52.071 66.4457 43.5
      vertex 52.1364 66.3864 45
      vertex 52.071 66.4457 45
    endloop
  endfacet
  facet normal -0.671714 -0.740811 -0
    outer loop
      vertex 52.1364 66.3864 45
      vertex 52.071 66.4457 43.5
      vertex 52.1364 66.3864 43.5
    endloop
  endfacet
  facet normal 0.969942 -0.243334 0
    outer loop
      vertex 50.6173 65.9256 45
      vertex 50.6388 66.0113 43.5
      vertex 50.6388 66.0113 45
    endloop
  endfacet
  facet normal 0.969942 -0.243334 0
    outer loop
      vertex 50.6388 66.0113 43.5
      vertex 50.6173 65.9256 45
      vertex 50.6173 65.9256 43.5
    endloop
  endfacet
  facet normal 0.671714 -0.740811 0
    outer loop
      vertex 50.8636 66.3864 43.5
      vertex 50.929 66.4457 45
      vertex 50.8636 66.3864 45
    endloop
  endfacet
  facet normal 0.671714 -0.740811 0
    outer loop
      vertex 50.929 66.4457 45
      vertex 50.8636 66.3864 43.5
      vertex 50.929 66.4457 43.5
    endloop
  endfacet
  facet normal 0.243334 -0.969942 0
    outer loop
      vertex 51.2387 66.6112 43.5
      vertex 51.3244 66.6327 45
      vertex 51.2387 66.6112 45
    endloop
  endfacet
  facet normal 0.243334 -0.969942 0
    outer loop
      vertex 51.3244 66.6327 45
      vertex 51.2387 66.6112 43.5
      vertex 51.3244 66.6327 43.5
    endloop
  endfacet
  facet normal -0.903945 0.427649 0
    outer loop
      vertex 52.2937 65.3257 43.5
      vertex 52.3315 65.4056 45
      vertex 52.3315 65.4056 43.5
    endloop
  endfacet
  facet normal -0.903945 0.427649 0
    outer loop
      vertex 52.3315 65.4056 45
      vertex 52.2937 65.3257 43.5
      vertex 52.2937 65.3257 45
    endloop
  endfacet
  facet normal 0.803517 0.595282 0
    outer loop
      vertex 50.8043 65.179 45
      vertex 50.7517 65.25 43.5
      vertex 50.7517 65.25 45
    endloop
  endfacet
  facet normal 0.803517 0.595282 0
    outer loop
      vertex 50.7517 65.25 43.5
      vertex 50.8043 65.179 45
      vertex 50.8043 65.179 43.5
    endloop
  endfacet
  facet normal 0.595282 -0.803517 0
    outer loop
      vertex 50.929 66.4457 43.5
      vertex 51 66.4983 45
      vertex 50.929 66.4457 45
    endloop
  endfacet
  facet normal 0.595282 -0.803517 0
    outer loop
      vertex 51 66.4983 45
      vertex 50.929 66.4457 43.5
      vertex 51 66.4983 43.5
    endloop
  endfacet
  facet normal -0.989118 0.147123 0
    outer loop
      vertex 52.3827 65.5744 43.5
      vertex 52.3957 65.6618 45
      vertex 52.3957 65.6618 43.5
    endloop
  endfacet
  facet normal -0.989118 0.147123 0
    outer loop
      vertex 52.3957 65.6618 45
      vertex 52.3827 65.5744 43.5
      vertex 52.3827 65.5744 45
    endloop
  endfacet
  facet normal 0.989118 0.147123 0
    outer loop
      vertex 50.6173 65.5744 45
      vertex 50.6043 65.6618 43.5
      vertex 50.6043 65.6618 45
    endloop
  endfacet
  facet normal 0.989118 0.147123 0
    outer loop
      vertex 50.6043 65.6618 43.5
      vertex 50.6173 65.5744 45
      vertex 50.6173 65.5744 43.5
    endloop
  endfacet
  facet normal 0.803517 -0.595282 0
    outer loop
      vertex 50.7517 66.25 45
      vertex 50.8043 66.321 43.5
      vertex 50.8043 66.321 45
    endloop
  endfacet
  facet normal 0.803517 -0.595282 0
    outer loop
      vertex 50.8043 66.321 43.5
      vertex 50.7517 66.25 45
      vertex 50.7517 66.25 43.5
    endloop
  endfacet
  facet normal -0.514329 0.857593 0
    outer loop
      vertex 52 65.0017 43.5
      vertex 51.9243 64.9563 45
      vertex 52 65.0017 45
    endloop
  endfacet
  facet normal -0.514329 0.857593 0
    outer loop
      vertex 51.9243 64.9563 45
      vertex 52 65.0017 43.5
      vertex 51.9243 64.9563 43.5
    endloop
  endfacet
  facet normal 0.740811 0.671714 0
    outer loop
      vertex 50.8636 65.1136 45
      vertex 50.8043 65.179 43.5
      vertex 50.8043 65.179 45
    endloop
  endfacet
  facet normal 0.740811 0.671714 0
    outer loop
      vertex 50.8043 65.179 43.5
      vertex 50.8636 65.1136 45
      vertex 50.8636 65.1136 43.5
    endloop
  endfacet
  facet normal 0.048695 0.998814 -0
    outer loop
      vertex 51.5 64.85 43.5
      vertex 51.4118 64.8543 45
      vertex 51.5 64.85 45
    endloop
  endfacet
  facet normal 0.048695 0.998814 0
    outer loop
      vertex 51.4118 64.8543 45
      vertex 51.5 64.85 43.5
      vertex 51.4118 64.8543 43.5
    endloop
  endfacet
  facet normal -0.595282 0.803517 0
    outer loop
      vertex 52.071 65.0543 43.5
      vertex 52 65.0017 45
      vertex 52.071 65.0543 45
    endloop
  endfacet
  facet normal -0.595282 0.803517 0
    outer loop
      vertex 52 65.0017 45
      vertex 52.071 65.0543 43.5
      vertex 52 65.0017 43.5
    endloop
  endfacet
  facet normal -0.903945 -0.427649 0
    outer loop
      vertex 52.3315 66.0944 43.5
      vertex 52.2937 66.1743 45
      vertex 52.2937 66.1743 43.5
    endloop
  endfacet
  facet normal -0.903945 -0.427649 0
    outer loop
      vertex 52.2937 66.1743 45
      vertex 52.3315 66.0944 43.5
      vertex 52.3315 66.0944 45
    endloop
  endfacet
  facet normal 0.857593 0.514329 0
    outer loop
      vertex 50.7517 65.25 45
      vertex 50.7063 65.3257 43.5
      vertex 50.7063 65.3257 45
    endloop
  endfacet
  facet normal 0.857593 0.514329 0
    outer loop
      vertex 50.7063 65.3257 43.5
      vertex 50.7517 65.25 45
      vertex 50.7517 65.25 43.5
    endloop
  endfacet
  facet normal -0.048695 0.998814 0
    outer loop
      vertex 51.5882 64.8543 43.5
      vertex 51.5 64.85 45
      vertex 51.5882 64.8543 45
    endloop
  endfacet
  facet normal -0.048695 0.998814 0
    outer loop
      vertex 51.5 64.85 45
      vertex 51.5882 64.8543 43.5
      vertex 51.5 64.85 43.5
    endloop
  endfacet
  facet normal 0.989118 -0.147123 0
    outer loop
      vertex 50.6043 65.8382 45
      vertex 50.6173 65.9256 43.5
      vertex 50.6173 65.9256 45
    endloop
  endfacet
  facet normal 0.989118 -0.147123 0
    outer loop
      vertex 50.6173 65.9256 43.5
      vertex 50.6043 65.8382 45
      vertex 50.6043 65.8382 43.5
    endloop
  endfacet
  facet normal -0.803517 -0.595282 0
    outer loop
      vertex 52.2483 66.25 43.5
      vertex 52.1957 66.321 45
      vertex 52.1957 66.321 43.5
    endloop
  endfacet
  facet normal -0.803517 -0.595282 0
    outer loop
      vertex 52.1957 66.321 45
      vertex 52.2483 66.25 43.5
      vertex 52.2483 66.25 45
    endloop
  endfacet
  facet normal -0.671714 0.740811 0
    outer loop
      vertex 52.1364 65.1136 43.5
      vertex 52.071 65.0543 45
      vertex 52.1364 65.1136 45
    endloop
  endfacet
  facet normal -0.671714 0.740811 0
    outer loop
      vertex 52.071 65.0543 45
      vertex 52.1364 65.1136 43.5
      vertex 52.071 65.0543 43.5
    endloop
  endfacet
  facet normal -0.803517 0.595282 0
    outer loop
      vertex 52.1957 65.179 43.5
      vertex 52.2483 65.25 45
      vertex 52.2483 65.25 43.5
    endloop
  endfacet
  facet normal -0.803517 0.595282 0
    outer loop
      vertex 52.2483 65.25 45
      vertex 52.1957 65.179 43.5
      vertex 52.1957 65.179 45
    endloop
  endfacet
  facet normal -0.427649 -0.903945 0
    outer loop
      vertex 51.8444 66.5815 43.5
      vertex 51.9243 66.5437 45
      vertex 51.8444 66.5815 45
    endloop
  endfacet
  facet normal -0.427649 -0.903945 -0
    outer loop
      vertex 51.9243 66.5437 45
      vertex 51.8444 66.5815 43.5
      vertex 51.9243 66.5437 43.5
    endloop
  endfacet
  facet normal 0.147123 0.989118 -0
    outer loop
      vertex 51.4118 64.8543 43.5
      vertex 51.3244 64.8673 45
      vertex 51.4118 64.8543 45
    endloop
  endfacet
  facet normal 0.147123 0.989118 0
    outer loop
      vertex 51.3244 64.8673 45
      vertex 51.4118 64.8543 43.5
      vertex 51.3244 64.8673 43.5
    endloop
  endfacet
  facet normal -0.514329 -0.857593 0
    outer loop
      vertex 51.9243 66.5437 43.5
      vertex 52 66.4983 45
      vertex 51.9243 66.5437 45
    endloop
  endfacet
  facet normal -0.514329 -0.857593 -0
    outer loop
      vertex 52 66.4983 45
      vertex 51.9243 66.5437 43.5
      vertex 52 66.4983 43.5
    endloop
  endfacet
  facet normal -0.941665 -0.336552 0
    outer loop
      vertex 52.3612 66.0113 43.5
      vertex 52.3315 66.0944 45
      vertex 52.3315 66.0944 43.5
    endloop
  endfacet
  facet normal -0.941665 -0.336552 0
    outer loop
      vertex 52.3315 66.0944 45
      vertex 52.3612 66.0113 43.5
      vertex 52.3612 66.0113 45
    endloop
  endfacet
  facet normal -0.740811 -0.671714 0
    outer loop
      vertex 52.1957 66.321 43.5
      vertex 52.1364 66.3864 45
      vertex 52.1364 66.3864 43.5
    endloop
  endfacet
  facet normal -0.740811 -0.671714 0
    outer loop
      vertex 52.1364 66.3864 45
      vertex 52.1957 66.321 43.5
      vertex 52.1957 66.321 45
    endloop
  endfacet
  facet normal 0.243334 0.969942 -0
    outer loop
      vertex 51.3244 64.8673 43.5
      vertex 51.2387 64.8888 45
      vertex 51.3244 64.8673 45
    endloop
  endfacet
  facet normal 0.243334 0.969942 0
    outer loop
      vertex 51.2387 64.8888 45
      vertex 51.3244 64.8673 43.5
      vertex 51.2387 64.8888 43.5
    endloop
  endfacet
  facet normal -0.595282 -0.803517 0
    outer loop
      vertex 52 66.4983 43.5
      vertex 52.071 66.4457 45
      vertex 52 66.4983 45
    endloop
  endfacet
  facet normal -0.595282 -0.803517 -0
    outer loop
      vertex 52.071 66.4457 45
      vertex 52 66.4983 43.5
      vertex 52.071 66.4457 43.5
    endloop
  endfacet
  facet normal -0.427649 0.903945 0
    outer loop
      vertex 51.9243 64.9563 43.5
      vertex 51.8444 64.9185 45
      vertex 51.9243 64.9563 45
    endloop
  endfacet
  facet normal -0.427649 0.903945 0
    outer loop
      vertex 51.8444 64.9185 45
      vertex 51.9243 64.9563 43.5
      vertex 51.8444 64.9185 43.5
    endloop
  endfacet
  facet normal -0.336552 -0.941665 0
    outer loop
      vertex 51.7613 66.6112 43.5
      vertex 51.8444 66.5815 45
      vertex 51.7613 66.6112 45
    endloop
  endfacet
  facet normal -0.336552 -0.941665 -0
    outer loop
      vertex 51.8444 66.5815 45
      vertex 51.7613 66.6112 43.5
      vertex 51.8444 66.5815 43.5
    endloop
  endfacet
  facet normal -0.969942 0.243334 0
    outer loop
      vertex 52.3612 65.4887 43.5
      vertex 52.3827 65.5744 45
      vertex 52.3827 65.5744 43.5
    endloop
  endfacet
  facet normal -0.969942 0.243334 0
    outer loop
      vertex 52.3827 65.5744 45
      vertex 52.3612 65.4887 43.5
      vertex 52.3612 65.4887 45
    endloop
  endfacet
  facet normal 0.427649 -0.903945 0
    outer loop
      vertex 51.0757 66.5437 43.5
      vertex 51.1556 66.5815 45
      vertex 51.0757 66.5437 45
    endloop
  endfacet
  facet normal 0.427649 -0.903945 0
    outer loop
      vertex 51.1556 66.5815 45
      vertex 51.0757 66.5437 43.5
      vertex 51.1556 66.5815 43.5
    endloop
  endfacet
  facet normal -0.857593 -0.514329 0
    outer loop
      vertex 52.2937 66.1743 43.5
      vertex 52.2483 66.25 45
      vertex 52.2483 66.25 43.5
    endloop
  endfacet
  facet normal -0.857593 -0.514329 0
    outer loop
      vertex 52.2483 66.25 45
      vertex 52.2937 66.1743 43.5
      vertex 52.2937 66.1743 45
    endloop
  endfacet
  facet normal -0.243334 0.969942 0
    outer loop
      vertex 51.7613 64.8888 43.5
      vertex 51.6756 64.8673 45
      vertex 51.7613 64.8888 45
    endloop
  endfacet
  facet normal -0.243334 0.969942 0
    outer loop
      vertex 51.6756 64.8673 45
      vertex 51.7613 64.8888 43.5
      vertex 51.6756 64.8673 43.5
    endloop
  endfacet
  facet normal 0.969942 0.243334 0
    outer loop
      vertex 50.6388 65.4887 45
      vertex 50.6173 65.5744 43.5
      vertex 50.6173 65.5744 45
    endloop
  endfacet
  facet normal 0.969942 0.243334 0
    outer loop
      vertex 50.6173 65.5744 43.5
      vertex 50.6388 65.4887 45
      vertex 50.6388 65.4887 43.5
    endloop
  endfacet
  facet normal 0.336552 0.941665 -0
    outer loop
      vertex 51.2387 64.8888 43.5
      vertex 51.1556 64.9185 45
      vertex 51.2387 64.8888 45
    endloop
  endfacet
  facet normal 0.336552 0.941665 0
    outer loop
      vertex 51.1556 64.9185 45
      vertex 51.2387 64.8888 43.5
      vertex 51.1556 64.9185 43.5
    endloop
  endfacet
  facet normal 0.514329 -0.857593 0
    outer loop
      vertex 51 66.4983 43.5
      vertex 51.0757 66.5437 45
      vertex 51 66.4983 45
    endloop
  endfacet
  facet normal 0.514329 -0.857593 0
    outer loop
      vertex 51.0757 66.5437 45
      vertex 51 66.4983 43.5
      vertex 51.0757 66.5437 43.5
    endloop
  endfacet
  facet normal 0.514329 0.857593 -0
    outer loop
      vertex 51.0757 64.9563 43.5
      vertex 51 65.0017 45
      vertex 51.0757 64.9563 45
    endloop
  endfacet
  facet normal 0.514329 0.857593 0
    outer loop
      vertex 51 65.0017 45
      vertex 51.0757 64.9563 43.5
      vertex 51 65.0017 43.5
    endloop
  endfacet
  facet normal 0.671714 0.740811 -0
    outer loop
      vertex 50.929 65.0543 43.5
      vertex 50.8636 65.1136 45
      vertex 50.929 65.0543 45
    endloop
  endfacet
  facet normal 0.671714 0.740811 0
    outer loop
      vertex 50.8636 65.1136 45
      vertex 50.929 65.0543 43.5
      vertex 50.8636 65.1136 43.5
    endloop
  endfacet
  facet normal -0.336552 0.941665 0
    outer loop
      vertex 51.8444 64.9185 43.5
      vertex 51.7613 64.8888 45
      vertex 51.8444 64.9185 45
    endloop
  endfacet
  facet normal -0.336552 0.941665 0
    outer loop
      vertex 51.7613 64.8888 45
      vertex 51.8444 64.9185 43.5
      vertex 51.7613 64.8888 43.5
    endloop
  endfacet
  facet normal 0.740811 -0.671714 0
    outer loop
      vertex 50.8043 66.321 45
      vertex 50.8636 66.3864 43.5
      vertex 50.8636 66.3864 45
    endloop
  endfacet
  facet normal 0.740811 -0.671714 0
    outer loop
      vertex 50.8636 66.3864 43.5
      vertex 50.8043 66.321 45
      vertex 50.8043 66.321 43.5
    endloop
  endfacet
  facet normal -0.048695 -0.998814 0
    outer loop
      vertex 51.5 66.65 43.5
      vertex 51.5882 66.6457 45
      vertex 51.5 66.65 45
    endloop
  endfacet
  facet normal -0.048695 -0.998814 -0
    outer loop
      vertex 51.5882 66.6457 45
      vertex 51.5 66.65 43.5
      vertex 51.5882 66.6457 43.5
    endloop
  endfacet
  facet normal 0.998814 0.048695 0
    outer loop
      vertex 50.6043 65.6618 45
      vertex 50.6 65.75 43.5
      vertex 50.6 65.75 45
    endloop
  endfacet
  facet normal 0.998814 0.048695 0
    outer loop
      vertex 50.6 65.75 43.5
      vertex 50.6043 65.6618 45
      vertex 50.6043 65.6618 43.5
    endloop
  endfacet
  facet normal -0.740811 0.671714 0
    outer loop
      vertex 52.1364 65.1136 43.5
      vertex 52.1957 65.179 45
      vertex 52.1957 65.179 43.5
    endloop
  endfacet
  facet normal -0.740811 0.671714 0
    outer loop
      vertex 52.1957 65.179 45
      vertex 52.1364 65.1136 43.5
      vertex 52.1364 65.1136 45
    endloop
  endfacet
  facet normal -0.857593 0.514329 0
    outer loop
      vertex 52.2483 65.25 43.5
      vertex 52.2937 65.3257 45
      vertex 52.2937 65.3257 43.5
    endloop
  endfacet
  facet normal -0.857593 0.514329 0
    outer loop
      vertex 52.2937 65.3257 45
      vertex 52.2483 65.25 43.5
      vertex 52.2483 65.25 45
    endloop
  endfacet
  facet normal 0.941665 0.336552 0
    outer loop
      vertex 50.6685 65.4056 45
      vertex 50.6388 65.4887 43.5
      vertex 50.6388 65.4887 45
    endloop
  endfacet
  facet normal 0.941665 0.336552 0
    outer loop
      vertex 50.6388 65.4887 43.5
      vertex 50.6685 65.4056 45
      vertex 50.6685 65.4056 43.5
    endloop
  endfacet
  facet normal 0.595282 0.803517 -0
    outer loop
      vertex 51 65.0017 43.5
      vertex 50.929 65.0543 45
      vertex 51 65.0017 45
    endloop
  endfacet
  facet normal 0.595282 0.803517 0
    outer loop
      vertex 50.929 65.0543 45
      vertex 51 65.0017 43.5
      vertex 50.929 65.0543 43.5
    endloop
  endfacet
  facet normal 0.941665 -0.336552 0
    outer loop
      vertex 50.6388 66.0113 45
      vertex 50.6685 66.0944 43.5
      vertex 50.6685 66.0944 45
    endloop
  endfacet
  facet normal 0.941665 -0.336552 0
    outer loop
      vertex 50.6685 66.0944 43.5
      vertex 50.6388 66.0113 45
      vertex 50.6388 66.0113 43.5
    endloop
  endfacet
  facet normal 0.998814 -0.048695 0
    outer loop
      vertex 50.6 65.75 45
      vertex 50.6043 65.8382 43.5
      vertex 50.6043 65.8382 45
    endloop
  endfacet
  facet normal 0.998814 -0.048695 0
    outer loop
      vertex 50.6043 65.8382 43.5
      vertex 50.6 65.75 45
      vertex 50.6 65.75 43.5
    endloop
  endfacet
  facet normal 0.427649 0.903945 -0
    outer loop
      vertex 51.1556 64.9185 43.5
      vertex 51.0757 64.9563 45
      vertex 51.1556 64.9185 45
    endloop
  endfacet
  facet normal 0.427649 0.903945 0
    outer loop
      vertex 51.0757 64.9563 45
      vertex 51.1556 64.9185 43.5
      vertex 51.0757 64.9563 43.5
    endloop
  endfacet
  facet normal -0.147123 -0.989118 0
    outer loop
      vertex 51.5882 66.6457 43.5
      vertex 51.6756 66.6327 45
      vertex 51.5882 66.6457 45
    endloop
  endfacet
  facet normal -0.147123 -0.989118 -0
    outer loop
      vertex 51.6756 66.6327 45
      vertex 51.5882 66.6457 43.5
      vertex 51.6756 66.6327 43.5
    endloop
  endfacet
  facet normal 0.857593 -0.514329 0
    outer loop
      vertex 50.7063 66.1743 45
      vertex 50.7517 66.25 43.5
      vertex 50.7517 66.25 45
    endloop
  endfacet
  facet normal 0.857593 -0.514329 0
    outer loop
      vertex 50.7517 66.25 43.5
      vertex 50.7063 66.1743 45
      vertex 50.7063 66.1743 43.5
    endloop
  endfacet
  facet normal 1 -0 0
    outer loop
      vertex 110 0 49
      vertex 110 78 45
      vertex 110 78 49
    endloop
  endfacet
  facet normal 1 0 0
    outer loop
      vertex 110 78 45
      vertex 110 0 49
      vertex 110 0 45
    endloop
  endfacet
  facet normal 0 0 1
    outer loop
      vertex 61.4173 27.3529 49
      vertex 43.5827 27.3529 49
      vertex 43.6 27 49
    endloop
  endfacet
  facet normal 0 0 1
    outer loop
      vertex 61.8251 28.697 49
      vertex 43.5308 27.7023 49
      vertex 43.5827 27.3529 49
    endloop
  endfacet
  facet normal 0 0 1
    outer loop
      vertex 61.8251 28.697 49
      vertex 43.445 28.045 49
      vertex 43.5308 27.7023 49
    endloop
  endfacet
  facet normal 0 0 1
    outer loop
      vertex 61.8251 28.697 49
      vertex 43.326 28.3777 49
      vertex 43.445 28.045 49
    endloop
  endfacet
  facet normal 0 0 1
    outer loop
      vertex 61.8251 28.697 49
      vertex 43.1749 28.697 49
      vertex 43.326 28.3777 49
    endloop
  endfacet
  facet normal 0 0 1
    outer loop
      vertex 55 44 49
      vertex 42.9933 29.0001 49
      vertex 43.1749 28.697 49
    endloop
  endfacet
  facet normal 0 0 1
    outer loop
      vertex 55 44 49
      vertex 42.7828 29.2838 49
      vertex 42.9933 29.0001 49
    endloop
  endfacet
  facet normal 0 0 1
    outer loop
      vertex 55 44 49
      vertex 42.5456 29.5456 49
      vertex 42.7828 29.2838 49
    endloop
  endfacet
  facet normal 0 0 1
    outer loop
      vertex 55 44 49
      vertex 42.2838 29.7828 49
      vertex 42.5456 29.5456 49
    endloop
  endfacet
  facet normal 0 0 1
    outer loop
      vertex 55 44 49
      vertex 42.0001 29.9933 49
      vertex 42.2838 29.7828 49
    endloop
  endfacet
  facet normal 0 0 1
    outer loop
      vertex 55 44 49
      vertex 41.697 30.1749 49
      vertex 42.0001 29.9933 49
    endloop
  endfacet
  facet normal 0 0 1
    outer loop
      vertex 55 44 49
      vertex 41.3777 30.326 49
      vertex 41.697 30.1749 49
    endloop
  endfacet
  facet normal 0 0 1
    outer loop
      vertex 55 44 49
      vertex 41.045 30.445 49
      vertex 41.3777 30.326 49
    endloop
  endfacet
  facet normal 0 0 1
    outer loop
      vertex 55 44 49
      vertex 40.7023 30.5308 49
      vertex 41.045 30.445 49
    endloop
  endfacet
  facet normal 0 0 1
    outer loop
      vertex 55 44 49
      vertex 40.3529 30.5827 49
      vertex 40.7023 30.5308 49
    endloop
  endfacet
  facet normal 0 0 1
    outer loop
      vertex 55 44 49
      vertex 40 30.6 49
      vertex 40.3529 30.5827 49
    endloop
  endfacet
  facet normal -0 0 1
    outer loop
      vertex 25 44 49
      vertex 40 30.6 49
      vertex 55 44 49
    endloop
  endfacet
  facet normal 0 0 1
    outer loop
      vertex 40 30.6 49
      vertex 25 44 49
      vertex 39.6471 30.5827 49
    endloop
  endfacet
  facet normal 0 0 1
    outer loop
      vertex 39.6471 30.5827 49
      vertex 25 44 49
      vertex 39.2977 30.5308 49
    endloop
  endfacet
  facet normal 0 0 1
    outer loop
      vertex 39.2977 30.5308 49
      vertex 25 44 49
      vertex 38.955 30.445 49
    endloop
  endfacet
  facet normal 0 0 1
    outer loop
      vertex 38.955 30.445 49
      vertex 25 44 49
      vertex 38.6223 30.326 49
    endloop
  endfacet
  facet normal 0 0 1
    outer loop
      vertex 38.6223 30.326 49
      vertex 25 44 49
      vertex 38.303 30.1749 49
    endloop
  endfacet
  facet normal 0 0 1
    outer loop
      vertex 38.303 30.1749 49
      vertex 25 44 49
      vertex 37.9999 29.9933 49
    endloop
  endfacet
  facet normal 0 -0 1
    outer loop
      vertex 18.445 28.045 49
      vertex 36.555 28.045 49
      vertex 18.326 28.3777 49
    endloop
  endfacet
  facet normal 0 0 1
    outer loop
      vertex 36.674 28.3777 49
      vertex 18.326 28.3777 49
      vertex 36.555 28.045 49
    endloop
  endfacet
  facet normal 0 -0 1
    outer loop
      vertex 18.326 28.3777 49
      vertex 36.674 28.3777 49
      vertex 18.1749 28.697 49
    endloop
  endfacet
  facet normal 0 0 1
    outer loop
      vertex 36.8251 28.697 49
      vertex 18.1749 28.697 49
      vertex 36.674 28.3777 49
    endloop
  endfacet
  facet normal 0 0 1
    outer loop
      vertex 18.1749 28.697 49
      vertex 36.8251 28.697 49
      vertex 25 44 49
    endloop
  endfacet
  facet normal 0 0 1
    outer loop
      vertex 37.0067 29.0001 49
      vertex 25 44 49
      vertex 36.8251 28.697 49
    endloop
  endfacet
  facet normal 0 0 1
    outer loop
      vertex 37.2172 29.2838 49
      vertex 25 44 49
      vertex 37.0067 29.0001 49
    endloop
  endfacet
  facet normal 0 0 1
    outer loop
      vertex 37.4544 29.5456 49
      vertex 25 44 49
      vertex 37.2172 29.2838 49
    endloop
  endfacet
  facet normal 0 0 1
    outer loop
      vertex 37.7162 29.7828 49
      vertex 25 44 49
      vertex 37.4544 29.5456 49
    endloop
  endfacet
  facet normal 0 0 1
    outer loop
      vertex 37.9999 29.9933 49
      vertex 25 44 49
      vertex 37.7162 29.7828 49
    endloop
  endfacet
  facet normal 0 0 1
    outer loop
      vertex 110 0 49
      vertex 68.5827 27.3529 49
      vertex 68.6 27 49
    endloop
  endfacet
  facet normal 0 0 1
    outer loop
      vertex 69.045 42.555 49
      vertex 68.5308 27.7023 49
      vertex 68.5827 27.3529 49
    endloop
  endfacet
  facet normal 0 0 1
    outer loop
      vertex 69.045 42.555 49
      vertex 68.445 28.045 49
      vertex 68.5308 27.7023 49
    endloop
  endfacet
  facet normal 0 0 1
    outer loop
      vertex 66.697 30.1749 49
      vertex 68.7023 42.4692 49
      vertex 68.3529 42.4173 49
    endloop
  endfacet
  facet normal 0 0 1
    outer loop
      vertex 69.045 42.555 49
      vertex 68.326 28.3777 49
      vertex 68.445 28.045 49
    endloop
  endfacet
  facet normal 0 0 1
    outer loop
      vertex 69.045 42.555 49
      vertex 68.1749 28.697 49
      vertex 68.326 28.3777 49
    endloop
  endfacet
  facet normal 0 0 1
    outer loop
      vertex 66.3777 30.326 49
      vertex 68.3529 42.4173 49
      vertex 68 42.4 49
    endloop
  endfacet
  facet normal 0 0 1
    outer loop
      vertex 69.045 42.555 49
      vertex 67.9933 29.0001 49
      vertex 68.1749 28.697 49
    endloop
  endfacet
  facet normal 0 0 1
    outer loop
      vertex 69.045 42.555 49
      vertex 67.7828 29.2838 49
      vertex 67.9933 29.0001 49
    endloop
  endfacet
  facet normal 0 0 1
    outer loop
      vertex 66.045 30.445 49
      vertex 68 42.4 49
      vertex 67.6471 42.4173 49
    endloop
  endfacet
  facet normal 0 0 1
    outer loop
      vertex 69.045 42.555 49
      vertex 67.5456 29.5456 49
      vertex 67.7828 29.2838 49
    endloop
  endfacet
  facet normal 0 0 1
    outer loop
      vertex 65.7023 30.5308 49
      vertex 67.6471 42.4173 49
      vertex 67.2977 42.4692 49
    endloop
  endfacet
  facet normal 0 0 1
    outer loop
      vertex 69.045 42.555 49
      vertex 67.2838 29.7828 49
      vertex 67.5456 29.5456 49
    endloop
  endfacet
  facet normal 0 0 1
    outer loop
      vertex 69.045 42.555 49
      vertex 67.0001 29.9933 49
      vertex 67.2838 29.7828 49
    endloop
  endfacet
  facet normal 0 0 1
    outer loop
      vertex 65.3529 30.5827 49
      vertex 67.2977 42.4692 49
      vertex 66.955 42.555 49
    endloop
  endfacet
  facet normal 0 0 1
    outer loop
      vertex 68.7023 42.4692 49
      vertex 66.697 30.1749 49
      vertex 67.0001 29.9933 49
    endloop
  endfacet
  facet normal 0 0 1
    outer loop
      vertex 65 30.6 49
      vertex 66.955 42.555 49
      vertex 66.6223 42.674 49
    endloop
  endfacet
  facet normal 0 0 1
    outer loop
      vertex 68.3529 42.4173 49
      vertex 66.3777 30.326 49
      vertex 66.697 30.1749 49
    endloop
  endfacet
  facet normal 0 0 1
    outer loop
      vertex 64.6471 30.5827 49
      vertex 66.6223 42.674 49
      vertex 66.303 42.8251 49
    endloop
  endfacet
  facet normal 0 0 1
    outer loop
      vertex 68 42.4 49
      vertex 66.045 30.445 49
      vertex 66.3777 30.326 49
    endloop
  endfacet
  facet normal 0 0 1
    outer loop
      vertex 64.2977 30.5308 49
      vertex 66.303 42.8251 49
      vertex 65.9999 43.0067 49
    endloop
  endfacet
  facet normal 0 0 1
    outer loop
      vertex 63.955 30.445 49
      vertex 65.9999 43.0067 49
      vertex 65.7162 43.2172 49
    endloop
  endfacet
  facet normal 0 0 1
    outer loop
      vertex 67.6471 42.4173 49
      vertex 65.7023 30.5308 49
      vertex 66.045 30.445 49
    endloop
  endfacet
  facet normal 0 0 1
    outer loop
      vertex 63.6223 30.326 49
      vertex 65.7162 43.2172 49
      vertex 65.4544 43.4544 49
    endloop
  endfacet
  facet normal 0 0 1
    outer loop
      vertex 67.2977 42.4692 49
      vertex 65.3529 30.5827 49
      vertex 65.7023 30.5308 49
    endloop
  endfacet
  facet normal 0 0 1
    outer loop
      vertex 55 44 49
      vertex 65.4544 43.4544 49
      vertex 65.2172 43.7162 49
    endloop
  endfacet
  facet normal 0 0 1
    outer loop
      vertex 55 44 49
      vertex 65.2172 43.7162 49
      vertex 65.0067 43.9999 49
    endloop
  endfacet
  facet normal 0 0 1
    outer loop
      vertex 66.955 42.555 49
      vertex 65 30.6 49
      vertex 65.3529 30.5827 49
    endloop
  endfacet
  facet normal -0 0 1
    outer loop
      vertex 55 44 49
      vertex 65.0067 43.9999 49
      vertex 64.8251 44.303 49
    endloop
  endfacet
  facet normal 0 0 1
    outer loop
      vertex 55 44 49
      vertex 64.8251 44.303 49
      vertex 64.674 44.6223 49
    endloop
  endfacet
  facet normal 0 0 1
    outer loop
      vertex 66.6223 42.674 49
      vertex 64.6471 30.5827 49
      vertex 65 30.6 49
    endloop
  endfacet
  facet normal 0 0 1
    outer loop
      vertex 55 44 49
      vertex 64.674 44.6223 49
      vertex 64.555 44.955 49
    endloop
  endfacet
  facet normal 0 0 1
    outer loop
      vertex 55 44 49
      vertex 64.555 44.955 49
      vertex 64.4692 45.2977 49
    endloop
  endfacet
  facet normal 0 0 1
    outer loop
      vertex 55 44 49
      vertex 64.4692 45.2977 49
      vertex 64.4173 45.6471 49
    endloop
  endfacet
  facet normal 0 0 1
    outer loop
      vertex 55 44 49
      vertex 64.4173 45.6471 49
      vertex 64.4 46 49
    endloop
  endfacet
  facet normal 0 0 1
    outer loop
      vertex 66.303 42.8251 49
      vertex 64.2977 30.5308 49
      vertex 64.6471 30.5827 49
    endloop
  endfacet
  facet normal 0 0 1
    outer loop
      vertex 71.5308 63.2977 49
      vertex 110 78 49
      vertex 71.5827 63.6471 49
    endloop
  endfacet
  facet normal 0 0 1
    outer loop
      vertex 110 78 49
      vertex 71.5827 46.3529 49
      vertex 71.6 46 49
    endloop
  endfacet
  facet normal 0 0 1
    outer loop
      vertex 71.445 62.955 49
      vertex 110 78 49
      vertex 71.5308 63.2977 49
    endloop
  endfacet
  facet normal 0 0 1
    outer loop
      vertex 110 78 49
      vertex 71.5308 46.7023 49
      vertex 71.5827 46.3529 49
    endloop
  endfacet
  facet normal 0 0 1
    outer loop
      vertex 71.445 47.045 49
      vertex 110 78 49
      vertex 71.445 62.955 49
    endloop
  endfacet
  facet normal 0 0 1
    outer loop
      vertex 110 78 49
      vertex 71.445 47.045 49
      vertex 71.5308 46.7023 49
    endloop
  endfacet
  facet normal -0 0 1
    outer loop
      vertex 71.326 62.6223 49
      vertex 71.445 47.045 49
      vertex 71.445 62.955 49
    endloop
  endfacet
  facet normal 0 0 1
    outer loop
      vertex 71.326 62.6223 49
      vertex 71.326 47.3777 49
      vertex 71.445 47.045 49
    endloop
  endfacet
  facet normal -0 0 1
    outer loop
      vertex 71.1749 62.303 49
      vertex 71.326 47.3777 49
      vertex 71.326 62.6223 49
    endloop
  endfacet
  facet normal 0 0 1
    outer loop
      vertex 71.1749 62.303 49
      vertex 71.1749 47.697 49
      vertex 71.326 47.3777 49
    endloop
  endfacet
  facet normal -0 0 1
    outer loop
      vertex 70.9933 61.9999 49
      vertex 71.1749 47.697 49
      vertex 71.1749 62.303 49
    endloop
  endfacet
  facet normal 0 0 1
    outer loop
      vertex 70.9933 61.9999 49
      vertex 70.9933 48.0001 49
      vertex 71.1749 47.697 49
    endloop
  endfacet
  facet normal -0 0 1
    outer loop
      vertex 70.7828 61.7162 49
      vertex 70.9933 48.0001 49
      vertex 70.9933 61.9999 49
    endloop
  endfacet
  facet normal 0 0 1
    outer loop
      vertex 70.7828 61.7162 49
      vertex 70.7828 48.2838 49
      vertex 70.9933 48.0001 49
    endloop
  endfacet
  facet normal -0 0 1
    outer loop
      vertex 70.5456 61.4544 49
      vertex 70.7828 48.2838 49
      vertex 70.7828 61.7162 49
    endloop
  endfacet
  facet normal 0 0 1
    outer loop
      vertex 70.5456 61.4544 49
      vertex 70.5456 48.5456 49
      vertex 70.7828 48.2838 49
    endloop
  endfacet
  facet normal -0 0 1
    outer loop
      vertex 70.2838 61.2172 49
      vertex 70.5456 48.5456 49
      vertex 70.5456 61.4544 49
    endloop
  endfacet
  facet normal 0 0 1
    outer loop
      vertex 70.2838 61.2172 49
      vertex 70.2838 48.7828 49
      vertex 70.5456 48.5456 49
    endloop
  endfacet
  facet normal -0 0 1
    outer loop
      vertex 70.0001 61.0067 49
      vertex 70.2838 48.7828 49
      vertex 70.2838 61.2172 49
    endloop
  endfacet
  facet normal 0 0 1
    outer loop
      vertex 70.0001 61.0067 49
      vertex 70.0001 48.9933 49
      vertex 70.2838 48.7828 49
    endloop
  endfacet
  facet normal -0 0 1
    outer loop
      vertex 69.697 60.8251 49
      vertex 70.0001 48.9933 49
      vertex 70.0001 61.0067 49
    endloop
  endfacet
  facet normal 0 0 1
    outer loop
      vertex 69.697 60.8251 49
      vertex 69.697 49.1749 49
      vertex 70.0001 48.9933 49
    endloop
  endfacet
  facet normal -0 0 1
    outer loop
      vertex 69.3777 60.674 49
      vertex 69.697 49.1749 49
      vertex 69.697 60.8251 49
    endloop
  endfacet
  facet normal 0 0 1
    outer loop
      vertex 69.3777 60.674 49
      vertex 69.3777 49.326 49
      vertex 69.697 49.1749 49
    endloop
  endfacet
  facet normal -0 0 1
    outer loop
      vertex 69.045 60.555 49
      vertex 69.3777 49.326 49
      vertex 69.3777 60.674 49
    endloop
  endfacet
  facet normal 0 0 1
    outer loop
      vertex 69.045 60.555 49
      vertex 69.045 49.445 49
      vertex 69.3777 49.326 49
    endloop
  endfacet
  facet normal -0 0 1
    outer loop
      vertex 68.7023 60.4692 49
      vertex 69.045 49.445 49
      vertex 69.045 60.555 49
    endloop
  endfacet
  facet normal 0 0 1
    outer loop
      vertex 68.7023 60.4692 49
      vertex 68.7023 49.5308 49
      vertex 69.045 49.445 49
    endloop
  endfacet
  facet normal -0 0 1
    outer loop
      vertex 68.3529 60.4173 49
      vertex 68.7023 49.5308 49
      vertex 68.7023 60.4692 49
    endloop
  endfacet
  facet normal 0 0 1
    outer loop
      vertex 68.3529 60.4173 49
      vertex 68.3529 49.5827 49
      vertex 68.7023 49.5308 49
    endloop
  endfacet
  facet normal -0 0 1
    outer loop
      vertex 68 60.4 49
      vertex 68.3529 49.5827 49
      vertex 68.3529 60.4173 49
    endloop
  endfacet
  facet normal 0 0 1
    outer loop
      vertex 68 60.4 49
      vertex 68 49.6 49
      vertex 68.3529 49.5827 49
    endloop
  endfacet
  facet normal 0 0 1
    outer loop
      vertex 67.6471 60.4173 49
      vertex 68 49.6 49
      vertex 68 60.4 49
    endloop
  endfacet
  facet normal 0 0 1
    outer loop
      vertex 67.6471 60.4173 49
      vertex 67.6471 49.5827 49
      vertex 68 49.6 49
    endloop
  endfacet
  facet normal 0 0 1
    outer loop
      vertex 67.2977 60.4692 49
      vertex 67.6471 49.5827 49
      vertex 67.6471 60.4173 49
    endloop
  endfacet
  facet normal 0 0 1
    outer loop
      vertex 67.2977 60.4692 49
      vertex 67.2977 49.5308 49
      vertex 67.6471 49.5827 49
    endloop
  endfacet
  facet normal 0 0 1
    outer loop
      vertex 66.955 60.555 49
      vertex 67.2977 49.5308 49
      vertex 67.2977 60.4692 49
    endloop
  endfacet
  facet normal 0 0 1
    outer loop
      vertex 66.955 60.555 49
      vertex 66.955 49.445 49
      vertex 67.2977 49.5308 49
    endloop
  endfacet
  facet normal 0 0 1
    outer loop
      vertex 66.6223 60.674 49
      vertex 66.955 49.445 49
      vertex 66.955 60.555 49
    endloop
  endfacet
  facet normal 0 0 1
    outer loop
      vertex 66.6223 60.674 49
      vertex 66.6223 49.326 49
      vertex 66.955 49.445 49
    endloop
  endfacet
  facet normal 0 0 1
    outer loop
      vertex 66.303 60.8251 49
      vertex 66.6223 49.326 49
      vertex 66.6223 60.674 49
    endloop
  endfacet
  facet normal 0 0 1
    outer loop
      vertex 66.303 60.8251 49
      vertex 66.303 49.1749 49
      vertex 66.6223 49.326 49
    endloop
  endfacet
  facet normal 0 0 1
    outer loop
      vertex 65.9999 61.0067 49
      vertex 66.303 49.1749 49
      vertex 66.303 60.8251 49
    endloop
  endfacet
  facet normal 0 0 1
    outer loop
      vertex 65.9999 61.0067 49
      vertex 65.9999 48.9933 49
      vertex 66.303 49.1749 49
    endloop
  endfacet
  facet normal 0 0 1
    outer loop
      vertex 65.7162 61.2172 49
      vertex 65.9999 48.9933 49
      vertex 65.9999 61.0067 49
    endloop
  endfacet
  facet normal 0 0 1
    outer loop
      vertex 65.7162 61.2172 49
      vertex 65.7162 48.7828 49
      vertex 65.9999 48.9933 49
    endloop
  endfacet
  facet normal 0 0 1
    outer loop
      vertex 65.4544 61.4544 49
      vertex 65.7162 48.7828 49
      vertex 65.7162 61.2172 49
    endloop
  endfacet
  facet normal 0 0 1
    outer loop
      vertex 65.4544 61.4544 49
      vertex 65.4544 48.5456 49
      vertex 65.7162 48.7828 49
    endloop
  endfacet
  facet normal 0 0 1
    outer loop
      vertex 55 64 49
      vertex 65.4544 61.4544 49
      vertex 65.2172 61.7162 49
    endloop
  endfacet
  facet normal 0 0 1
    outer loop
      vertex 65.4544 61.4544 49
      vertex 55 64 49
      vertex 65.4544 48.5456 49
    endloop
  endfacet
  facet normal 0 0 1
    outer loop
      vertex 55 64 49
      vertex 65.2172 61.7162 49
      vertex 65.0067 61.9999 49
    endloop
  endfacet
  facet normal 0 0 1
    outer loop
      vertex 65.4544 48.5456 49
      vertex 55 64 49
      vertex 65.2172 48.2838 49
    endloop
  endfacet
  facet normal 0 0 1
    outer loop
      vertex 55 64 49
      vertex 65.0067 61.9999 49
      vertex 64.8251 62.303 49
    endloop
  endfacet
  facet normal 0 0 1
    outer loop
      vertex 65.2172 48.2838 49
      vertex 55 64 49
      vertex 65.0067 48.0001 49
    endloop
  endfacet
  facet normal 0 0 1
    outer loop
      vertex 55 64 49
      vertex 64.8251 62.303 49
      vertex 64.674 62.6223 49
    endloop
  endfacet
  facet normal 0 0 1
    outer loop
      vertex 55 44 49
      vertex 65.0067 48.0001 49
      vertex 55 64 49
    endloop
  endfacet
  facet normal 0 0 1
    outer loop
      vertex 55 64 49
      vertex 64.674 62.6223 49
      vertex 64.555 62.955 49
    endloop
  endfacet
  facet normal 0 0 1
    outer loop
      vertex 65.0067 48.0001 49
      vertex 55 44 49
      vertex 64.8251 47.697 49
    endloop
  endfacet
  facet normal 0 0 1
    outer loop
      vertex 55 64 49
      vertex 64.555 62.955 49
      vertex 64.4692 63.2977 49
    endloop
  endfacet
  facet normal 0 0 1
    outer loop
      vertex 64.8251 47.697 49
      vertex 55 44 49
      vertex 64.674 47.3777 49
    endloop
  endfacet
  facet normal 0 0 1
    outer loop
      vertex 55 64 49
      vertex 64.4692 63.2977 49
      vertex 64.4173 63.6471 49
    endloop
  endfacet
  facet normal 0 0 1
    outer loop
      vertex 64.674 47.3777 49
      vertex 55 44 49
      vertex 64.555 47.045 49
    endloop
  endfacet
  facet normal -0 0 1
    outer loop
      vertex 55 64 49
      vertex 64.4173 63.6471 49
      vertex 64.4 64 49
    endloop
  endfacet
  facet normal 0 0 1
    outer loop
      vertex 64.555 47.045 49
      vertex 55 44 49
      vertex 64.4692 46.7023 49
    endloop
  endfacet
  facet normal 0 0 1
    outer loop
      vertex 71.5827 63.6471 49
      vertex 110 78 49
      vertex 71.6 64 49
    endloop
  endfacet
  facet normal 0 0 1
    outer loop
      vertex 110 78 49
      vertex 71.5827 64.3529 49
      vertex 71.6 64 49
    endloop
  endfacet
  facet normal 0 0 1
    outer loop
      vertex 110 78 49
      vertex 71.5308 64.7023 49
      vertex 71.5827 64.3529 49
    endloop
  endfacet
  facet normal 0 0 1
    outer loop
      vertex 110 78 49
      vertex 71.445 65.045 49
      vertex 71.5308 64.7023 49
    endloop
  endfacet
  facet normal 0 0 1
    outer loop
      vertex 110 78 49
      vertex 71.326 65.3777 49
      vertex 71.445 65.045 49
    endloop
  endfacet
  facet normal 0 0 1
    outer loop
      vertex 110 78 49
      vertex 71.1749 65.697 49
      vertex 71.326 65.3777 49
    endloop
  endfacet
  facet normal 0 0 1
    outer loop
      vertex 110 78 49
      vertex 70.9933 66.0001 49
      vertex 71.1749 65.697 49
    endloop
  endfacet
  facet normal 0 0 1
    outer loop
      vertex 110 78 49
      vertex 70.7828 66.2838 49
      vertex 70.9933 66.0001 49
    endloop
  endfacet
  facet normal 0 0 1
    outer loop
      vertex 110 78 49
      vertex 70.5456 66.5456 49
      vertex 70.7828 66.2838 49
    endloop
  endfacet
  facet normal 0 0 1
    outer loop
      vertex 110 78 49
      vertex 70.2838 66.7828 49
      vertex 70.5456 66.5456 49
    endloop
  endfacet
  facet normal 0 0 1
    outer loop
      vertex 110 78 49
      vertex 70.0001 66.9933 49
      vertex 70.2838 66.7828 49
    endloop
  endfacet
  facet normal 0 0 1
    outer loop
      vertex 110 78 49
      vertex 69.697 67.1749 49
      vertex 70.0001 66.9933 49
    endloop
  endfacet
  facet normal 0 0 1
    outer loop
      vertex 110 78 49
      vertex 69.3777 67.326 49
      vertex 69.697 67.1749 49
    endloop
  endfacet
  facet normal 0 0 1
    outer loop
      vertex 110 78 49
      vertex 69.045 67.445 49
      vertex 69.3777 67.326 49
    endloop
  endfacet
  facet normal 0 0 1
    outer loop
      vertex 110 78 49
      vertex 68.7023 67.5308 49
      vertex 69.045 67.445 49
    endloop
  endfacet
  facet normal 0 0 1
    outer loop
      vertex 110 78 49
      vertex 68.3529 67.5827 49
      vertex 68.7023 67.5308 49
    endloop
  endfacet
  facet normal 0 0 1
    outer loop
      vertex 110 78 49
      vertex 68 67.6 49
      vertex 68.3529 67.5827 49
    endloop
  endfacet
  facet normal 0 0 1
    outer loop
      vertex 110 78 49
      vertex 67.6471 67.5827 49
      vertex 68 67.6 49
    endloop
  endfacet
  facet normal -0 0 1
    outer loop
      vertex 0 78 49
      vertex 67.6471 67.5827 49
      vertex 110 78 49
    endloop
  endfacet
  facet normal 0 0 1
    outer loop
      vertex 64.4692 46.7023 49
      vertex 55 44 49
      vertex 64.4173 46.3529 49
    endloop
  endfacet
  facet normal 0 -0 1
    outer loop
      vertex 63.303 30.1749 49
      vertex 65.4544 43.4544 49
      vertex 55 44 49
    endloop
  endfacet
  facet normal 0 0 1
    outer loop
      vertex 65.9999 43.0067 49
      vertex 63.955 30.445 49
      vertex 64.2977 30.5308 49
    endloop
  endfacet
  facet normal 0 0 1
    outer loop
      vertex 65.7162 43.2172 49
      vertex 63.6223 30.326 49
      vertex 63.955 30.445 49
    endloop
  endfacet
  facet normal 0 0 1
    outer loop
      vertex 65.4544 43.4544 49
      vertex 63.303 30.1749 49
      vertex 63.6223 30.326 49
    endloop
  endfacet
  facet normal 0 0 1
    outer loop
      vertex 63.303 30.1749 49
      vertex 55 44 49
      vertex 62.9999 29.9933 49
    endloop
  endfacet
  facet normal 0 0 1
    outer loop
      vertex 55 64 49
      vertex 64.4 64 49
      vertex 64.4173 64.3529 49
    endloop
  endfacet
  facet normal 0 0 1
    outer loop
      vertex 62.9999 29.9933 49
      vertex 55 44 49
      vertex 62.7162 29.7828 49
    endloop
  endfacet
  facet normal 0 0 1
    outer loop
      vertex 62.7162 29.7828 49
      vertex 55 44 49
      vertex 62.4544 29.5456 49
    endloop
  endfacet
  facet normal 0 0 1
    outer loop
      vertex 62.4544 29.5456 49
      vertex 55 44 49
      vertex 62.2172 29.2838 49
    endloop
  endfacet
  facet normal 0 0 1
    outer loop
      vertex 62.2172 29.2838 49
      vertex 55 44 49
      vertex 62.0067 29.0001 49
    endloop
  endfacet
  facet normal 0 0 1
    outer loop
      vertex 62.0067 29.0001 49
      vertex 55 44 49
      vertex 61.8251 28.697 49
    endloop
  endfacet
  facet normal 0 0 1
    outer loop
      vertex 43.1749 28.697 49
      vertex 61.8251 28.697 49
      vertex 55 44 49
    endloop
  endfacet
  facet normal 0 0 1
    outer loop
      vertex 43.5827 27.3529 49
      vertex 61.674 28.3777 49
      vertex 61.8251 28.697 49
    endloop
  endfacet
  facet normal 0 0 1
    outer loop
      vertex 43.5827 27.3529 49
      vertex 61.555 28.045 49
      vertex 61.674 28.3777 49
    endloop
  endfacet
  facet normal 0 0 1
    outer loop
      vertex 43.5827 27.3529 49
      vertex 61.4692 27.7023 49
      vertex 61.555 28.045 49
    endloop
  endfacet
  facet normal 0 0 1
    outer loop
      vertex 64.4173 46.3529 49
      vertex 55 44 49
      vertex 64.4 46 49
    endloop
  endfacet
  facet normal 0 0 1
    outer loop
      vertex 64.4692 64.7023 49
      vertex 55 64 49
      vertex 64.4173 64.3529 49
    endloop
  endfacet
  facet normal 0 0 1
    outer loop
      vertex 64.555 65.045 49
      vertex 55 64 49
      vertex 64.4692 64.7023 49
    endloop
  endfacet
  facet normal 0 0 1
    outer loop
      vertex 64.674 65.3777 49
      vertex 55 64 49
      vertex 64.555 65.045 49
    endloop
  endfacet
  facet normal 0 0 1
    outer loop
      vertex 64.8251 65.697 49
      vertex 55 64 49
      vertex 64.674 65.3777 49
    endloop
  endfacet
  facet normal 0 0 1
    outer loop
      vertex 65.0067 66.0001 49
      vertex 55 64 49
      vertex 64.8251 65.697 49
    endloop
  endfacet
  facet normal 0 0 1
    outer loop
      vertex 65.2172 66.2838 49
      vertex 55 64 49
      vertex 65.0067 66.0001 49
    endloop
  endfacet
  facet normal 0 0 1
    outer loop
      vertex 65.4544 66.5456 49
      vertex 55 64 49
      vertex 65.2172 66.2838 49
    endloop
  endfacet
  facet normal 0 0 1
    outer loop
      vertex 65.7162 66.7828 49
      vertex 55 64 49
      vertex 65.4544 66.5456 49
    endloop
  endfacet
  facet normal 0 0 1
    outer loop
      vertex 65.9999 66.9933 49
      vertex 55 64 49
      vertex 65.7162 66.7828 49
    endloop
  endfacet
  facet normal 0 0 1
    outer loop
      vertex 66.303 67.1749 49
      vertex 55 64 49
      vertex 65.9999 66.9933 49
    endloop
  endfacet
  facet normal 0 0 1
    outer loop
      vertex 66.6223 67.326 49
      vertex 55 64 49
      vertex 66.303 67.1749 49
    endloop
  endfacet
  facet normal 0 0 1
    outer loop
      vertex 0 78 49
      vertex 66.6223 67.326 49
      vertex 66.955 67.445 49
    endloop
  endfacet
  facet normal 0 0 1
    outer loop
      vertex 66.6223 67.326 49
      vertex 0 78 49
      vertex 55 64 49
    endloop
  endfacet
  facet normal 0 0 1
    outer loop
      vertex 0 78 49
      vertex 66.955 67.445 49
      vertex 67.2977 67.5308 49
    endloop
  endfacet
  facet normal 0 0 1
    outer loop
      vertex 67.6471 67.5827 49
      vertex 0 78 49
      vertex 67.2977 67.5308 49
    endloop
  endfacet
  facet normal 0 0 1
    outer loop
      vertex 0 78 49
      vertex 25 44 49
      vertex 25 64 49
    endloop
  endfacet
  facet normal 0 0 1
    outer loop
      vertex 36.4173 27.3529 49
      vertex 18.5827 27.3529 49
      vertex 18.6 27 49
    endloop
  endfacet
  facet normal 0 0 1
    outer loop
      vertex 36.4173 27.3529 49
      vertex 18.5308 27.7023 49
      vertex 18.5827 27.3529 49
    endloop
  endfacet
  facet normal 0 0 1
    outer loop
      vertex 36.4692 27.7023 49
      vertex 18.5308 27.7023 49
      vertex 36.4173 27.3529 49
    endloop
  endfacet
  facet normal 0 -0 1
    outer loop
      vertex 18.5308 27.7023 49
      vertex 36.4692 27.7023 49
      vertex 18.445 28.045 49
    endloop
  endfacet
  facet normal 0 0 1
    outer loop
      vertex 36.555 28.045 49
      vertex 18.445 28.045 49
      vertex 36.4692 27.7023 49
    endloop
  endfacet
  facet normal 0 0 1
    outer loop
      vertex 25 44 49
      vertex 17.9933 29.0001 49
      vertex 18.1749 28.697 49
    endloop
  endfacet
  facet normal 0 0 1
    outer loop
      vertex 25 44 49
      vertex 17.7828 29.2838 49
      vertex 17.9933 29.0001 49
    endloop
  endfacet
  facet normal 0 0 1
    outer loop
      vertex 25 44 49
      vertex 17.5456 29.5456 49
      vertex 17.7828 29.2838 49
    endloop
  endfacet
  facet normal 0 0 1
    outer loop
      vertex 25 44 49
      vertex 17.2838 29.7828 49
      vertex 17.5456 29.5456 49
    endloop
  endfacet
  facet normal 0 0 1
    outer loop
      vertex 25 44 49
      vertex 17.0001 29.9933 49
      vertex 17.2838 29.7828 49
    endloop
  endfacet
  facet normal 0 0 1
    outer loop
      vertex 25 44 49
      vertex 16.697 30.1749 49
      vertex 17.0001 29.9933 49
    endloop
  endfacet
  facet normal 0 0 1
    outer loop
      vertex 25 44 49
      vertex 16.3777 30.326 49
      vertex 16.697 30.1749 49
    endloop
  endfacet
  facet normal 0 0 1
    outer loop
      vertex 25 44 49
      vertex 16.045 30.445 49
      vertex 16.3777 30.326 49
    endloop
  endfacet
  facet normal 0 0 1
    outer loop
      vertex 25 44 49
      vertex 15.7023 30.5308 49
      vertex 16.045 30.445 49
    endloop
  endfacet
  facet normal 0 0 1
    outer loop
      vertex 25 44 49
      vertex 15.3529 30.5827 49
      vertex 15.7023 30.5308 49
    endloop
  endfacet
  facet normal 0 0 1
    outer loop
      vertex 25 44 49
      vertex 15 30.6 49
      vertex 15.3529 30.5827 49
    endloop
  endfacet
  facet normal 0 0 1
    outer loop
      vertex 25 44 49
      vertex 14.6471 30.5827 49
      vertex 15 30.6 49
    endloop
  endfacet
  facet normal 0 0 1
    outer loop
      vertex 25 44 49
      vertex 14.2977 30.5308 49
      vertex 14.6471 30.5827 49
    endloop
  endfacet
  facet normal 0 0 1
    outer loop
      vertex 25 44 49
      vertex 13.955 30.445 49
      vertex 14.2977 30.5308 49
    endloop
  endfacet
  facet normal 0 0 1
    outer loop
      vertex 25 44 49
      vertex 13.6223 30.326 49
      vertex 13.955 30.445 49
    endloop
  endfacet
  facet normal 0 0 1
    outer loop
      vertex 25 44 49
      vertex 13.303 30.1749 49
      vertex 13.6223 30.326 49
    endloop
  endfacet
  facet normal 0 0 1
    outer loop
      vertex 25 44 49
      vertex 0 78 49
      vertex 13.303 30.1749 49
    endloop
  endfacet
  facet normal 0 0 1
    outer loop
      vertex 13.303 30.1749 49
      vertex 0 78 49
      vertex 12.9999 29.9933 49
    endloop
  endfacet
  facet normal 0 0 1
    outer loop
      vertex 12.9999 29.9933 49
      vertex 0 78 49
      vertex 12.7162 29.7828 49
    endloop
  endfacet
  facet normal 0 0 1
    outer loop
      vertex 12.7162 29.7828 49
      vertex 0 78 49
      vertex 12.4544 29.5456 49
    endloop
  endfacet
  facet normal 0 0 1
    outer loop
      vertex 12.4544 29.5456 49
      vertex 0 78 49
      vertex 12.2172 29.2838 49
    endloop
  endfacet
  facet normal 0 0 1
    outer loop
      vertex 12.2172 29.2838 49
      vertex 0 78 49
      vertex 12.0067 29.0001 49
    endloop
  endfacet
  facet normal 0 0 1
    outer loop
      vertex 12.0067 29.0001 49
      vertex 0 78 49
      vertex 11.8251 28.697 49
    endloop
  endfacet
  facet normal 0 0 1
    outer loop
      vertex 11.4692 27.7023 49
      vertex 0 0 49
      vertex 11.4173 27.3529 49
    endloop
  endfacet
  facet normal 0 0 1
    outer loop
      vertex 0 0 49
      vertex 11.4692 27.7023 49
      vertex 0 78 49
    endloop
  endfacet
  facet normal 0 0 1
    outer loop
      vertex 11.555 28.045 49
      vertex 0 78 49
      vertex 11.4692 27.7023 49
    endloop
  endfacet
  facet normal 0 0 1
    outer loop
      vertex 11.674 28.3777 49
      vertex 0 78 49
      vertex 11.555 28.045 49
    endloop
  endfacet
  facet normal 0 0 1
    outer loop
      vertex 11.8251 28.697 49
      vertex 0 78 49
      vertex 11.674 28.3777 49
    endloop
  endfacet
  facet normal 0 0 1
    outer loop
      vertex 55 64 49
      vertex 0 78 49
      vertex 25 64 49
    endloop
  endfacet
  facet normal 0 0 1
    outer loop
      vertex 71.5827 45.6471 49
      vertex 110 78 49
      vertex 71.6 46 49
    endloop
  endfacet
  facet normal 0 0 1
    outer loop
      vertex 71.5308 45.2977 49
      vertex 110 78 49
      vertex 71.5827 45.6471 49
    endloop
  endfacet
  facet normal 0 0 1
    outer loop
      vertex 110 78 49
      vertex 71.5308 45.2977 49
      vertex 110 0 49
    endloop
  endfacet
  facet normal -0 0 1
    outer loop
      vertex 71.445 44.955 49
      vertex 110 0 49
      vertex 71.5308 45.2977 49
    endloop
  endfacet
  facet normal -0 0 1
    outer loop
      vertex 71.326 44.6223 49
      vertex 110 0 49
      vertex 71.445 44.955 49
    endloop
  endfacet
  facet normal 0 0 1
    outer loop
      vertex 68.5827 27.3529 49
      vertex 71.326 44.6223 49
      vertex 71.1749 44.303 49
    endloop
  endfacet
  facet normal 0 0 1
    outer loop
      vertex 68.5827 27.3529 49
      vertex 71.1749 44.303 49
      vertex 70.9933 43.9999 49
    endloop
  endfacet
  facet normal 0 0 1
    outer loop
      vertex 68.5827 27.3529 49
      vertex 70.9933 43.9999 49
      vertex 70.7828 43.7162 49
    endloop
  endfacet
  facet normal 0 0 1
    outer loop
      vertex 68.5827 27.3529 49
      vertex 70.7828 43.7162 49
      vertex 70.5456 43.4544 49
    endloop
  endfacet
  facet normal 0 0 1
    outer loop
      vertex 68.5827 27.3529 49
      vertex 70.5456 43.4544 49
      vertex 70.2838 43.2172 49
    endloop
  endfacet
  facet normal 0 0 1
    outer loop
      vertex 68.5827 27.3529 49
      vertex 70.2838 43.2172 49
      vertex 70.0001 43.0067 49
    endloop
  endfacet
  facet normal 0 0 1
    outer loop
      vertex 68.5827 27.3529 49
      vertex 70.0001 43.0067 49
      vertex 69.697 42.8251 49
    endloop
  endfacet
  facet normal 0 0 1
    outer loop
      vertex 68.5827 27.3529 49
      vertex 69.697 42.8251 49
      vertex 69.3777 42.674 49
    endloop
  endfacet
  facet normal 0 0 1
    outer loop
      vertex 68.5827 27.3529 49
      vertex 69.3777 42.674 49
      vertex 69.045 42.555 49
    endloop
  endfacet
  facet normal 0 0 1
    outer loop
      vertex 67.0001 29.9933 49
      vertex 69.045 42.555 49
      vertex 68.7023 42.4692 49
    endloop
  endfacet
  facet normal -0 0 1
    outer loop
      vertex 68.5827 27.3529 49
      vertex 110 0 49
      vertex 71.326 44.6223 49
    endloop
  endfacet
  facet normal -0 0 1
    outer loop
      vertex 68.5827 26.6471 49
      vertex 110 0 49
      vertex 68.6 27 49
    endloop
  endfacet
  facet normal -0 0 1
    outer loop
      vertex 68.5308 26.2977 49
      vertex 110 0 49
      vertex 68.5827 26.6471 49
    endloop
  endfacet
  facet normal -0 0 1
    outer loop
      vertex 68.445 25.955 49
      vertex 110 0 49
      vertex 68.5308 26.2977 49
    endloop
  endfacet
  facet normal -0 0 1
    outer loop
      vertex 68.326 25.6223 49
      vertex 110 0 49
      vertex 68.445 25.955 49
    endloop
  endfacet
  facet normal -0 0 1
    outer loop
      vertex 68.1749 25.303 49
      vertex 110 0 49
      vertex 68.326 25.6223 49
    endloop
  endfacet
  facet normal -0 0 1
    outer loop
      vertex 67.9933 24.9999 49
      vertex 110 0 49
      vertex 68.1749 25.303 49
    endloop
  endfacet
  facet normal -0 0 1
    outer loop
      vertex 67.7828 24.7162 49
      vertex 110 0 49
      vertex 67.9933 24.9999 49
    endloop
  endfacet
  facet normal -0 0 1
    outer loop
      vertex 67.5456 24.4544 49
      vertex 110 0 49
      vertex 67.7828 24.7162 49
    endloop
  endfacet
  facet normal -0 0 1
    outer loop
      vertex 67.2838 24.2172 49
      vertex 110 0 49
      vertex 67.5456 24.4544 49
    endloop
  endfacet
  facet normal -0 0 1
    outer loop
      vertex 67.0001 24.0067 49
      vertex 110 0 49
      vertex 67.2838 24.2172 49
    endloop
  endfacet
  facet normal -0 0 1
    outer loop
      vertex 66.697 23.8251 49
      vertex 110 0 49
      vertex 67.0001 24.0067 49
    endloop
  endfacet
  facet normal -0 0 1
    outer loop
      vertex 66.3777 23.674 49
      vertex 110 0 49
      vertex 66.697 23.8251 49
    endloop
  endfacet
  facet normal -0 0 1
    outer loop
      vertex 66.045 23.555 49
      vertex 110 0 49
      vertex 66.3777 23.674 49
    endloop
  endfacet
  facet normal -0 0 1
    outer loop
      vertex 65.7023 23.4692 49
      vertex 110 0 49
      vertex 66.045 23.555 49
    endloop
  endfacet
  facet normal -0 0 1
    outer loop
      vertex 65.3529 23.4173 49
      vertex 110 0 49
      vertex 65.7023 23.4692 49
    endloop
  endfacet
  facet normal -0 0 1
    outer loop
      vertex 65 23.4 49
      vertex 110 0 49
      vertex 65.3529 23.4173 49
    endloop
  endfacet
  facet normal 0 0 1
    outer loop
      vertex 64.6471 23.4173 49
      vertex 110 0 49
      vertex 65 23.4 49
    endloop
  endfacet
  facet normal 0 0 1
    outer loop
      vertex 0 0 49
      vertex 64.6471 23.4173 49
      vertex 64.2977 23.4692 49
    endloop
  endfacet
  facet normal 0 0 1
    outer loop
      vertex 40.7023 23.4692 49
      vertex 64.2977 23.4692 49
      vertex 63.955 23.555 49
    endloop
  endfacet
  facet normal 0 0 1
    outer loop
      vertex 41.045 23.555 49
      vertex 63.955 23.555 49
      vertex 63.6223 23.674 49
    endloop
  endfacet
  facet normal 0 0 1
    outer loop
      vertex 41.3777 23.674 49
      vertex 63.6223 23.674 49
      vertex 63.303 23.8251 49
    endloop
  endfacet
  facet normal 0 0 1
    outer loop
      vertex 43.5827 27.3529 49
      vertex 61.4173 27.3529 49
      vertex 61.4692 27.7023 49
    endloop
  endfacet
  facet normal 0 0 1
    outer loop
      vertex 61.4173 27.3529 49
      vertex 43.6 27 49
      vertex 61.4 27 49
    endloop
  endfacet
  facet normal 0 0 1
    outer loop
      vertex 61.4 27 49
      vertex 43.6 27 49
      vertex 61.4173 26.6471 49
    endloop
  endfacet
  facet normal 0 0 1
    outer loop
      vertex 43.5827 26.6471 49
      vertex 61.4173 26.6471 49
      vertex 43.6 27 49
    endloop
  endfacet
  facet normal 0 0 1
    outer loop
      vertex 61.4173 26.6471 49
      vertex 43.5827 26.6471 49
      vertex 61.4692 26.2977 49
    endloop
  endfacet
  facet normal 0 0 1
    outer loop
      vertex 43.5308 26.2977 49
      vertex 61.4692 26.2977 49
      vertex 43.5827 26.6471 49
    endloop
  endfacet
  facet normal 0 0 1
    outer loop
      vertex 61.4692 26.2977 49
      vertex 43.5308 26.2977 49
      vertex 61.555 25.955 49
    endloop
  endfacet
  facet normal 0 0 1
    outer loop
      vertex 43.445 25.955 49
      vertex 61.555 25.955 49
      vertex 43.5308 26.2977 49
    endloop
  endfacet
  facet normal 0 0 1
    outer loop
      vertex 61.555 25.955 49
      vertex 43.445 25.955 49
      vertex 61.674 25.6223 49
    endloop
  endfacet
  facet normal 0 0 1
    outer loop
      vertex 43.326 25.6223 49
      vertex 61.674 25.6223 49
      vertex 43.445 25.955 49
    endloop
  endfacet
  facet normal 0 0 1
    outer loop
      vertex 61.674 25.6223 49
      vertex 43.326 25.6223 49
      vertex 61.8251 25.303 49
    endloop
  endfacet
  facet normal 0 0 1
    outer loop
      vertex 43.1749 25.303 49
      vertex 61.8251 25.303 49
      vertex 43.326 25.6223 49
    endloop
  endfacet
  facet normal 0 0 1
    outer loop
      vertex 61.8251 25.303 49
      vertex 43.1749 25.303 49
      vertex 62.0067 24.9999 49
    endloop
  endfacet
  facet normal 0 0 1
    outer loop
      vertex 42.9933 24.9999 49
      vertex 62.0067 24.9999 49
      vertex 43.1749 25.303 49
    endloop
  endfacet
  facet normal 0 0 1
    outer loop
      vertex 62.0067 24.9999 49
      vertex 42.9933 24.9999 49
      vertex 62.2172 24.7162 49
    endloop
  endfacet
  facet normal 0 0 1
    outer loop
      vertex 42.7828 24.7162 49
      vertex 62.2172 24.7162 49
      vertex 42.9933 24.9999 49
    endloop
  endfacet
  facet normal 0 0 1
    outer loop
      vertex 62.2172 24.7162 49
      vertex 42.7828 24.7162 49
      vertex 62.4544 24.4544 49
    endloop
  endfacet
  facet normal 0 0 1
    outer loop
      vertex 42.5456 24.4544 49
      vertex 62.4544 24.4544 49
      vertex 42.7828 24.7162 49
    endloop
  endfacet
  facet normal 0 0 1
    outer loop
      vertex 62.4544 24.4544 49
      vertex 42.5456 24.4544 49
      vertex 62.7162 24.2172 49
    endloop
  endfacet
  facet normal 0 0 1
    outer loop
      vertex 42.2838 24.2172 49
      vertex 62.7162 24.2172 49
      vertex 42.5456 24.4544 49
    endloop
  endfacet
  facet normal 0 0 1
    outer loop
      vertex 62.7162 24.2172 49
      vertex 42.2838 24.2172 49
      vertex 62.9999 24.0067 49
    endloop
  endfacet
  facet normal 0 0 1
    outer loop
      vertex 42.0001 24.0067 49
      vertex 62.9999 24.0067 49
      vertex 42.2838 24.2172 49
    endloop
  endfacet
  facet normal 0 0 1
    outer loop
      vertex 62.9999 24.0067 49
      vertex 42.0001 24.0067 49
      vertex 63.303 23.8251 49
    endloop
  endfacet
  facet normal 0 0 1
    outer loop
      vertex 41.697 23.8251 49
      vertex 63.303 23.8251 49
      vertex 42.0001 24.0067 49
    endloop
  endfacet
  facet normal 0 0 1
    outer loop
      vertex 41.3777 23.674 49
      vertex 63.303 23.8251 49
      vertex 41.697 23.8251 49
    endloop
  endfacet
  facet normal 0 0 1
    outer loop
      vertex 63.6223 23.674 49
      vertex 41.3777 23.674 49
      vertex 41.045 23.555 49
    endloop
  endfacet
  facet normal 0 0 1
    outer loop
      vertex 63.955 23.555 49
      vertex 41.045 23.555 49
      vertex 40.7023 23.4692 49
    endloop
  endfacet
  facet normal 0 0 1
    outer loop
      vertex 64.2977 23.4692 49
      vertex 40.7023 23.4692 49
      vertex 0 0 49
    endloop
  endfacet
  facet normal 0 0 1
    outer loop
      vertex 0 0 49
      vertex 40.7023 23.4692 49
      vertex 40.3529 23.4173 49
    endloop
  endfacet
  facet normal 0 0 1
    outer loop
      vertex 0 0 49
      vertex 40.3529 23.4173 49
      vertex 40 23.4 49
    endloop
  endfacet
  facet normal 0 0 1
    outer loop
      vertex 0 0 49
      vertex 40 23.4 49
      vertex 39.6471 23.4173 49
    endloop
  endfacet
  facet normal 0 0 1
    outer loop
      vertex 0 0 49
      vertex 39.6471 23.4173 49
      vertex 39.2977 23.4692 49
    endloop
  endfacet
  facet normal 0 0 1
    outer loop
      vertex 0 0 49
      vertex 39.2977 23.4692 49
      vertex 38.955 23.555 49
    endloop
  endfacet
  facet normal 0 0 1
    outer loop
      vertex 36.4173 27.3529 49
      vertex 18.6 27 49
      vertex 36.4 27 49
    endloop
  endfacet
  facet normal 0 0 1
    outer loop
      vertex 36.4 27 49
      vertex 18.6 27 49
      vertex 36.4173 26.6471 49
    endloop
  endfacet
  facet normal 0 0 1
    outer loop
      vertex 18.5827 26.6471 49
      vertex 36.4173 26.6471 49
      vertex 18.6 27 49
    endloop
  endfacet
  facet normal 0 0 1
    outer loop
      vertex 36.4173 26.6471 49
      vertex 18.5827 26.6471 49
      vertex 36.4692 26.2977 49
    endloop
  endfacet
  facet normal 0 0 1
    outer loop
      vertex 18.5308 26.2977 49
      vertex 36.4692 26.2977 49
      vertex 18.5827 26.6471 49
    endloop
  endfacet
  facet normal 0 0 1
    outer loop
      vertex 36.4692 26.2977 49
      vertex 18.5308 26.2977 49
      vertex 36.555 25.955 49
    endloop
  endfacet
  facet normal 0 0 1
    outer loop
      vertex 18.445 25.955 49
      vertex 36.555 25.955 49
      vertex 18.5308 26.2977 49
    endloop
  endfacet
  facet normal 0 0 1
    outer loop
      vertex 36.555 25.955 49
      vertex 18.445 25.955 49
      vertex 36.674 25.6223 49
    endloop
  endfacet
  facet normal 0 0 1
    outer loop
      vertex 18.326 25.6223 49
      vertex 36.674 25.6223 49
      vertex 18.445 25.955 49
    endloop
  endfacet
  facet normal 0 0 1
    outer loop
      vertex 36.674 25.6223 49
      vertex 18.326 25.6223 49
      vertex 36.8251 25.303 49
    endloop
  endfacet
  facet normal 0 0 1
    outer loop
      vertex 18.1749 25.303 49
      vertex 36.8251 25.303 49
      vertex 18.326 25.6223 49
    endloop
  endfacet
  facet normal 0 0 1
    outer loop
      vertex 36.8251 25.303 49
      vertex 18.1749 25.303 49
      vertex 37.0067 24.9999 49
    endloop
  endfacet
  facet normal 0 0 1
    outer loop
      vertex 17.9933 24.9999 49
      vertex 37.0067 24.9999 49
      vertex 18.1749 25.303 49
    endloop
  endfacet
  facet normal 0 0 1
    outer loop
      vertex 37.0067 24.9999 49
      vertex 17.9933 24.9999 49
      vertex 37.2172 24.7162 49
    endloop
  endfacet
  facet normal 0 0 1
    outer loop
      vertex 17.7828 24.7162 49
      vertex 37.2172 24.7162 49
      vertex 17.9933 24.9999 49
    endloop
  endfacet
  facet normal 0 0 1
    outer loop
      vertex 37.2172 24.7162 49
      vertex 17.7828 24.7162 49
      vertex 37.4544 24.4544 49
    endloop
  endfacet
  facet normal 0 0 1
    outer loop
      vertex 17.5456 24.4544 49
      vertex 37.4544 24.4544 49
      vertex 17.7828 24.7162 49
    endloop
  endfacet
  facet normal 0 0 1
    outer loop
      vertex 37.4544 24.4544 49
      vertex 17.5456 24.4544 49
      vertex 37.7162 24.2172 49
    endloop
  endfacet
  facet normal 0 0 1
    outer loop
      vertex 17.2838 24.2172 49
      vertex 37.7162 24.2172 49
      vertex 17.5456 24.4544 49
    endloop
  endfacet
  facet normal 0 0 1
    outer loop
      vertex 37.7162 24.2172 49
      vertex 17.2838 24.2172 49
      vertex 37.9999 24.0067 49
    endloop
  endfacet
  facet normal 0 0 1
    outer loop
      vertex 17.0001 24.0067 49
      vertex 37.9999 24.0067 49
      vertex 17.2838 24.2172 49
    endloop
  endfacet
  facet normal 0 0 1
    outer loop
      vertex 37.9999 24.0067 49
      vertex 17.0001 24.0067 49
      vertex 38.303 23.8251 49
    endloop
  endfacet
  facet normal 0 0 1
    outer loop
      vertex 16.697 23.8251 49
      vertex 38.303 23.8251 49
      vertex 17.0001 24.0067 49
    endloop
  endfacet
  facet normal 0 0 1
    outer loop
      vertex 38.303 23.8251 49
      vertex 16.697 23.8251 49
      vertex 38.6223 23.674 49
    endloop
  endfacet
  facet normal 0 0 1
    outer loop
      vertex 16.3777 23.674 49
      vertex 38.6223 23.674 49
      vertex 16.697 23.8251 49
    endloop
  endfacet
  facet normal 0 0 1
    outer loop
      vertex 0 0 49
      vertex 38.6223 23.674 49
      vertex 16.3777 23.674 49
    endloop
  endfacet
  facet normal 0 0 1
    outer loop
      vertex 38.6223 23.674 49
      vertex 0 0 49
      vertex 38.955 23.555 49
    endloop
  endfacet
  facet normal 0 0 1
    outer loop
      vertex 0 0 49
      vertex 16.3777 23.674 49
      vertex 16.045 23.555 49
    endloop
  endfacet
  facet normal 0 0 1
    outer loop
      vertex 0 0 49
      vertex 16.045 23.555 49
      vertex 15.7023 23.4692 49
    endloop
  endfacet
  facet normal 0 0 1
    outer loop
      vertex 0 0 49
      vertex 15.7023 23.4692 49
      vertex 15.3529 23.4173 49
    endloop
  endfacet
  facet normal 0 0 1
    outer loop
      vertex 0 0 49
      vertex 15.3529 23.4173 49
      vertex 15 23.4 49
    endloop
  endfacet
  facet normal 0 0 1
    outer loop
      vertex 0 0 49
      vertex 15 23.4 49
      vertex 14.6471 23.4173 49
    endloop
  endfacet
  facet normal 0 0 1
    outer loop
      vertex 0 0 49
      vertex 14.6471 23.4173 49
      vertex 14.2977 23.4692 49
    endloop
  endfacet
  facet normal 0 0 1
    outer loop
      vertex 11.4173 27.3529 49
      vertex 0 0 49
      vertex 11.4 27 49
    endloop
  endfacet
  facet normal 0 0 1
    outer loop
      vertex 11.4 27 49
      vertex 0 0 49
      vertex 11.4173 26.6471 49
    endloop
  endfacet
  facet normal 0 0 1
    outer loop
      vertex 64.6471 23.4173 49
      vertex 0 0 49
      vertex 110 0 49
    endloop
  endfacet
  facet normal 0 0 1
    outer loop
      vertex 13.955 23.555 49
      vertex 0 0 49
      vertex 14.2977 23.4692 49
    endloop
  endfacet
  facet normal 0 0 1
    outer loop
      vertex 13.6223 23.674 49
      vertex 0 0 49
      vertex 13.955 23.555 49
    endloop
  endfacet
  facet normal 0 0 1
    outer loop
      vertex 13.303 23.8251 49
      vertex 0 0 49
      vertex 13.6223 23.674 49
    endloop
  endfacet
  facet normal 0 0 1
    outer loop
      vertex 12.9999 24.0067 49
      vertex 0 0 49
      vertex 13.303 23.8251 49
    endloop
  endfacet
  facet normal 0 0 1
    outer loop
      vertex 12.7162 24.2172 49
      vertex 0 0 49
      vertex 12.9999 24.0067 49
    endloop
  endfacet
  facet normal 0 0 1
    outer loop
      vertex 12.4544 24.4544 49
      vertex 0 0 49
      vertex 12.7162 24.2172 49
    endloop
  endfacet
  facet normal 0 0 1
    outer loop
      vertex 12.2172 24.7162 49
      vertex 0 0 49
      vertex 12.4544 24.4544 49
    endloop
  endfacet
  facet normal 0 0 1
    outer loop
      vertex 12.0067 24.9999 49
      vertex 0 0 49
      vertex 12.2172 24.7162 49
    endloop
  endfacet
  facet normal 0 0 1
    outer loop
      vertex 11.8251 25.303 49
      vertex 0 0 49
      vertex 12.0067 24.9999 49
    endloop
  endfacet
  facet normal 0 0 1
    outer loop
      vertex 11.674 25.6223 49
      vertex 0 0 49
      vertex 11.8251 25.303 49
    endloop
  endfacet
  facet normal 0 0 1
    outer loop
      vertex 11.555 25.955 49
      vertex 0 0 49
      vertex 11.674 25.6223 49
    endloop
  endfacet
  facet normal 0 0 1
    outer loop
      vertex 11.4692 26.2977 49
      vertex 0 0 49
      vertex 11.555 25.955 49
    endloop
  endfacet
  facet normal 0 0 1
    outer loop
      vertex 11.4173 26.6471 49
      vertex 0 0 49
      vertex 11.4692 26.2977 49
    endloop
  endfacet
  facet normal -1 0 0
    outer loop
      vertex 0 0 45
      vertex 0 78 49
      vertex 0 78 45
    endloop
  endfacet
  facet normal -1 -0 0
    outer loop
      vertex 0 78 49
      vertex 0 0 45
      vertex 0 0 49
    endloop
  endfacet
  facet normal 0 1 -0
    outer loop
      vertex 110 78 45
      vertex 0 78 49
      vertex 110 78 49
    endloop
  endfacet
  facet normal 0 1 0
    outer loop
      vertex 0 78 49
      vertex 110 78 45
      vertex 0 78 45
    endloop
  endfacet
  facet normal 0 -1 0
    outer loop
      vertex 0 0 45
      vertex 110 0 49
      vertex 0 0 49
    endloop
  endfacet
  facet normal 0 -1 -0
    outer loop
      vertex 110 0 49
      vertex 0 0 45
      vertex 110 0 45
    endloop
  endfacet
  facet normal -0.989147 -0.146928 0
    outer loop
      vertex 18.5827 27.3529 45
      vertex 18.5308 27.7023 49
      vertex 18.5308 27.7023 45
    endloop
  endfacet
  facet normal -0.989147 -0.146928 0
    outer loop
      vertex 18.5308 27.7023 49
      vertex 18.5827 27.3529 45
      vertex 18.5827 27.3529 49
    endloop
  endfacet
  facet normal -0.998801 -0.0489636 0
    outer loop
      vertex 18.6 27 45
      vertex 18.5827 27.3529 49
      vertex 18.5827 27.3529 45
    endloop
  endfacet
  facet normal -0.998801 -0.0489636 0
    outer loop
      vertex 18.5827 27.3529 49
      vertex 18.6 27 45
      vertex 18.6 27 49
    endloop
  endfacet
  facet normal -0.970059 -0.242869 0
    outer loop
      vertex 18.5308 27.7023 45
      vertex 18.445 28.045 49
      vertex 18.445 28.045 45
    endloop
  endfacet
  facet normal -0.970059 -0.242869 0
    outer loop
      vertex 18.445 28.045 49
      vertex 18.5308 27.7023 45
      vertex 18.5308 27.7023 49
    endloop
  endfacet
  facet normal 0.242869 -0.970059 0
    outer loop
      vertex 13.955 30.445 45
      vertex 14.2977 30.5308 49
      vertex 13.955 30.445 49
    endloop
  endfacet
  facet normal 0.242869 -0.970059 0
    outer loop
      vertex 14.2977 30.5308 49
      vertex 13.955 30.445 45
      vertex 14.2977 30.5308 45
    endloop
  endfacet
  facet normal 0.903899 0.427746 0
    outer loop
      vertex 11.8251 25.303 49
      vertex 11.674 25.6223 45
      vertex 11.674 25.6223 49
    endloop
  endfacet
  facet normal 0.903899 0.427746 0
    outer loop
      vertex 11.674 25.6223 45
      vertex 11.8251 25.303 49
      vertex 11.8251 25.303 45
    endloop
  endfacet
  facet normal -0.513955 -0.857817 0
    outer loop
      vertex 16.697 30.1749 45
      vertex 17.0001 29.9933 49
      vertex 16.697 30.1749 49
    endloop
  endfacet
  facet normal -0.513955 -0.857817 -0
    outer loop
      vertex 17.0001 29.9933 49
      vertex 16.697 30.1749 45
      vertex 17.0001 29.9933 45
    endloop
  endfacet
  facet normal -0.513955 0.857817 0
    outer loop
      vertex 17.0001 24.0067 45
      vertex 16.697 23.8251 49
      vertex 17.0001 24.0067 49
    endloop
  endfacet
  facet normal -0.513955 0.857817 0
    outer loop
      vertex 16.697 23.8251 49
      vertex 17.0001 24.0067 45
      vertex 16.697 23.8251 45
    endloop
  endfacet
  facet normal -0.336785 0.941582 0
    outer loop
      vertex 16.3777 23.674 45
      vertex 16.045 23.555 49
      vertex 16.3777 23.674 49
    endloop
  endfacet
  facet normal -0.336785 0.941582 0
    outer loop
      vertex 16.045 23.555 49
      vertex 16.3777 23.674 45
      vertex 16.045 23.555 45
    endloop
  endfacet
  facet normal 0.970059 -0.242869 0
    outer loop
      vertex 11.4692 27.7023 49
      vertex 11.555 28.045 45
      vertex 11.555 28.045 49
    endloop
  endfacet
  facet normal 0.970059 -0.242869 0
    outer loop
      vertex 11.555 28.045 45
      vertex 11.4692 27.7023 49
      vertex 11.4692 27.7023 45
    endloop
  endfacet
  facet normal 0.671432 -0.741066 0
    outer loop
      vertex 12.4544 29.5456 45
      vertex 12.7162 29.7828 49
      vertex 12.4544 29.5456 49
    endloop
  endfacet
  facet normal 0.671432 -0.741066 0
    outer loop
      vertex 12.7162 29.7828 49
      vertex 12.4544 29.5456 45
      vertex 12.7162 29.7828 45
    endloop
  endfacet
  facet normal 0.513955 -0.857817 0
    outer loop
      vertex 12.9999 29.9933 45
      vertex 13.303 30.1749 49
      vertex 12.9999 29.9933 49
    endloop
  endfacet
  facet normal 0.513955 -0.857817 0
    outer loop
      vertex 13.303 30.1749 49
      vertex 12.9999 29.9933 45
      vertex 13.303 30.1749 45
    endloop
  endfacet
  facet normal -0.146928 0.989147 0
    outer loop
      vertex 15.7023 23.4692 45
      vertex 15.3529 23.4173 49
      vertex 15.7023 23.4692 49
    endloop
  endfacet
  facet normal -0.146928 0.989147 0
    outer loop
      vertex 15.3529 23.4173 49
      vertex 15.7023 23.4692 45
      vertex 15.3529 23.4173 45
    endloop
  endfacet
  facet normal 0.803081 -0.59587 0
    outer loop
      vertex 12.0067 29.0001 49
      vertex 12.2172 29.2838 45
      vertex 12.2172 29.2838 49
    endloop
  endfacet
  facet normal 0.803081 -0.59587 0
    outer loop
      vertex 12.2172 29.2838 45
      vertex 12.0067 29.0001 49
      vertex 12.0067 29.0001 45
    endloop
  endfacet
  facet normal -0.903899 -0.427746 0
    outer loop
      vertex 18.326 28.3777 45
      vertex 18.1749 28.697 49
      vertex 18.1749 28.697 45
    endloop
  endfacet
  facet normal -0.903899 -0.427746 0
    outer loop
      vertex 18.1749 28.697 49
      vertex 18.326 28.3777 45
      vertex 18.326 28.3777 49
    endloop
  endfacet
  facet normal 0.941582 -0.336785 0
    outer loop
      vertex 11.555 28.045 49
      vertex 11.674 28.3777 45
      vertex 11.674 28.3777 49
    endloop
  endfacet
  facet normal 0.941582 -0.336785 0
    outer loop
      vertex 11.674 28.3777 45
      vertex 11.555 28.045 49
      vertex 11.555 28.045 45
    endloop
  endfacet
  facet normal 0.336785 0.941582 -0
    outer loop
      vertex 13.955 23.555 45
      vertex 13.6223 23.674 49
      vertex 13.955 23.555 49
    endloop
  endfacet
  facet normal 0.336785 0.941582 0
    outer loop
      vertex 13.6223 23.674 49
      vertex 13.955 23.555 45
      vertex 13.6223 23.674 45
    endloop
  endfacet
  facet normal -0.59587 -0.803081 0
    outer loop
      vertex 17.0001 29.9933 45
      vertex 17.2838 29.7828 49
      vertex 17.0001 29.9933 49
    endloop
  endfacet
  facet normal -0.59587 -0.803081 -0
    outer loop
      vertex 17.2838 29.7828 49
      vertex 17.0001 29.9933 45
      vertex 17.2838 29.7828 45
    endloop
  endfacet
  facet normal 0.903899 -0.427746 0
    outer loop
      vertex 11.674 28.3777 49
      vertex 11.8251 28.697 45
      vertex 11.8251 28.697 49
    endloop
  endfacet
  facet normal 0.903899 -0.427746 0
    outer loop
      vertex 11.8251 28.697 45
      vertex 11.674 28.3777 49
      vertex 11.674 28.3777 45
    endloop
  endfacet
  facet normal -0.803081 0.59587 0
    outer loop
      vertex 17.7828 24.7162 45
      vertex 17.9933 24.9999 49
      vertex 17.9933 24.9999 45
    endloop
  endfacet
  facet normal -0.803081 0.59587 0
    outer loop
      vertex 17.9933 24.9999 49
      vertex 17.7828 24.7162 45
      vertex 17.7828 24.7162 49
    endloop
  endfacet
  facet normal -0.146928 -0.989147 0
    outer loop
      vertex 15.3529 30.5827 45
      vertex 15.7023 30.5308 49
      vertex 15.3529 30.5827 49
    endloop
  endfacet
  facet normal -0.146928 -0.989147 -0
    outer loop
      vertex 15.7023 30.5308 49
      vertex 15.3529 30.5827 45
      vertex 15.7023 30.5308 45
    endloop
  endfacet
  facet normal 0.989147 -0.146928 0
    outer loop
      vertex 11.4173 27.3529 49
      vertex 11.4692 27.7023 45
      vertex 11.4692 27.7023 49
    endloop
  endfacet
  facet normal 0.989147 -0.146928 0
    outer loop
      vertex 11.4692 27.7023 45
      vertex 11.4173 27.3529 49
      vertex 11.4173 27.3529 45
    endloop
  endfacet
  facet normal -0.803081 -0.59587 0
    outer loop
      vertex 17.9933 29.0001 45
      vertex 17.7828 29.2838 49
      vertex 17.7828 29.2838 45
    endloop
  endfacet
  facet normal -0.803081 -0.59587 0
    outer loop
      vertex 17.7828 29.2838 49
      vertex 17.9933 29.0001 45
      vertex 17.9933 29.0001 49
    endloop
  endfacet
  facet normal -0.0489636 -0.998801 0
    outer loop
      vertex 15 30.6 45
      vertex 15.3529 30.5827 49
      vertex 15 30.6 49
    endloop
  endfacet
  facet normal -0.0489636 -0.998801 -0
    outer loop
      vertex 15.3529 30.5827 49
      vertex 15 30.6 45
      vertex 15.3529 30.5827 45
    endloop
  endfacet
  facet normal 0.146928 -0.989147 0
    outer loop
      vertex 14.2977 30.5308 45
      vertex 14.6471 30.5827 49
      vertex 14.2977 30.5308 49
    endloop
  endfacet
  facet normal 0.146928 -0.989147 0
    outer loop
      vertex 14.6471 30.5827 49
      vertex 14.2977 30.5308 45
      vertex 14.6471 30.5827 45
    endloop
  endfacet
  facet normal 0.857817 0.513955 0
    outer loop
      vertex 12.0067 24.9999 49
      vertex 11.8251 25.303 45
      vertex 11.8251 25.303 49
    endloop
  endfacet
  facet normal 0.857817 0.513955 0
    outer loop
      vertex 11.8251 25.303 45
      vertex 12.0067 24.9999 49
      vertex 12.0067 24.9999 45
    endloop
  endfacet
  facet normal 0.941582 0.336785 0
    outer loop
      vertex 11.674 25.6223 49
      vertex 11.555 25.955 45
      vertex 11.555 25.955 49
    endloop
  endfacet
  facet normal 0.941582 0.336785 0
    outer loop
      vertex 11.555 25.955 45
      vertex 11.674 25.6223 49
      vertex 11.674 25.6223 45
    endloop
  endfacet
  facet normal 0.427746 -0.903899 0
    outer loop
      vertex 13.303 30.1749 45
      vertex 13.6223 30.326 49
      vertex 13.303 30.1749 49
    endloop
  endfacet
  facet normal 0.427746 -0.903899 0
    outer loop
      vertex 13.6223 30.326 49
      vertex 13.303 30.1749 45
      vertex 13.6223 30.326 45
    endloop
  endfacet
  facet normal -0.903899 0.427746 0
    outer loop
      vertex 18.1749 25.303 45
      vertex 18.326 25.6223 49
      vertex 18.326 25.6223 45
    endloop
  endfacet
  facet normal -0.903899 0.427746 0
    outer loop
      vertex 18.326 25.6223 49
      vertex 18.1749 25.303 45
      vertex 18.1749 25.303 49
    endloop
  endfacet
  facet normal 0.59587 0.803081 -0
    outer loop
      vertex 12.9999 24.0067 45
      vertex 12.7162 24.2172 49
      vertex 12.9999 24.0067 49
    endloop
  endfacet
  facet normal 0.59587 0.803081 0
    outer loop
      vertex 12.7162 24.2172 49
      vertex 12.9999 24.0067 45
      vertex 12.7162 24.2172 45
    endloop
  endfacet
  facet normal 0.857817 -0.513955 0
    outer loop
      vertex 11.8251 28.697 49
      vertex 12.0067 29.0001 45
      vertex 12.0067 29.0001 49
    endloop
  endfacet
  facet normal 0.857817 -0.513955 0
    outer loop
      vertex 12.0067 29.0001 45
      vertex 11.8251 28.697 49
      vertex 11.8251 28.697 45
    endloop
  endfacet
  facet normal -0.998801 0.0489636 0
    outer loop
      vertex 18.5827 26.6471 45
      vertex 18.6 27 49
      vertex 18.6 27 45
    endloop
  endfacet
  facet normal -0.998801 0.0489636 0
    outer loop
      vertex 18.6 27 49
      vertex 18.5827 26.6471 45
      vertex 18.5827 26.6471 49
    endloop
  endfacet
  facet normal -0.941582 0.336785 0
    outer loop
      vertex 18.326 25.6223 45
      vertex 18.445 25.955 49
      vertex 18.445 25.955 45
    endloop
  endfacet
  facet normal -0.941582 0.336785 0
    outer loop
      vertex 18.445 25.955 49
      vertex 18.326 25.6223 45
      vertex 18.326 25.6223 49
    endloop
  endfacet
  facet normal -0.242869 0.970059 0
    outer loop
      vertex 16.045 23.555 45
      vertex 15.7023 23.4692 49
      vertex 16.045 23.555 49
    endloop
  endfacet
  facet normal -0.242869 0.970059 0
    outer loop
      vertex 15.7023 23.4692 49
      vertex 16.045 23.555 45
      vertex 15.7023 23.4692 45
    endloop
  endfacet
  facet normal -0.857817 -0.513955 0
    outer loop
      vertex 18.1749 28.697 45
      vertex 17.9933 29.0001 49
      vertex 17.9933 29.0001 45
    endloop
  endfacet
  facet normal -0.857817 -0.513955 0
    outer loop
      vertex 17.9933 29.0001 49
      vertex 18.1749 28.697 45
      vertex 18.1749 28.697 49
    endloop
  endfacet
  facet normal -0.941582 -0.336785 0
    outer loop
      vertex 18.445 28.045 45
      vertex 18.326 28.3777 49
      vertex 18.326 28.3777 45
    endloop
  endfacet
  facet normal -0.941582 -0.336785 0
    outer loop
      vertex 18.326 28.3777 49
      vertex 18.445 28.045 45
      vertex 18.445 28.045 49
    endloop
  endfacet
  facet normal 0.998801 0.0489636 0
    outer loop
      vertex 11.4173 26.6471 49
      vertex 11.4 27 45
      vertex 11.4 27 49
    endloop
  endfacet
  facet normal 0.998801 0.0489636 0
    outer loop
      vertex 11.4 27 45
      vertex 11.4173 26.6471 49
      vertex 11.4173 26.6471 45
    endloop
  endfacet
  facet normal -0.989147 0.146928 0
    outer loop
      vertex 18.5308 26.2977 45
      vertex 18.5827 26.6471 49
      vertex 18.5827 26.6471 45
    endloop
  endfacet
  facet normal -0.989147 0.146928 0
    outer loop
      vertex 18.5827 26.6471 49
      vertex 18.5308 26.2977 45
      vertex 18.5308 26.2977 49
    endloop
  endfacet
  facet normal 0.671432 0.741066 -0
    outer loop
      vertex 12.7162 24.2172 45
      vertex 12.4544 24.4544 49
      vertex 12.7162 24.2172 49
    endloop
  endfacet
  facet normal 0.671432 0.741066 0
    outer loop
      vertex 12.4544 24.4544 49
      vertex 12.7162 24.2172 45
      vertex 12.4544 24.4544 45
    endloop
  endfacet
  facet normal -0.970059 0.242869 0
    outer loop
      vertex 18.445 25.955 45
      vertex 18.5308 26.2977 49
      vertex 18.5308 26.2977 45
    endloop
  endfacet
  facet normal -0.970059 0.242869 0
    outer loop
      vertex 18.5308 26.2977 49
      vertex 18.445 25.955 45
      vertex 18.445 25.955 49
    endloop
  endfacet
  facet normal -0.671432 -0.741066 0
    outer loop
      vertex 17.2838 29.7828 45
      vertex 17.5456 29.5456 49
      vertex 17.2838 29.7828 49
    endloop
  endfacet
  facet normal -0.671432 -0.741066 -0
    outer loop
      vertex 17.5456 29.5456 49
      vertex 17.2838 29.7828 45
      vertex 17.5456 29.5456 45
    endloop
  endfacet
  facet normal -0.336785 -0.941582 0
    outer loop
      vertex 16.045 30.445 45
      vertex 16.3777 30.326 49
      vertex 16.045 30.445 49
    endloop
  endfacet
  facet normal -0.336785 -0.941582 -0
    outer loop
      vertex 16.3777 30.326 49
      vertex 16.045 30.445 45
      vertex 16.3777 30.326 45
    endloop
  endfacet
  facet normal 0.336785 -0.941582 0
    outer loop
      vertex 13.6223 30.326 45
      vertex 13.955 30.445 49
      vertex 13.6223 30.326 49
    endloop
  endfacet
  facet normal 0.336785 -0.941582 0
    outer loop
      vertex 13.955 30.445 49
      vertex 13.6223 30.326 45
      vertex 13.955 30.445 45
    endloop
  endfacet
  facet normal 0.513955 0.857817 -0
    outer loop
      vertex 13.303 23.8251 45
      vertex 12.9999 24.0067 49
      vertex 13.303 23.8251 49
    endloop
  endfacet
  facet normal 0.513955 0.857817 0
    outer loop
      vertex 12.9999 24.0067 49
      vertex 13.303 23.8251 45
      vertex 12.9999 24.0067 45
    endloop
  endfacet
  facet normal -0.857817 0.513955 0
    outer loop
      vertex 17.9933 24.9999 45
      vertex 18.1749 25.303 49
      vertex 18.1749 25.303 45
    endloop
  endfacet
  facet normal -0.857817 0.513955 0
    outer loop
      vertex 18.1749 25.303 49
      vertex 17.9933 24.9999 45
      vertex 17.9933 24.9999 49
    endloop
  endfacet
  facet normal -0.427746 -0.903899 0
    outer loop
      vertex 16.3777 30.326 45
      vertex 16.697 30.1749 49
      vertex 16.3777 30.326 49
    endloop
  endfacet
  facet normal -0.427746 -0.903899 -0
    outer loop
      vertex 16.697 30.1749 49
      vertex 16.3777 30.326 45
      vertex 16.697 30.1749 45
    endloop
  endfacet
  facet normal 0.146928 0.989147 -0
    outer loop
      vertex 14.6471 23.4173 45
      vertex 14.2977 23.4692 49
      vertex 14.6471 23.4173 49
    endloop
  endfacet
  facet normal 0.146928 0.989147 0
    outer loop
      vertex 14.2977 23.4692 49
      vertex 14.6471 23.4173 45
      vertex 14.2977 23.4692 45
    endloop
  endfacet
  facet normal 0.59587 -0.803081 0
    outer loop
      vertex 12.7162 29.7828 45
      vertex 12.9999 29.9933 49
      vertex 12.7162 29.7828 49
    endloop
  endfacet
  facet normal 0.59587 -0.803081 0
    outer loop
      vertex 12.9999 29.9933 49
      vertex 12.7162 29.7828 45
      vertex 12.9999 29.9933 45
    endloop
  endfacet
  facet normal 0.0489636 0.998801 -0
    outer loop
      vertex 15 23.4 45
      vertex 14.6471 23.4173 49
      vertex 15 23.4 49
    endloop
  endfacet
  facet normal 0.0489636 0.998801 0
    outer loop
      vertex 14.6471 23.4173 49
      vertex 15 23.4 45
      vertex 14.6471 23.4173 45
    endloop
  endfacet
  facet normal 0.741066 -0.671432 0
    outer loop
      vertex 12.2172 29.2838 49
      vertex 12.4544 29.5456 45
      vertex 12.4544 29.5456 49
    endloop
  endfacet
  facet normal 0.741066 -0.671432 0
    outer loop
      vertex 12.4544 29.5456 45
      vertex 12.2172 29.2838 49
      vertex 12.2172 29.2838 45
    endloop
  endfacet
  facet normal -0.0489636 0.998801 0
    outer loop
      vertex 15.3529 23.4173 45
      vertex 15 23.4 49
      vertex 15.3529 23.4173 49
    endloop
  endfacet
  facet normal -0.0489636 0.998801 0
    outer loop
      vertex 15 23.4 49
      vertex 15.3529 23.4173 45
      vertex 15 23.4 45
    endloop
  endfacet
  facet normal 0.242869 0.970059 -0
    outer loop
      vertex 14.2977 23.4692 45
      vertex 13.955 23.555 49
      vertex 14.2977 23.4692 49
    endloop
  endfacet
  facet normal 0.242869 0.970059 0
    outer loop
      vertex 13.955 23.555 49
      vertex 14.2977 23.4692 45
      vertex 13.955 23.555 45
    endloop
  endfacet
  facet normal -0.671432 0.741066 0
    outer loop
      vertex 17.5456 24.4544 45
      vertex 17.2838 24.2172 49
      vertex 17.5456 24.4544 49
    endloop
  endfacet
  facet normal -0.671432 0.741066 0
    outer loop
      vertex 17.2838 24.2172 49
      vertex 17.5456 24.4544 45
      vertex 17.2838 24.2172 45
    endloop
  endfacet
  facet normal -0.242869 -0.970059 0
    outer loop
      vertex 15.7023 30.5308 45
      vertex 16.045 30.445 49
      vertex 15.7023 30.5308 49
    endloop
  endfacet
  facet normal -0.242869 -0.970059 -0
    outer loop
      vertex 16.045 30.445 49
      vertex 15.7023 30.5308 45
      vertex 16.045 30.445 45
    endloop
  endfacet
  facet normal 0.970059 0.242869 0
    outer loop
      vertex 11.555 25.955 49
      vertex 11.4692 26.2977 45
      vertex 11.4692 26.2977 49
    endloop
  endfacet
  facet normal 0.970059 0.242869 0
    outer loop
      vertex 11.4692 26.2977 45
      vertex 11.555 25.955 49
      vertex 11.555 25.955 45
    endloop
  endfacet
  facet normal 0.427746 0.903899 -0
    outer loop
      vertex 13.6223 23.674 45
      vertex 13.303 23.8251 49
      vertex 13.6223 23.674 49
    endloop
  endfacet
  facet normal 0.427746 0.903899 0
    outer loop
      vertex 13.303 23.8251 49
      vertex 13.6223 23.674 45
      vertex 13.303 23.8251 45
    endloop
  endfacet
  facet normal 0.741066 0.671432 0
    outer loop
      vertex 12.4544 24.4544 49
      vertex 12.2172 24.7162 45
      vertex 12.2172 24.7162 49
    endloop
  endfacet
  facet normal 0.741066 0.671432 0
    outer loop
      vertex 12.2172 24.7162 45
      vertex 12.4544 24.4544 49
      vertex 12.4544 24.4544 45
    endloop
  endfacet
  facet normal -0.427746 0.903899 0
    outer loop
      vertex 16.697 23.8251 45
      vertex 16.3777 23.674 49
      vertex 16.697 23.8251 49
    endloop
  endfacet
  facet normal -0.427746 0.903899 0
    outer loop
      vertex 16.3777 23.674 49
      vertex 16.697 23.8251 45
      vertex 16.3777 23.674 45
    endloop
  endfacet
  facet normal 0.0489636 -0.998801 0
    outer loop
      vertex 14.6471 30.5827 45
      vertex 15 30.6 49
      vertex 14.6471 30.5827 49
    endloop
  endfacet
  facet normal 0.0489636 -0.998801 0
    outer loop
      vertex 15 30.6 49
      vertex 14.6471 30.5827 45
      vertex 15 30.6 45
    endloop
  endfacet
  facet normal 0.989147 0.146928 0
    outer loop
      vertex 11.4692 26.2977 49
      vertex 11.4173 26.6471 45
      vertex 11.4173 26.6471 49
    endloop
  endfacet
  facet normal 0.989147 0.146928 0
    outer loop
      vertex 11.4173 26.6471 45
      vertex 11.4692 26.2977 49
      vertex 11.4692 26.2977 45
    endloop
  endfacet
  facet normal -0.741066 -0.671432 0
    outer loop
      vertex 17.7828 29.2838 45
      vertex 17.5456 29.5456 49
      vertex 17.5456 29.5456 45
    endloop
  endfacet
  facet normal -0.741066 -0.671432 0
    outer loop
      vertex 17.5456 29.5456 49
      vertex 17.7828 29.2838 45
      vertex 17.7828 29.2838 49
    endloop
  endfacet
  facet normal -0.59587 0.803081 0
    outer loop
      vertex 17.2838 24.2172 45
      vertex 17.0001 24.0067 49
      vertex 17.2838 24.2172 49
    endloop
  endfacet
  facet normal -0.59587 0.803081 0
    outer loop
      vertex 17.0001 24.0067 49
      vertex 17.2838 24.2172 45
      vertex 17.0001 24.0067 45
    endloop
  endfacet
  facet normal 0.803081 0.59587 0
    outer loop
      vertex 12.2172 24.7162 49
      vertex 12.0067 24.9999 45
      vertex 12.0067 24.9999 49
    endloop
  endfacet
  facet normal 0.803081 0.59587 0
    outer loop
      vertex 12.0067 24.9999 45
      vertex 12.2172 24.7162 49
      vertex 12.2172 24.7162 45
    endloop
  endfacet
  facet normal 0.998801 -0.0489636 0
    outer loop
      vertex 11.4 27 49
      vertex 11.4173 27.3529 45
      vertex 11.4173 27.3529 49
    endloop
  endfacet
  facet normal 0.998801 -0.0489636 0
    outer loop
      vertex 11.4173 27.3529 45
      vertex 11.4 27 49
      vertex 11.4 27 45
    endloop
  endfacet
  facet normal -0.741066 0.671432 0
    outer loop
      vertex 17.5456 24.4544 45
      vertex 17.7828 24.7162 49
      vertex 17.7828 24.7162 45
    endloop
  endfacet
  facet normal -0.741066 0.671432 0
    outer loop
      vertex 17.7828 24.7162 49
      vertex 17.5456 24.4544 45
      vertex 17.5456 24.4544 49
    endloop
  endfacet
  facet normal -0.989147 -0.146928 0
    outer loop
      vertex 43.5827 27.3529 45
      vertex 43.5308 27.7023 49
      vertex 43.5308 27.7023 45
    endloop
  endfacet
  facet normal -0.989147 -0.146928 0
    outer loop
      vertex 43.5308 27.7023 49
      vertex 43.5827 27.3529 45
      vertex 43.5827 27.3529 49
    endloop
  endfacet
  facet normal -0.998801 -0.0489636 0
    outer loop
      vertex 43.6 27 45
      vertex 43.5827 27.3529 49
      vertex 43.5827 27.3529 45
    endloop
  endfacet
  facet normal -0.998801 -0.0489636 0
    outer loop
      vertex 43.5827 27.3529 49
      vertex 43.6 27 45
      vertex 43.6 27 49
    endloop
  endfacet
  facet normal -0.970059 -0.242869 0
    outer loop
      vertex 43.5308 27.7023 45
      vertex 43.445 28.045 49
      vertex 43.445 28.045 45
    endloop
  endfacet
  facet normal -0.970059 -0.242869 0
    outer loop
      vertex 43.445 28.045 49
      vertex 43.5308 27.7023 45
      vertex 43.5308 27.7023 49
    endloop
  endfacet
  facet normal 0.242869 -0.970059 0
    outer loop
      vertex 38.955 30.445 45
      vertex 39.2977 30.5308 49
      vertex 38.955 30.445 49
    endloop
  endfacet
  facet normal 0.242869 -0.970059 0
    outer loop
      vertex 39.2977 30.5308 49
      vertex 38.955 30.445 45
      vertex 39.2977 30.5308 45
    endloop
  endfacet
  facet normal 0.903899 0.427746 0
    outer loop
      vertex 36.8251 25.303 49
      vertex 36.674 25.6223 45
      vertex 36.674 25.6223 49
    endloop
  endfacet
  facet normal 0.903899 0.427746 0
    outer loop
      vertex 36.674 25.6223 45
      vertex 36.8251 25.303 49
      vertex 36.8251 25.303 45
    endloop
  endfacet
  facet normal -0.513955 -0.857817 0
    outer loop
      vertex 41.697 30.1749 45
      vertex 42.0001 29.9933 49
      vertex 41.697 30.1749 49
    endloop
  endfacet
  facet normal -0.513955 -0.857817 -0
    outer loop
      vertex 42.0001 29.9933 49
      vertex 41.697 30.1749 45
      vertex 42.0001 29.9933 45
    endloop
  endfacet
  facet normal -0.513955 0.857817 0
    outer loop
      vertex 42.0001 24.0067 45
      vertex 41.697 23.8251 49
      vertex 42.0001 24.0067 49
    endloop
  endfacet
  facet normal -0.513955 0.857817 0
    outer loop
      vertex 41.697 23.8251 49
      vertex 42.0001 24.0067 45
      vertex 41.697 23.8251 45
    endloop
  endfacet
  facet normal -0.336785 0.941582 0
    outer loop
      vertex 41.3777 23.674 45
      vertex 41.045 23.555 49
      vertex 41.3777 23.674 49
    endloop
  endfacet
  facet normal -0.336785 0.941582 0
    outer loop
      vertex 41.045 23.555 49
      vertex 41.3777 23.674 45
      vertex 41.045 23.555 45
    endloop
  endfacet
  facet normal 0.970059 -0.242869 0
    outer loop
      vertex 36.4692 27.7023 49
      vertex 36.555 28.045 45
      vertex 36.555 28.045 49
    endloop
  endfacet
  facet normal 0.970059 -0.242869 0
    outer loop
      vertex 36.555 28.045 45
      vertex 36.4692 27.7023 49
      vertex 36.4692 27.7023 45
    endloop
  endfacet
  facet normal 0.671432 -0.741066 0
    outer loop
      vertex 37.4544 29.5456 45
      vertex 37.7162 29.7828 49
      vertex 37.4544 29.5456 49
    endloop
  endfacet
  facet normal 0.671432 -0.741066 0
    outer loop
      vertex 37.7162 29.7828 49
      vertex 37.4544 29.5456 45
      vertex 37.7162 29.7828 45
    endloop
  endfacet
  facet normal 0.513955 -0.857817 0
    outer loop
      vertex 37.9999 29.9933 45
      vertex 38.303 30.1749 49
      vertex 37.9999 29.9933 49
    endloop
  endfacet
  facet normal 0.513955 -0.857817 0
    outer loop
      vertex 38.303 30.1749 49
      vertex 37.9999 29.9933 45
      vertex 38.303 30.1749 45
    endloop
  endfacet
  facet normal -0.146928 0.989147 0
    outer loop
      vertex 40.7023 23.4692 45
      vertex 40.3529 23.4173 49
      vertex 40.7023 23.4692 49
    endloop
  endfacet
  facet normal -0.146928 0.989147 0
    outer loop
      vertex 40.3529 23.4173 49
      vertex 40.7023 23.4692 45
      vertex 40.3529 23.4173 45
    endloop
  endfacet
  facet normal 0.803081 -0.59587 0
    outer loop
      vertex 37.0067 29.0001 49
      vertex 37.2172 29.2838 45
      vertex 37.2172 29.2838 49
    endloop
  endfacet
  facet normal 0.803081 -0.59587 0
    outer loop
      vertex 37.2172 29.2838 45
      vertex 37.0067 29.0001 49
      vertex 37.0067 29.0001 45
    endloop
  endfacet
  facet normal -0.903899 -0.427746 0
    outer loop
      vertex 43.326 28.3777 45
      vertex 43.1749 28.697 49
      vertex 43.1749 28.697 45
    endloop
  endfacet
  facet normal -0.903899 -0.427746 0
    outer loop
      vertex 43.1749 28.697 49
      vertex 43.326 28.3777 45
      vertex 43.326 28.3777 49
    endloop
  endfacet
  facet normal 0.941582 -0.336785 0
    outer loop
      vertex 36.555 28.045 49
      vertex 36.674 28.3777 45
      vertex 36.674 28.3777 49
    endloop
  endfacet
  facet normal 0.941582 -0.336785 0
    outer loop
      vertex 36.674 28.3777 45
      vertex 36.555 28.045 49
      vertex 36.555 28.045 45
    endloop
  endfacet
  facet normal 0.336785 0.941582 -0
    outer loop
      vertex 38.955 23.555 45
      vertex 38.6223 23.674 49
      vertex 38.955 23.555 49
    endloop
  endfacet
  facet normal 0.336785 0.941582 0
    outer loop
      vertex 38.6223 23.674 49
      vertex 38.955 23.555 45
      vertex 38.6223 23.674 45
    endloop
  endfacet
  facet normal -0.59587 -0.803081 0
    outer loop
      vertex 42.0001 29.9933 45
      vertex 42.2838 29.7828 49
      vertex 42.0001 29.9933 49
    endloop
  endfacet
  facet normal -0.59587 -0.803081 -0
    outer loop
      vertex 42.2838 29.7828 49
      vertex 42.0001 29.9933 45
      vertex 42.2838 29.7828 45
    endloop
  endfacet
  facet normal 0.903899 -0.427746 0
    outer loop
      vertex 36.674 28.3777 49
      vertex 36.8251 28.697 45
      vertex 36.8251 28.697 49
    endloop
  endfacet
  facet normal 0.903899 -0.427746 0
    outer loop
      vertex 36.8251 28.697 45
      vertex 36.674 28.3777 49
      vertex 36.674 28.3777 45
    endloop
  endfacet
  facet normal -0.803081 0.59587 0
    outer loop
      vertex 42.7828 24.7162 45
      vertex 42.9933 24.9999 49
      vertex 42.9933 24.9999 45
    endloop
  endfacet
  facet normal -0.803081 0.59587 0
    outer loop
      vertex 42.9933 24.9999 49
      vertex 42.7828 24.7162 45
      vertex 42.7828 24.7162 49
    endloop
  endfacet
  facet normal -0.146928 -0.989147 0
    outer loop
      vertex 40.3529 30.5827 45
      vertex 40.7023 30.5308 49
      vertex 40.3529 30.5827 49
    endloop
  endfacet
  facet normal -0.146928 -0.989147 -0
    outer loop
      vertex 40.7023 30.5308 49
      vertex 40.3529 30.5827 45
      vertex 40.7023 30.5308 45
    endloop
  endfacet
  facet normal 0.989147 -0.146928 0
    outer loop
      vertex 36.4173 27.3529 49
      vertex 36.4692 27.7023 45
      vertex 36.4692 27.7023 49
    endloop
  endfacet
  facet normal 0.989147 -0.146928 0
    outer loop
      vertex 36.4692 27.7023 45
      vertex 36.4173 27.3529 49
      vertex 36.4173 27.3529 45
    endloop
  endfacet
  facet normal -0.803081 -0.59587 0
    outer loop
      vertex 42.9933 29.0001 45
      vertex 42.7828 29.2838 49
      vertex 42.7828 29.2838 45
    endloop
  endfacet
  facet normal -0.803081 -0.59587 0
    outer loop
      vertex 42.7828 29.2838 49
      vertex 42.9933 29.0001 45
      vertex 42.9933 29.0001 49
    endloop
  endfacet
  facet normal -0.0489636 -0.998801 0
    outer loop
      vertex 40 30.6 45
      vertex 40.3529 30.5827 49
      vertex 40 30.6 49
    endloop
  endfacet
  facet normal -0.0489636 -0.998801 -0
    outer loop
      vertex 40.3529 30.5827 49
      vertex 40 30.6 45
      vertex 40.3529 30.5827 45
    endloop
  endfacet
  facet normal 0.857817 0.513955 0
    outer loop
      vertex 37.0067 24.9999 49
      vertex 36.8251 25.303 45
      vertex 36.8251 25.303 49
    endloop
  endfacet
  facet normal 0.857817 0.513955 0
    outer loop
      vertex 36.8251 25.303 45
      vertex 37.0067 24.9999 49
      vertex 37.0067 24.9999 45
    endloop
  endfacet
  facet normal 0.941582 0.336785 0
    outer loop
      vertex 36.674 25.6223 49
      vertex 36.555 25.955 45
      vertex 36.555 25.955 49
    endloop
  endfacet
  facet normal 0.941582 0.336785 0
    outer loop
      vertex 36.555 25.955 45
      vertex 36.674 25.6223 49
      vertex 36.674 25.6223 45
    endloop
  endfacet
  facet normal 0.427746 -0.903899 0
    outer loop
      vertex 38.303 30.1749 45
      vertex 38.6223 30.326 49
      vertex 38.303 30.1749 49
    endloop
  endfacet
  facet normal 0.427746 -0.903899 0
    outer loop
      vertex 38.6223 30.326 49
      vertex 38.303 30.1749 45
      vertex 38.6223 30.326 45
    endloop
  endfacet
  facet normal -0.903899 0.427746 0
    outer loop
      vertex 43.1749 25.303 45
      vertex 43.326 25.6223 49
      vertex 43.326 25.6223 45
    endloop
  endfacet
  facet normal -0.903899 0.427746 0
    outer loop
      vertex 43.326 25.6223 49
      vertex 43.1749 25.303 45
      vertex 43.1749 25.303 49
    endloop
  endfacet
  facet normal 0.59587 0.803081 -0
    outer loop
      vertex 37.9999 24.0067 45
      vertex 37.7162 24.2172 49
      vertex 37.9999 24.0067 49
    endloop
  endfacet
  facet normal 0.59587 0.803081 0
    outer loop
      vertex 37.7162 24.2172 49
      vertex 37.9999 24.0067 45
      vertex 37.7162 24.2172 45
    endloop
  endfacet
  facet normal 0.857817 -0.513955 0
    outer loop
      vertex 36.8251 28.697 49
      vertex 37.0067 29.0001 45
      vertex 37.0067 29.0001 49
    endloop
  endfacet
  facet normal 0.857817 -0.513955 0
    outer loop
      vertex 37.0067 29.0001 45
      vertex 36.8251 28.697 49
      vertex 36.8251 28.697 45
    endloop
  endfacet
  facet normal -0.998801 0.0489636 0
    outer loop
      vertex 43.5827 26.6471 45
      vertex 43.6 27 49
      vertex 43.6 27 45
    endloop
  endfacet
  facet normal -0.998801 0.0489636 0
    outer loop
      vertex 43.6 27 49
      vertex 43.5827 26.6471 45
      vertex 43.5827 26.6471 49
    endloop
  endfacet
  facet normal -0.941582 0.336785 0
    outer loop
      vertex 43.326 25.6223 45
      vertex 43.445 25.955 49
      vertex 43.445 25.955 45
    endloop
  endfacet
  facet normal -0.941582 0.336785 0
    outer loop
      vertex 43.445 25.955 49
      vertex 43.326 25.6223 45
      vertex 43.326 25.6223 49
    endloop
  endfacet
  facet normal -0.242869 0.970059 0
    outer loop
      vertex 41.045 23.555 45
      vertex 40.7023 23.4692 49
      vertex 41.045 23.555 49
    endloop
  endfacet
  facet normal -0.242869 0.970059 0
    outer loop
      vertex 40.7023 23.4692 49
      vertex 41.045 23.555 45
      vertex 40.7023 23.4692 45
    endloop
  endfacet
  facet normal -0.941582 -0.336785 0
    outer loop
      vertex 43.445 28.045 45
      vertex 43.326 28.3777 49
      vertex 43.326 28.3777 45
    endloop
  endfacet
  facet normal -0.941582 -0.336785 0
    outer loop
      vertex 43.326 28.3777 49
      vertex 43.445 28.045 45
      vertex 43.445 28.045 49
    endloop
  endfacet
  facet normal 0.998801 0.0489636 0
    outer loop
      vertex 36.4173 26.6471 49
      vertex 36.4 27 45
      vertex 36.4 27 49
    endloop
  endfacet
  facet normal 0.998801 0.0489636 0
    outer loop
      vertex 36.4 27 45
      vertex 36.4173 26.6471 49
      vertex 36.4173 26.6471 45
    endloop
  endfacet
  facet normal -0.989147 0.146928 0
    outer loop
      vertex 43.5308 26.2977 45
      vertex 43.5827 26.6471 49
      vertex 43.5827 26.6471 45
    endloop
  endfacet
  facet normal -0.989147 0.146928 0
    outer loop
      vertex 43.5827 26.6471 49
      vertex 43.5308 26.2977 45
      vertex 43.5308 26.2977 49
    endloop
  endfacet
  facet normal 0.671432 0.741066 -0
    outer loop
      vertex 37.7162 24.2172 45
      vertex 37.4544 24.4544 49
      vertex 37.7162 24.2172 49
    endloop
  endfacet
  facet normal 0.671432 0.741066 0
    outer loop
      vertex 37.4544 24.4544 49
      vertex 37.7162 24.2172 45
      vertex 37.4544 24.4544 45
    endloop
  endfacet
  facet normal -0.970059 0.242869 0
    outer loop
      vertex 43.445 25.955 45
      vertex 43.5308 26.2977 49
      vertex 43.5308 26.2977 45
    endloop
  endfacet
  facet normal -0.970059 0.242869 0
    outer loop
      vertex 43.5308 26.2977 49
      vertex 43.445 25.955 45
      vertex 43.445 25.955 49
    endloop
  endfacet
  facet normal -0.671432 -0.741066 0
    outer loop
      vertex 42.2838 29.7828 45
      vertex 42.5456 29.5456 49
      vertex 42.2838 29.7828 49
    endloop
  endfacet
  facet normal -0.671432 -0.741066 -0
    outer loop
      vertex 42.5456 29.5456 49
      vertex 42.2838 29.7828 45
      vertex 42.5456 29.5456 45
    endloop
  endfacet
  facet normal -0.336785 -0.941582 0
    outer loop
      vertex 41.045 30.445 45
      vertex 41.3777 30.326 49
      vertex 41.045 30.445 49
    endloop
  endfacet
  facet normal -0.336785 -0.941582 -0
    outer loop
      vertex 41.3777 30.326 49
      vertex 41.045 30.445 45
      vertex 41.3777 30.326 45
    endloop
  endfacet
  facet normal 0.336785 -0.941582 0
    outer loop
      vertex 38.6223 30.326 45
      vertex 38.955 30.445 49
      vertex 38.6223 30.326 49
    endloop
  endfacet
  facet normal 0.336785 -0.941582 0
    outer loop
      vertex 38.955 30.445 49
      vertex 38.6223 30.326 45
      vertex 38.955 30.445 45
    endloop
  endfacet
  facet normal 0.513955 0.857817 -0
    outer loop
      vertex 38.303 23.8251 45
      vertex 37.9999 24.0067 49
      vertex 38.303 23.8251 49
    endloop
  endfacet
  facet normal 0.513955 0.857817 0
    outer loop
      vertex 37.9999 24.0067 49
      vertex 38.303 23.8251 45
      vertex 37.9999 24.0067 45
    endloop
  endfacet
  facet normal -0.857817 0.513955 0
    outer loop
      vertex 42.9933 24.9999 45
      vertex 43.1749 25.303 49
      vertex 43.1749 25.303 45
    endloop
  endfacet
  facet normal -0.857817 0.513955 0
    outer loop
      vertex 43.1749 25.303 49
      vertex 42.9933 24.9999 45
      vertex 42.9933 24.9999 49
    endloop
  endfacet
  facet normal -0.427746 -0.903899 0
    outer loop
      vertex 41.3777 30.326 45
      vertex 41.697 30.1749 49
      vertex 41.3777 30.326 49
    endloop
  endfacet
  facet normal -0.427746 -0.903899 -0
    outer loop
      vertex 41.697 30.1749 49
      vertex 41.3777 30.326 45
      vertex 41.697 30.1749 45
    endloop
  endfacet
  facet normal 0.146928 0.989147 -0
    outer loop
      vertex 39.6471 23.4173 45
      vertex 39.2977 23.4692 49
      vertex 39.6471 23.4173 49
    endloop
  endfacet
  facet normal 0.146928 0.989147 0
    outer loop
      vertex 39.2977 23.4692 49
      vertex 39.6471 23.4173 45
      vertex 39.2977 23.4692 45
    endloop
  endfacet
  facet normal 0.59587 -0.803081 0
    outer loop
      vertex 37.7162 29.7828 45
      vertex 37.9999 29.9933 49
      vertex 37.7162 29.7828 49
    endloop
  endfacet
  facet normal 0.59587 -0.803081 0
    outer loop
      vertex 37.9999 29.9933 49
      vertex 37.7162 29.7828 45
      vertex 37.9999 29.9933 45
    endloop
  endfacet
  facet normal -0.857817 -0.513955 0
    outer loop
      vertex 43.1749 28.697 45
      vertex 42.9933 29.0001 49
      vertex 42.9933 29.0001 45
    endloop
  endfacet
  facet normal -0.857817 -0.513955 0
    outer loop
      vertex 42.9933 29.0001 49
      vertex 43.1749 28.697 45
      vertex 43.1749 28.697 49
    endloop
  endfacet
  facet normal 0.0489636 -0.998801 0
    outer loop
      vertex 39.6471 30.5827 45
      vertex 40 30.6 49
      vertex 39.6471 30.5827 49
    endloop
  endfacet
  facet normal 0.0489636 -0.998801 0
    outer loop
      vertex 40 30.6 49
      vertex 39.6471 30.5827 45
      vertex 40 30.6 45
    endloop
  endfacet
  facet normal 0.0489636 0.998801 -0
    outer loop
      vertex 40 23.4 45
      vertex 39.6471 23.4173 49
      vertex 40 23.4 49
    endloop
  endfacet
  facet normal 0.0489636 0.998801 0
    outer loop
      vertex 39.6471 23.4173 49
      vertex 40 23.4 45
      vertex 39.6471 23.4173 45
    endloop
  endfacet
  facet normal 0.741066 -0.671432 0
    outer loop
      vertex 37.2172 29.2838 49
      vertex 37.4544 29.5456 45
      vertex 37.4544 29.5456 49
    endloop
  endfacet
  facet normal 0.741066 -0.671432 0
    outer loop
      vertex 37.4544 29.5456 45
      vertex 37.2172 29.2838 49
      vertex 37.2172 29.2838 45
    endloop
  endfacet
  facet normal -0.0489636 0.998801 0
    outer loop
      vertex 40.3529 23.4173 45
      vertex 40 23.4 49
      vertex 40.3529 23.4173 49
    endloop
  endfacet
  facet normal -0.0489636 0.998801 0
    outer loop
      vertex 40 23.4 49
      vertex 40.3529 23.4173 45
      vertex 40 23.4 45
    endloop
  endfacet
  facet normal 0.146928 -0.989147 0
    outer loop
      vertex 39.2977 30.5308 45
      vertex 39.6471 30.5827 49
      vertex 39.2977 30.5308 49
    endloop
  endfacet
  facet normal 0.146928 -0.989147 0
    outer loop
      vertex 39.6471 30.5827 49
      vertex 39.2977 30.5308 45
      vertex 39.6471 30.5827 45
    endloop
  endfacet
  facet normal 0.242869 0.970059 -0
    outer loop
      vertex 39.2977 23.4692 45
      vertex 38.955 23.555 49
      vertex 39.2977 23.4692 49
    endloop
  endfacet
  facet normal 0.242869 0.970059 0
    outer loop
      vertex 38.955 23.555 49
      vertex 39.2977 23.4692 45
      vertex 38.955 23.555 45
    endloop
  endfacet
  facet normal -0.671432 0.741066 0
    outer loop
      vertex 42.5456 24.4544 45
      vertex 42.2838 24.2172 49
      vertex 42.5456 24.4544 49
    endloop
  endfacet
  facet normal -0.671432 0.741066 0
    outer loop
      vertex 42.2838 24.2172 49
      vertex 42.5456 24.4544 45
      vertex 42.2838 24.2172 45
    endloop
  endfacet
  facet normal -0.242869 -0.970059 0
    outer loop
      vertex 40.7023 30.5308 45
      vertex 41.045 30.445 49
      vertex 40.7023 30.5308 49
    endloop
  endfacet
  facet normal -0.242869 -0.970059 -0
    outer loop
      vertex 41.045 30.445 49
      vertex 40.7023 30.5308 45
      vertex 41.045 30.445 45
    endloop
  endfacet
  facet normal 0.970059 0.242869 0
    outer loop
      vertex 36.555 25.955 49
      vertex 36.4692 26.2977 45
      vertex 36.4692 26.2977 49
    endloop
  endfacet
  facet normal 0.970059 0.242869 0
    outer loop
      vertex 36.4692 26.2977 45
      vertex 36.555 25.955 49
      vertex 36.555 25.955 45
    endloop
  endfacet
  facet normal 0.427746 0.903899 -0
    outer loop
      vertex 38.6223 23.674 45
      vertex 38.303 23.8251 49
      vertex 38.6223 23.674 49
    endloop
  endfacet
  facet normal 0.427746 0.903899 0
    outer loop
      vertex 38.303 23.8251 49
      vertex 38.6223 23.674 45
      vertex 38.303 23.8251 45
    endloop
  endfacet
  facet normal 0.741066 0.671432 0
    outer loop
      vertex 37.4544 24.4544 49
      vertex 37.2172 24.7162 45
      vertex 37.2172 24.7162 49
    endloop
  endfacet
  facet normal 0.741066 0.671432 0
    outer loop
      vertex 37.2172 24.7162 45
      vertex 37.4544 24.4544 49
      vertex 37.4544 24.4544 45
    endloop
  endfacet
  facet normal -0.427746 0.903899 0
    outer loop
      vertex 41.697 23.8251 45
      vertex 41.3777 23.674 49
      vertex 41.697 23.8251 49
    endloop
  endfacet
  facet normal -0.427746 0.903899 0
    outer loop
      vertex 41.3777 23.674 49
      vertex 41.697 23.8251 45
      vertex 41.3777 23.674 45
    endloop
  endfacet
  facet normal 0.989147 0.146928 0
    outer loop
      vertex 36.4692 26.2977 49
      vertex 36.4173 26.6471 45
      vertex 36.4173 26.6471 49
    endloop
  endfacet
  facet normal 0.989147 0.146928 0
    outer loop
      vertex 36.4173 26.6471 45
      vertex 36.4692 26.2977 49
      vertex 36.4692 26.2977 45
    endloop
  endfacet
  facet normal -0.741066 -0.671432 0
    outer loop
      vertex 42.7828 29.2838 45
      vertex 42.5456 29.5456 49
      vertex 42.5456 29.5456 45
    endloop
  endfacet
  facet normal -0.741066 -0.671432 0
    outer loop
      vertex 42.5456 29.5456 49
      vertex 42.7828 29.2838 45
      vertex 42.7828 29.2838 49
    endloop
  endfacet
  facet normal -0.59587 0.803081 0
    outer loop
      vertex 42.2838 24.2172 45
      vertex 42.0001 24.0067 49
      vertex 42.2838 24.2172 49
    endloop
  endfacet
  facet normal -0.59587 0.803081 0
    outer loop
      vertex 42.0001 24.0067 49
      vertex 42.2838 24.2172 45
      vertex 42.0001 24.0067 45
    endloop
  endfacet
  facet normal 0.803081 0.59587 0
    outer loop
      vertex 37.2172 24.7162 49
      vertex 37.0067 24.9999 45
      vertex 37.0067 24.9999 49
    endloop
  endfacet
  facet normal 0.803081 0.59587 0
    outer loop
      vertex 37.0067 24.9999 45
      vertex 37.2172 24.7162 49
      vertex 37.2172 24.7162 45
    endloop
  endfacet
  facet normal 0.998801 -0.0489636 0
    outer loop
      vertex 36.4 27 49
      vertex 36.4173 27.3529 45
      vertex 36.4173 27.3529 49
    endloop
  endfacet
  facet normal 0.998801 -0.0489636 0
    outer loop
      vertex 36.4173 27.3529 45
      vertex 36.4 27 49
      vertex 36.4 27 45
    endloop
  endfacet
  facet normal -0.741066 0.671432 0
    outer loop
      vertex 42.5456 24.4544 45
      vertex 42.7828 24.7162 49
      vertex 42.7828 24.7162 45
    endloop
  endfacet
  facet normal -0.741066 0.671432 0
    outer loop
      vertex 42.7828 24.7162 49
      vertex 42.5456 24.4544 45
      vertex 42.5456 24.4544 49
    endloop
  endfacet
  facet normal -0.989147 -0.146928 0
    outer loop
      vertex 68.5827 27.3529 45
      vertex 68.5308 27.7023 49
      vertex 68.5308 27.7023 45
    endloop
  endfacet
  facet normal -0.989147 -0.146928 0
    outer loop
      vertex 68.5308 27.7023 49
      vertex 68.5827 27.3529 45
      vertex 68.5827 27.3529 49
    endloop
  endfacet
  facet normal -0.998801 -0.0489636 0
    outer loop
      vertex 68.6 27 45
      vertex 68.5827 27.3529 49
      vertex 68.5827 27.3529 45
    endloop
  endfacet
  facet normal -0.998801 -0.0489636 0
    outer loop
      vertex 68.5827 27.3529 49
      vertex 68.6 27 45
      vertex 68.6 27 49
    endloop
  endfacet
  facet normal -0.970059 -0.242869 0
    outer loop
      vertex 68.5308 27.7023 45
      vertex 68.445 28.045 49
      vertex 68.445 28.045 45
    endloop
  endfacet
  facet normal -0.970059 -0.242869 0
    outer loop
      vertex 68.445 28.045 49
      vertex 68.5308 27.7023 45
      vertex 68.5308 27.7023 49
    endloop
  endfacet
  facet normal 0.242869 -0.970059 0
    outer loop
      vertex 63.955 30.445 45
      vertex 64.2977 30.5308 49
      vertex 63.955 30.445 49
    endloop
  endfacet
  facet normal 0.242869 -0.970059 0
    outer loop
      vertex 64.2977 30.5308 49
      vertex 63.955 30.445 45
      vertex 64.2977 30.5308 45
    endloop
  endfacet
  facet normal 0.903899 0.427746 0
    outer loop
      vertex 61.8251 25.303 49
      vertex 61.674 25.6223 45
      vertex 61.674 25.6223 49
    endloop
  endfacet
  facet normal 0.903899 0.427746 0
    outer loop
      vertex 61.674 25.6223 45
      vertex 61.8251 25.303 49
      vertex 61.8251 25.303 45
    endloop
  endfacet
  facet normal -0.427746 0.903899 0
    outer loop
      vertex 66.697 23.8251 45
      vertex 66.3777 23.674 49
      vertex 66.697 23.8251 49
    endloop
  endfacet
  facet normal -0.427746 0.903899 0
    outer loop
      vertex 66.3777 23.674 49
      vertex 66.697 23.8251 45
      vertex 66.3777 23.674 45
    endloop
  endfacet
  facet normal -0.513955 -0.857817 0
    outer loop
      vertex 66.697 30.1749 45
      vertex 67.0001 29.9933 49
      vertex 66.697 30.1749 49
    endloop
  endfacet
  facet normal -0.513955 -0.857817 -0
    outer loop
      vertex 67.0001 29.9933 49
      vertex 66.697 30.1749 45
      vertex 67.0001 29.9933 45
    endloop
  endfacet
  facet normal -0.513955 0.857817 0
    outer loop
      vertex 67.0001 24.0067 45
      vertex 66.697 23.8251 49
      vertex 67.0001 24.0067 49
    endloop
  endfacet
  facet normal -0.513955 0.857817 0
    outer loop
      vertex 66.697 23.8251 49
      vertex 67.0001 24.0067 45
      vertex 66.697 23.8251 45
    endloop
  endfacet
  facet normal -0.336785 0.941582 0
    outer loop
      vertex 66.3777 23.674 45
      vertex 66.045 23.555 49
      vertex 66.3777 23.674 49
    endloop
  endfacet
  facet normal -0.336785 0.941582 0
    outer loop
      vertex 66.045 23.555 49
      vertex 66.3777 23.674 45
      vertex 66.045 23.555 45
    endloop
  endfacet
  facet normal 0.970059 -0.242869 0
    outer loop
      vertex 61.4692 27.7023 49
      vertex 61.555 28.045 45
      vertex 61.555 28.045 49
    endloop
  endfacet
  facet normal 0.970059 -0.242869 0
    outer loop
      vertex 61.555 28.045 45
      vertex 61.4692 27.7023 49
      vertex 61.4692 27.7023 45
    endloop
  endfacet
  facet normal 0.671432 -0.741066 0
    outer loop
      vertex 62.4544 29.5456 45
      vertex 62.7162 29.7828 49
      vertex 62.4544 29.5456 49
    endloop
  endfacet
  facet normal 0.671432 -0.741066 0
    outer loop
      vertex 62.7162 29.7828 49
      vertex 62.4544 29.5456 45
      vertex 62.7162 29.7828 45
    endloop
  endfacet
  facet normal 0.513955 -0.857817 0
    outer loop
      vertex 62.9999 29.9933 45
      vertex 63.303 30.1749 49
      vertex 62.9999 29.9933 49
    endloop
  endfacet
  facet normal 0.513955 -0.857817 0
    outer loop
      vertex 63.303 30.1749 49
      vertex 62.9999 29.9933 45
      vertex 63.303 30.1749 45
    endloop
  endfacet
  facet normal -0.146928 0.989147 0
    outer loop
      vertex 65.7023 23.4692 45
      vertex 65.3529 23.4173 49
      vertex 65.7023 23.4692 49
    endloop
  endfacet
  facet normal -0.146928 0.989147 0
    outer loop
      vertex 65.3529 23.4173 49
      vertex 65.7023 23.4692 45
      vertex 65.3529 23.4173 45
    endloop
  endfacet
  facet normal 0.803081 -0.59587 0
    outer loop
      vertex 62.0067 29.0001 49
      vertex 62.2172 29.2838 45
      vertex 62.2172 29.2838 49
    endloop
  endfacet
  facet normal 0.803081 -0.59587 0
    outer loop
      vertex 62.2172 29.2838 45
      vertex 62.0067 29.0001 49
      vertex 62.0067 29.0001 45
    endloop
  endfacet
  facet normal -0.903899 -0.427746 0
    outer loop
      vertex 68.326 28.3777 45
      vertex 68.1749 28.697 49
      vertex 68.1749 28.697 45
    endloop
  endfacet
  facet normal -0.903899 -0.427746 0
    outer loop
      vertex 68.1749 28.697 49
      vertex 68.326 28.3777 45
      vertex 68.326 28.3777 49
    endloop
  endfacet
  facet normal 0.941582 -0.336785 0
    outer loop
      vertex 61.555 28.045 49
      vertex 61.674 28.3777 45
      vertex 61.674 28.3777 49
    endloop
  endfacet
  facet normal 0.941582 -0.336785 0
    outer loop
      vertex 61.674 28.3777 45
      vertex 61.555 28.045 49
      vertex 61.555 28.045 45
    endloop
  endfacet
  facet normal 0.336785 0.941582 -0
    outer loop
      vertex 63.955 23.555 45
      vertex 63.6223 23.674 49
      vertex 63.955 23.555 49
    endloop
  endfacet
  facet normal 0.336785 0.941582 0
    outer loop
      vertex 63.6223 23.674 49
      vertex 63.955 23.555 45
      vertex 63.6223 23.674 45
    endloop
  endfacet
  facet normal -0.59587 -0.803081 0
    outer loop
      vertex 67.0001 29.9933 45
      vertex 67.2838 29.7828 49
      vertex 67.0001 29.9933 49
    endloop
  endfacet
  facet normal -0.59587 -0.803081 -0
    outer loop
      vertex 67.2838 29.7828 49
      vertex 67.0001 29.9933 45
      vertex 67.2838 29.7828 45
    endloop
  endfacet
  facet normal 0.903899 -0.427746 0
    outer loop
      vertex 61.674 28.3777 49
      vertex 61.8251 28.697 45
      vertex 61.8251 28.697 49
    endloop
  endfacet
  facet normal 0.903899 -0.427746 0
    outer loop
      vertex 61.8251 28.697 45
      vertex 61.674 28.3777 49
      vertex 61.674 28.3777 45
    endloop
  endfacet
  facet normal -0.803081 0.59587 0
    outer loop
      vertex 67.7828 24.7162 45
      vertex 67.9933 24.9999 49
      vertex 67.9933 24.9999 45
    endloop
  endfacet
  facet normal -0.803081 0.59587 0
    outer loop
      vertex 67.9933 24.9999 49
      vertex 67.7828 24.7162 45
      vertex 67.7828 24.7162 49
    endloop
  endfacet
  facet normal -0.146928 -0.989147 0
    outer loop
      vertex 65.3529 30.5827 45
      vertex 65.7023 30.5308 49
      vertex 65.3529 30.5827 49
    endloop
  endfacet
  facet normal -0.146928 -0.989147 -0
    outer loop
      vertex 65.7023 30.5308 49
      vertex 65.3529 30.5827 45
      vertex 65.7023 30.5308 45
    endloop
  endfacet
  facet normal 0.989147 -0.146928 0
    outer loop
      vertex 61.4173 27.3529 49
      vertex 61.4692 27.7023 45
      vertex 61.4692 27.7023 49
    endloop
  endfacet
  facet normal 0.989147 -0.146928 0
    outer loop
      vertex 61.4692 27.7023 45
      vertex 61.4173 27.3529 49
      vertex 61.4173 27.3529 45
    endloop
  endfacet
  facet normal -0.803081 -0.59587 0
    outer loop
      vertex 67.9933 29.0001 45
      vertex 67.7828 29.2838 49
      vertex 67.7828 29.2838 45
    endloop
  endfacet
  facet normal -0.803081 -0.59587 0
    outer loop
      vertex 67.7828 29.2838 49
      vertex 67.9933 29.0001 45
      vertex 67.9933 29.0001 49
    endloop
  endfacet
  facet normal -0.0489636 -0.998801 0
    outer loop
      vertex 65 30.6 45
      vertex 65.3529 30.5827 49
      vertex 65 30.6 49
    endloop
  endfacet
  facet normal -0.0489636 -0.998801 -0
    outer loop
      vertex 65.3529 30.5827 49
      vertex 65 30.6 45
      vertex 65.3529 30.5827 45
    endloop
  endfacet
  facet normal 0.857817 0.513955 0
    outer loop
      vertex 62.0067 24.9999 49
      vertex 61.8251 25.303 45
      vertex 61.8251 25.303 49
    endloop
  endfacet
  facet normal 0.857817 0.513955 0
    outer loop
      vertex 61.8251 25.303 45
      vertex 62.0067 24.9999 49
      vertex 62.0067 24.9999 45
    endloop
  endfacet
  facet normal 0.941582 0.336785 0
    outer loop
      vertex 61.674 25.6223 49
      vertex 61.555 25.955 45
      vertex 61.555 25.955 49
    endloop
  endfacet
  facet normal 0.941582 0.336785 0
    outer loop
      vertex 61.555 25.955 45
      vertex 61.674 25.6223 49
      vertex 61.674 25.6223 45
    endloop
  endfacet
  facet normal 0.427746 -0.903899 0
    outer loop
      vertex 63.303 30.1749 45
      vertex 63.6223 30.326 49
      vertex 63.303 30.1749 49
    endloop
  endfacet
  facet normal 0.427746 -0.903899 0
    outer loop
      vertex 63.6223 30.326 49
      vertex 63.303 30.1749 45
      vertex 63.6223 30.326 45
    endloop
  endfacet
  facet normal -0.903899 0.427746 0
    outer loop
      vertex 68.1749 25.303 45
      vertex 68.326 25.6223 49
      vertex 68.326 25.6223 45
    endloop
  endfacet
  facet normal -0.903899 0.427746 0
    outer loop
      vertex 68.326 25.6223 49
      vertex 68.1749 25.303 45
      vertex 68.1749 25.303 49
    endloop
  endfacet
  facet normal 0.59587 0.803081 -0
    outer loop
      vertex 62.9999 24.0067 45
      vertex 62.7162 24.2172 49
      vertex 62.9999 24.0067 49
    endloop
  endfacet
  facet normal 0.59587 0.803081 0
    outer loop
      vertex 62.7162 24.2172 49
      vertex 62.9999 24.0067 45
      vertex 62.7162 24.2172 45
    endloop
  endfacet
  facet normal 0.857817 -0.513955 0
    outer loop
      vertex 61.8251 28.697 49
      vertex 62.0067 29.0001 45
      vertex 62.0067 29.0001 49
    endloop
  endfacet
  facet normal 0.857817 -0.513955 0
    outer loop
      vertex 62.0067 29.0001 45
      vertex 61.8251 28.697 49
      vertex 61.8251 28.697 45
    endloop
  endfacet
  facet normal -0.998801 0.0489636 0
    outer loop
      vertex 68.5827 26.6471 45
      vertex 68.6 27 49
      vertex 68.6 27 45
    endloop
  endfacet
  facet normal -0.998801 0.0489636 0
    outer loop
      vertex 68.6 27 49
      vertex 68.5827 26.6471 45
      vertex 68.5827 26.6471 49
    endloop
  endfacet
  facet normal -0.941582 0.336785 0
    outer loop
      vertex 68.326 25.6223 45
      vertex 68.445 25.955 49
      vertex 68.445 25.955 45
    endloop
  endfacet
  facet normal -0.941582 0.336785 0
    outer loop
      vertex 68.445 25.955 49
      vertex 68.326 25.6223 45
      vertex 68.326 25.6223 49
    endloop
  endfacet
  facet normal -0.242869 0.970059 0
    outer loop
      vertex 66.045 23.555 45
      vertex 65.7023 23.4692 49
      vertex 66.045 23.555 49
    endloop
  endfacet
  facet normal -0.242869 0.970059 0
    outer loop
      vertex 65.7023 23.4692 49
      vertex 66.045 23.555 45
      vertex 65.7023 23.4692 45
    endloop
  endfacet
  facet normal -0.857817 -0.513955 0
    outer loop
      vertex 68.1749 28.697 45
      vertex 67.9933 29.0001 49
      vertex 67.9933 29.0001 45
    endloop
  endfacet
  facet normal -0.857817 -0.513955 0
    outer loop
      vertex 67.9933 29.0001 49
      vertex 68.1749 28.697 45
      vertex 68.1749 28.697 49
    endloop
  endfacet
  facet normal -0.941582 -0.336785 0
    outer loop
      vertex 68.445 28.045 45
      vertex 68.326 28.3777 49
      vertex 68.326 28.3777 45
    endloop
  endfacet
  facet normal -0.941582 -0.336785 0
    outer loop
      vertex 68.326 28.3777 49
      vertex 68.445 28.045 45
      vertex 68.445 28.045 49
    endloop
  endfacet
  facet normal 0.998801 0.0489636 0
    outer loop
      vertex 61.4173 26.6471 49
      vertex 61.4 27 45
      vertex 61.4 27 49
    endloop
  endfacet
  facet normal 0.998801 0.0489636 0
    outer loop
      vertex 61.4 27 45
      vertex 61.4173 26.6471 49
      vertex 61.4173 26.6471 45
    endloop
  endfacet
  facet normal -0.989147 0.146928 0
    outer loop
      vertex 68.5308 26.2977 45
      vertex 68.5827 26.6471 49
      vertex 68.5827 26.6471 45
    endloop
  endfacet
  facet normal -0.989147 0.146928 0
    outer loop
      vertex 68.5827 26.6471 49
      vertex 68.5308 26.2977 45
      vertex 68.5308 26.2977 49
    endloop
  endfacet
  facet normal 0.671432 0.741066 -0
    outer loop
      vertex 62.7162 24.2172 45
      vertex 62.4544 24.4544 49
      vertex 62.7162 24.2172 49
    endloop
  endfacet
  facet normal 0.671432 0.741066 0
    outer loop
      vertex 62.4544 24.4544 49
      vertex 62.7162 24.2172 45
      vertex 62.4544 24.4544 45
    endloop
  endfacet
  facet normal -0.970059 0.242869 0
    outer loop
      vertex 68.445 25.955 45
      vertex 68.5308 26.2977 49
      vertex 68.5308 26.2977 45
    endloop
  endfacet
  facet normal -0.970059 0.242869 0
    outer loop
      vertex 68.5308 26.2977 49
      vertex 68.445 25.955 45
      vertex 68.445 25.955 49
    endloop
  endfacet
  facet normal -0.671432 -0.741066 0
    outer loop
      vertex 67.2838 29.7828 45
      vertex 67.5456 29.5456 49
      vertex 67.2838 29.7828 49
    endloop
  endfacet
  facet normal -0.671432 -0.741066 -0
    outer loop
      vertex 67.5456 29.5456 49
      vertex 67.2838 29.7828 45
      vertex 67.5456 29.5456 45
    endloop
  endfacet
  facet normal -0.336785 -0.941582 0
    outer loop
      vertex 66.045 30.445 45
      vertex 66.3777 30.326 49
      vertex 66.045 30.445 49
    endloop
  endfacet
  facet normal -0.336785 -0.941582 -0
    outer loop
      vertex 66.3777 30.326 49
      vertex 66.045 30.445 45
      vertex 66.3777 30.326 45
    endloop
  endfacet
  facet normal 0.336785 -0.941582 0
    outer loop
      vertex 63.6223 30.326 45
      vertex 63.955 30.445 49
      vertex 63.6223 30.326 49
    endloop
  endfacet
  facet normal 0.336785 -0.941582 0
    outer loop
      vertex 63.955 30.445 49
      vertex 63.6223 30.326 45
      vertex 63.955 30.445 45
    endloop
  endfacet
  facet normal 0.513955 0.857817 -0
    outer loop
      vertex 63.303 23.8251 45
      vertex 62.9999 24.0067 49
      vertex 63.303 23.8251 49
    endloop
  endfacet
  facet normal 0.513955 0.857817 0
    outer loop
      vertex 62.9999 24.0067 49
      vertex 63.303 23.8251 45
      vertex 62.9999 24.0067 45
    endloop
  endfacet
  facet normal -0.857817 0.513955 0
    outer loop
      vertex 67.9933 24.9999 45
      vertex 68.1749 25.303 49
      vertex 68.1749 25.303 45
    endloop
  endfacet
  facet normal -0.857817 0.513955 0
    outer loop
      vertex 68.1749 25.303 49
      vertex 67.9933 24.9999 45
      vertex 67.9933 24.9999 49
    endloop
  endfacet
  facet normal -0.427746 -0.903899 0
    outer loop
      vertex 66.3777 30.326 45
      vertex 66.697 30.1749 49
      vertex 66.3777 30.326 49
    endloop
  endfacet
  facet normal -0.427746 -0.903899 -0
    outer loop
      vertex 66.697 30.1749 49
      vertex 66.3777 30.326 45
      vertex 66.697 30.1749 45
    endloop
  endfacet
  facet normal 0.146928 0.989147 -0
    outer loop
      vertex 64.6471 23.4173 45
      vertex 64.2977 23.4692 49
      vertex 64.6471 23.4173 49
    endloop
  endfacet
  facet normal 0.146928 0.989147 0
    outer loop
      vertex 64.2977 23.4692 49
      vertex 64.6471 23.4173 45
      vertex 64.2977 23.4692 45
    endloop
  endfacet
  facet normal 0.0489636 -0.998801 0
    outer loop
      vertex 64.6471 30.5827 45
      vertex 65 30.6 49
      vertex 64.6471 30.5827 49
    endloop
  endfacet
  facet normal 0.0489636 -0.998801 0
    outer loop
      vertex 65 30.6 49
      vertex 64.6471 30.5827 45
      vertex 65 30.6 45
    endloop
  endfacet
  facet normal 0.59587 -0.803081 0
    outer loop
      vertex 62.7162 29.7828 45
      vertex 62.9999 29.9933 49
      vertex 62.7162 29.7828 49
    endloop
  endfacet
  facet normal 0.59587 -0.803081 0
    outer loop
      vertex 62.9999 29.9933 49
      vertex 62.7162 29.7828 45
      vertex 62.9999 29.9933 45
    endloop
  endfacet
  facet normal 0.0489636 0.998801 -0
    outer loop
      vertex 65 23.4 45
      vertex 64.6471 23.4173 49
      vertex 65 23.4 49
    endloop
  endfacet
  facet normal 0.0489636 0.998801 0
    outer loop
      vertex 64.6471 23.4173 49
      vertex 65 23.4 45
      vertex 64.6471 23.4173 45
    endloop
  endfacet
  facet normal 0.741066 -0.671432 0
    outer loop
      vertex 62.2172 29.2838 49
      vertex 62.4544 29.5456 45
      vertex 62.4544 29.5456 49
    endloop
  endfacet
  facet normal 0.741066 -0.671432 0
    outer loop
      vertex 62.4544 29.5456 45
      vertex 62.2172 29.2838 49
      vertex 62.2172 29.2838 45
    endloop
  endfacet
  facet normal -0.0489636 0.998801 0
    outer loop
      vertex 65.3529 23.4173 45
      vertex 65 23.4 49
      vertex 65.3529 23.4173 49
    endloop
  endfacet
  facet normal -0.0489636 0.998801 0
    outer loop
      vertex 65 23.4 49
      vertex 65.3529 23.4173 45
      vertex 65 23.4 45
    endloop
  endfacet
  facet normal 0.146928 -0.989147 0
    outer loop
      vertex 64.2977 30.5308 45
      vertex 64.6471 30.5827 49
      vertex 64.2977 30.5308 49
    endloop
  endfacet
  facet normal 0.146928 -0.989147 0
    outer loop
      vertex 64.6471 30.5827 49
      vertex 64.2977 30.5308 45
      vertex 64.6471 30.5827 45
    endloop
  endfacet
  facet normal 0.242869 0.970059 -0
    outer loop
      vertex 64.2977 23.4692 45
      vertex 63.955 23.555 49
      vertex 64.2977 23.4692 49
    endloop
  endfacet
  facet normal 0.242869 0.970059 0
    outer loop
      vertex 63.955 23.555 49
      vertex 64.2977 23.4692 45
      vertex 63.955 23.555 45
    endloop
  endfacet
  facet normal -0.671432 0.741066 0
    outer loop
      vertex 67.5456 24.4544 45
      vertex 67.2838 24.2172 49
      vertex 67.5456 24.4544 49
    endloop
  endfacet
  facet normal -0.671432 0.741066 0
    outer loop
      vertex 67.2838 24.2172 49
      vertex 67.5456 24.4544 45
      vertex 67.2838 24.2172 45
    endloop
  endfacet
  facet normal -0.242869 -0.970059 0
    outer loop
      vertex 65.7023 30.5308 45
      vertex 66.045 30.445 49
      vertex 65.7023 30.5308 49
    endloop
  endfacet
  facet normal -0.242869 -0.970059 -0
    outer loop
      vertex 66.045 30.445 49
      vertex 65.7023 30.5308 45
      vertex 66.045 30.445 45
    endloop
  endfacet
  facet normal 0.970059 0.242869 0
    outer loop
      vertex 61.555 25.955 49
      vertex 61.4692 26.2977 45
      vertex 61.4692 26.2977 49
    endloop
  endfacet
  facet normal 0.970059 0.242869 0
    outer loop
      vertex 61.4692 26.2977 45
      vertex 61.555 25.955 49
      vertex 61.555 25.955 45
    endloop
  endfacet
  facet normal 0.427746 0.903899 -0
    outer loop
      vertex 63.6223 23.674 45
      vertex 63.303 23.8251 49
      vertex 63.6223 23.674 49
    endloop
  endfacet
  facet normal 0.427746 0.903899 0
    outer loop
      vertex 63.303 23.8251 49
      vertex 63.6223 23.674 45
      vertex 63.303 23.8251 45
    endloop
  endfacet
  facet normal 0.741066 0.671432 0
    outer loop
      vertex 62.4544 24.4544 49
      vertex 62.2172 24.7162 45
      vertex 62.2172 24.7162 49
    endloop
  endfacet
  facet normal 0.741066 0.671432 0
    outer loop
      vertex 62.2172 24.7162 45
      vertex 62.4544 24.4544 49
      vertex 62.4544 24.4544 45
    endloop
  endfacet
  facet normal 0.989147 0.146928 0
    outer loop
      vertex 61.4692 26.2977 49
      vertex 61.4173 26.6471 45
      vertex 61.4173 26.6471 49
    endloop
  endfacet
  facet normal 0.989147 0.146928 0
    outer loop
      vertex 61.4173 26.6471 45
      vertex 61.4692 26.2977 49
      vertex 61.4692 26.2977 45
    endloop
  endfacet
  facet normal -0.741066 -0.671432 0
    outer loop
      vertex 67.7828 29.2838 45
      vertex 67.5456 29.5456 49
      vertex 67.5456 29.5456 45
    endloop
  endfacet
  facet normal -0.741066 -0.671432 0
    outer loop
      vertex 67.5456 29.5456 49
      vertex 67.7828 29.2838 45
      vertex 67.7828 29.2838 49
    endloop
  endfacet
  facet normal -0.59587 0.803081 0
    outer loop
      vertex 67.2838 24.2172 45
      vertex 67.0001 24.0067 49
      vertex 67.2838 24.2172 49
    endloop
  endfacet
  facet normal -0.59587 0.803081 0
    outer loop
      vertex 67.0001 24.0067 49
      vertex 67.2838 24.2172 45
      vertex 67.0001 24.0067 45
    endloop
  endfacet
  facet normal 0.803081 0.59587 0
    outer loop
      vertex 62.2172 24.7162 49
      vertex 62.0067 24.9999 45
      vertex 62.0067 24.9999 49
    endloop
  endfacet
  facet normal 0.803081 0.59587 0
    outer loop
      vertex 62.0067 24.9999 45
      vertex 62.2172 24.7162 49
      vertex 62.2172 24.7162 45
    endloop
  endfacet
  facet normal 0.998801 -0.0489636 0
    outer loop
      vertex 61.4 27 49
      vertex 61.4173 27.3529 45
      vertex 61.4173 27.3529 49
    endloop
  endfacet
  facet normal 0.998801 -0.0489636 0
    outer loop
      vertex 61.4173 27.3529 45
      vertex 61.4 27 49
      vertex 61.4 27 45
    endloop
  endfacet
  facet normal -0.741066 0.671432 0
    outer loop
      vertex 67.5456 24.4544 45
      vertex 67.7828 24.7162 49
      vertex 67.7828 24.7162 45
    endloop
  endfacet
  facet normal -0.741066 0.671432 0
    outer loop
      vertex 67.7828 24.7162 49
      vertex 67.5456 24.4544 45
      vertex 67.5456 24.4544 49
    endloop
  endfacet
  facet normal -0.989147 -0.146928 0
    outer loop
      vertex 71.5827 46.3529 45
      vertex 71.5308 46.7023 49
      vertex 71.5308 46.7023 45
    endloop
  endfacet
  facet normal -0.989147 -0.146928 0
    outer loop
      vertex 71.5308 46.7023 49
      vertex 71.5827 46.3529 45
      vertex 71.5827 46.3529 49
    endloop
  endfacet
  facet normal -0.998801 -0.0489636 0
    outer loop
      vertex 71.6 46 45
      vertex 71.5827 46.3529 49
      vertex 71.5827 46.3529 45
    endloop
  endfacet
  facet normal -0.998801 -0.0489636 0
    outer loop
      vertex 71.5827 46.3529 49
      vertex 71.6 46 45
      vertex 71.6 46 49
    endloop
  endfacet
  facet normal -0.970059 -0.242869 0
    outer loop
      vertex 71.5308 46.7023 45
      vertex 71.445 47.045 49
      vertex 71.445 47.045 45
    endloop
  endfacet
  facet normal -0.970059 -0.242869 0
    outer loop
      vertex 71.445 47.045 49
      vertex 71.5308 46.7023 45
      vertex 71.5308 46.7023 49
    endloop
  endfacet
  facet normal 0.242869 -0.970059 0
    outer loop
      vertex 66.955 49.445 45
      vertex 67.2977 49.5308 49
      vertex 66.955 49.445 49
    endloop
  endfacet
  facet normal 0.242869 -0.970059 0
    outer loop
      vertex 67.2977 49.5308 49
      vertex 66.955 49.445 45
      vertex 67.2977 49.5308 45
    endloop
  endfacet
  facet normal 0.903899 0.427746 0
    outer loop
      vertex 64.8251 44.303 49
      vertex 64.674 44.6223 45
      vertex 64.674 44.6223 49
    endloop
  endfacet
  facet normal 0.903899 0.427746 0
    outer loop
      vertex 64.674 44.6223 45
      vertex 64.8251 44.303 49
      vertex 64.8251 44.303 45
    endloop
  endfacet
  facet normal -0.513955 -0.857817 0
    outer loop
      vertex 69.697 49.1749 45
      vertex 70.0001 48.9933 49
      vertex 69.697 49.1749 49
    endloop
  endfacet
  facet normal -0.513955 -0.857817 -0
    outer loop
      vertex 70.0001 48.9933 49
      vertex 69.697 49.1749 45
      vertex 70.0001 48.9933 45
    endloop
  endfacet
  facet normal -0.513955 0.857817 0
    outer loop
      vertex 70.0001 43.0067 45
      vertex 69.697 42.8251 49
      vertex 70.0001 43.0067 49
    endloop
  endfacet
  facet normal -0.513955 0.857817 0
    outer loop
      vertex 69.697 42.8251 49
      vertex 70.0001 43.0067 45
      vertex 69.697 42.8251 45
    endloop
  endfacet
  facet normal -0.336785 0.941582 0
    outer loop
      vertex 69.3777 42.674 45
      vertex 69.045 42.555 49
      vertex 69.3777 42.674 49
    endloop
  endfacet
  facet normal -0.336785 0.941582 0
    outer loop
      vertex 69.045 42.555 49
      vertex 69.3777 42.674 45
      vertex 69.045 42.555 45
    endloop
  endfacet
  facet normal 0.970059 -0.242869 0
    outer loop
      vertex 64.4692 46.7023 49
      vertex 64.555 47.045 45
      vertex 64.555 47.045 49
    endloop
  endfacet
  facet normal 0.970059 -0.242869 0
    outer loop
      vertex 64.555 47.045 45
      vertex 64.4692 46.7023 49
      vertex 64.4692 46.7023 45
    endloop
  endfacet
  facet normal 0.671432 -0.741066 0
    outer loop
      vertex 65.4544 48.5456 45
      vertex 65.7162 48.7828 49
      vertex 65.4544 48.5456 49
    endloop
  endfacet
  facet normal 0.671432 -0.741066 0
    outer loop
      vertex 65.7162 48.7828 49
      vertex 65.4544 48.5456 45
      vertex 65.7162 48.7828 45
    endloop
  endfacet
  facet normal 0.513955 -0.857817 0
    outer loop
      vertex 65.9999 48.9933 45
      vertex 66.303 49.1749 49
      vertex 65.9999 48.9933 49
    endloop
  endfacet
  facet normal 0.513955 -0.857817 0
    outer loop
      vertex 66.303 49.1749 49
      vertex 65.9999 48.9933 45
      vertex 66.303 49.1749 45
    endloop
  endfacet
  facet normal -0.146928 0.989147 0
    outer loop
      vertex 68.7023 42.4692 45
      vertex 68.3529 42.4173 49
      vertex 68.7023 42.4692 49
    endloop
  endfacet
  facet normal -0.146928 0.989147 0
    outer loop
      vertex 68.3529 42.4173 49
      vertex 68.7023 42.4692 45
      vertex 68.3529 42.4173 45
    endloop
  endfacet
  facet normal 0.803081 -0.59587 0
    outer loop
      vertex 65.0067 48.0001 49
      vertex 65.2172 48.2838 45
      vertex 65.2172 48.2838 49
    endloop
  endfacet
  facet normal 0.803081 -0.59587 0
    outer loop
      vertex 65.2172 48.2838 45
      vertex 65.0067 48.0001 49
      vertex 65.0067 48.0001 45
    endloop
  endfacet
  facet normal -0.903899 -0.427746 0
    outer loop
      vertex 71.326 47.3777 45
      vertex 71.1749 47.697 49
      vertex 71.1749 47.697 45
    endloop
  endfacet
  facet normal -0.903899 -0.427746 0
    outer loop
      vertex 71.1749 47.697 49
      vertex 71.326 47.3777 45
      vertex 71.326 47.3777 49
    endloop
  endfacet
  facet normal 0.941582 -0.336785 0
    outer loop
      vertex 64.555 47.045 49
      vertex 64.674 47.3777 45
      vertex 64.674 47.3777 49
    endloop
  endfacet
  facet normal 0.941582 -0.336785 0
    outer loop
      vertex 64.674 47.3777 45
      vertex 64.555 47.045 49
      vertex 64.555 47.045 45
    endloop
  endfacet
  facet normal 0.336785 0.941582 -0
    outer loop
      vertex 66.955 42.555 45
      vertex 66.6223 42.674 49
      vertex 66.955 42.555 49
    endloop
  endfacet
  facet normal 0.336785 0.941582 0
    outer loop
      vertex 66.6223 42.674 49
      vertex 66.955 42.555 45
      vertex 66.6223 42.674 45
    endloop
  endfacet
  facet normal -0.59587 -0.803081 0
    outer loop
      vertex 70.0001 48.9933 45
      vertex 70.2838 48.7828 49
      vertex 70.0001 48.9933 49
    endloop
  endfacet
  facet normal -0.59587 -0.803081 -0
    outer loop
      vertex 70.2838 48.7828 49
      vertex 70.0001 48.9933 45
      vertex 70.2838 48.7828 45
    endloop
  endfacet
  facet normal 0.903899 -0.427746 0
    outer loop
      vertex 64.674 47.3777 49
      vertex 64.8251 47.697 45
      vertex 64.8251 47.697 49
    endloop
  endfacet
  facet normal 0.903899 -0.427746 0
    outer loop
      vertex 64.8251 47.697 45
      vertex 64.674 47.3777 49
      vertex 64.674 47.3777 45
    endloop
  endfacet
  facet normal -0.803081 0.59587 0
    outer loop
      vertex 70.7828 43.7162 45
      vertex 70.9933 43.9999 49
      vertex 70.9933 43.9999 45
    endloop
  endfacet
  facet normal -0.803081 0.59587 0
    outer loop
      vertex 70.9933 43.9999 49
      vertex 70.7828 43.7162 45
      vertex 70.7828 43.7162 49
    endloop
  endfacet
  facet normal -0.146928 -0.989147 0
    outer loop
      vertex 68.3529 49.5827 45
      vertex 68.7023 49.5308 49
      vertex 68.3529 49.5827 49
    endloop
  endfacet
  facet normal -0.146928 -0.989147 -0
    outer loop
      vertex 68.7023 49.5308 49
      vertex 68.3529 49.5827 45
      vertex 68.7023 49.5308 45
    endloop
  endfacet
  facet normal 0.989147 -0.146928 0
    outer loop
      vertex 64.4173 46.3529 49
      vertex 64.4692 46.7023 45
      vertex 64.4692 46.7023 49
    endloop
  endfacet
  facet normal 0.989147 -0.146928 0
    outer loop
      vertex 64.4692 46.7023 45
      vertex 64.4173 46.3529 49
      vertex 64.4173 46.3529 45
    endloop
  endfacet
  facet normal -0.803081 -0.59587 0
    outer loop
      vertex 70.9933 48.0001 45
      vertex 70.7828 48.2838 49
      vertex 70.7828 48.2838 45
    endloop
  endfacet
  facet normal -0.803081 -0.59587 0
    outer loop
      vertex 70.7828 48.2838 49
      vertex 70.9933 48.0001 45
      vertex 70.9933 48.0001 49
    endloop
  endfacet
  facet normal -0.0489636 -0.998801 0
    outer loop
      vertex 68 49.6 45
      vertex 68.3529 49.5827 49
      vertex 68 49.6 49
    endloop
  endfacet
  facet normal -0.0489636 -0.998801 -0
    outer loop
      vertex 68.3529 49.5827 49
      vertex 68 49.6 45
      vertex 68.3529 49.5827 45
    endloop
  endfacet
  facet normal 0.146928 -0.989147 0
    outer loop
      vertex 67.2977 49.5308 45
      vertex 67.6471 49.5827 49
      vertex 67.2977 49.5308 49
    endloop
  endfacet
  facet normal 0.146928 -0.989147 0
    outer loop
      vertex 67.6471 49.5827 49
      vertex 67.2977 49.5308 45
      vertex 67.6471 49.5827 45
    endloop
  endfacet
  facet normal 0.857817 0.513955 0
    outer loop
      vertex 65.0067 43.9999 49
      vertex 64.8251 44.303 45
      vertex 64.8251 44.303 49
    endloop
  endfacet
  facet normal 0.857817 0.513955 0
    outer loop
      vertex 64.8251 44.303 45
      vertex 65.0067 43.9999 49
      vertex 65.0067 43.9999 45
    endloop
  endfacet
  facet normal 0.941582 0.336785 0
    outer loop
      vertex 64.674 44.6223 49
      vertex 64.555 44.955 45
      vertex 64.555 44.955 49
    endloop
  endfacet
  facet normal 0.941582 0.336785 0
    outer loop
      vertex 64.555 44.955 45
      vertex 64.674 44.6223 49
      vertex 64.674 44.6223 45
    endloop
  endfacet
  facet normal 0.427746 -0.903899 0
    outer loop
      vertex 66.303 49.1749 45
      vertex 66.6223 49.326 49
      vertex 66.303 49.1749 49
    endloop
  endfacet
  facet normal 0.427746 -0.903899 0
    outer loop
      vertex 66.6223 49.326 49
      vertex 66.303 49.1749 45
      vertex 66.6223 49.326 45
    endloop
  endfacet
  facet normal -0.903899 0.427746 0
    outer loop
      vertex 71.1749 44.303 45
      vertex 71.326 44.6223 49
      vertex 71.326 44.6223 45
    endloop
  endfacet
  facet normal -0.903899 0.427746 0
    outer loop
      vertex 71.326 44.6223 49
      vertex 71.1749 44.303 45
      vertex 71.1749 44.303 49
    endloop
  endfacet
  facet normal 0.59587 0.803081 -0
    outer loop
      vertex 65.9999 43.0067 45
      vertex 65.7162 43.2172 49
      vertex 65.9999 43.0067 49
    endloop
  endfacet
  facet normal 0.59587 0.803081 0
    outer loop
      vertex 65.7162 43.2172 49
      vertex 65.9999 43.0067 45
      vertex 65.7162 43.2172 45
    endloop
  endfacet
  facet normal 0.857817 -0.513955 0
    outer loop
      vertex 64.8251 47.697 49
      vertex 65.0067 48.0001 45
      vertex 65.0067 48.0001 49
    endloop
  endfacet
  facet normal 0.857817 -0.513955 0
    outer loop
      vertex 65.0067 48.0001 45
      vertex 64.8251 47.697 49
      vertex 64.8251 47.697 45
    endloop
  endfacet
  facet normal -0.998801 0.0489636 0
    outer loop
      vertex 71.5827 45.6471 45
      vertex 71.6 46 49
      vertex 71.6 46 45
    endloop
  endfacet
  facet normal -0.998801 0.0489636 0
    outer loop
      vertex 71.6 46 49
      vertex 71.5827 45.6471 45
      vertex 71.5827 45.6471 49
    endloop
  endfacet
  facet normal -0.941582 0.336785 0
    outer loop
      vertex 71.326 44.6223 45
      vertex 71.445 44.955 49
      vertex 71.445 44.955 45
    endloop
  endfacet
  facet normal -0.941582 0.336785 0
    outer loop
      vertex 71.445 44.955 49
      vertex 71.326 44.6223 45
      vertex 71.326 44.6223 49
    endloop
  endfacet
  facet normal -0.242869 0.970059 0
    outer loop
      vertex 69.045 42.555 45
      vertex 68.7023 42.4692 49
      vertex 69.045 42.555 49
    endloop
  endfacet
  facet normal -0.242869 0.970059 0
    outer loop
      vertex 68.7023 42.4692 49
      vertex 69.045 42.555 45
      vertex 68.7023 42.4692 45
    endloop
  endfacet
  facet normal -0.941582 -0.336785 0
    outer loop
      vertex 71.445 47.045 45
      vertex 71.326 47.3777 49
      vertex 71.326 47.3777 45
    endloop
  endfacet
  facet normal -0.941582 -0.336785 0
    outer loop
      vertex 71.326 47.3777 49
      vertex 71.445 47.045 45
      vertex 71.445 47.045 49
    endloop
  endfacet
  facet normal 0.998801 0.0489636 0
    outer loop
      vertex 64.4173 45.6471 49
      vertex 64.4 46 45
      vertex 64.4 46 49
    endloop
  endfacet
  facet normal 0.998801 0.0489636 0
    outer loop
      vertex 64.4 46 45
      vertex 64.4173 45.6471 49
      vertex 64.4173 45.6471 45
    endloop
  endfacet
  facet normal -0.989147 0.146928 0
    outer loop
      vertex 71.5308 45.2977 45
      vertex 71.5827 45.6471 49
      vertex 71.5827 45.6471 45
    endloop
  endfacet
  facet normal -0.989147 0.146928 0
    outer loop
      vertex 71.5827 45.6471 49
      vertex 71.5308 45.2977 45
      vertex 71.5308 45.2977 49
    endloop
  endfacet
  facet normal 0.671432 0.741066 -0
    outer loop
      vertex 65.7162 43.2172 45
      vertex 65.4544 43.4544 49
      vertex 65.7162 43.2172 49
    endloop
  endfacet
  facet normal 0.671432 0.741066 0
    outer loop
      vertex 65.4544 43.4544 49
      vertex 65.7162 43.2172 45
      vertex 65.4544 43.4544 45
    endloop
  endfacet
  facet normal -0.970059 0.242869 0
    outer loop
      vertex 71.445 44.955 45
      vertex 71.5308 45.2977 49
      vertex 71.5308 45.2977 45
    endloop
  endfacet
  facet normal -0.970059 0.242869 0
    outer loop
      vertex 71.5308 45.2977 49
      vertex 71.445 44.955 45
      vertex 71.445 44.955 49
    endloop
  endfacet
  facet normal -0.671432 -0.741066 0
    outer loop
      vertex 70.2838 48.7828 45
      vertex 70.5456 48.5456 49
      vertex 70.2838 48.7828 49
    endloop
  endfacet
  facet normal -0.671432 -0.741066 -0
    outer loop
      vertex 70.5456 48.5456 49
      vertex 70.2838 48.7828 45
      vertex 70.5456 48.5456 45
    endloop
  endfacet
  facet normal -0.336785 -0.941582 0
    outer loop
      vertex 69.045 49.445 45
      vertex 69.3777 49.326 49
      vertex 69.045 49.445 49
    endloop
  endfacet
  facet normal -0.336785 -0.941582 -0
    outer loop
      vertex 69.3777 49.326 49
      vertex 69.045 49.445 45
      vertex 69.3777 49.326 45
    endloop
  endfacet
  facet normal 0.336785 -0.941582 0
    outer loop
      vertex 66.6223 49.326 45
      vertex 66.955 49.445 49
      vertex 66.6223 49.326 49
    endloop
  endfacet
  facet normal 0.336785 -0.941582 0
    outer loop
      vertex 66.955 49.445 49
      vertex 66.6223 49.326 45
      vertex 66.955 49.445 45
    endloop
  endfacet
  facet normal 0.513955 0.857817 -0
    outer loop
      vertex 66.303 42.8251 45
      vertex 65.9999 43.0067 49
      vertex 66.303 42.8251 49
    endloop
  endfacet
  facet normal 0.513955 0.857817 0
    outer loop
      vertex 65.9999 43.0067 49
      vertex 66.303 42.8251 45
      vertex 65.9999 43.0067 45
    endloop
  endfacet
  facet normal -0.857817 0.513955 0
    outer loop
      vertex 70.9933 43.9999 45
      vertex 71.1749 44.303 49
      vertex 71.1749 44.303 45
    endloop
  endfacet
  facet normal -0.857817 0.513955 0
    outer loop
      vertex 71.1749 44.303 49
      vertex 70.9933 43.9999 45
      vertex 70.9933 43.9999 49
    endloop
  endfacet
  facet normal -0.427746 -0.903899 0
    outer loop
      vertex 69.3777 49.326 45
      vertex 69.697 49.1749 49
      vertex 69.3777 49.326 49
    endloop
  endfacet
  facet normal -0.427746 -0.903899 -0
    outer loop
      vertex 69.697 49.1749 49
      vertex 69.3777 49.326 45
      vertex 69.697 49.1749 45
    endloop
  endfacet
  facet normal 0.146928 0.989147 -0
    outer loop
      vertex 67.6471 42.4173 45
      vertex 67.2977 42.4692 49
      vertex 67.6471 42.4173 49
    endloop
  endfacet
  facet normal 0.146928 0.989147 0
    outer loop
      vertex 67.2977 42.4692 49
      vertex 67.6471 42.4173 45
      vertex 67.2977 42.4692 45
    endloop
  endfacet
  facet normal 0.59587 -0.803081 0
    outer loop
      vertex 65.7162 48.7828 45
      vertex 65.9999 48.9933 49
      vertex 65.7162 48.7828 49
    endloop
  endfacet
  facet normal 0.59587 -0.803081 0
    outer loop
      vertex 65.9999 48.9933 49
      vertex 65.7162 48.7828 45
      vertex 65.9999 48.9933 45
    endloop
  endfacet
  facet normal -0.857817 -0.513955 0
    outer loop
      vertex 71.1749 47.697 45
      vertex 70.9933 48.0001 49
      vertex 70.9933 48.0001 45
    endloop
  endfacet
  facet normal -0.857817 -0.513955 0
    outer loop
      vertex 70.9933 48.0001 49
      vertex 71.1749 47.697 45
      vertex 71.1749 47.697 49
    endloop
  endfacet
  facet normal 0.0489636 -0.998801 0
    outer loop
      vertex 67.6471 49.5827 45
      vertex 68 49.6 49
      vertex 67.6471 49.5827 49
    endloop
  endfacet
  facet normal 0.0489636 -0.998801 0
    outer loop
      vertex 68 49.6 49
      vertex 67.6471 49.5827 45
      vertex 68 49.6 45
    endloop
  endfacet
  facet normal 0.0489636 0.998801 -0
    outer loop
      vertex 68 42.4 45
      vertex 67.6471 42.4173 49
      vertex 68 42.4 49
    endloop
  endfacet
  facet normal 0.0489636 0.998801 0
    outer loop
      vertex 67.6471 42.4173 49
      vertex 68 42.4 45
      vertex 67.6471 42.4173 45
    endloop
  endfacet
  facet normal 0.741066 -0.671432 0
    outer loop
      vertex 65.2172 48.2838 49
      vertex 65.4544 48.5456 45
      vertex 65.4544 48.5456 49
    endloop
  endfacet
  facet normal 0.741066 -0.671432 0
    outer loop
      vertex 65.4544 48.5456 45
      vertex 65.2172 48.2838 49
      vertex 65.2172 48.2838 45
    endloop
  endfacet
  facet normal -0.0489636 0.998801 0
    outer loop
      vertex 68.3529 42.4173 45
      vertex 68 42.4 49
      vertex 68.3529 42.4173 49
    endloop
  endfacet
  facet normal -0.0489636 0.998801 0
    outer loop
      vertex 68 42.4 49
      vertex 68.3529 42.4173 45
      vertex 68 42.4 45
    endloop
  endfacet
  facet normal 0.242869 0.970059 -0
    outer loop
      vertex 67.2977 42.4692 45
      vertex 66.955 42.555 49
      vertex 67.2977 42.4692 49
    endloop
  endfacet
  facet normal 0.242869 0.970059 0
    outer loop
      vertex 66.955 42.555 49
      vertex 67.2977 42.4692 45
      vertex 66.955 42.555 45
    endloop
  endfacet
  facet normal -0.671432 0.741066 0
    outer loop
      vertex 70.5456 43.4544 45
      vertex 70.2838 43.2172 49
      vertex 70.5456 43.4544 49
    endloop
  endfacet
  facet normal -0.671432 0.741066 0
    outer loop
      vertex 70.2838 43.2172 49
      vertex 70.5456 43.4544 45
      vertex 70.2838 43.2172 45
    endloop
  endfacet
  facet normal -0.242869 -0.970059 0
    outer loop
      vertex 68.7023 49.5308 45
      vertex 69.045 49.445 49
      vertex 68.7023 49.5308 49
    endloop
  endfacet
  facet normal -0.242869 -0.970059 -0
    outer loop
      vertex 69.045 49.445 49
      vertex 68.7023 49.5308 45
      vertex 69.045 49.445 45
    endloop
  endfacet
  facet normal 0.970059 0.242869 0
    outer loop
      vertex 64.555 44.955 49
      vertex 64.4692 45.2977 45
      vertex 64.4692 45.2977 49
    endloop
  endfacet
  facet normal 0.970059 0.242869 0
    outer loop
      vertex 64.4692 45.2977 45
      vertex 64.555 44.955 49
      vertex 64.555 44.955 45
    endloop
  endfacet
  facet normal 0.427746 0.903899 -0
    outer loop
      vertex 66.6223 42.674 45
      vertex 66.303 42.8251 49
      vertex 66.6223 42.674 49
    endloop
  endfacet
  facet normal 0.427746 0.903899 0
    outer loop
      vertex 66.303 42.8251 49
      vertex 66.6223 42.674 45
      vertex 66.303 42.8251 45
    endloop
  endfacet
  facet normal 0.741066 0.671432 0
    outer loop
      vertex 65.4544 43.4544 49
      vertex 65.2172 43.7162 45
      vertex 65.2172 43.7162 49
    endloop
  endfacet
  facet normal 0.741066 0.671432 0
    outer loop
      vertex 65.2172 43.7162 45
      vertex 65.4544 43.4544 49
      vertex 65.4544 43.4544 45
    endloop
  endfacet
  facet normal -0.427746 0.903899 0
    outer loop
      vertex 69.697 42.8251 45
      vertex 69.3777 42.674 49
      vertex 69.697 42.8251 49
    endloop
  endfacet
  facet normal -0.427746 0.903899 0
    outer loop
      vertex 69.3777 42.674 49
      vertex 69.697 42.8251 45
      vertex 69.3777 42.674 45
    endloop
  endfacet
  facet normal 0.989147 0.146928 0
    outer loop
      vertex 64.4692 45.2977 49
      vertex 64.4173 45.6471 45
      vertex 64.4173 45.6471 49
    endloop
  endfacet
  facet normal 0.989147 0.146928 0
    outer loop
      vertex 64.4173 45.6471 45
      vertex 64.4692 45.2977 49
      vertex 64.4692 45.2977 45
    endloop
  endfacet
  facet normal -0.741066 -0.671432 0
    outer loop
      vertex 70.7828 48.2838 45
      vertex 70.5456 48.5456 49
      vertex 70.5456 48.5456 45
    endloop
  endfacet
  facet normal -0.741066 -0.671432 0
    outer loop
      vertex 70.5456 48.5456 49
      vertex 70.7828 48.2838 45
      vertex 70.7828 48.2838 49
    endloop
  endfacet
  facet normal -0.59587 0.803081 0
    outer loop
      vertex 70.2838 43.2172 45
      vertex 70.0001 43.0067 49
      vertex 70.2838 43.2172 49
    endloop
  endfacet
  facet normal -0.59587 0.803081 0
    outer loop
      vertex 70.0001 43.0067 49
      vertex 70.2838 43.2172 45
      vertex 70.0001 43.0067 45
    endloop
  endfacet
  facet normal 0.803081 0.59587 0
    outer loop
      vertex 65.2172 43.7162 49
      vertex 65.0067 43.9999 45
      vertex 65.0067 43.9999 49
    endloop
  endfacet
  facet normal 0.803081 0.59587 0
    outer loop
      vertex 65.0067 43.9999 45
      vertex 65.2172 43.7162 49
      vertex 65.2172 43.7162 45
    endloop
  endfacet
  facet normal 0.998801 -0.0489636 0
    outer loop
      vertex 64.4 46 49
      vertex 64.4173 46.3529 45
      vertex 64.4173 46.3529 49
    endloop
  endfacet
  facet normal 0.998801 -0.0489636 0
    outer loop
      vertex 64.4173 46.3529 45
      vertex 64.4 46 49
      vertex 64.4 46 45
    endloop
  endfacet
  facet normal -0.741066 0.671432 0
    outer loop
      vertex 70.5456 43.4544 45
      vertex 70.7828 43.7162 49
      vertex 70.7828 43.7162 45
    endloop
  endfacet
  facet normal -0.741066 0.671432 0
    outer loop
      vertex 70.7828 43.7162 49
      vertex 70.5456 43.4544 45
      vertex 70.5456 43.4544 49
    endloop
  endfacet
  facet normal -0.989147 -0.146928 0
    outer loop
      vertex 71.5827 64.3529 45
      vertex 71.5308 64.7023 49
      vertex 71.5308 64.7023 45
    endloop
  endfacet
  facet normal -0.989147 -0.146928 0
    outer loop
      vertex 71.5308 64.7023 49
      vertex 71.5827 64.3529 45
      vertex 71.5827 64.3529 49
    endloop
  endfacet
  facet normal -0.998801 -0.0489636 0
    outer loop
      vertex 71.6 64 45
      vertex 71.5827 64.3529 49
      vertex 71.5827 64.3529 45
    endloop
  endfacet
  facet normal -0.998801 -0.0489636 0
    outer loop
      vertex 71.5827 64.3529 49
      vertex 71.6 64 45
      vertex 71.6 64 49
    endloop
  endfacet
  facet normal -0.970059 -0.242869 0
    outer loop
      vertex 71.5308 64.7023 45
      vertex 71.445 65.045 49
      vertex 71.445 65.045 45
    endloop
  endfacet
  facet normal -0.970059 -0.242869 0
    outer loop
      vertex 71.445 65.045 49
      vertex 71.5308 64.7023 45
      vertex 71.5308 64.7023 49
    endloop
  endfacet
  facet normal 0.242869 -0.970059 0
    outer loop
      vertex 66.955 67.445 45
      vertex 67.2977 67.5308 49
      vertex 66.955 67.445 49
    endloop
  endfacet
  facet normal 0.242869 -0.970059 0
    outer loop
      vertex 67.2977 67.5308 49
      vertex 66.955 67.445 45
      vertex 67.2977 67.5308 45
    endloop
  endfacet
  facet normal 0.903899 0.427746 0
    outer loop
      vertex 64.8251 62.303 49
      vertex 64.674 62.6223 45
      vertex 64.674 62.6223 49
    endloop
  endfacet
  facet normal 0.903899 0.427746 0
    outer loop
      vertex 64.674 62.6223 45
      vertex 64.8251 62.303 49
      vertex 64.8251 62.303 45
    endloop
  endfacet
  facet normal -0.513955 -0.857817 0
    outer loop
      vertex 69.697 67.1749 45
      vertex 70.0001 66.9933 49
      vertex 69.697 67.1749 49
    endloop
  endfacet
  facet normal -0.513955 -0.857817 -0
    outer loop
      vertex 70.0001 66.9933 49
      vertex 69.697 67.1749 45
      vertex 70.0001 66.9933 45
    endloop
  endfacet
  facet normal -0.513955 0.857817 0
    outer loop
      vertex 70.0001 61.0067 45
      vertex 69.697 60.8251 49
      vertex 70.0001 61.0067 49
    endloop
  endfacet
  facet normal -0.513955 0.857817 0
    outer loop
      vertex 69.697 60.8251 49
      vertex 70.0001 61.0067 45
      vertex 69.697 60.8251 45
    endloop
  endfacet
  facet normal -0.336785 0.941582 0
    outer loop
      vertex 69.3777 60.674 45
      vertex 69.045 60.555 49
      vertex 69.3777 60.674 49
    endloop
  endfacet
  facet normal -0.336785 0.941582 0
    outer loop
      vertex 69.045 60.555 49
      vertex 69.3777 60.674 45
      vertex 69.045 60.555 45
    endloop
  endfacet
  facet normal 0.970059 -0.242869 0
    outer loop
      vertex 64.4692 64.7023 49
      vertex 64.555 65.045 45
      vertex 64.555 65.045 49
    endloop
  endfacet
  facet normal 0.970059 -0.242869 0
    outer loop
      vertex 64.555 65.045 45
      vertex 64.4692 64.7023 49
      vertex 64.4692 64.7023 45
    endloop
  endfacet
  facet normal 0.671432 -0.741066 0
    outer loop
      vertex 65.4544 66.5456 45
      vertex 65.7162 66.7828 49
      vertex 65.4544 66.5456 49
    endloop
  endfacet
  facet normal 0.671432 -0.741066 0
    outer loop
      vertex 65.7162 66.7828 49
      vertex 65.4544 66.5456 45
      vertex 65.7162 66.7828 45
    endloop
  endfacet
  facet normal 0.513955 -0.857817 0
    outer loop
      vertex 65.9999 66.9933 45
      vertex 66.303 67.1749 49
      vertex 65.9999 66.9933 49
    endloop
  endfacet
  facet normal 0.513955 -0.857817 0
    outer loop
      vertex 66.303 67.1749 49
      vertex 65.9999 66.9933 45
      vertex 66.303 67.1749 45
    endloop
  endfacet
  facet normal -0.146928 0.989147 0
    outer loop
      vertex 68.7023 60.4692 45
      vertex 68.3529 60.4173 49
      vertex 68.7023 60.4692 49
    endloop
  endfacet
  facet normal -0.146928 0.989147 0
    outer loop
      vertex 68.3529 60.4173 49
      vertex 68.7023 60.4692 45
      vertex 68.3529 60.4173 45
    endloop
  endfacet
  facet normal 0.803081 -0.59587 0
    outer loop
      vertex 65.0067 66.0001 49
      vertex 65.2172 66.2838 45
      vertex 65.2172 66.2838 49
    endloop
  endfacet
  facet normal 0.803081 -0.59587 0
    outer loop
      vertex 65.2172 66.2838 45
      vertex 65.0067 66.0001 49
      vertex 65.0067 66.0001 45
    endloop
  endfacet
  facet normal -0.903899 -0.427746 0
    outer loop
      vertex 71.326 65.3777 45
      vertex 71.1749 65.697 49
      vertex 71.1749 65.697 45
    endloop
  endfacet
  facet normal -0.903899 -0.427746 0
    outer loop
      vertex 71.1749 65.697 49
      vertex 71.326 65.3777 45
      vertex 71.326 65.3777 49
    endloop
  endfacet
  facet normal 0.941582 -0.336785 0
    outer loop
      vertex 64.555 65.045 49
      vertex 64.674 65.3777 45
      vertex 64.674 65.3777 49
    endloop
  endfacet
  facet normal 0.941582 -0.336785 0
    outer loop
      vertex 64.674 65.3777 45
      vertex 64.555 65.045 49
      vertex 64.555 65.045 45
    endloop
  endfacet
  facet normal 0.336785 0.941582 -0
    outer loop
      vertex 66.955 60.555 45
      vertex 66.6223 60.674 49
      vertex 66.955 60.555 49
    endloop
  endfacet
  facet normal 0.336785 0.941582 0
    outer loop
      vertex 66.6223 60.674 49
      vertex 66.955 60.555 45
      vertex 66.6223 60.674 45
    endloop
  endfacet
  facet normal -0.59587 -0.803081 0
    outer loop
      vertex 70.0001 66.9933 45
      vertex 70.2838 66.7828 49
      vertex 70.0001 66.9933 49
    endloop
  endfacet
  facet normal -0.59587 -0.803081 -0
    outer loop
      vertex 70.2838 66.7828 49
      vertex 70.0001 66.9933 45
      vertex 70.2838 66.7828 45
    endloop
  endfacet
  facet normal 0.903899 -0.427746 0
    outer loop
      vertex 64.674 65.3777 49
      vertex 64.8251 65.697 45
      vertex 64.8251 65.697 49
    endloop
  endfacet
  facet normal 0.903899 -0.427746 0
    outer loop
      vertex 64.8251 65.697 45
      vertex 64.674 65.3777 49
      vertex 64.674 65.3777 45
    endloop
  endfacet
  facet normal -0.803081 0.59587 0
    outer loop
      vertex 70.7828 61.7162 45
      vertex 70.9933 61.9999 49
      vertex 70.9933 61.9999 45
    endloop
  endfacet
  facet normal -0.803081 0.59587 0
    outer loop
      vertex 70.9933 61.9999 49
      vertex 70.7828 61.7162 45
      vertex 70.7828 61.7162 49
    endloop
  endfacet
  facet normal -0.146928 -0.989147 0
    outer loop
      vertex 68.3529 67.5827 45
      vertex 68.7023 67.5308 49
      vertex 68.3529 67.5827 49
    endloop
  endfacet
  facet normal -0.146928 -0.989147 -0
    outer loop
      vertex 68.7023 67.5308 49
      vertex 68.3529 67.5827 45
      vertex 68.7023 67.5308 45
    endloop
  endfacet
  facet normal 0.989147 -0.146928 0
    outer loop
      vertex 64.4173 64.3529 49
      vertex 64.4692 64.7023 45
      vertex 64.4692 64.7023 49
    endloop
  endfacet
  facet normal 0.989147 -0.146928 0
    outer loop
      vertex 64.4692 64.7023 45
      vertex 64.4173 64.3529 49
      vertex 64.4173 64.3529 45
    endloop
  endfacet
  facet normal -0.803081 -0.59587 0
    outer loop
      vertex 70.9933 66.0001 45
      vertex 70.7828 66.2838 49
      vertex 70.7828 66.2838 45
    endloop
  endfacet
  facet normal -0.803081 -0.59587 0
    outer loop
      vertex 70.7828 66.2838 49
      vertex 70.9933 66.0001 45
      vertex 70.9933 66.0001 49
    endloop
  endfacet
  facet normal -0.0489636 -0.998801 0
    outer loop
      vertex 68 67.6 45
      vertex 68.3529 67.5827 49
      vertex 68 67.6 49
    endloop
  endfacet
  facet normal -0.0489636 -0.998801 -0
    outer loop
      vertex 68.3529 67.5827 49
      vertex 68 67.6 45
      vertex 68.3529 67.5827 45
    endloop
  endfacet
  facet normal 0.857817 0.513955 0
    outer loop
      vertex 65.0067 61.9999 49
      vertex 64.8251 62.303 45
      vertex 64.8251 62.303 49
    endloop
  endfacet
  facet normal 0.857817 0.513955 0
    outer loop
      vertex 64.8251 62.303 45
      vertex 65.0067 61.9999 49
      vertex 65.0067 61.9999 45
    endloop
  endfacet
  facet normal 0.941582 0.336785 0
    outer loop
      vertex 64.674 62.6223 49
      vertex 64.555 62.955 45
      vertex 64.555 62.955 49
    endloop
  endfacet
  facet normal 0.941582 0.336785 0
    outer loop
      vertex 64.555 62.955 45
      vertex 64.674 62.6223 49
      vertex 64.674 62.6223 45
    endloop
  endfacet
  facet normal 0.427746 -0.903899 0
    outer loop
      vertex 66.303 67.1749 45
      vertex 66.6223 67.326 49
      vertex 66.303 67.1749 49
    endloop
  endfacet
  facet normal 0.427746 -0.903899 0
    outer loop
      vertex 66.6223 67.326 49
      vertex 66.303 67.1749 45
      vertex 66.6223 67.326 45
    endloop
  endfacet
  facet normal -0.903899 0.427746 0
    outer loop
      vertex 71.1749 62.303 45
      vertex 71.326 62.6223 49
      vertex 71.326 62.6223 45
    endloop
  endfacet
  facet normal -0.903899 0.427746 0
    outer loop
      vertex 71.326 62.6223 49
      vertex 71.1749 62.303 45
      vertex 71.1749 62.303 49
    endloop
  endfacet
  facet normal 0.59587 0.803081 -0
    outer loop
      vertex 65.9999 61.0067 45
      vertex 65.7162 61.2172 49
      vertex 65.9999 61.0067 49
    endloop
  endfacet
  facet normal 0.59587 0.803081 0
    outer loop
      vertex 65.7162 61.2172 49
      vertex 65.9999 61.0067 45
      vertex 65.7162 61.2172 45
    endloop
  endfacet
  facet normal 0.857817 -0.513955 0
    outer loop
      vertex 64.8251 65.697 49
      vertex 65.0067 66.0001 45
      vertex 65.0067 66.0001 49
    endloop
  endfacet
  facet normal 0.857817 -0.513955 0
    outer loop
      vertex 65.0067 66.0001 45
      vertex 64.8251 65.697 49
      vertex 64.8251 65.697 45
    endloop
  endfacet
  facet normal -0.998801 0.0489636 0
    outer loop
      vertex 71.5827 63.6471 45
      vertex 71.6 64 49
      vertex 71.6 64 45
    endloop
  endfacet
  facet normal -0.998801 0.0489636 0
    outer loop
      vertex 71.6 64 49
      vertex 71.5827 63.6471 45
      vertex 71.5827 63.6471 49
    endloop
  endfacet
  facet normal -0.941582 0.336785 0
    outer loop
      vertex 71.326 62.6223 45
      vertex 71.445 62.955 49
      vertex 71.445 62.955 45
    endloop
  endfacet
  facet normal -0.941582 0.336785 0
    outer loop
      vertex 71.445 62.955 49
      vertex 71.326 62.6223 45
      vertex 71.326 62.6223 49
    endloop
  endfacet
  facet normal -0.242869 0.970059 0
    outer loop
      vertex 69.045 60.555 45
      vertex 68.7023 60.4692 49
      vertex 69.045 60.555 49
    endloop
  endfacet
  facet normal -0.242869 0.970059 0
    outer loop
      vertex 68.7023 60.4692 49
      vertex 69.045 60.555 45
      vertex 68.7023 60.4692 45
    endloop
  endfacet
  facet normal -0.941582 -0.336785 0
    outer loop
      vertex 71.445 65.045 45
      vertex 71.326 65.3777 49
      vertex 71.326 65.3777 45
    endloop
  endfacet
  facet normal -0.941582 -0.336785 0
    outer loop
      vertex 71.326 65.3777 49
      vertex 71.445 65.045 45
      vertex 71.445 65.045 49
    endloop
  endfacet
  facet normal 0.998801 0.0489636 0
    outer loop
      vertex 64.4173 63.6471 49
      vertex 64.4 64 45
      vertex 64.4 64 49
    endloop
  endfacet
  facet normal 0.998801 0.0489636 0
    outer loop
      vertex 64.4 64 45
      vertex 64.4173 63.6471 49
      vertex 64.4173 63.6471 45
    endloop
  endfacet
  facet normal -0.989147 0.146928 0
    outer loop
      vertex 71.5308 63.2977 45
      vertex 71.5827 63.6471 49
      vertex 71.5827 63.6471 45
    endloop
  endfacet
  facet normal -0.989147 0.146928 0
    outer loop
      vertex 71.5827 63.6471 49
      vertex 71.5308 63.2977 45
      vertex 71.5308 63.2977 49
    endloop
  endfacet
  facet normal -0.970059 0.242869 0
    outer loop
      vertex 71.445 62.955 45
      vertex 71.5308 63.2977 49
      vertex 71.5308 63.2977 45
    endloop
  endfacet
  facet normal -0.970059 0.242869 0
    outer loop
      vertex 71.5308 63.2977 49
      vertex 71.445 62.955 45
      vertex 71.445 62.955 49
    endloop
  endfacet
  facet normal -0.671432 -0.741066 0
    outer loop
      vertex 70.2838 66.7828 45
      vertex 70.5456 66.5456 49
      vertex 70.2838 66.7828 49
    endloop
  endfacet
  facet normal -0.671432 -0.741066 -0
    outer loop
      vertex 70.5456 66.5456 49
      vertex 70.2838 66.7828 45
      vertex 70.5456 66.5456 45
    endloop
  endfacet
  facet normal -0.336785 -0.941582 0
    outer loop
      vertex 69.045 67.445 45
      vertex 69.3777 67.326 49
      vertex 69.045 67.445 49
    endloop
  endfacet
  facet normal -0.336785 -0.941582 -0
    outer loop
      vertex 69.3777 67.326 49
      vertex 69.045 67.445 45
      vertex 69.3777 67.326 45
    endloop
  endfacet
  facet normal 0.336785 -0.941582 0
    outer loop
      vertex 66.6223 67.326 45
      vertex 66.955 67.445 49
      vertex 66.6223 67.326 49
    endloop
  endfacet
  facet normal 0.336785 -0.941582 0
    outer loop
      vertex 66.955 67.445 49
      vertex 66.6223 67.326 45
      vertex 66.955 67.445 45
    endloop
  endfacet
  facet normal 0.513955 0.857817 -0
    outer loop
      vertex 66.303 60.8251 45
      vertex 65.9999 61.0067 49
      vertex 66.303 60.8251 49
    endloop
  endfacet
  facet normal 0.513955 0.857817 0
    outer loop
      vertex 65.9999 61.0067 49
      vertex 66.303 60.8251 45
      vertex 65.9999 61.0067 45
    endloop
  endfacet
  facet normal -0.857817 0.513955 0
    outer loop
      vertex 70.9933 61.9999 45
      vertex 71.1749 62.303 49
      vertex 71.1749 62.303 45
    endloop
  endfacet
  facet normal -0.857817 0.513955 0
    outer loop
      vertex 71.1749 62.303 49
      vertex 70.9933 61.9999 45
      vertex 70.9933 61.9999 49
    endloop
  endfacet
  facet normal -0.427746 -0.903899 0
    outer loop
      vertex 69.3777 67.326 45
      vertex 69.697 67.1749 49
      vertex 69.3777 67.326 49
    endloop
  endfacet
  facet normal -0.427746 -0.903899 -0
    outer loop
      vertex 69.697 67.1749 49
      vertex 69.3777 67.326 45
      vertex 69.697 67.1749 45
    endloop
  endfacet
  facet normal 0.146928 0.989147 -0
    outer loop
      vertex 67.6471 60.4173 45
      vertex 67.2977 60.4692 49
      vertex 67.6471 60.4173 49
    endloop
  endfacet
  facet normal 0.146928 0.989147 0
    outer loop
      vertex 67.2977 60.4692 49
      vertex 67.6471 60.4173 45
      vertex 67.2977 60.4692 45
    endloop
  endfacet
  facet normal 0.59587 -0.803081 0
    outer loop
      vertex 65.7162 66.7828 45
      vertex 65.9999 66.9933 49
      vertex 65.7162 66.7828 49
    endloop
  endfacet
  facet normal 0.59587 -0.803081 0
    outer loop
      vertex 65.9999 66.9933 49
      vertex 65.7162 66.7828 45
      vertex 65.9999 66.9933 45
    endloop
  endfacet
  facet normal -0.857817 -0.513955 0
    outer loop
      vertex 71.1749 65.697 45
      vertex 70.9933 66.0001 49
      vertex 70.9933 66.0001 45
    endloop
  endfacet
  facet normal -0.857817 -0.513955 0
    outer loop
      vertex 70.9933 66.0001 49
      vertex 71.1749 65.697 45
      vertex 71.1749 65.697 49
    endloop
  endfacet
  facet normal 0.0489636 0.998801 -0
    outer loop
      vertex 68 60.4 45
      vertex 67.6471 60.4173 49
      vertex 68 60.4 49
    endloop
  endfacet
  facet normal 0.0489636 0.998801 0
    outer loop
      vertex 67.6471 60.4173 49
      vertex 68 60.4 45
      vertex 67.6471 60.4173 45
    endloop
  endfacet
  facet normal 0.741066 -0.671432 0
    outer loop
      vertex 65.2172 66.2838 49
      vertex 65.4544 66.5456 45
      vertex 65.4544 66.5456 49
    endloop
  endfacet
  facet normal 0.741066 -0.671432 0
    outer loop
      vertex 65.4544 66.5456 45
      vertex 65.2172 66.2838 49
      vertex 65.2172 66.2838 45
    endloop
  endfacet
  facet normal -0.0489636 0.998801 0
    outer loop
      vertex 68.3529 60.4173 45
      vertex 68 60.4 49
      vertex 68.3529 60.4173 49
    endloop
  endfacet
  facet normal -0.0489636 0.998801 0
    outer loop
      vertex 68 60.4 49
      vertex 68.3529 60.4173 45
      vertex 68 60.4 45
    endloop
  endfacet
  facet normal 0.146928 -0.989147 0
    outer loop
      vertex 67.2977 67.5308 45
      vertex 67.6471 67.5827 49
      vertex 67.2977 67.5308 49
    endloop
  endfacet
  facet normal 0.146928 -0.989147 0
    outer loop
      vertex 67.6471 67.5827 49
      vertex 67.2977 67.5308 45
      vertex 67.6471 67.5827 45
    endloop
  endfacet
  facet normal 0.242869 0.970059 -0
    outer loop
      vertex 67.2977 60.4692 45
      vertex 66.955 60.555 49
      vertex 67.2977 60.4692 49
    endloop
  endfacet
  facet normal 0.242869 0.970059 0
    outer loop
      vertex 66.955 60.555 49
      vertex 67.2977 60.4692 45
      vertex 66.955 60.555 45
    endloop
  endfacet
  facet normal -0.671432 0.741066 0
    outer loop
      vertex 70.5456 61.4544 45
      vertex 70.2838 61.2172 49
      vertex 70.5456 61.4544 49
    endloop
  endfacet
  facet normal -0.671432 0.741066 0
    outer loop
      vertex 70.2838 61.2172 49
      vertex 70.5456 61.4544 45
      vertex 70.2838 61.2172 45
    endloop
  endfacet
  facet normal 0.671432 0.741066 -0
    outer loop
      vertex 65.7162 61.2172 45
      vertex 65.4544 61.4544 49
      vertex 65.7162 61.2172 49
    endloop
  endfacet
  facet normal 0.671432 0.741066 0
    outer loop
      vertex 65.4544 61.4544 49
      vertex 65.7162 61.2172 45
      vertex 65.4544 61.4544 45
    endloop
  endfacet
  facet normal -0.242869 -0.970059 0
    outer loop
      vertex 68.7023 67.5308 45
      vertex 69.045 67.445 49
      vertex 68.7023 67.5308 49
    endloop
  endfacet
  facet normal -0.242869 -0.970059 -0
    outer loop
      vertex 69.045 67.445 49
      vertex 68.7023 67.5308 45
      vertex 69.045 67.445 45
    endloop
  endfacet
  facet normal 0.970059 0.242869 0
    outer loop
      vertex 64.555 62.955 49
      vertex 64.4692 63.2977 45
      vertex 64.4692 63.2977 49
    endloop
  endfacet
  facet normal 0.970059 0.242869 0
    outer loop
      vertex 64.4692 63.2977 45
      vertex 64.555 62.955 49
      vertex 64.555 62.955 45
    endloop
  endfacet
  facet normal 0.427746 0.903899 -0
    outer loop
      vertex 66.6223 60.674 45
      vertex 66.303 60.8251 49
      vertex 66.6223 60.674 49
    endloop
  endfacet
  facet normal 0.427746 0.903899 0
    outer loop
      vertex 66.303 60.8251 49
      vertex 66.6223 60.674 45
      vertex 66.303 60.8251 45
    endloop
  endfacet
  facet normal 0.741066 0.671432 0
    outer loop
      vertex 65.4544 61.4544 49
      vertex 65.2172 61.7162 45
      vertex 65.2172 61.7162 49
    endloop
  endfacet
  facet normal 0.741066 0.671432 0
    outer loop
      vertex 65.2172 61.7162 45
      vertex 65.4544 61.4544 49
      vertex 65.4544 61.4544 45
    endloop
  endfacet
  facet normal -0.427746 0.903899 0
    outer loop
      vertex 69.697 60.8251 45
      vertex 69.3777 60.674 49
      vertex 69.697 60.8251 49
    endloop
  endfacet
  facet normal -0.427746 0.903899 0
    outer loop
      vertex 69.3777 60.674 49
      vertex 69.697 60.8251 45
      vertex 69.3777 60.674 45
    endloop
  endfacet
  facet normal 0.0489636 -0.998801 0
    outer loop
      vertex 67.6471 67.5827 45
      vertex 68 67.6 49
      vertex 67.6471 67.5827 49
    endloop
  endfacet
  facet normal 0.0489636 -0.998801 0
    outer loop
      vertex 68 67.6 49
      vertex 67.6471 67.5827 45
      vertex 68 67.6 45
    endloop
  endfacet
  facet normal 0.989147 0.146928 0
    outer loop
      vertex 64.4692 63.2977 49
      vertex 64.4173 63.6471 45
      vertex 64.4173 63.6471 49
    endloop
  endfacet
  facet normal 0.989147 0.146928 0
    outer loop
      vertex 64.4173 63.6471 45
      vertex 64.4692 63.2977 49
      vertex 64.4692 63.2977 45
    endloop
  endfacet
  facet normal -0.741066 -0.671432 0
    outer loop
      vertex 70.7828 66.2838 45
      vertex 70.5456 66.5456 49
      vertex 70.5456 66.5456 45
    endloop
  endfacet
  facet normal -0.741066 -0.671432 0
    outer loop
      vertex 70.5456 66.5456 49
      vertex 70.7828 66.2838 45
      vertex 70.7828 66.2838 49
    endloop
  endfacet
  facet normal -0.59587 0.803081 0
    outer loop
      vertex 70.2838 61.2172 45
      vertex 70.0001 61.0067 49
      vertex 70.2838 61.2172 49
    endloop
  endfacet
  facet normal -0.59587 0.803081 0
    outer loop
      vertex 70.0001 61.0067 49
      vertex 70.2838 61.2172 45
      vertex 70.0001 61.0067 45
    endloop
  endfacet
  facet normal 0.803081 0.59587 0
    outer loop
      vertex 65.2172 61.7162 49
      vertex 65.0067 61.9999 45
      vertex 65.0067 61.9999 49
    endloop
  endfacet
  facet normal 0.803081 0.59587 0
    outer loop
      vertex 65.0067 61.9999 45
      vertex 65.2172 61.7162 49
      vertex 65.2172 61.7162 45
    endloop
  endfacet
  facet normal 0.998801 -0.0489636 0
    outer loop
      vertex 64.4 64 49
      vertex 64.4173 64.3529 45
      vertex 64.4173 64.3529 49
    endloop
  endfacet
  facet normal 0.998801 -0.0489636 0
    outer loop
      vertex 64.4173 64.3529 45
      vertex 64.4 64 49
      vertex 64.4 64 45
    endloop
  endfacet
  facet normal -0.741066 0.671432 0
    outer loop
      vertex 70.5456 61.4544 45
      vertex 70.7828 61.7162 49
      vertex 70.7828 61.7162 45
    endloop
  endfacet
  facet normal -0.741066 0.671432 0
    outer loop
      vertex 70.7828 61.7162 49
      vertex 70.5456 61.4544 45
      vertex 70.5456 61.4544 49
    endloop
  endfacet
  facet normal -0.14673 -0.989177 0
    outer loop
      vertex 12.2548 5.83748 45
      vertex 12.5072 5.80004 47.98
      vertex 12.2548 5.83748 47.98
    endloop
  endfacet
  facet normal -0.14673 -0.989177 -0
    outer loop
      vertex 12.5072 5.80004 47.98
      vertex 12.2548 5.83748 45
      vertex 12.5072 5.80004 45
    endloop
  endfacet
  facet normal -0.336783 -0.941582 0
    outer loop
      vertex 12.7547 5.73804 45
      vertex 12.995 5.65209 47.98
      vertex 12.7547 5.73804 47.98
    endloop
  endfacet
  facet normal -0.336783 -0.941582 -0
    outer loop
      vertex 12.995 5.65209 47.98
      vertex 12.7547 5.73804 45
      vertex 12.995 5.65209 45
    endloop
  endfacet
  facet normal -0.989142 -0.146966 0
    outer loop
      vertex 14.5875 3.50484 45
      vertex 14.55 3.75723 47.98
      vertex 14.55 3.75723 45
    endloop
  endfacet
  facet normal -0.989142 -0.146966 0
    outer loop
      vertex 14.55 3.75723 47.98
      vertex 14.5875 3.50484 45
      vertex 14.5875 3.50484 47.98
    endloop
  endfacet
  facet normal -0.998799 -0.0489915 0
    outer loop
      vertex 14.6 3.25 45
      vertex 14.5875 3.50484 47.98
      vertex 14.5875 3.50484 45
    endloop
  endfacet
  facet normal -0.998799 -0.0489915 0
    outer loop
      vertex 14.5875 3.50484 47.98
      vertex 14.6 3.25 45
      vertex 14.6 3.25 47.98
    endloop
  endfacet
  facet normal -0.970029 -0.242987 0
    outer loop
      vertex 14.55 3.75723 45
      vertex 14.488 4.00474 47.98
      vertex 14.488 4.00474 45
    endloop
  endfacet
  facet normal -0.970029 -0.242987 0
    outer loop
      vertex 14.488 4.00474 47.98
      vertex 14.55 3.75723 45
      vertex 14.55 3.75723 47.98
    endloop
  endfacet
  facet normal 0.595765 -0.803159 0
    outer loop
      vertex 10.3506 5.25983 45
      vertex 10.5555 5.41182 47.98
      vertex 10.3506 5.25983 47.98
    endloop
  endfacet
  facet normal 0.595765 -0.803159 0
    outer loop
      vertex 10.5555 5.41182 47.98
      vertex 10.3506 5.25983 45
      vertex 10.5555 5.41182 45
    endloop
  endfacet
  facet normal -0.741056 -0.671443 0
    outer loop
      vertex 14.0098 4.89942 45
      vertex 13.8385 5.08848 47.98
      vertex 13.8385 5.08848 45
    endloop
  endfacet
  facet normal -0.741056 -0.671443 0
    outer loop
      vertex 13.8385 5.08848 47.98
      vertex 14.0098 4.89942 45
      vertex 14.0098 4.89942 47.98
    endloop
  endfacet
  facet normal -0.803196 -0.595715 0
    outer loop
      vertex 14.1618 4.69448 45
      vertex 14.0098 4.89942 47.98
      vertex 14.0098 4.89942 45
    endloop
  endfacet
  facet normal -0.803196 -0.595715 0
    outer loop
      vertex 14.0098 4.89942 47.98
      vertex 14.1618 4.69448 45
      vertex 14.1618 4.69448 47.98
    endloop
  endfacet
  facet normal 0.941543 -0.336892 0
    outer loop
      vertex 9.51195 4.00474 47.98
      vertex 9.59791 4.24498 45
      vertex 9.59791 4.24498 47.98
    endloop
  endfacet
  facet normal 0.941543 -0.336892 0
    outer loop
      vertex 9.59791 4.24498 45
      vertex 9.51195 4.00474 47.98
      vertex 9.51195 4.00474 45
    endloop
  endfacet
  facet normal -0.998799 0.0489915 0
    outer loop
      vertex 14.5875 2.99516 45
      vertex 14.6 3.25 47.98
      vertex 14.6 3.25 45
    endloop
  endfacet
  facet normal -0.998799 0.0489915 0
    outer loop
      vertex 14.6 3.25 47.98
      vertex 14.5875 2.99516 45
      vertex 14.5875 2.99516 47.98
    endloop
  endfacet
  facet normal -0.242997 -0.970027 0
    outer loop
      vertex 12.5072 5.80004 45
      vertex 12.7547 5.73804 47.98
      vertex 12.5072 5.80004 47.98
    endloop
  endfacet
  facet normal -0.242997 -0.970027 -0
    outer loop
      vertex 12.7547 5.73804 47.98
      vertex 12.5072 5.80004 45
      vertex 12.7547 5.73804 45
    endloop
  endfacet
  facet normal -0.51402 0.857778 0
    outer loop
      vertex 13.4445 1.08818 45
      vertex 13.2256 0.957005 47.98
      vertex 13.4445 1.08818 47.98
    endloop
  endfacet
  facet normal -0.51402 0.857778 0
    outer loop
      vertex 13.2256 0.957005 47.98
      vertex 13.4445 1.08818 45
      vertex 13.2256 0.957005 45
    endloop
  endfacet
  facet normal -0.941618 -0.336684 0
    outer loop
      vertex 14.488 4.00474 45
      vertex 14.4021 4.24498 47.98
      vertex 14.4021 4.24498 45
    endloop
  endfacet
  facet normal -0.941618 -0.336684 0
    outer loop
      vertex 14.4021 4.24498 47.98
      vertex 14.488 4.00474 45
      vertex 14.488 4.00474 47.98
    endloop
  endfacet
  facet normal -0.803196 0.595715 0
    outer loop
      vertex 14.0098 1.60058 45
      vertex 14.1618 1.80552 47.98
      vertex 14.1618 1.80552 45
    endloop
  endfacet
  facet normal -0.803196 0.595715 0
    outer loop
      vertex 14.1618 1.80552 47.98
      vertex 14.0098 1.60058 45
      vertex 14.0098 1.60058 47.98
    endloop
  endfacet
  facet normal 0.242997 -0.970027 0
    outer loop
      vertex 11.2453 5.73804 45
      vertex 11.4928 5.80004 47.98
      vertex 11.2453 5.73804 47.98
    endloop
  endfacet
  facet normal 0.242997 -0.970027 0
    outer loop
      vertex 11.4928 5.80004 47.98
      vertex 11.2453 5.73804 45
      vertex 11.4928 5.80004 45
    endloop
  endfacet
  facet normal -0.514006 -0.857787 0
    outer loop
      vertex 13.2256 5.54299 45
      vertex 13.4445 5.41182 47.98
      vertex 13.2256 5.54299 47.98
    endloop
  endfacet
  facet normal -0.514006 -0.857787 -0
    outer loop
      vertex 13.4445 5.41182 47.98
      vertex 13.2256 5.54299 45
      vertex 13.4445 5.41182 45
    endloop
  endfacet
  facet normal 0.51402 0.857778 -0
    outer loop
      vertex 10.7744 0.957005 45
      vertex 10.5555 1.08818 47.98
      vertex 10.7744 0.957005 47.98
    endloop
  endfacet
  facet normal 0.51402 0.857778 0
    outer loop
      vertex 10.5555 1.08818 47.98
      vertex 10.7744 0.957005 45
      vertex 10.5555 1.08818 45
    endloop
  endfacet
  facet normal -0.595765 -0.803159 0
    outer loop
      vertex 13.4445 5.41182 45
      vertex 13.6494 5.25983 47.98
      vertex 13.4445 5.41182 47.98
    endloop
  endfacet
  facet normal -0.595765 -0.803159 -0
    outer loop
      vertex 13.6494 5.25983 47.98
      vertex 13.4445 5.41182 45
      vertex 13.6494 5.25983 45
    endloop
  endfacet
  facet normal -0.970027 0.242997 0
    outer loop
      vertex 14.488 2.49526 45
      vertex 14.55 2.74276 47.98
      vertex 14.55 2.74276 45
    endloop
  endfacet
  facet normal -0.970027 0.242997 0
    outer loop
      vertex 14.55 2.74276 47.98
      vertex 14.488 2.49526 45
      vertex 14.488 2.49526 47.98
    endloop
  endfacet
  facet normal -0.146727 0.989177 0
    outer loop
      vertex 12.5072 0.699958 45
      vertex 12.2548 0.662519 47.98
      vertex 12.5072 0.699958 47.98
    endloop
  endfacet
  facet normal -0.146727 0.989177 0
    outer loop
      vertex 12.2548 0.662519 47.98
      vertex 12.5072 0.699958 45
      vertex 12.2548 0.662519 45
    endloop
  endfacet
  facet normal 0.903988 -0.427557 0
    outer loop
      vertex 9.59791 4.24498 47.98
      vertex 9.707 4.47563 45
      vertex 9.707 4.47563 47.98
    endloop
  endfacet
  facet normal 0.903988 -0.427557 0
    outer loop
      vertex 9.707 4.47563 45
      vertex 9.59791 4.24498 47.98
      vertex 9.59791 4.24498 45
    endloop
  endfacet
  facet normal 0.146727 0.989177 -0
    outer loop
      vertex 11.7452 0.662519 45
      vertex 11.4928 0.699958 47.98
      vertex 11.7452 0.662519 47.98
    endloop
  endfacet
  facet normal 0.146727 0.989177 0
    outer loop
      vertex 11.4928 0.699958 47.98
      vertex 11.7452 0.662519 45
      vertex 11.4928 0.699958 45
    endloop
  endfacet
  facet normal 0.514006 -0.857787 0
    outer loop
      vertex 10.5555 5.41182 45
      vertex 10.7744 5.54299 47.98
      vertex 10.5555 5.41182 47.98
    endloop
  endfacet
  facet normal 0.514006 -0.857787 0
    outer loop
      vertex 10.7744 5.54299 47.98
      vertex 10.5555 5.41182 45
      vertex 10.7744 5.54299 45
    endloop
  endfacet
  facet normal -0.903973 0.427589 0
    outer loop
      vertex 14.293 2.02437 45
      vertex 14.4021 2.25502 47.98
      vertex 14.4021 2.25502 45
    endloop
  endfacet
  facet normal -0.903973 0.427589 0
    outer loop
      vertex 14.4021 2.25502 47.98
      vertex 14.293 2.02437 45
      vertex 14.293 2.02437 47.98
    endloop
  endfacet
  facet normal 0.671472 -0.74103 0
    outer loop
      vertex 10.1615 5.08848 45
      vertex 10.3506 5.25983 47.98
      vertex 10.1615 5.08848 47.98
    endloop
  endfacet
  facet normal 0.671472 -0.74103 0
    outer loop
      vertex 10.3506 5.25983 47.98
      vertex 10.1615 5.08848 45
      vertex 10.3506 5.25983 45
    endloop
  endfacet
  facet normal -0.903973 -0.427589 0
    outer loop
      vertex 14.4021 4.24498 45
      vertex 14.293 4.47563 47.98
      vertex 14.293 4.47563 45
    endloop
  endfacet
  facet normal -0.903973 -0.427589 0
    outer loop
      vertex 14.293 4.47563 47.98
      vertex 14.4021 4.24498 45
      vertex 14.4021 4.24498 47.98
    endloop
  endfacet
  facet normal 0.970036 0.24296 0
    outer loop
      vertex 9.51195 2.49526 47.98
      vertex 9.44996 2.74276 45
      vertex 9.44996 2.74276 47.98
    endloop
  endfacet
  facet normal 0.970036 0.24296 0
    outer loop
      vertex 9.44996 2.74276 45
      vertex 9.51195 2.49526 47.98
      vertex 9.51195 2.49526 45
    endloop
  endfacet
  facet normal -0.0490735 0.998795 0
    outer loop
      vertex 12.2548 0.662519 45
      vertex 12 0.65 47.98
      vertex 12.2548 0.662519 47.98
    endloop
  endfacet
  facet normal -0.0490735 0.998795 0
    outer loop
      vertex 12 0.65 47.98
      vertex 12.2548 0.662519 45
      vertex 12 0.65 45
    endloop
  endfacet
  facet normal -0.427639 0.903949 0
    outer loop
      vertex 13.2256 0.957005 45
      vertex 12.995 0.847913 47.98
      vertex 13.2256 0.957005 47.98
    endloop
  endfacet
  facet normal -0.427639 0.903949 0
    outer loop
      vertex 12.995 0.847913 47.98
      vertex 13.2256 0.957005 45
      vertex 12.995 0.847913 45
    endloop
  endfacet
  facet normal -0.427665 -0.903937 0
    outer loop
      vertex 12.995 5.65209 45
      vertex 13.2256 5.54299 47.98
      vertex 12.995 5.65209 47.98
    endloop
  endfacet
  facet normal -0.427665 -0.903937 -0
    outer loop
      vertex 13.2256 5.54299 47.98
      vertex 12.995 5.65209 45
      vertex 13.2256 5.54299 45
    endloop
  endfacet
  facet normal -0.857683 0.514179 0
    outer loop
      vertex 14.1618 1.80552 45
      vertex 14.293 2.02437 47.98
      vertex 14.293 2.02437 45
    endloop
  endfacet
  facet normal -0.857683 0.514179 0
    outer loop
      vertex 14.293 2.02437 47.98
      vertex 14.1618 1.80552 45
      vertex 14.1618 1.80552 47.98
    endloop
  endfacet
  facet normal -0.671472 0.74103 0
    outer loop
      vertex 13.8385 1.41152 45
      vertex 13.6494 1.24017 47.98
      vertex 13.8385 1.41152 47.98
    endloop
  endfacet
  facet normal -0.671472 0.74103 0
    outer loop
      vertex 13.6494 1.24017 47.98
      vertex 13.8385 1.41152 45
      vertex 13.6494 1.24017 45
    endloop
  endfacet
  facet normal 0.941543 0.336892 0
    outer loop
      vertex 9.59791 2.25502 47.98
      vertex 9.51195 2.49526 45
      vertex 9.51195 2.49526 47.98
    endloop
  endfacet
  facet normal 0.941543 0.336892 0
    outer loop
      vertex 9.51195 2.49526 45
      vertex 9.59791 2.25502 47.98
      vertex 9.59791 2.25502 45
    endloop
  endfacet
  facet normal -0.336814 0.941571 0
    outer loop
      vertex 12.995 0.847913 45
      vertex 12.7547 0.761954 47.98
      vertex 12.995 0.847913 47.98
    endloop
  endfacet
  facet normal -0.336814 0.941571 0
    outer loop
      vertex 12.7547 0.761954 47.98
      vertex 12.995 0.847913 45
      vertex 12.7547 0.761954 45
    endloop
  endfacet
  facet normal 0.989176 -0.146736 0
    outer loop
      vertex 9.41252 3.50484 47.98
      vertex 9.44996 3.75723 45
      vertex 9.44996 3.75723 47.98
    endloop
  endfacet
  facet normal 0.989176 -0.146736 0
    outer loop
      vertex 9.44996 3.75723 45
      vertex 9.41252 3.50484 47.98
      vertex 9.41252 3.50484 45
    endloop
  endfacet
  facet normal -0.989142 0.146961 0
    outer loop
      vertex 14.55 2.74276 45
      vertex 14.5875 2.99516 47.98
      vertex 14.5875 2.99516 45
    endloop
  endfacet
  facet normal -0.989142 0.146961 0
    outer loop
      vertex 14.5875 2.99516 47.98
      vertex 14.55 2.74276 45
      vertex 14.55 2.74276 47.98
    endloop
  endfacet
  facet normal 0.336783 -0.941582 0
    outer loop
      vertex 11.005 5.65209 45
      vertex 11.2453 5.73804 47.98
      vertex 11.005 5.65209 47.98
    endloop
  endfacet
  facet normal 0.336783 -0.941582 0
    outer loop
      vertex 11.2453 5.73804 47.98
      vertex 11.005 5.65209 45
      vertex 11.2453 5.73804 45
    endloop
  endfacet
  facet normal 0.903988 0.427557 0
    outer loop
      vertex 9.707 2.02437 47.98
      vertex 9.59791 2.25502 45
      vertex 9.59791 2.25502 47.98
    endloop
  endfacet
  facet normal 0.903988 0.427557 0
    outer loop
      vertex 9.59791 2.25502 45
      vertex 9.707 2.02437 47.98
      vertex 9.707 2.02437 45
    endloop
  endfacet
  facet normal -0.671472 -0.74103 0
    outer loop
      vertex 13.6494 5.25983 45
      vertex 13.8385 5.08848 47.98
      vertex 13.6494 5.25983 47.98
    endloop
  endfacet
  facet normal -0.671472 -0.74103 -0
    outer loop
      vertex 13.8385 5.08848 47.98
      vertex 13.6494 5.25983 45
      vertex 13.8385 5.08848 45
    endloop
  endfacet
  facet normal 0.671472 0.74103 -0
    outer loop
      vertex 10.3506 1.24017 45
      vertex 10.1615 1.41152 47.98
      vertex 10.3506 1.24017 47.98
    endloop
  endfacet
  facet normal 0.671472 0.74103 0
    outer loop
      vertex 10.1615 1.41152 47.98
      vertex 10.3506 1.24017 45
      vertex 10.1615 1.41152 45
    endloop
  endfacet
  facet normal 0.14673 -0.989177 0
    outer loop
      vertex 11.4928 5.80004 45
      vertex 11.7452 5.83748 47.98
      vertex 11.4928 5.80004 47.98
    endloop
  endfacet
  facet normal 0.14673 -0.989177 0
    outer loop
      vertex 11.7452 5.83748 47.98
      vertex 11.4928 5.80004 45
      vertex 11.7452 5.83748 45
    endloop
  endfacet
  facet normal 0.427665 -0.903937 0
    outer loop
      vertex 10.7744 5.54299 45
      vertex 11.005 5.65209 47.98
      vertex 10.7744 5.54299 47.98
    endloop
  endfacet
  facet normal 0.427665 -0.903937 0
    outer loop
      vertex 11.005 5.65209 47.98
      vertex 10.7744 5.54299 45
      vertex 11.005 5.65209 45
    endloop
  endfacet
  facet normal -0.857683 -0.514179 0
    outer loop
      vertex 14.293 4.47563 45
      vertex 14.1618 4.69448 47.98
      vertex 14.1618 4.69448 45
    endloop
  endfacet
  facet normal -0.857683 -0.514179 0
    outer loop
      vertex 14.1618 4.69448 47.98
      vertex 14.293 4.47563 45
      vertex 14.293 4.47563 47.98
    endloop
  endfacet
  facet normal -0.741056 0.671443 0
    outer loop
      vertex 13.8385 1.41152 45
      vertex 14.0098 1.60058 47.98
      vertex 14.0098 1.60058 45
    endloop
  endfacet
  facet normal -0.741056 0.671443 0
    outer loop
      vertex 14.0098 1.60058 47.98
      vertex 13.8385 1.41152 45
      vertex 13.8385 1.41152 47.98
    endloop
  endfacet
  facet normal 0.857718 -0.514121 0
    outer loop
      vertex 9.707 4.47563 47.98
      vertex 9.83818 4.69448 45
      vertex 9.83818 4.69448 47.98
    endloop
  endfacet
  facet normal 0.857718 -0.514121 0
    outer loop
      vertex 9.83818 4.69448 45
      vertex 9.707 4.47563 47.98
      vertex 9.707 4.47563 45
    endloop
  endfacet
  facet normal -0.941618 0.336684 0
    outer loop
      vertex 14.4021 2.25502 45
      vertex 14.488 2.49526 47.98
      vertex 14.488 2.49526 45
    endloop
  endfacet
  facet normal -0.941618 0.336684 0
    outer loop
      vertex 14.488 2.49526 47.98
      vertex 14.4021 2.25502 45
      vertex 14.4021 2.25502 47.98
    endloop
  endfacet
  facet normal 0.970039 -0.242951 0
    outer loop
      vertex 9.44996 3.75723 47.98
      vertex 9.51195 4.00474 45
      vertex 9.51195 4.00474 47.98
    endloop
  endfacet
  facet normal 0.970039 -0.242951 0
    outer loop
      vertex 9.51195 4.00474 45
      vertex 9.44996 3.75723 47.98
      vertex 9.44996 3.75723 45
    endloop
  endfacet
  facet normal 0.0490774 -0.998795 0
    outer loop
      vertex 11.7452 5.83748 45
      vertex 12 5.85 47.98
      vertex 11.7452 5.83748 47.98
    endloop
  endfacet
  facet normal 0.0490774 -0.998795 0
    outer loop
      vertex 12 5.85 47.98
      vertex 11.7452 5.83748 45
      vertex 12 5.85 45
    endloop
  endfacet
  facet normal 0.803215 0.59569 0
    outer loop
      vertex 9.99017 1.60058 47.98
      vertex 9.83818 1.80552 45
      vertex 9.83818 1.80552 47.98
    endloop
  endfacet
  facet normal 0.803215 0.59569 0
    outer loop
      vertex 9.83818 1.80552 45
      vertex 9.99017 1.60058 47.98
      vertex 9.99017 1.60058 45
    endloop
  endfacet
  facet normal 0.989177 0.14673 0
    outer loop
      vertex 9.44996 2.74276 47.98
      vertex 9.41252 2.99516 45
      vertex 9.41252 2.99516 47.98
    endloop
  endfacet
  facet normal 0.989177 0.14673 0
    outer loop
      vertex 9.41252 2.99516 45
      vertex 9.44996 2.74276 47.98
      vertex 9.44996 2.74276 45
    endloop
  endfacet
  facet normal 0.857718 0.514121 0
    outer loop
      vertex 9.83818 1.80552 47.98
      vertex 9.707 2.02437 45
      vertex 9.707 2.02437 47.98
    endloop
  endfacet
  facet normal 0.857718 0.514121 0
    outer loop
      vertex 9.707 2.02437 45
      vertex 9.83818 1.80552 47.98
      vertex 9.83818 1.80552 45
    endloop
  endfacet
  facet normal 0.740998 -0.671507 0
    outer loop
      vertex 9.99017 4.89942 47.98
      vertex 10.1615 5.08848 45
      vertex 10.1615 5.08848 47.98
    endloop
  endfacet
  facet normal 0.740998 -0.671507 0
    outer loop
      vertex 10.1615 5.08848 45
      vertex 9.99017 4.89942 47.98
      vertex 9.99017 4.89942 45
    endloop
  endfacet
  facet normal 0.0490735 0.998795 -0
    outer loop
      vertex 12 0.65 45
      vertex 11.7452 0.662519 47.98
      vertex 12 0.65 47.98
    endloop
  endfacet
  facet normal 0.0490735 0.998795 0
    outer loop
      vertex 11.7452 0.662519 47.98
      vertex 12 0.65 45
      vertex 11.7452 0.662519 45
    endloop
  endfacet
  facet normal -0.595765 0.803159 0
    outer loop
      vertex 13.6494 1.24017 45
      vertex 13.4445 1.08818 47.98
      vertex 13.6494 1.24017 47.98
    endloop
  endfacet
  facet normal -0.595765 0.803159 0
    outer loop
      vertex 13.4445 1.08818 47.98
      vertex 13.6494 1.24017 45
      vertex 13.4445 1.08818 45
    endloop
  endfacet
  facet normal -0.0490774 -0.998795 0
    outer loop
      vertex 12 5.85 45
      vertex 12.2548 5.83748 47.98
      vertex 12 5.85 47.98
    endloop
  endfacet
  facet normal -0.0490774 -0.998795 -0
    outer loop
      vertex 12.2548 5.83748 47.98
      vertex 12 5.85 45
      vertex 12.2548 5.83748 45
    endloop
  endfacet
  facet normal 0.803215 -0.59569 0
    outer loop
      vertex 9.83818 4.69448 47.98
      vertex 9.99017 4.89942 45
      vertex 9.99017 4.89942 47.98
    endloop
  endfacet
  facet normal 0.803215 -0.59569 0
    outer loop
      vertex 9.99017 4.89942 45
      vertex 9.83818 4.69448 47.98
      vertex 9.83818 4.69448 45
    endloop
  endfacet
  facet normal -0.242982 0.970031 0
    outer loop
      vertex 12.7547 0.761954 45
      vertex 12.5072 0.699958 47.98
      vertex 12.7547 0.761954 47.98
    endloop
  endfacet
  facet normal -0.242982 0.970031 0
    outer loop
      vertex 12.5072 0.699958 47.98
      vertex 12.7547 0.761954 45
      vertex 12.5072 0.699958 45
    endloop
  endfacet
  facet normal 0.336814 0.941571 -0
    outer loop
      vertex 11.2453 0.761954 45
      vertex 11.005 0.847913 47.98
      vertex 11.2453 0.761954 47.98
    endloop
  endfacet
  facet normal 0.336814 0.941571 0
    outer loop
      vertex 11.005 0.847913 47.98
      vertex 11.2453 0.761954 45
      vertex 11.005 0.847913 45
    endloop
  endfacet
  facet normal 0 0 -1
    outer loop
      vertex 14.5875 2.99516 47.98
      vertex 14.5875 3.50484 47.98
      vertex 14.6 3.25 47.98
    endloop
  endfacet
  facet normal 0 0 -1
    outer loop
      vertex 14.55 2.74276 47.98
      vertex 14.5875 3.50484 47.98
      vertex 14.5875 2.99516 47.98
    endloop
  endfacet
  facet normal 0 0 -1
    outer loop
      vertex 14.55 2.74276 47.98
      vertex 14.55 3.75723 47.98
      vertex 14.5875 3.50484 47.98
    endloop
  endfacet
  facet normal 0 0 -1
    outer loop
      vertex 14.488 2.49526 47.98
      vertex 14.55 3.75723 47.98
      vertex 14.55 2.74276 47.98
    endloop
  endfacet
  facet normal 0 0 -1
    outer loop
      vertex 14.488 2.49526 47.98
      vertex 14.488 4.00474 47.98
      vertex 14.55 3.75723 47.98
    endloop
  endfacet
  facet normal 0 0 -1
    outer loop
      vertex 14.4021 2.25502 47.98
      vertex 14.488 4.00474 47.98
      vertex 14.488 2.49526 47.98
    endloop
  endfacet
  facet normal 0 0 -1
    outer loop
      vertex 14.4021 2.25502 47.98
      vertex 14.4021 4.24498 47.98
      vertex 14.488 4.00474 47.98
    endloop
  endfacet
  facet normal 0 0 -1
    outer loop
      vertex 14.293 2.02437 47.98
      vertex 14.4021 4.24498 47.98
      vertex 14.4021 2.25502 47.98
    endloop
  endfacet
  facet normal 0 0 -1
    outer loop
      vertex 14.293 2.02437 47.98
      vertex 14.293 4.47563 47.98
      vertex 14.4021 4.24498 47.98
    endloop
  endfacet
  facet normal 0 0 -1
    outer loop
      vertex 14.1618 1.80552 47.98
      vertex 14.293 4.47563 47.98
      vertex 14.293 2.02437 47.98
    endloop
  endfacet
  facet normal 0 0 -1
    outer loop
      vertex 14.1618 1.80552 47.98
      vertex 14.1618 4.69448 47.98
      vertex 14.293 4.47563 47.98
    endloop
  endfacet
  facet normal 0 0 -1
    outer loop
      vertex 14.0098 1.60058 47.98
      vertex 14.1618 4.69448 47.98
      vertex 14.1618 1.80552 47.98
    endloop
  endfacet
  facet normal 0 0 -1
    outer loop
      vertex 14.0098 1.60058 47.98
      vertex 14.0098 4.89942 47.98
      vertex 14.1618 4.69448 47.98
    endloop
  endfacet
  facet normal 0 0 -1
    outer loop
      vertex 13.8385 1.41152 47.98
      vertex 14.0098 4.89942 47.98
      vertex 14.0098 1.60058 47.98
    endloop
  endfacet
  facet normal 0 0 -1
    outer loop
      vertex 13.8385 1.41152 47.98
      vertex 13.8385 5.08848 47.98
      vertex 14.0098 4.89942 47.98
    endloop
  endfacet
  facet normal 0 0 -1
    outer loop
      vertex 13.6494 1.24017 47.98
      vertex 13.8385 5.08848 47.98
      vertex 13.8385 1.41152 47.98
    endloop
  endfacet
  facet normal 0 0 -1
    outer loop
      vertex 13.6494 1.24017 47.98
      vertex 13.6494 5.25983 47.98
      vertex 13.8385 5.08848 47.98
    endloop
  endfacet
  facet normal 0 0 -1
    outer loop
      vertex 13.4445 1.08818 47.98
      vertex 13.6494 5.25983 47.98
      vertex 13.6494 1.24017 47.98
    endloop
  endfacet
  facet normal 0 0 -1
    outer loop
      vertex 13.4445 1.08818 47.98
      vertex 13.4445 5.41182 47.98
      vertex 13.6494 5.25983 47.98
    endloop
  endfacet
  facet normal 0 0 -1
    outer loop
      vertex 13.2256 0.957005 47.98
      vertex 13.4445 5.41182 47.98
      vertex 13.4445 1.08818 47.98
    endloop
  endfacet
  facet normal 0 0 -1
    outer loop
      vertex 13.2256 0.957005 47.98
      vertex 13.2256 5.54299 47.98
      vertex 13.4445 5.41182 47.98
    endloop
  endfacet
  facet normal 0 0 -1
    outer loop
      vertex 12.995 0.847913 47.98
      vertex 13.2256 5.54299 47.98
      vertex 13.2256 0.957005 47.98
    endloop
  endfacet
  facet normal 0 0 -1
    outer loop
      vertex 12.995 0.847913 47.98
      vertex 12.995 5.65209 47.98
      vertex 13.2256 5.54299 47.98
    endloop
  endfacet
  facet normal 0 0 -1
    outer loop
      vertex 12.7547 0.761954 47.98
      vertex 12.995 5.65209 47.98
      vertex 12.995 0.847913 47.98
    endloop
  endfacet
  facet normal 0 0 -1
    outer loop
      vertex 12.7547 0.761954 47.98
      vertex 12.7547 5.73804 47.98
      vertex 12.995 5.65209 47.98
    endloop
  endfacet
  facet normal 0 0 -1
    outer loop
      vertex 12.5072 0.699958 47.98
      vertex 12.7547 5.73804 47.98
      vertex 12.7547 0.761954 47.98
    endloop
  endfacet
  facet normal 0 0 -1
    outer loop
      vertex 12.5072 0.699958 47.98
      vertex 12.5072 5.80004 47.98
      vertex 12.7547 5.73804 47.98
    endloop
  endfacet
  facet normal 0 0 -1
    outer loop
      vertex 12.2548 0.662519 47.98
      vertex 12.5072 5.80004 47.98
      vertex 12.5072 0.699958 47.98
    endloop
  endfacet
  facet normal 0 0 -1
    outer loop
      vertex 12.2548 0.662519 47.98
      vertex 12.2548 5.83748 47.98
      vertex 12.5072 5.80004 47.98
    endloop
  endfacet
  facet normal 0 0 -1
    outer loop
      vertex 12 0.65 47.98
      vertex 12.2548 5.83748 47.98
      vertex 12.2548 0.662519 47.98
    endloop
  endfacet
  facet normal 0 0 -1
    outer loop
      vertex 12 0.65 47.98
      vertex 12 5.85 47.98
      vertex 12.2548 5.83748 47.98
    endloop
  endfacet
  facet normal 0 0 -1
    outer loop
      vertex 11.7452 0.662519 47.98
      vertex 12 5.85 47.98
      vertex 12 0.65 47.98
    endloop
  endfacet
  facet normal 0 0 -1
    outer loop
      vertex 11.7452 0.662519 47.98
      vertex 11.7452 5.83748 47.98
      vertex 12 5.85 47.98
    endloop
  endfacet
  facet normal 0 0 -1
    outer loop
      vertex 11.4928 0.699958 47.98
      vertex 11.7452 5.83748 47.98
      vertex 11.7452 0.662519 47.98
    endloop
  endfacet
  facet normal 0 0 -1
    outer loop
      vertex 11.4928 0.699958 47.98
      vertex 11.4928 5.80004 47.98
      vertex 11.7452 5.83748 47.98
    endloop
  endfacet
  facet normal 0 0 -1
    outer loop
      vertex 11.2453 0.761954 47.98
      vertex 11.4928 5.80004 47.98
      vertex 11.4928 0.699958 47.98
    endloop
  endfacet
  facet normal 0 0 -1
    outer loop
      vertex 11.2453 0.761954 47.98
      vertex 11.2453 5.73804 47.98
      vertex 11.4928 5.80004 47.98
    endloop
  endfacet
  facet normal 0 0 -1
    outer loop
      vertex 11.005 0.847913 47.98
      vertex 11.2453 5.73804 47.98
      vertex 11.2453 0.761954 47.98
    endloop
  endfacet
  facet normal 0 0 -1
    outer loop
      vertex 11.005 0.847913 47.98
      vertex 11.005 5.65209 47.98
      vertex 11.2453 5.73804 47.98
    endloop
  endfacet
  facet normal 0 0 -1
    outer loop
      vertex 10.7744 0.957005 47.98
      vertex 11.005 5.65209 47.98
      vertex 11.005 0.847913 47.98
    endloop
  endfacet
  facet normal 0 0 -1
    outer loop
      vertex 10.7744 0.957005 47.98
      vertex 10.7744 5.54299 47.98
      vertex 11.005 5.65209 47.98
    endloop
  endfacet
  facet normal 0 0 -1
    outer loop
      vertex 10.5555 1.08818 47.98
      vertex 10.7744 5.54299 47.98
      vertex 10.7744 0.957005 47.98
    endloop
  endfacet
  facet normal 0 0 -1
    outer loop
      vertex 10.5555 1.08818 47.98
      vertex 10.5555 5.41182 47.98
      vertex 10.7744 5.54299 47.98
    endloop
  endfacet
  facet normal 0 0 -1
    outer loop
      vertex 10.3506 1.24017 47.98
      vertex 10.5555 5.41182 47.98
      vertex 10.5555 1.08818 47.98
    endloop
  endfacet
  facet normal 0 0 -1
    outer loop
      vertex 10.3506 1.24017 47.98
      vertex 10.3506 5.25983 47.98
      vertex 10.5555 5.41182 47.98
    endloop
  endfacet
  facet normal 0 0 -1
    outer loop
      vertex 10.1615 1.41152 47.98
      vertex 10.3506 5.25983 47.98
      vertex 10.3506 1.24017 47.98
    endloop
  endfacet
  facet normal 0 0 -1
    outer loop
      vertex 10.1615 1.41152 47.98
      vertex 10.1615 5.08848 47.98
      vertex 10.3506 5.25983 47.98
    endloop
  endfacet
  facet normal 0 0 -1
    outer loop
      vertex 9.99017 1.60058 47.98
      vertex 10.1615 5.08848 47.98
      vertex 10.1615 1.41152 47.98
    endloop
  endfacet
  facet normal 0 0 -1
    outer loop
      vertex 9.99017 1.60058 47.98
      vertex 9.99017 4.89942 47.98
      vertex 10.1615 5.08848 47.98
    endloop
  endfacet
  facet normal 0 0 -1
    outer loop
      vertex 9.83818 1.80552 47.98
      vertex 9.99017 4.89942 47.98
      vertex 9.99017 1.60058 47.98
    endloop
  endfacet
  facet normal 0 0 -1
    outer loop
      vertex 9.83818 1.80552 47.98
      vertex 9.83818 4.69448 47.98
      vertex 9.99017 4.89942 47.98
    endloop
  endfacet
  facet normal 0 0 -1
    outer loop
      vertex 9.707 2.02437 47.98
      vertex 9.83818 4.69448 47.98
      vertex 9.83818 1.80552 47.98
    endloop
  endfacet
  facet normal 0 0 -1
    outer loop
      vertex 9.707 2.02437 47.98
      vertex 9.707 4.47563 47.98
      vertex 9.83818 4.69448 47.98
    endloop
  endfacet
  facet normal 0 0 -1
    outer loop
      vertex 9.59791 2.25502 47.98
      vertex 9.707 4.47563 47.98
      vertex 9.707 2.02437 47.98
    endloop
  endfacet
  facet normal 0 0 -1
    outer loop
      vertex 9.59791 2.25502 47.98
      vertex 9.59791 4.24498 47.98
      vertex 9.707 4.47563 47.98
    endloop
  endfacet
  facet normal 0 0 -1
    outer loop
      vertex 9.51195 2.49526 47.98
      vertex 9.59791 4.24498 47.98
      vertex 9.59791 2.25502 47.98
    endloop
  endfacet
  facet normal 0 0 -1
    outer loop
      vertex 9.51195 2.49526 47.98
      vertex 9.51195 4.00474 47.98
      vertex 9.59791 4.24498 47.98
    endloop
  endfacet
  facet normal 0 0 -1
    outer loop
      vertex 9.44996 2.74276 47.98
      vertex 9.51195 4.00474 47.98
      vertex 9.51195 2.49526 47.98
    endloop
  endfacet
  facet normal 0 0 -1
    outer loop
      vertex 9.44996 2.74276 47.98
      vertex 9.44996 3.75723 47.98
      vertex 9.51195 4.00474 47.98
    endloop
  endfacet
  facet normal 0 0 -1
    outer loop
      vertex 9.41252 2.99516 47.98
      vertex 9.44996 3.75723 47.98
      vertex 9.44996 2.74276 47.98
    endloop
  endfacet
  facet normal 0 0 -1
    outer loop
      vertex 9.41252 2.99516 47.98
      vertex 9.41252 3.50484 47.98
      vertex 9.44996 3.75723 47.98
    endloop
  endfacet
  facet normal 0 -0 -1
    outer loop
      vertex 9.41252 3.50484 47.98
      vertex 9.41252 2.99516 47.98
      vertex 9.4 3.25 47.98
    endloop
  endfacet
  facet normal 0.242982 0.970031 -0
    outer loop
      vertex 11.4928 0.699958 45
      vertex 11.2453 0.761954 47.98
      vertex 11.4928 0.699958 47.98
    endloop
  endfacet
  facet normal 0.242982 0.970031 0
    outer loop
      vertex 11.2453 0.761954 47.98
      vertex 11.4928 0.699958 45
      vertex 11.2453 0.761954 45
    endloop
  endfacet
  facet normal 0.595765 0.803159 -0
    outer loop
      vertex 10.5555 1.08818 45
      vertex 10.3506 1.24017 47.98
      vertex 10.5555 1.08818 47.98
    endloop
  endfacet
  facet normal 0.595765 0.803159 0
    outer loop
      vertex 10.3506 1.24017 47.98
      vertex 10.5555 1.08818 45
      vertex 10.3506 1.24017 45
    endloop
  endfacet
  facet normal 0.427639 0.903949 -0
    outer loop
      vertex 11.005 0.847913 45
      vertex 10.7744 0.957005 47.98
      vertex 11.005 0.847913 47.98
    endloop
  endfacet
  facet normal 0.427639 0.903949 0
    outer loop
      vertex 10.7744 0.957005 47.98
      vertex 11.005 0.847913 45
      vertex 10.7744 0.957005 45
    endloop
  endfacet
  facet normal 0.998795 -0.0490697 0
    outer loop
      vertex 9.4 3.25 47.98
      vertex 9.41252 3.50484 45
      vertex 9.41252 3.50484 47.98
    endloop
  endfacet
  facet normal 0.998795 -0.0490697 0
    outer loop
      vertex 9.41252 3.50484 45
      vertex 9.4 3.25 47.98
      vertex 9.4 3.25 45
    endloop
  endfacet
  facet normal 0.998795 0.0490697 0
    outer loop
      vertex 9.41252 2.99516 47.98
      vertex 9.4 3.25 45
      vertex 9.4 3.25 47.98
    endloop
  endfacet
  facet normal 0.998795 0.0490697 0
    outer loop
      vertex 9.4 3.25 45
      vertex 9.41252 2.99516 47.98
      vertex 9.41252 2.99516 45
    endloop
  endfacet
  facet normal 0.740998 0.671507 0
    outer loop
      vertex 10.1615 1.41152 47.98
      vertex 9.99017 1.60058 45
      vertex 9.99017 1.60058 47.98
    endloop
  endfacet
  facet normal 0.740998 0.671507 0
    outer loop
      vertex 9.99017 1.60058 45
      vertex 10.1615 1.41152 47.98
      vertex 10.1615 1.41152 45
    endloop
  endfacet
  facet normal -0.14673 -0.989177 0
    outer loop
      vertex 98.2548 5.83748 45
      vertex 98.5072 5.80004 47.98
      vertex 98.2548 5.83748 47.98
    endloop
  endfacet
  facet normal -0.14673 -0.989177 -0
    outer loop
      vertex 98.5072 5.80004 47.98
      vertex 98.2548 5.83748 45
      vertex 98.5072 5.80004 45
    endloop
  endfacet
  facet normal -0.336783 -0.941582 0
    outer loop
      vertex 98.7547 5.73804 45
      vertex 98.995 5.65209 47.98
      vertex 98.7547 5.73804 47.98
    endloop
  endfacet
  facet normal -0.336783 -0.941582 -0
    outer loop
      vertex 98.995 5.65209 47.98
      vertex 98.7547 5.73804 45
      vertex 98.995 5.65209 45
    endloop
  endfacet
  facet normal -0.989425 -0.145048 0
    outer loop
      vertex 100.587 3.50484 45
      vertex 100.55 3.75723 47.98
      vertex 100.55 3.75723 45
    endloop
  endfacet
  facet normal -0.989425 -0.145048 0
    outer loop
      vertex 100.55 3.75723 47.98
      vertex 100.587 3.50484 45
      vertex 100.587 3.50484 47.98
    endloop
  endfacet
  facet normal -0.998701 -0.0509462 0
    outer loop
      vertex 100.6 3.25 45
      vertex 100.587 3.50484 47.98
      vertex 100.587 3.50484 45
    endloop
  endfacet
  facet normal -0.998701 -0.0509462 0
    outer loop
      vertex 100.587 3.50484 47.98
      vertex 100.6 3.25 45
      vertex 100.6 3.25 47.98
    endloop
  endfacet
  facet normal -0.970029 -0.242987 0
    outer loop
      vertex 100.55 3.75723 45
      vertex 100.488 4.00474 47.98
      vertex 100.488 4.00474 45
    endloop
  endfacet
  facet normal -0.970029 -0.242987 0
    outer loop
      vertex 100.488 4.00474 47.98
      vertex 100.55 3.75723 45
      vertex 100.55 3.75723 47.98
    endloop
  endfacet
  facet normal 0.595765 -0.803159 0
    outer loop
      vertex 96.3506 5.25983 45
      vertex 96.5555 5.41182 47.98
      vertex 96.3506 5.25983 47.98
    endloop
  endfacet
  facet normal 0.595765 -0.803159 0
    outer loop
      vertex 96.5555 5.41182 47.98
      vertex 96.3506 5.25983 45
      vertex 96.5555 5.41182 45
    endloop
  endfacet
  facet normal -0.740666 -0.671873 0
    outer loop
      vertex 100.01 4.89942 45
      vertex 99.8385 5.08848 47.98
      vertex 99.8385 5.08848 45
    endloop
  endfacet
  facet normal -0.740666 -0.671873 0
    outer loop
      vertex 99.8385 5.08848 47.98
      vertex 100.01 4.89942 45
      vertex 100.01 4.89942 47.98
    endloop
  endfacet
  facet normal -0.803196 -0.595715 0
    outer loop
      vertex 100.162 4.69448 45
      vertex 100.01 4.89942 47.98
      vertex 100.01 4.89942 45
    endloop
  endfacet
  facet normal -0.803196 -0.595715 0
    outer loop
      vertex 100.01 4.89942 47.98
      vertex 100.162 4.69448 45
      vertex 100.162 4.69448 47.98
    endloop
  endfacet
  facet normal 0.941618 -0.336684 0
    outer loop
      vertex 95.512 4.00474 47.98
      vertex 95.5979 4.24498 45
      vertex 95.5979 4.24498 47.98
    endloop
  endfacet
  facet normal 0.941618 -0.336684 0
    outer loop
      vertex 95.5979 4.24498 45
      vertex 95.512 4.00474 47.98
      vertex 95.512 4.00474 45
    endloop
  endfacet
  facet normal -0.998701 0.0509462 0
    outer loop
      vertex 100.587 2.99516 45
      vertex 100.6 3.25 47.98
      vertex 100.6 3.25 45
    endloop
  endfacet
  facet normal -0.998701 0.0509462 0
    outer loop
      vertex 100.6 3.25 47.98
      vertex 100.587 2.99516 45
      vertex 100.587 2.99516 47.98
    endloop
  endfacet
  facet normal -0.242997 -0.970027 0
    outer loop
      vertex 98.5072 5.80004 45
      vertex 98.7547 5.73804 47.98
      vertex 98.5072 5.80004 47.98
    endloop
  endfacet
  facet normal -0.242997 -0.970027 -0
    outer loop
      vertex 98.7547 5.73804 47.98
      vertex 98.5072 5.80004 45
      vertex 98.7547 5.73804 45
    endloop
  endfacet
  facet normal -0.51402 0.857778 0
    outer loop
      vertex 99.4445 1.08818 45
      vertex 99.2256 0.957005 47.98
      vertex 99.4445 1.08818 47.98
    endloop
  endfacet
  facet normal -0.51402 0.857778 0
    outer loop
      vertex 99.2256 0.957005 47.98
      vertex 99.4445 1.08818 45
      vertex 99.2256 0.957005 45
    endloop
  endfacet
  facet normal -0.941493 -0.337031 0
    outer loop
      vertex 100.488 4.00474 45
      vertex 100.402 4.24498 47.98
      vertex 100.402 4.24498 45
    endloop
  endfacet
  facet normal -0.941493 -0.337031 0
    outer loop
      vertex 100.402 4.24498 47.98
      vertex 100.488 4.00474 45
      vertex 100.488 4.00474 47.98
    endloop
  endfacet
  facet normal -0.803196 0.595715 0
    outer loop
      vertex 100.01 1.60058 45
      vertex 100.162 1.80552 47.98
      vertex 100.162 1.80552 45
    endloop
  endfacet
  facet normal -0.803196 0.595715 0
    outer loop
      vertex 100.162 1.80552 47.98
      vertex 100.01 1.60058 45
      vertex 100.01 1.60058 47.98
    endloop
  endfacet
  facet normal 0.242997 -0.970027 0
    outer loop
      vertex 97.2453 5.73804 45
      vertex 97.4928 5.80004 47.98
      vertex 97.2453 5.73804 47.98
    endloop
  endfacet
  facet normal 0.242997 -0.970027 0
    outer loop
      vertex 97.4928 5.80004 47.98
      vertex 97.2453 5.73804 45
      vertex 97.4928 5.80004 45
    endloop
  endfacet
  facet normal -0.514006 -0.857787 0
    outer loop
      vertex 99.2256 5.54299 45
      vertex 99.4445 5.41182 47.98
      vertex 99.2256 5.54299 47.98
    endloop
  endfacet
  facet normal -0.514006 -0.857787 -0
    outer loop
      vertex 99.4445 5.41182 47.98
      vertex 99.2256 5.54299 45
      vertex 99.4445 5.41182 45
    endloop
  endfacet
  facet normal 0.51402 0.857778 -0
    outer loop
      vertex 96.7744 0.957005 45
      vertex 96.5555 1.08818 47.98
      vertex 96.7744 0.957005 47.98
    endloop
  endfacet
  facet normal 0.51402 0.857778 0
    outer loop
      vertex 96.5555 1.08818 47.98
      vertex 96.7744 0.957005 45
      vertex 96.5555 1.08818 45
    endloop
  endfacet
  facet normal -0.595765 -0.803159 0
    outer loop
      vertex 99.4445 5.41182 45
      vertex 99.6494 5.25983 47.98
      vertex 99.4445 5.41182 47.98
    endloop
  endfacet
  facet normal -0.595765 -0.803159 -0
    outer loop
      vertex 99.6494 5.25983 47.98
      vertex 99.4445 5.41182 45
      vertex 99.6494 5.25983 45
    endloop
  endfacet
  facet normal -0.970027 0.242997 0
    outer loop
      vertex 100.488 2.49526 45
      vertex 100.55 2.74276 47.98
      vertex 100.55 2.74276 45
    endloop
  endfacet
  facet normal -0.970027 0.242997 0
    outer loop
      vertex 100.55 2.74276 47.98
      vertex 100.488 2.49526 45
      vertex 100.488 2.49526 47.98
    endloop
  endfacet
  facet normal -0.146727 0.989177 0
    outer loop
      vertex 98.5072 0.699958 45
      vertex 98.2548 0.662519 47.98
      vertex 98.5072 0.699958 47.98
    endloop
  endfacet
  facet normal -0.146727 0.989177 0
    outer loop
      vertex 98.2548 0.662519 47.98
      vertex 98.5072 0.699958 45
      vertex 98.2548 0.662519 45
    endloop
  endfacet
  facet normal 0.903973 -0.427589 0
    outer loop
      vertex 95.5979 4.24498 47.98
      vertex 95.707 4.47563 45
      vertex 95.707 4.47563 47.98
    endloop
  endfacet
  facet normal 0.903973 -0.427589 0
    outer loop
      vertex 95.707 4.47563 45
      vertex 95.5979 4.24498 47.98
      vertex 95.5979 4.24498 45
    endloop
  endfacet
  facet normal 0.146727 0.989177 -0
    outer loop
      vertex 97.7452 0.662519 45
      vertex 97.4928 0.699958 47.98
      vertex 97.7452 0.662519 47.98
    endloop
  endfacet
  facet normal 0.146727 0.989177 0
    outer loop
      vertex 97.4928 0.699958 47.98
      vertex 97.7452 0.662519 45
      vertex 97.4928 0.699958 45
    endloop
  endfacet
  facet normal 0.514006 -0.857787 0
    outer loop
      vertex 96.5555 5.41182 45
      vertex 96.7744 5.54299 47.98
      vertex 96.5555 5.41182 47.98
    endloop
  endfacet
  facet normal 0.514006 -0.857787 0
    outer loop
      vertex 96.7744 5.54299 47.98
      vertex 96.5555 5.41182 45
      vertex 96.7744 5.54299 45
    endloop
  endfacet
  facet normal -0.904125 0.427269 0
    outer loop
      vertex 100.293 2.02437 45
      vertex 100.402 2.25502 47.98
      vertex 100.402 2.25502 45
    endloop
  endfacet
  facet normal -0.904125 0.427269 0
    outer loop
      vertex 100.402 2.25502 47.98
      vertex 100.293 2.02437 45
      vertex 100.293 2.02437 47.98
    endloop
  endfacet
  facet normal 0.671472 -0.74103 0
    outer loop
      vertex 96.1615 5.08848 45
      vertex 96.3506 5.25983 47.98
      vertex 96.1615 5.08848 47.98
    endloop
  endfacet
  facet normal 0.671472 -0.74103 0
    outer loop
      vertex 96.3506 5.25983 47.98
      vertex 96.1615 5.08848 45
      vertex 96.3506 5.25983 45
    endloop
  endfacet
  facet normal -0.904125 -0.427269 0
    outer loop
      vertex 100.402 4.24498 45
      vertex 100.293 4.47563 47.98
      vertex 100.293 4.47563 45
    endloop
  endfacet
  facet normal -0.904125 -0.427269 0
    outer loop
      vertex 100.293 4.47563 47.98
      vertex 100.402 4.24498 45
      vertex 100.402 4.24498 47.98
    endloop
  endfacet
  facet normal 0.970027 0.242997 0
    outer loop
      vertex 95.512 2.49526 47.98
      vertex 95.45 2.74276 45
      vertex 95.45 2.74276 47.98
    endloop
  endfacet
  facet normal 0.970027 0.242997 0
    outer loop
      vertex 95.45 2.74276 45
      vertex 95.512 2.49526 47.98
      vertex 95.512 2.49526 45
    endloop
  endfacet
  facet normal -0.0490735 0.998795 0
    outer loop
      vertex 98.2548 0.662519 45
      vertex 98 0.65 47.98
      vertex 98.2548 0.662519 47.98
    endloop
  endfacet
  facet normal -0.0490735 0.998795 0
    outer loop
      vertex 98 0.65 47.98
      vertex 98.2548 0.662519 45
      vertex 98 0.65 45
    endloop
  endfacet
  facet normal -0.427639 0.903949 0
    outer loop
      vertex 99.2256 0.957005 45
      vertex 98.995 0.847913 47.98
      vertex 99.2256 0.957005 47.98
    endloop
  endfacet
  facet normal -0.427639 0.903949 0
    outer loop
      vertex 98.995 0.847913 47.98
      vertex 99.2256 0.957005 45
      vertex 98.995 0.847913 45
    endloop
  endfacet
  facet normal -0.427665 -0.903937 0
    outer loop
      vertex 98.995 5.65209 45
      vertex 99.2256 5.54299 47.98
      vertex 98.995 5.65209 47.98
    endloop
  endfacet
  facet normal -0.427665 -0.903937 -0
    outer loop
      vertex 99.2256 5.54299 47.98
      vertex 98.995 5.65209 45
      vertex 99.2256 5.54299 45
    endloop
  endfacet
  facet normal -0.858029 0.513602 0
    outer loop
      vertex 100.162 1.80552 45
      vertex 100.293 2.02437 47.98
      vertex 100.293 2.02437 45
    endloop
  endfacet
  facet normal -0.858029 0.513602 0
    outer loop
      vertex 100.293 2.02437 47.98
      vertex 100.162 1.80552 45
      vertex 100.162 1.80552 47.98
    endloop
  endfacet
  facet normal 0.941618 0.336684 0
    outer loop
      vertex 95.5979 2.25502 47.98
      vertex 95.512 2.49526 45
      vertex 95.512 2.49526 47.98
    endloop
  endfacet
  facet normal 0.941618 0.336684 0
    outer loop
      vertex 95.512 2.49526 45
      vertex 95.5979 2.25502 47.98
      vertex 95.5979 2.25502 45
    endloop
  endfacet
  facet normal -0.336814 0.941571 0
    outer loop
      vertex 98.995 0.847913 45
      vertex 98.7547 0.761954 47.98
      vertex 98.995 0.847913 47.98
    endloop
  endfacet
  facet normal -0.336814 0.941571 0
    outer loop
      vertex 98.7547 0.761954 47.98
      vertex 98.995 0.847913 45
      vertex 98.7547 0.761954 45
    endloop
  endfacet
  facet normal 0.989142 -0.146966 0
    outer loop
      vertex 95.4125 3.50484 47.98
      vertex 95.45 3.75723 45
      vertex 95.45 3.75723 47.98
    endloop
  endfacet
  facet normal 0.989142 -0.146966 0
    outer loop
      vertex 95.45 3.75723 45
      vertex 95.4125 3.50484 47.98
      vertex 95.4125 3.50484 45
    endloop
  endfacet
  facet normal -0.989425 0.145043 0
    outer loop
      vertex 100.55 2.74276 45
      vertex 100.587 2.99516 47.98
      vertex 100.587 2.99516 45
    endloop
  endfacet
  facet normal -0.989425 0.145043 0
    outer loop
      vertex 100.587 2.99516 47.98
      vertex 100.55 2.74276 45
      vertex 100.55 2.74276 47.98
    endloop
  endfacet
  facet normal 0.336783 -0.941582 0
    outer loop
      vertex 97.005 5.65209 45
      vertex 97.2453 5.73804 47.98
      vertex 97.005 5.65209 47.98
    endloop
  endfacet
  facet normal 0.336783 -0.941582 0
    outer loop
      vertex 97.2453 5.73804 47.98
      vertex 97.005 5.65209 45
      vertex 97.2453 5.73804 45
    endloop
  endfacet
  facet normal -0.671472 -0.74103 0
    outer loop
      vertex 99.6494 5.25983 45
      vertex 99.8385 5.08848 47.98
      vertex 99.6494 5.25983 47.98
    endloop
  endfacet
  facet normal -0.671472 -0.74103 -0
    outer loop
      vertex 99.8385 5.08848 47.98
      vertex 99.6494 5.25983 45
      vertex 99.8385 5.08848 45
    endloop
  endfacet
  facet normal 0.671472 0.74103 -0
    outer loop
      vertex 96.3506 1.24017 45
      vertex 96.1615 1.41152 47.98
      vertex 96.3506 1.24017 47.98
    endloop
  endfacet
  facet normal 0.671472 0.74103 0
    outer loop
      vertex 96.1615 1.41152 47.98
      vertex 96.3506 1.24017 45
      vertex 96.1615 1.41152 45
    endloop
  endfacet
  facet normal 0.14673 -0.989177 0
    outer loop
      vertex 97.4928 5.80004 45
      vertex 97.7452 5.83748 47.98
      vertex 97.4928 5.80004 47.98
    endloop
  endfacet
  facet normal 0.14673 -0.989177 0
    outer loop
      vertex 97.7452 5.83748 47.98
      vertex 97.4928 5.80004 45
      vertex 97.7452 5.83748 45
    endloop
  endfacet
  facet normal 0.427665 -0.903937 0
    outer loop
      vertex 96.7744 5.54299 45
      vertex 97.005 5.65209 47.98
      vertex 96.7744 5.54299 47.98
    endloop
  endfacet
  facet normal 0.427665 -0.903937 0
    outer loop
      vertex 97.005 5.65209 47.98
      vertex 96.7744 5.54299 45
      vertex 97.005 5.65209 45
    endloop
  endfacet
  facet normal -0.858029 -0.513602 0
    outer loop
      vertex 100.293 4.47563 45
      vertex 100.162 4.69448 47.98
      vertex 100.162 4.69448 45
    endloop
  endfacet
  facet normal -0.858029 -0.513602 0
    outer loop
      vertex 100.162 4.69448 47.98
      vertex 100.293 4.47563 45
      vertex 100.293 4.47563 47.98
    endloop
  endfacet
  facet normal -0.740666 0.671873 0
    outer loop
      vertex 99.8385 1.41152 45
      vertex 100.01 1.60058 47.98
      vertex 100.01 1.60058 45
    endloop
  endfacet
  facet normal -0.740666 0.671873 0
    outer loop
      vertex 100.01 1.60058 47.98
      vertex 99.8385 1.41152 45
      vertex 99.8385 1.41152 47.98
    endloop
  endfacet
  facet normal 0.857683 -0.514179 0
    outer loop
      vertex 95.707 4.47563 47.98
      vertex 95.8382 4.69448 45
      vertex 95.8382 4.69448 47.98
    endloop
  endfacet
  facet normal 0.857683 -0.514179 0
    outer loop
      vertex 95.8382 4.69448 45
      vertex 95.707 4.47563 47.98
      vertex 95.707 4.47563 45
    endloop
  endfacet
  facet normal -0.941493 0.337031 0
    outer loop
      vertex 100.402 2.25502 45
      vertex 100.488 2.49526 47.98
      vertex 100.488 2.49526 45
    endloop
  endfacet
  facet normal -0.941493 0.337031 0
    outer loop
      vertex 100.488 2.49526 47.98
      vertex 100.402 2.25502 45
      vertex 100.402 2.25502 47.98
    endloop
  endfacet
  facet normal 0.970029 -0.242987 0
    outer loop
      vertex 95.45 3.75723 47.98
      vertex 95.512 4.00474 45
      vertex 95.512 4.00474 47.98
    endloop
  endfacet
  facet normal 0.970029 -0.242987 0
    outer loop
      vertex 95.512 4.00474 45
      vertex 95.45 3.75723 47.98
      vertex 95.45 3.75723 45
    endloop
  endfacet
  facet normal 0.0490774 -0.998795 0
    outer loop
      vertex 97.7452 5.83748 45
      vertex 98 5.85 47.98
      vertex 97.7452 5.83748 47.98
    endloop
  endfacet
  facet normal 0.0490774 -0.998795 0
    outer loop
      vertex 98 5.85 47.98
      vertex 97.7452 5.83748 45
      vertex 98 5.85 45
    endloop
  endfacet
  facet normal 0.803196 0.595715 0
    outer loop
      vertex 95.9902 1.60058 47.98
      vertex 95.8382 1.80552 45
      vertex 95.8382 1.80552 47.98
    endloop
  endfacet
  facet normal 0.803196 0.595715 0
    outer loop
      vertex 95.8382 1.80552 45
      vertex 95.9902 1.60058 47.98
      vertex 95.9902 1.60058 45
    endloop
  endfacet
  facet normal 0.989142 0.146961 0
    outer loop
      vertex 95.45 2.74276 47.98
      vertex 95.4125 2.99516 45
      vertex 95.4125 2.99516 47.98
    endloop
  endfacet
  facet normal 0.989142 0.146961 0
    outer loop
      vertex 95.4125 2.99516 45
      vertex 95.45 2.74276 47.98
      vertex 95.45 2.74276 45
    endloop
  endfacet
  facet normal 0.857683 0.514179 0
    outer loop
      vertex 95.8382 1.80552 47.98
      vertex 95.707 2.02437 45
      vertex 95.707 2.02437 47.98
    endloop
  endfacet
  facet normal 0.857683 0.514179 0
    outer loop
      vertex 95.707 2.02437 45
      vertex 95.8382 1.80552 47.98
      vertex 95.8382 1.80552 45
    endloop
  endfacet
  facet normal 0.741056 -0.671443 0
    outer loop
      vertex 95.9902 4.89942 47.98
      vertex 96.1615 5.08848 45
      vertex 96.1615 5.08848 47.98
    endloop
  endfacet
  facet normal 0.741056 -0.671443 0
    outer loop
      vertex 96.1615 5.08848 45
      vertex 95.9902 4.89942 47.98
      vertex 95.9902 4.89942 45
    endloop
  endfacet
  facet normal -0.671472 0.74103 0
    outer loop
      vertex 99.8385 1.41152 45
      vertex 99.6494 1.24017 47.98
      vertex 99.8385 1.41152 47.98
    endloop
  endfacet
  facet normal -0.671472 0.74103 0
    outer loop
      vertex 99.6494 1.24017 47.98
      vertex 99.8385 1.41152 45
      vertex 99.6494 1.24017 45
    endloop
  endfacet
  facet normal 0.0490735 0.998795 -0
    outer loop
      vertex 98 0.65 45
      vertex 97.7452 0.662519 47.98
      vertex 98 0.65 47.98
    endloop
  endfacet
  facet normal 0.0490735 0.998795 0
    outer loop
      vertex 97.7452 0.662519 47.98
      vertex 98 0.65 45
      vertex 97.7452 0.662519 45
    endloop
  endfacet
  facet normal -0.595765 0.803159 0
    outer loop
      vertex 99.6494 1.24017 45
      vertex 99.4445 1.08818 47.98
      vertex 99.6494 1.24017 47.98
    endloop
  endfacet
  facet normal -0.595765 0.803159 0
    outer loop
      vertex 99.4445 1.08818 47.98
      vertex 99.6494 1.24017 45
      vertex 99.4445 1.08818 45
    endloop
  endfacet
  facet normal -0.0490774 -0.998795 0
    outer loop
      vertex 98 5.85 45
      vertex 98.2548 5.83748 47.98
      vertex 98 5.85 47.98
    endloop
  endfacet
  facet normal -0.0490774 -0.998795 -0
    outer loop
      vertex 98.2548 5.83748 47.98
      vertex 98 5.85 45
      vertex 98.2548 5.83748 45
    endloop
  endfacet
  facet normal 0.803196 -0.595715 0
    outer loop
      vertex 95.8382 4.69448 47.98
      vertex 95.9902 4.89942 45
      vertex 95.9902 4.89942 47.98
    endloop
  endfacet
  facet normal 0.803196 -0.595715 0
    outer loop
      vertex 95.9902 4.89942 45
      vertex 95.8382 4.69448 47.98
      vertex 95.8382 4.69448 45
    endloop
  endfacet
  facet normal -0.242982 0.970031 0
    outer loop
      vertex 98.7547 0.761954 45
      vertex 98.5072 0.699958 47.98
      vertex 98.7547 0.761954 47.98
    endloop
  endfacet
  facet normal -0.242982 0.970031 0
    outer loop
      vertex 98.5072 0.699958 47.98
      vertex 98.7547 0.761954 45
      vertex 98.5072 0.699958 45
    endloop
  endfacet
  facet normal 0.336814 0.941571 -0
    outer loop
      vertex 97.2453 0.761954 45
      vertex 97.005 0.847913 47.98
      vertex 97.2453 0.761954 47.98
    endloop
  endfacet
  facet normal 0.336814 0.941571 0
    outer loop
      vertex 97.005 0.847913 47.98
      vertex 97.2453 0.761954 45
      vertex 97.005 0.847913 45
    endloop
  endfacet
  facet normal 0 0 -1
    outer loop
      vertex 100.587 2.99516 47.98
      vertex 100.587 3.50484 47.98
      vertex 100.6 3.25 47.98
    endloop
  endfacet
  facet normal 0 0 -1
    outer loop
      vertex 100.55 2.74276 47.98
      vertex 100.587 3.50484 47.98
      vertex 100.587 2.99516 47.98
    endloop
  endfacet
  facet normal 0 0 -1
    outer loop
      vertex 100.55 2.74276 47.98
      vertex 100.55 3.75723 47.98
      vertex 100.587 3.50484 47.98
    endloop
  endfacet
  facet normal 0 0 -1
    outer loop
      vertex 100.488 2.49526 47.98
      vertex 100.55 3.75723 47.98
      vertex 100.55 2.74276 47.98
    endloop
  endfacet
  facet normal 0 0 -1
    outer loop
      vertex 100.488 2.49526 47.98
      vertex 100.488 4.00474 47.98
      vertex 100.55 3.75723 47.98
    endloop
  endfacet
  facet normal 0 0 -1
    outer loop
      vertex 100.402 2.25502 47.98
      vertex 100.488 4.00474 47.98
      vertex 100.488 2.49526 47.98
    endloop
  endfacet
  facet normal 0 0 -1
    outer loop
      vertex 100.402 2.25502 47.98
      vertex 100.402 4.24498 47.98
      vertex 100.488 4.00474 47.98
    endloop
  endfacet
  facet normal 0 0 -1
    outer loop
      vertex 100.293 2.02437 47.98
      vertex 100.402 4.24498 47.98
      vertex 100.402 2.25502 47.98
    endloop
  endfacet
  facet normal 0 0 -1
    outer loop
      vertex 100.293 2.02437 47.98
      vertex 100.293 4.47563 47.98
      vertex 100.402 4.24498 47.98
    endloop
  endfacet
  facet normal 0 0 -1
    outer loop
      vertex 100.162 1.80552 47.98
      vertex 100.293 4.47563 47.98
      vertex 100.293 2.02437 47.98
    endloop
  endfacet
  facet normal 0 0 -1
    outer loop
      vertex 100.162 1.80552 47.98
      vertex 100.162 4.69448 47.98
      vertex 100.293 4.47563 47.98
    endloop
  endfacet
  facet normal 0 0 -1
    outer loop
      vertex 100.01 1.60058 47.98
      vertex 100.162 4.69448 47.98
      vertex 100.162 1.80552 47.98
    endloop
  endfacet
  facet normal 0 0 -1
    outer loop
      vertex 100.01 1.60058 47.98
      vertex 100.01 4.89942 47.98
      vertex 100.162 4.69448 47.98
    endloop
  endfacet
  facet normal 0 0 -1
    outer loop
      vertex 99.8385 1.41152 47.98
      vertex 100.01 4.89942 47.98
      vertex 100.01 1.60058 47.98
    endloop
  endfacet
  facet normal 0 0 -1
    outer loop
      vertex 99.8385 1.41152 47.98
      vertex 99.8385 5.08848 47.98
      vertex 100.01 4.89942 47.98
    endloop
  endfacet
  facet normal 0 0 -1
    outer loop
      vertex 99.6494 1.24017 47.98
      vertex 99.8385 5.08848 47.98
      vertex 99.8385 1.41152 47.98
    endloop
  endfacet
  facet normal 0 0 -1
    outer loop
      vertex 99.6494 1.24017 47.98
      vertex 99.6494 5.25983 47.98
      vertex 99.8385 5.08848 47.98
    endloop
  endfacet
  facet normal 0 0 -1
    outer loop
      vertex 99.4445 1.08818 47.98
      vertex 99.6494 5.25983 47.98
      vertex 99.6494 1.24017 47.98
    endloop
  endfacet
  facet normal 0 0 -1
    outer loop
      vertex 99.4445 1.08818 47.98
      vertex 99.4445 5.41182 47.98
      vertex 99.6494 5.25983 47.98
    endloop
  endfacet
  facet normal 0 0 -1
    outer loop
      vertex 99.2256 0.957005 47.98
      vertex 99.4445 5.41182 47.98
      vertex 99.4445 1.08818 47.98
    endloop
  endfacet
  facet normal 0 0 -1
    outer loop
      vertex 99.2256 0.957005 47.98
      vertex 99.2256 5.54299 47.98
      vertex 99.4445 5.41182 47.98
    endloop
  endfacet
  facet normal 0 0 -1
    outer loop
      vertex 98.995 0.847913 47.98
      vertex 99.2256 5.54299 47.98
      vertex 99.2256 0.957005 47.98
    endloop
  endfacet
  facet normal 0 0 -1
    outer loop
      vertex 98.995 0.847913 47.98
      vertex 98.995 5.65209 47.98
      vertex 99.2256 5.54299 47.98
    endloop
  endfacet
  facet normal 0 0 -1
    outer loop
      vertex 98.7547 0.761954 47.98
      vertex 98.995 5.65209 47.98
      vertex 98.995 0.847913 47.98
    endloop
  endfacet
  facet normal 0 0 -1
    outer loop
      vertex 98.7547 0.761954 47.98
      vertex 98.7547 5.73804 47.98
      vertex 98.995 5.65209 47.98
    endloop
  endfacet
  facet normal 0 0 -1
    outer loop
      vertex 98.5072 0.699958 47.98
      vertex 98.7547 5.73804 47.98
      vertex 98.7547 0.761954 47.98
    endloop
  endfacet
  facet normal 0 0 -1
    outer loop
      vertex 98.5072 0.699958 47.98
      vertex 98.5072 5.80004 47.98
      vertex 98.7547 5.73804 47.98
    endloop
  endfacet
  facet normal 0 0 -1
    outer loop
      vertex 98.2548 0.662519 47.98
      vertex 98.5072 5.80004 47.98
      vertex 98.5072 0.699958 47.98
    endloop
  endfacet
  facet normal 0 0 -1
    outer loop
      vertex 98.2548 0.662519 47.98
      vertex 98.2548 5.83748 47.98
      vertex 98.5072 5.80004 47.98
    endloop
  endfacet
  facet normal 0 0 -1
    outer loop
      vertex 98 0.65 47.98
      vertex 98.2548 5.83748 47.98
      vertex 98.2548 0.662519 47.98
    endloop
  endfacet
  facet normal 0 0 -1
    outer loop
      vertex 98 0.65 47.98
      vertex 98 5.85 47.98
      vertex 98.2548 5.83748 47.98
    endloop
  endfacet
  facet normal 0 0 -1
    outer loop
      vertex 97.7452 0.662519 47.98
      vertex 98 5.85 47.98
      vertex 98 0.65 47.98
    endloop
  endfacet
  facet normal 0 0 -1
    outer loop
      vertex 97.7452 0.662519 47.98
      vertex 97.7452 5.83748 47.98
      vertex 98 5.85 47.98
    endloop
  endfacet
  facet normal 0 0 -1
    outer loop
      vertex 97.4928 0.699958 47.98
      vertex 97.7452 5.83748 47.98
      vertex 97.7452 0.662519 47.98
    endloop
  endfacet
  facet normal 0 0 -1
    outer loop
      vertex 97.4928 0.699958 47.98
      vertex 97.4928 5.80004 47.98
      vertex 97.7452 5.83748 47.98
    endloop
  endfacet
  facet normal 0 0 -1
    outer loop
      vertex 97.2453 0.761954 47.98
      vertex 97.4928 5.80004 47.98
      vertex 97.4928 0.699958 47.98
    endloop
  endfacet
  facet normal 0 0 -1
    outer loop
      vertex 97.2453 0.761954 47.98
      vertex 97.2453 5.73804 47.98
      vertex 97.4928 5.80004 47.98
    endloop
  endfacet
  facet normal 0 0 -1
    outer loop
      vertex 97.005 0.847913 47.98
      vertex 97.2453 5.73804 47.98
      vertex 97.2453 0.761954 47.98
    endloop
  endfacet
  facet normal 0 0 -1
    outer loop
      vertex 97.005 0.847913 47.98
      vertex 97.005 5.65209 47.98
      vertex 97.2453 5.73804 47.98
    endloop
  endfacet
  facet normal 0 0 -1
    outer loop
      vertex 96.7744 0.957005 47.98
      vertex 97.005 5.65209 47.98
      vertex 97.005 0.847913 47.98
    endloop
  endfacet
  facet normal 0 0 -1
    outer loop
      vertex 96.7744 0.957005 47.98
      vertex 96.7744 5.54299 47.98
      vertex 97.005 5.65209 47.98
    endloop
  endfacet
  facet normal 0 0 -1
    outer loop
      vertex 96.5555 1.08818 47.98
      vertex 96.7744 5.54299 47.98
      vertex 96.7744 0.957005 47.98
    endloop
  endfacet
  facet normal 0 0 -1
    outer loop
      vertex 96.5555 1.08818 47.98
      vertex 96.5555 5.41182 47.98
      vertex 96.7744 5.54299 47.98
    endloop
  endfacet
  facet normal 0 0 -1
    outer loop
      vertex 96.3506 1.24017 47.98
      vertex 96.5555 5.41182 47.98
      vertex 96.5555 1.08818 47.98
    endloop
  endfacet
  facet normal 0 0 -1
    outer loop
      vertex 96.3506 1.24017 47.98
      vertex 96.3506 5.25983 47.98
      vertex 96.5555 5.41182 47.98
    endloop
  endfacet
  facet normal 0 0 -1
    outer loop
      vertex 96.1615 1.41152 47.98
      vertex 96.3506 5.25983 47.98
      vertex 96.3506 1.24017 47.98
    endloop
  endfacet
  facet normal 0 0 -1
    outer loop
      vertex 96.1615 1.41152 47.98
      vertex 96.1615 5.08848 47.98
      vertex 96.3506 5.25983 47.98
    endloop
  endfacet
  facet normal 0 0 -1
    outer loop
      vertex 95.9902 1.60058 47.98
      vertex 96.1615 5.08848 47.98
      vertex 96.1615 1.41152 47.98
    endloop
  endfacet
  facet normal 0 0 -1
    outer loop
      vertex 95.9902 1.60058 47.98
      vertex 95.9902 4.89942 47.98
      vertex 96.1615 5.08848 47.98
    endloop
  endfacet
  facet normal 0 0 -1
    outer loop
      vertex 95.8382 1.80552 47.98
      vertex 95.9902 4.89942 47.98
      vertex 95.9902 1.60058 47.98
    endloop
  endfacet
  facet normal 0 0 -1
    outer loop
      vertex 95.8382 1.80552 47.98
      vertex 95.8382 4.69448 47.98
      vertex 95.9902 4.89942 47.98
    endloop
  endfacet
  facet normal 0 0 -1
    outer loop
      vertex 95.707 2.02437 47.98
      vertex 95.8382 4.69448 47.98
      vertex 95.8382 1.80552 47.98
    endloop
  endfacet
  facet normal 0 0 -1
    outer loop
      vertex 95.707 2.02437 47.98
      vertex 95.707 4.47563 47.98
      vertex 95.8382 4.69448 47.98
    endloop
  endfacet
  facet normal 0 0 -1
    outer loop
      vertex 95.5979 2.25502 47.98
      vertex 95.707 4.47563 47.98
      vertex 95.707 2.02437 47.98
    endloop
  endfacet
  facet normal 0 0 -1
    outer loop
      vertex 95.5979 2.25502 47.98
      vertex 95.5979 4.24498 47.98
      vertex 95.707 4.47563 47.98
    endloop
  endfacet
  facet normal 0 0 -1
    outer loop
      vertex 95.512 2.49526 47.98
      vertex 95.5979 4.24498 47.98
      vertex 95.5979 2.25502 47.98
    endloop
  endfacet
  facet normal 0 0 -1
    outer loop
      vertex 95.512 2.49526 47.98
      vertex 95.512 4.00474 47.98
      vertex 95.5979 4.24498 47.98
    endloop
  endfacet
  facet normal 0 0 -1
    outer loop
      vertex 95.45 2.74276 47.98
      vertex 95.512 4.00474 47.98
      vertex 95.512 2.49526 47.98
    endloop
  endfacet
  facet normal 0 0 -1
    outer loop
      vertex 95.45 2.74276 47.98
      vertex 95.45 3.75723 47.98
      vertex 95.512 4.00474 47.98
    endloop
  endfacet
  facet normal 0 0 -1
    outer loop
      vertex 95.4125 2.99516 47.98
      vertex 95.45 3.75723 47.98
      vertex 95.45 2.74276 47.98
    endloop
  endfacet
  facet normal 0 0 -1
    outer loop
      vertex 95.4125 2.99516 47.98
      vertex 95.4125 3.50484 47.98
      vertex 95.45 3.75723 47.98
    endloop
  endfacet
  facet normal 0 -0 -1
    outer loop
      vertex 95.4125 3.50484 47.98
      vertex 95.4125 2.99516 47.98
      vertex 95.4 3.25 47.98
    endloop
  endfacet
  facet normal 0.242982 0.970031 -0
    outer loop
      vertex 97.4928 0.699958 45
      vertex 97.2453 0.761954 47.98
      vertex 97.4928 0.699958 47.98
    endloop
  endfacet
  facet normal 0.242982 0.970031 0
    outer loop
      vertex 97.2453 0.761954 47.98
      vertex 97.4928 0.699958 45
      vertex 97.2453 0.761954 45
    endloop
  endfacet
  facet normal 0.595765 0.803159 -0
    outer loop
      vertex 96.5555 1.08818 45
      vertex 96.3506 1.24017 47.98
      vertex 96.5555 1.08818 47.98
    endloop
  endfacet
  facet normal 0.595765 0.803159 0
    outer loop
      vertex 96.3506 1.24017 47.98
      vertex 96.5555 1.08818 45
      vertex 96.3506 1.24017 45
    endloop
  endfacet
  facet normal 0.427639 0.903949 -0
    outer loop
      vertex 97.005 0.847913 45
      vertex 96.7744 0.957005 47.98
      vertex 97.005 0.847913 47.98
    endloop
  endfacet
  facet normal 0.427639 0.903949 0
    outer loop
      vertex 96.7744 0.957005 47.98
      vertex 97.005 0.847913 45
      vertex 96.7744 0.957005 45
    endloop
  endfacet
  facet normal 0.998799 -0.0489915 0
    outer loop
      vertex 95.4 3.25 47.98
      vertex 95.4125 3.50484 45
      vertex 95.4125 3.50484 47.98
    endloop
  endfacet
  facet normal 0.998799 -0.0489915 0
    outer loop
      vertex 95.4125 3.50484 45
      vertex 95.4 3.25 47.98
      vertex 95.4 3.25 45
    endloop
  endfacet
  facet normal 0.998799 0.0489915 0
    outer loop
      vertex 95.4125 2.99516 47.98
      vertex 95.4 3.25 45
      vertex 95.4 3.25 47.98
    endloop
  endfacet
  facet normal 0.998799 0.0489915 0
    outer loop
      vertex 95.4 3.25 45
      vertex 95.4125 2.99516 47.98
      vertex 95.4125 2.99516 45
    endloop
  endfacet
  facet normal 0.903973 0.427589 0
    outer loop
      vertex 95.707 2.02437 47.98
      vertex 95.5979 2.25502 45
      vertex 95.5979 2.25502 47.98
    endloop
  endfacet
  facet normal 0.903973 0.427589 0
    outer loop
      vertex 95.5979 2.25502 45
      vertex 95.707 2.02437 47.98
      vertex 95.707 2.02437 45
    endloop
  endfacet
  facet normal 0.741056 0.671443 0
    outer loop
      vertex 96.1615 1.41152 47.98
      vertex 95.9902 1.60058 45
      vertex 95.9902 1.60058 47.98
    endloop
  endfacet
  facet normal 0.741056 0.671443 0
    outer loop
      vertex 95.9902 1.60058 45
      vertex 96.1615 1.41152 47.98
      vertex 96.1615 1.41152 45
    endloop
  endfacet
  facet normal -0.146961 -0.989142 0
    outer loop
      vertex 12.2548 77.3375 45
      vertex 12.5072 77.3 47.98
      vertex 12.2548 77.3375 47.98
    endloop
  endfacet
  facet normal -0.146961 -0.989142 -0
    outer loop
      vertex 12.5072 77.3 47.98
      vertex 12.2548 77.3375 45
      vertex 12.5072 77.3 45
    endloop
  endfacet
  facet normal -0.336609 -0.941644 0
    outer loop
      vertex 12.7547 77.238 45
      vertex 12.995 77.1521 47.98
      vertex 12.7547 77.238 47.98
    endloop
  endfacet
  facet normal -0.336609 -0.941644 -0
    outer loop
      vertex 12.995 77.1521 47.98
      vertex 12.7547 77.238 45
      vertex 12.995 77.1521 45
    endloop
  endfacet
  facet normal -0.989142 -0.146961 0
    outer loop
      vertex 14.5875 75.0048 45
      vertex 14.55 75.2572 47.98
      vertex 14.55 75.2572 45
    endloop
  endfacet
  facet normal -0.989142 -0.146961 0
    outer loop
      vertex 14.55 75.2572 47.98
      vertex 14.5875 75.0048 45
      vertex 14.5875 75.0048 47.98
    endloop
  endfacet
  facet normal -0.998799 -0.0489992 0
    outer loop
      vertex 14.6 74.75 45
      vertex 14.5875 75.0048 47.98
      vertex 14.5875 75.0048 45
    endloop
  endfacet
  facet normal -0.998799 -0.0489992 0
    outer loop
      vertex 14.5875 75.0048 47.98
      vertex 14.6 74.75 45
      vertex 14.6 74.75 47.98
    endloop
  endfacet
  facet normal -0.970027 -0.242997 0
    outer loop
      vertex 14.55 75.2572 45
      vertex 14.488 75.5047 47.98
      vertex 14.488 75.5047 45
    endloop
  endfacet
  facet normal -0.970027 -0.242997 0
    outer loop
      vertex 14.488 75.5047 47.98
      vertex 14.55 75.2572 45
      vertex 14.55 75.2572 47.98
    endloop
  endfacet
  facet normal 0.59579 -0.80314 0
    outer loop
      vertex 10.3506 76.7598 45
      vertex 10.5555 76.9118 47.98
      vertex 10.3506 76.7598 47.98
    endloop
  endfacet
  facet normal 0.59579 -0.80314 0
    outer loop
      vertex 10.5555 76.9118 47.98
      vertex 10.3506 76.7598 45
      vertex 10.5555 76.9118 45
    endloop
  endfacet
  facet normal -0.741127 -0.671365 0
    outer loop
      vertex 14.0098 76.3994 45
      vertex 13.8385 76.5885 47.98
      vertex 13.8385 76.5885 45
    endloop
  endfacet
  facet normal -0.741127 -0.671365 0
    outer loop
      vertex 13.8385 76.5885 47.98
      vertex 14.0098 76.3994 45
      vertex 14.0098 76.3994 47.98
    endloop
  endfacet
  facet normal -0.80314 -0.59579 0
    outer loop
      vertex 14.1618 76.1945 45
      vertex 14.0098 76.3994 47.98
      vertex 14.0098 76.3994 45
    endloop
  endfacet
  facet normal -0.80314 -0.59579 0
    outer loop
      vertex 14.0098 76.3994 47.98
      vertex 14.1618 76.1945 45
      vertex 14.1618 76.1945 47.98
    endloop
  endfacet
  facet normal 0.94157 -0.336818 0
    outer loop
      vertex 9.51195 75.5047 47.98
      vertex 9.59791 75.745 45
      vertex 9.59791 75.745 47.98
    endloop
  endfacet
  facet normal 0.94157 -0.336818 0
    outer loop
      vertex 9.59791 75.745 45
      vertex 9.51195 75.5047 47.98
      vertex 9.51195 75.5047 45
    endloop
  endfacet
  facet normal -0.998799 0.0489992 0
    outer loop
      vertex 14.5875 74.4952 45
      vertex 14.6 74.75 47.98
      vertex 14.6 74.75 45
    endloop
  endfacet
  facet normal -0.998799 0.0489992 0
    outer loop
      vertex 14.6 74.75 47.98
      vertex 14.5875 74.4952 45
      vertex 14.5875 74.4952 47.98
    endloop
  endfacet
  facet normal -0.242997 -0.970027 0
    outer loop
      vertex 12.5072 77.3 45
      vertex 12.7547 77.238 47.98
      vertex 12.5072 77.3 47.98
    endloop
  endfacet
  facet normal -0.242997 -0.970027 -0
    outer loop
      vertex 12.7547 77.238 47.98
      vertex 12.5072 77.3 45
      vertex 12.7547 77.238 45
    endloop
  endfacet
  facet normal -0.514092 0.857735 0
    outer loop
      vertex 13.4445 72.5882 45
      vertex 13.2256 72.457 47.98
      vertex 13.4445 72.5882 47.98
    endloop
  endfacet
  facet normal -0.514092 0.857735 0
    outer loop
      vertex 13.2256 72.457 47.98
      vertex 13.4445 72.5882 45
      vertex 13.2256 72.457 45
    endloop
  endfacet
  facet normal -0.941644 -0.336609 0
    outer loop
      vertex 14.488 75.5047 45
      vertex 14.4021 75.745 47.98
      vertex 14.4021 75.745 45
    endloop
  endfacet
  facet normal -0.941644 -0.336609 0
    outer loop
      vertex 14.4021 75.745 47.98
      vertex 14.488 75.5047 45
      vertex 14.488 75.5047 47.98
    endloop
  endfacet
  facet normal -0.80314 0.59579 0
    outer loop
      vertex 14.0098 73.1006 45
      vertex 14.1618 73.3055 47.98
      vertex 14.1618 73.3055 45
    endloop
  endfacet
  facet normal -0.80314 0.59579 0
    outer loop
      vertex 14.1618 73.3055 47.98
      vertex 14.0098 73.1006 45
      vertex 14.0098 73.1006 47.98
    endloop
  endfacet
  facet normal 0.242997 -0.970027 0
    outer loop
      vertex 11.2453 77.238 45
      vertex 11.4928 77.3 47.98
      vertex 11.2453 77.238 47.98
    endloop
  endfacet
  facet normal 0.242997 -0.970027 0
    outer loop
      vertex 11.4928 77.3 47.98
      vertex 11.2453 77.238 45
      vertex 11.4928 77.3 45
    endloop
  endfacet
  facet normal -0.514092 -0.857735 0
    outer loop
      vertex 13.2256 77.043 45
      vertex 13.4445 76.9118 47.98
      vertex 13.2256 77.043 47.98
    endloop
  endfacet
  facet normal -0.514092 -0.857735 -0
    outer loop
      vertex 13.4445 76.9118 47.98
      vertex 13.2256 77.043 45
      vertex 13.4445 76.9118 45
    endloop
  endfacet
  facet normal 0.514092 0.857735 -0
    outer loop
      vertex 10.7744 72.457 45
      vertex 10.5555 72.5882 47.98
      vertex 10.7744 72.457 47.98
    endloop
  endfacet
  facet normal 0.514092 0.857735 0
    outer loop
      vertex 10.5555 72.5882 47.98
      vertex 10.7744 72.457 45
      vertex 10.5555 72.5882 45
    endloop
  endfacet
  facet normal -0.59579 -0.80314 0
    outer loop
      vertex 13.4445 76.9118 45
      vertex 13.6494 76.7598 47.98
      vertex 13.4445 76.9118 47.98
    endloop
  endfacet
  facet normal -0.59579 -0.80314 -0
    outer loop
      vertex 13.6494 76.7598 47.98
      vertex 13.4445 76.9118 45
      vertex 13.6494 76.7598 45
    endloop
  endfacet
  facet normal -0.970027 0.242997 0
    outer loop
      vertex 14.488 73.9953 45
      vertex 14.55 74.2428 47.98
      vertex 14.55 74.2428 45
    endloop
  endfacet
  facet normal -0.970027 0.242997 0
    outer loop
      vertex 14.55 74.2428 47.98
      vertex 14.488 73.9953 45
      vertex 14.488 73.9953 47.98
    endloop
  endfacet
  facet normal -0.146961 0.989142 0
    outer loop
      vertex 12.5072 72.2 45
      vertex 12.2548 72.1625 47.98
      vertex 12.5072 72.2 47.98
    endloop
  endfacet
  facet normal -0.146961 0.989142 0
    outer loop
      vertex 12.2548 72.1625 47.98
      vertex 12.5072 72.2 45
      vertex 12.2548 72.1625 45
    endloop
  endfacet
  facet normal 0.903952 -0.427633 0
    outer loop
      vertex 9.59791 75.745 47.98
      vertex 9.707 75.9756 45
      vertex 9.707 75.9756 47.98
    endloop
  endfacet
  facet normal 0.903952 -0.427633 0
    outer loop
      vertex 9.707 75.9756 45
      vertex 9.59791 75.745 47.98
      vertex 9.59791 75.745 45
    endloop
  endfacet
  facet normal 0.146961 0.989142 -0
    outer loop
      vertex 11.7452 72.1625 45
      vertex 11.4928 72.2 47.98
      vertex 11.7452 72.1625 47.98
    endloop
  endfacet
  facet normal 0.146961 0.989142 0
    outer loop
      vertex 11.4928 72.2 47.98
      vertex 11.7452 72.1625 45
      vertex 11.4928 72.2 45
    endloop
  endfacet
  facet normal 0.514092 -0.857735 0
    outer loop
      vertex 10.5555 76.9118 45
      vertex 10.7744 77.043 47.98
      vertex 10.5555 76.9118 47.98
    endloop
  endfacet
  facet normal 0.514092 -0.857735 0
    outer loop
      vertex 10.7744 77.043 47.98
      vertex 10.5555 76.9118 45
      vertex 10.7744 77.043 45
    endloop
  endfacet
  facet normal -0.903937 0.427665 0
    outer loop
      vertex 14.293 73.5244 45
      vertex 14.4021 73.755 47.98
      vertex 14.4021 73.755 45
    endloop
  endfacet
  facet normal -0.903937 0.427665 0
    outer loop
      vertex 14.4021 73.755 47.98
      vertex 14.293 73.5244 45
      vertex 14.293 73.5244 47.98
    endloop
  endfacet
  facet normal 0.671365 -0.741127 0
    outer loop
      vertex 10.1615 76.5885 45
      vertex 10.3506 76.7598 47.98
      vertex 10.1615 76.5885 47.98
    endloop
  endfacet
  facet normal 0.671365 -0.741127 0
    outer loop
      vertex 10.3506 76.7598 47.98
      vertex 10.1615 76.5885 45
      vertex 10.3506 76.7598 45
    endloop
  endfacet
  facet normal -0.903937 -0.427665 0
    outer loop
      vertex 14.4021 75.745 45
      vertex 14.293 75.9756 47.98
      vertex 14.293 75.9756 45
    endloop
  endfacet
  facet normal -0.903937 -0.427665 0
    outer loop
      vertex 14.293 75.9756 47.98
      vertex 14.4021 75.745 45
      vertex 14.4021 75.745 47.98
    endloop
  endfacet
  facet normal 0.970036 0.24296 0
    outer loop
      vertex 9.51195 73.9953 47.98
      vertex 9.44996 74.2428 45
      vertex 9.44996 74.2428 47.98
    endloop
  endfacet
  facet normal 0.970036 0.24296 0
    outer loop
      vertex 9.44996 74.2428 45
      vertex 9.51195 73.9953 47.98
      vertex 9.51195 73.9953 45
    endloop
  endfacet
  facet normal -0.0489992 0.998799 0
    outer loop
      vertex 12.2548 72.1625 45
      vertex 12 72.15 47.98
      vertex 12.2548 72.1625 47.98
    endloop
  endfacet
  facet normal -0.0489992 0.998799 0
    outer loop
      vertex 12 72.15 47.98
      vertex 12.2548 72.1625 45
      vertex 12 72.15 45
    endloop
  endfacet
  facet normal -0.427665 0.903937 0
    outer loop
      vertex 13.2256 72.457 45
      vertex 12.995 72.3479 47.98
      vertex 13.2256 72.457 47.98
    endloop
  endfacet
  facet normal -0.427665 0.903937 0
    outer loop
      vertex 12.995 72.3479 47.98
      vertex 13.2256 72.457 45
      vertex 12.995 72.3479 45
    endloop
  endfacet
  facet normal -0.427665 -0.903937 0
    outer loop
      vertex 12.995 77.1521 45
      vertex 13.2256 77.043 47.98
      vertex 12.995 77.1521 47.98
    endloop
  endfacet
  facet normal -0.427665 -0.903937 -0
    outer loop
      vertex 13.2256 77.043 47.98
      vertex 12.995 77.1521 45
      vertex 13.2256 77.043 45
    endloop
  endfacet
  facet normal -0.857735 0.514092 0
    outer loop
      vertex 14.1618 73.3055 45
      vertex 14.293 73.5244 47.98
      vertex 14.293 73.5244 45
    endloop
  endfacet
  facet normal -0.857735 0.514092 0
    outer loop
      vertex 14.293 73.5244 47.98
      vertex 14.1618 73.3055 45
      vertex 14.1618 73.3055 47.98
    endloop
  endfacet
  facet normal -0.671365 0.741127 0
    outer loop
      vertex 13.8385 72.9115 45
      vertex 13.6494 72.7402 47.98
      vertex 13.8385 72.9115 47.98
    endloop
  endfacet
  facet normal -0.671365 0.741127 0
    outer loop
      vertex 13.6494 72.7402 47.98
      vertex 13.8385 72.9115 45
      vertex 13.6494 72.7402 45
    endloop
  endfacet
  facet normal 0.94157 0.336818 0
    outer loop
      vertex 9.59791 73.755 47.98
      vertex 9.51195 73.9953 45
      vertex 9.51195 73.9953 47.98
    endloop
  endfacet
  facet normal 0.94157 0.336818 0
    outer loop
      vertex 9.51195 73.9953 45
      vertex 9.59791 73.755 47.98
      vertex 9.59791 73.755 45
    endloop
  endfacet
  facet normal -0.336609 0.941644 0
    outer loop
      vertex 12.995 72.3479 45
      vertex 12.7547 72.262 47.98
      vertex 12.995 72.3479 47.98
    endloop
  endfacet
  facet normal -0.336609 0.941644 0
    outer loop
      vertex 12.7547 72.262 47.98
      vertex 12.995 72.3479 45
      vertex 12.7547 72.262 45
    endloop
  endfacet
  facet normal 0.989177 -0.14673 0
    outer loop
      vertex 9.41252 75.0048 47.98
      vertex 9.44996 75.2572 45
      vertex 9.44996 75.2572 47.98
    endloop
  endfacet
  facet normal 0.989177 -0.14673 0
    outer loop
      vertex 9.44996 75.2572 45
      vertex 9.41252 75.0048 47.98
      vertex 9.41252 75.0048 45
    endloop
  endfacet
  facet normal -0.989142 0.146961 0
    outer loop
      vertex 14.55 74.2428 45
      vertex 14.5875 74.4952 47.98
      vertex 14.5875 74.4952 45
    endloop
  endfacet
  facet normal -0.989142 0.146961 0
    outer loop
      vertex 14.5875 74.4952 47.98
      vertex 14.55 74.2428 45
      vertex 14.55 74.2428 47.98
    endloop
  endfacet
  facet normal 0.336609 -0.941644 0
    outer loop
      vertex 11.005 77.1521 45
      vertex 11.2453 77.238 47.98
      vertex 11.005 77.1521 47.98
    endloop
  endfacet
  facet normal 0.336609 -0.941644 0
    outer loop
      vertex 11.2453 77.238 47.98
      vertex 11.005 77.1521 45
      vertex 11.2453 77.238 45
    endloop
  endfacet
  facet normal -0.671365 -0.741127 0
    outer loop
      vertex 13.6494 76.7598 45
      vertex 13.8385 76.5885 47.98
      vertex 13.6494 76.7598 47.98
    endloop
  endfacet
  facet normal -0.671365 -0.741127 -0
    outer loop
      vertex 13.8385 76.5885 47.98
      vertex 13.6494 76.7598 45
      vertex 13.8385 76.5885 45
    endloop
  endfacet
  facet normal 0.671365 0.741127 -0
    outer loop
      vertex 10.3506 72.7402 45
      vertex 10.1615 72.9115 47.98
      vertex 10.3506 72.7402 47.98
    endloop
  endfacet
  facet normal 0.671365 0.741127 0
    outer loop
      vertex 10.1615 72.9115 47.98
      vertex 10.3506 72.7402 45
      vertex 10.1615 72.9115 45
    endloop
  endfacet
  facet normal 0.146961 -0.989142 0
    outer loop
      vertex 11.4928 77.3 45
      vertex 11.7452 77.3375 47.98
      vertex 11.4928 77.3 47.98
    endloop
  endfacet
  facet normal 0.146961 -0.989142 0
    outer loop
      vertex 11.7452 77.3375 47.98
      vertex 11.4928 77.3 45
      vertex 11.7452 77.3375 45
    endloop
  endfacet
  facet normal 0.427665 -0.903937 0
    outer loop
      vertex 10.7744 77.043 45
      vertex 11.005 77.1521 47.98
      vertex 10.7744 77.043 47.98
    endloop
  endfacet
  facet normal 0.427665 -0.903937 0
    outer loop
      vertex 11.005 77.1521 47.98
      vertex 10.7744 77.043 45
      vertex 11.005 77.1521 45
    endloop
  endfacet
  facet normal -0.857735 -0.514092 0
    outer loop
      vertex 14.293 75.9756 45
      vertex 14.1618 76.1945 47.98
      vertex 14.1618 76.1945 45
    endloop
  endfacet
  facet normal -0.857735 -0.514092 0
    outer loop
      vertex 14.1618 76.1945 47.98
      vertex 14.293 75.9756 45
      vertex 14.293 75.9756 47.98
    endloop
  endfacet
  facet normal -0.741127 0.671365 0
    outer loop
      vertex 13.8385 72.9115 45
      vertex 14.0098 73.1006 47.98
      vertex 14.0098 73.1006 45
    endloop
  endfacet
  facet normal -0.741127 0.671365 0
    outer loop
      vertex 14.0098 73.1006 47.98
      vertex 13.8385 72.9115 45
      vertex 13.8385 72.9115 47.98
    endloop
  endfacet
  facet normal 0.857769 -0.514035 0
    outer loop
      vertex 9.707 75.9756 47.98
      vertex 9.83818 76.1945 45
      vertex 9.83818 76.1945 47.98
    endloop
  endfacet
  facet normal 0.857769 -0.514035 0
    outer loop
      vertex 9.83818 76.1945 45
      vertex 9.707 75.9756 47.98
      vertex 9.707 75.9756 45
    endloop
  endfacet
  facet normal -0.941644 0.336609 0
    outer loop
      vertex 14.4021 73.755 45
      vertex 14.488 73.9953 47.98
      vertex 14.488 73.9953 45
    endloop
  endfacet
  facet normal -0.941644 0.336609 0
    outer loop
      vertex 14.488 73.9953 47.98
      vertex 14.4021 73.755 45
      vertex 14.4021 73.755 47.98
    endloop
  endfacet
  facet normal 0.970036 -0.24296 0
    outer loop
      vertex 9.44996 75.2572 47.98
      vertex 9.51195 75.5047 45
      vertex 9.51195 75.5047 47.98
    endloop
  endfacet
  facet normal 0.970036 -0.24296 0
    outer loop
      vertex 9.51195 75.5047 45
      vertex 9.44996 75.2572 47.98
      vertex 9.44996 75.2572 45
    endloop
  endfacet
  facet normal 0.0489992 -0.998799 0
    outer loop
      vertex 11.7452 77.3375 45
      vertex 12 77.35 47.98
      vertex 11.7452 77.3375 47.98
    endloop
  endfacet
  facet normal 0.0489992 -0.998799 0
    outer loop
      vertex 12 77.35 47.98
      vertex 11.7452 77.3375 45
      vertex 12 77.35 45
    endloop
  endfacet
  facet normal 0.803159 0.595765 0
    outer loop
      vertex 9.99017 73.1006 47.98
      vertex 9.83818 73.3055 45
      vertex 9.83818 73.3055 47.98
    endloop
  endfacet
  facet normal 0.803159 0.595765 0
    outer loop
      vertex 9.83818 73.3055 45
      vertex 9.99017 73.1006 47.98
      vertex 9.99017 73.1006 45
    endloop
  endfacet
  facet normal 0.989177 0.14673 0
    outer loop
      vertex 9.44996 74.2428 47.98
      vertex 9.41252 74.4952 45
      vertex 9.41252 74.4952 47.98
    endloop
  endfacet
  facet normal 0.989177 0.14673 0
    outer loop
      vertex 9.41252 74.4952 45
      vertex 9.44996 74.2428 47.98
      vertex 9.44996 74.2428 45
    endloop
  endfacet
  facet normal 0.857769 0.514035 0
    outer loop
      vertex 9.83818 73.3055 47.98
      vertex 9.707 73.5244 45
      vertex 9.707 73.5244 47.98
    endloop
  endfacet
  facet normal 0.857769 0.514035 0
    outer loop
      vertex 9.707 73.5244 45
      vertex 9.83818 73.3055 47.98
      vertex 9.83818 73.3055 45
    endloop
  endfacet
  facet normal 0.741069 -0.671429 0
    outer loop
      vertex 9.99017 76.3994 47.98
      vertex 10.1615 76.5885 45
      vertex 10.1615 76.5885 47.98
    endloop
  endfacet
  facet normal 0.741069 -0.671429 0
    outer loop
      vertex 10.1615 76.5885 45
      vertex 9.99017 76.3994 47.98
      vertex 9.99017 76.3994 45
    endloop
  endfacet
  facet normal 0.0489992 0.998799 -0
    outer loop
      vertex 12 72.15 45
      vertex 11.7452 72.1625 47.98
      vertex 12 72.15 47.98
    endloop
  endfacet
  facet normal 0.0489992 0.998799 0
    outer loop
      vertex 11.7452 72.1625 47.98
      vertex 12 72.15 45
      vertex 11.7452 72.1625 45
    endloop
  endfacet
  facet normal -0.59579 0.80314 0
    outer loop
      vertex 13.6494 72.7402 45
      vertex 13.4445 72.5882 47.98
      vertex 13.6494 72.7402 47.98
    endloop
  endfacet
  facet normal -0.59579 0.80314 0
    outer loop
      vertex 13.4445 72.5882 47.98
      vertex 13.6494 72.7402 45
      vertex 13.4445 72.5882 45
    endloop
  endfacet
  facet normal -0.0489992 -0.998799 0
    outer loop
      vertex 12 77.35 45
      vertex 12.2548 77.3375 47.98
      vertex 12 77.35 47.98
    endloop
  endfacet
  facet normal -0.0489992 -0.998799 -0
    outer loop
      vertex 12.2548 77.3375 47.98
      vertex 12 77.35 45
      vertex 12.2548 77.3375 45
    endloop
  endfacet
  facet normal 0.803159 -0.595765 0
    outer loop
      vertex 9.83818 76.1945 47.98
      vertex 9.99017 76.3994 45
      vertex 9.99017 76.3994 47.98
    endloop
  endfacet
  facet normal 0.803159 -0.595765 0
    outer loop
      vertex 9.99017 76.3994 45
      vertex 9.83818 76.1945 47.98
      vertex 9.83818 76.1945 45
    endloop
  endfacet
  facet normal -0.242997 0.970027 0
    outer loop
      vertex 12.7547 72.262 45
      vertex 12.5072 72.2 47.98
      vertex 12.7547 72.262 47.98
    endloop
  endfacet
  facet normal -0.242997 0.970027 0
    outer loop
      vertex 12.5072 72.2 47.98
      vertex 12.7547 72.262 45
      vertex 12.5072 72.2 45
    endloop
  endfacet
  facet normal 0.336609 0.941644 -0
    outer loop
      vertex 11.2453 72.262 45
      vertex 11.005 72.3479 47.98
      vertex 11.2453 72.262 47.98
    endloop
  endfacet
  facet normal 0.336609 0.941644 0
    outer loop
      vertex 11.005 72.3479 47.98
      vertex 11.2453 72.262 45
      vertex 11.005 72.3479 45
    endloop
  endfacet
  facet normal 0 0 -1
    outer loop
      vertex 14.5875 74.4952 47.98
      vertex 14.5875 75.0048 47.98
      vertex 14.6 74.75 47.98
    endloop
  endfacet
  facet normal 0 0 -1
    outer loop
      vertex 14.55 74.2428 47.98
      vertex 14.5875 75.0048 47.98
      vertex 14.5875 74.4952 47.98
    endloop
  endfacet
  facet normal 0 0 -1
    outer loop
      vertex 14.55 74.2428 47.98
      vertex 14.55 75.2572 47.98
      vertex 14.5875 75.0048 47.98
    endloop
  endfacet
  facet normal 0 0 -1
    outer loop
      vertex 14.488 73.9953 47.98
      vertex 14.55 75.2572 47.98
      vertex 14.55 74.2428 47.98
    endloop
  endfacet
  facet normal 0 0 -1
    outer loop
      vertex 14.488 73.9953 47.98
      vertex 14.488 75.5047 47.98
      vertex 14.55 75.2572 47.98
    endloop
  endfacet
  facet normal 0 0 -1
    outer loop
      vertex 14.4021 73.755 47.98
      vertex 14.488 75.5047 47.98
      vertex 14.488 73.9953 47.98
    endloop
  endfacet
  facet normal 0 0 -1
    outer loop
      vertex 14.4021 73.755 47.98
      vertex 14.4021 75.745 47.98
      vertex 14.488 75.5047 47.98
    endloop
  endfacet
  facet normal 0 0 -1
    outer loop
      vertex 14.293 73.5244 47.98
      vertex 14.4021 75.745 47.98
      vertex 14.4021 73.755 47.98
    endloop
  endfacet
  facet normal 0 0 -1
    outer loop
      vertex 14.293 73.5244 47.98
      vertex 14.293 75.9756 47.98
      vertex 14.4021 75.745 47.98
    endloop
  endfacet
  facet normal 0 0 -1
    outer loop
      vertex 14.1618 73.3055 47.98
      vertex 14.293 75.9756 47.98
      vertex 14.293 73.5244 47.98
    endloop
  endfacet
  facet normal 0 0 -1
    outer loop
      vertex 14.1618 73.3055 47.98
      vertex 14.1618 76.1945 47.98
      vertex 14.293 75.9756 47.98
    endloop
  endfacet
  facet normal 0 0 -1
    outer loop
      vertex 14.0098 73.1006 47.98
      vertex 14.1618 76.1945 47.98
      vertex 14.1618 73.3055 47.98
    endloop
  endfacet
  facet normal 0 0 -1
    outer loop
      vertex 14.0098 73.1006 47.98
      vertex 14.0098 76.3994 47.98
      vertex 14.1618 76.1945 47.98
    endloop
  endfacet
  facet normal 0 0 -1
    outer loop
      vertex 13.8385 72.9115 47.98
      vertex 14.0098 76.3994 47.98
      vertex 14.0098 73.1006 47.98
    endloop
  endfacet
  facet normal 0 0 -1
    outer loop
      vertex 13.8385 72.9115 47.98
      vertex 13.8385 76.5885 47.98
      vertex 14.0098 76.3994 47.98
    endloop
  endfacet
  facet normal 0 0 -1
    outer loop
      vertex 13.6494 72.7402 47.98
      vertex 13.8385 76.5885 47.98
      vertex 13.8385 72.9115 47.98
    endloop
  endfacet
  facet normal 0 0 -1
    outer loop
      vertex 13.6494 72.7402 47.98
      vertex 13.6494 76.7598 47.98
      vertex 13.8385 76.5885 47.98
    endloop
  endfacet
  facet normal 0 0 -1
    outer loop
      vertex 13.4445 72.5882 47.98
      vertex 13.6494 76.7598 47.98
      vertex 13.6494 72.7402 47.98
    endloop
  endfacet
  facet normal 0 0 -1
    outer loop
      vertex 13.4445 72.5882 47.98
      vertex 13.4445 76.9118 47.98
      vertex 13.6494 76.7598 47.98
    endloop
  endfacet
  facet normal 0 0 -1
    outer loop
      vertex 13.2256 72.457 47.98
      vertex 13.4445 76.9118 47.98
      vertex 13.4445 72.5882 47.98
    endloop
  endfacet
  facet normal 0 0 -1
    outer loop
      vertex 13.2256 72.457 47.98
      vertex 13.2256 77.043 47.98
      vertex 13.4445 76.9118 47.98
    endloop
  endfacet
  facet normal 0 0 -1
    outer loop
      vertex 12.995 72.3479 47.98
      vertex 13.2256 77.043 47.98
      vertex 13.2256 72.457 47.98
    endloop
  endfacet
  facet normal 0 0 -1
    outer loop
      vertex 12.995 72.3479 47.98
      vertex 12.995 77.1521 47.98
      vertex 13.2256 77.043 47.98
    endloop
  endfacet
  facet normal 0 0 -1
    outer loop
      vertex 12.7547 72.262 47.98
      vertex 12.995 77.1521 47.98
      vertex 12.995 72.3479 47.98
    endloop
  endfacet
  facet normal 0 0 -1
    outer loop
      vertex 12.7547 72.262 47.98
      vertex 12.7547 77.238 47.98
      vertex 12.995 77.1521 47.98
    endloop
  endfacet
  facet normal 0 0 -1
    outer loop
      vertex 12.5072 72.2 47.98
      vertex 12.7547 77.238 47.98
      vertex 12.7547 72.262 47.98
    endloop
  endfacet
  facet normal 0 0 -1
    outer loop
      vertex 12.5072 72.2 47.98
      vertex 12.5072 77.3 47.98
      vertex 12.7547 77.238 47.98
    endloop
  endfacet
  facet normal 0 0 -1
    outer loop
      vertex 12.2548 72.1625 47.98
      vertex 12.5072 77.3 47.98
      vertex 12.5072 72.2 47.98
    endloop
  endfacet
  facet normal 0 0 -1
    outer loop
      vertex 12.2548 72.1625 47.98
      vertex 12.2548 77.3375 47.98
      vertex 12.5072 77.3 47.98
    endloop
  endfacet
  facet normal 0 0 -1
    outer loop
      vertex 12 72.15 47.98
      vertex 12.2548 77.3375 47.98
      vertex 12.2548 72.1625 47.98
    endloop
  endfacet
  facet normal 0 0 -1
    outer loop
      vertex 12 72.15 47.98
      vertex 12 77.35 47.98
      vertex 12.2548 77.3375 47.98
    endloop
  endfacet
  facet normal 0 0 -1
    outer loop
      vertex 11.7452 72.1625 47.98
      vertex 12 77.35 47.98
      vertex 12 72.15 47.98
    endloop
  endfacet
  facet normal 0 0 -1
    outer loop
      vertex 11.7452 72.1625 47.98
      vertex 11.7452 77.3375 47.98
      vertex 12 77.35 47.98
    endloop
  endfacet
  facet normal 0 0 -1
    outer loop
      vertex 11.4928 72.2 47.98
      vertex 11.7452 77.3375 47.98
      vertex 11.7452 72.1625 47.98
    endloop
  endfacet
  facet normal 0 0 -1
    outer loop
      vertex 11.4928 72.2 47.98
      vertex 11.4928 77.3 47.98
      vertex 11.7452 77.3375 47.98
    endloop
  endfacet
  facet normal 0 0 -1
    outer loop
      vertex 11.2453 72.262 47.98
      vertex 11.4928 77.3 47.98
      vertex 11.4928 72.2 47.98
    endloop
  endfacet
  facet normal 0 0 -1
    outer loop
      vertex 11.2453 72.262 47.98
      vertex 11.2453 77.238 47.98
      vertex 11.4928 77.3 47.98
    endloop
  endfacet
  facet normal 0 0 -1
    outer loop
      vertex 11.005 72.3479 47.98
      vertex 11.2453 77.238 47.98
      vertex 11.2453 72.262 47.98
    endloop
  endfacet
  facet normal 0 0 -1
    outer loop
      vertex 11.005 72.3479 47.98
      vertex 11.005 77.1521 47.98
      vertex 11.2453 77.238 47.98
    endloop
  endfacet
  facet normal 0 0 -1
    outer loop
      vertex 10.7744 72.457 47.98
      vertex 11.005 77.1521 47.98
      vertex 11.005 72.3479 47.98
    endloop
  endfacet
  facet normal 0 0 -1
    outer loop
      vertex 10.7744 72.457 47.98
      vertex 10.7744 77.043 47.98
      vertex 11.005 77.1521 47.98
    endloop
  endfacet
  facet normal 0 0 -1
    outer loop
      vertex 10.5555 72.5882 47.98
      vertex 10.7744 77.043 47.98
      vertex 10.7744 72.457 47.98
    endloop
  endfacet
  facet normal 0 0 -1
    outer loop
      vertex 10.5555 72.5882 47.98
      vertex 10.5555 76.9118 47.98
      vertex 10.7744 77.043 47.98
    endloop
  endfacet
  facet normal 0 0 -1
    outer loop
      vertex 10.3506 72.7402 47.98
      vertex 10.5555 76.9118 47.98
      vertex 10.5555 72.5882 47.98
    endloop
  endfacet
  facet normal 0 0 -1
    outer loop
      vertex 10.3506 72.7402 47.98
      vertex 10.3506 76.7598 47.98
      vertex 10.5555 76.9118 47.98
    endloop
  endfacet
  facet normal 0 0 -1
    outer loop
      vertex 10.1615 72.9115 47.98
      vertex 10.3506 76.7598 47.98
      vertex 10.3506 72.7402 47.98
    endloop
  endfacet
  facet normal 0 0 -1
    outer loop
      vertex 10.1615 72.9115 47.98
      vertex 10.1615 76.5885 47.98
      vertex 10.3506 76.7598 47.98
    endloop
  endfacet
  facet normal 0 0 -1
    outer loop
      vertex 9.99017 73.1006 47.98
      vertex 10.1615 76.5885 47.98
      vertex 10.1615 72.9115 47.98
    endloop
  endfacet
  facet normal 0 0 -1
    outer loop
      vertex 9.99017 73.1006 47.98
      vertex 9.99017 76.3994 47.98
      vertex 10.1615 76.5885 47.98
    endloop
  endfacet
  facet normal 0 0 -1
    outer loop
      vertex 9.83818 73.3055 47.98
      vertex 9.99017 76.3994 47.98
      vertex 9.99017 73.1006 47.98
    endloop
  endfacet
  facet normal 0 0 -1
    outer loop
      vertex 9.83818 73.3055 47.98
      vertex 9.83818 76.1945 47.98
      vertex 9.99017 76.3994 47.98
    endloop
  endfacet
  facet normal 0 0 -1
    outer loop
      vertex 9.707 73.5244 47.98
      vertex 9.83818 76.1945 47.98
      vertex 9.83818 73.3055 47.98
    endloop
  endfacet
  facet normal 0 0 -1
    outer loop
      vertex 9.707 73.5244 47.98
      vertex 9.707 75.9756 47.98
      vertex 9.83818 76.1945 47.98
    endloop
  endfacet
  facet normal 0 0 -1
    outer loop
      vertex 9.59791 73.755 47.98
      vertex 9.707 75.9756 47.98
      vertex 9.707 73.5244 47.98
    endloop
  endfacet
  facet normal 0 0 -1
    outer loop
      vertex 9.59791 73.755 47.98
      vertex 9.59791 75.745 47.98
      vertex 9.707 75.9756 47.98
    endloop
  endfacet
  facet normal 0 0 -1
    outer loop
      vertex 9.51195 73.9953 47.98
      vertex 9.59791 75.745 47.98
      vertex 9.59791 73.755 47.98
    endloop
  endfacet
  facet normal 0 0 -1
    outer loop
      vertex 9.51195 73.9953 47.98
      vertex 9.51195 75.5047 47.98
      vertex 9.59791 75.745 47.98
    endloop
  endfacet
  facet normal 0 0 -1
    outer loop
      vertex 9.44996 74.2428 47.98
      vertex 9.51195 75.5047 47.98
      vertex 9.51195 73.9953 47.98
    endloop
  endfacet
  facet normal 0 0 -1
    outer loop
      vertex 9.44996 74.2428 47.98
      vertex 9.44996 75.2572 47.98
      vertex 9.51195 75.5047 47.98
    endloop
  endfacet
  facet normal 0 0 -1
    outer loop
      vertex 9.41252 74.4952 47.98
      vertex 9.44996 75.2572 47.98
      vertex 9.44996 74.2428 47.98
    endloop
  endfacet
  facet normal 0 0 -1
    outer loop
      vertex 9.41252 74.4952 47.98
      vertex 9.41252 75.0048 47.98
      vertex 9.44996 75.2572 47.98
    endloop
  endfacet
  facet normal 0 -0 -1
    outer loop
      vertex 9.41252 75.0048 47.98
      vertex 9.41252 74.4952 47.98
      vertex 9.4 74.75 47.98
    endloop
  endfacet
  facet normal 0.242997 0.970027 -0
    outer loop
      vertex 11.4928 72.2 45
      vertex 11.2453 72.262 47.98
      vertex 11.4928 72.2 47.98
    endloop
  endfacet
  facet normal 0.242997 0.970027 0
    outer loop
      vertex 11.2453 72.262 47.98
      vertex 11.4928 72.2 45
      vertex 11.2453 72.262 45
    endloop
  endfacet
  facet normal 0.59579 0.80314 -0
    outer loop
      vertex 10.5555 72.5882 45
      vertex 10.3506 72.7402 47.98
      vertex 10.5555 72.5882 47.98
    endloop
  endfacet
  facet normal 0.59579 0.80314 0
    outer loop
      vertex 10.3506 72.7402 47.98
      vertex 10.5555 72.5882 45
      vertex 10.3506 72.7402 45
    endloop
  endfacet
  facet normal 0.427665 0.903937 -0
    outer loop
      vertex 11.005 72.3479 45
      vertex 10.7744 72.457 47.98
      vertex 11.005 72.3479 47.98
    endloop
  endfacet
  facet normal 0.427665 0.903937 0
    outer loop
      vertex 10.7744 72.457 47.98
      vertex 11.005 72.3479 45
      vertex 10.7744 72.457 45
    endloop
  endfacet
  facet normal 0.998795 -0.0490774 0
    outer loop
      vertex 9.4 74.75 47.98
      vertex 9.41252 75.0048 45
      vertex 9.41252 75.0048 47.98
    endloop
  endfacet
  facet normal 0.998795 -0.0490774 0
    outer loop
      vertex 9.41252 75.0048 45
      vertex 9.4 74.75 47.98
      vertex 9.4 74.75 45
    endloop
  endfacet
  facet normal 0.998795 0.0490774 0
    outer loop
      vertex 9.41252 74.4952 47.98
      vertex 9.4 74.75 45
      vertex 9.4 74.75 47.98
    endloop
  endfacet
  facet normal 0.998795 0.0490774 0
    outer loop
      vertex 9.4 74.75 45
      vertex 9.41252 74.4952 47.98
      vertex 9.41252 74.4952 45
    endloop
  endfacet
  facet normal 0.903952 0.427633 0
    outer loop
      vertex 9.707 73.5244 47.98
      vertex 9.59791 73.755 45
      vertex 9.59791 73.755 47.98
    endloop
  endfacet
  facet normal 0.903952 0.427633 0
    outer loop
      vertex 9.59791 73.755 45
      vertex 9.707 73.5244 47.98
      vertex 9.707 73.5244 45
    endloop
  endfacet
  facet normal 0.741069 0.671429 0
    outer loop
      vertex 10.1615 72.9115 47.98
      vertex 9.99017 73.1006 45
      vertex 9.99017 73.1006 47.98
    endloop
  endfacet
  facet normal 0.741069 0.671429 0
    outer loop
      vertex 9.99017 73.1006 45
      vertex 10.1615 72.9115 47.98
      vertex 10.1615 72.9115 45
    endloop
  endfacet
  facet normal -0.146961 -0.989142 0
    outer loop
      vertex 98.2548 77.3375 45
      vertex 98.5072 77.3 47.98
      vertex 98.2548 77.3375 47.98
    endloop
  endfacet
  facet normal -0.146961 -0.989142 -0
    outer loop
      vertex 98.5072 77.3 47.98
      vertex 98.2548 77.3375 45
      vertex 98.5072 77.3 45
    endloop
  endfacet
  facet normal -0.336609 -0.941644 0
    outer loop
      vertex 98.7547 77.238 45
      vertex 98.995 77.1521 47.98
      vertex 98.7547 77.238 47.98
    endloop
  endfacet
  facet normal -0.336609 -0.941644 -0
    outer loop
      vertex 98.995 77.1521 47.98
      vertex 98.7547 77.238 45
      vertex 98.995 77.1521 45
    endloop
  endfacet
  facet normal -0.989425 -0.145043 0
    outer loop
      vertex 100.587 75.0048 45
      vertex 100.55 75.2572 47.98
      vertex 100.55 75.2572 45
    endloop
  endfacet
  facet normal -0.989425 -0.145043 0
    outer loop
      vertex 100.55 75.2572 47.98
      vertex 100.587 75.0048 45
      vertex 100.587 75.0048 47.98
    endloop
  endfacet
  facet normal -0.998701 -0.0509541 0
    outer loop
      vertex 100.6 74.75 45
      vertex 100.587 75.0048 47.98
      vertex 100.587 75.0048 45
    endloop
  endfacet
  facet normal -0.998701 -0.0509541 0
    outer loop
      vertex 100.587 75.0048 47.98
      vertex 100.6 74.75 45
      vertex 100.6 74.75 47.98
    endloop
  endfacet
  facet normal -0.970027 -0.242997 0
    outer loop
      vertex 100.55 75.2572 45
      vertex 100.488 75.5047 47.98
      vertex 100.488 75.5047 45
    endloop
  endfacet
  facet normal -0.970027 -0.242997 0
    outer loop
      vertex 100.488 75.5047 47.98
      vertex 100.55 75.2572 45
      vertex 100.55 75.2572 47.98
    endloop
  endfacet
  facet normal 0.59579 -0.80314 0
    outer loop
      vertex 96.3506 76.7598 45
      vertex 96.5555 76.9118 47.98
      vertex 96.3506 76.7598 47.98
    endloop
  endfacet
  facet normal 0.59579 -0.80314 0
    outer loop
      vertex 96.5555 76.9118 47.98
      vertex 96.3506 76.7598 45
      vertex 96.5555 76.9118 45
    endloop
  endfacet
  facet normal -0.740737 -0.671795 0
    outer loop
      vertex 100.01 76.3994 45
      vertex 99.8385 76.5885 47.98
      vertex 99.8385 76.5885 45
    endloop
  endfacet
  facet normal -0.740737 -0.671795 0
    outer loop
      vertex 99.8385 76.5885 47.98
      vertex 100.01 76.3994 45
      vertex 100.01 76.3994 47.98
    endloop
  endfacet
  facet normal -0.80314 -0.59579 0
    outer loop
      vertex 100.162 76.1945 45
      vertex 100.01 76.3994 47.98
      vertex 100.01 76.3994 45
    endloop
  endfacet
  facet normal -0.80314 -0.59579 0
    outer loop
      vertex 100.01 76.3994 47.98
      vertex 100.162 76.1945 45
      vertex 100.162 76.1945 47.98
    endloop
  endfacet
  facet normal 0.941644 -0.336609 0
    outer loop
      vertex 95.512 75.5047 47.98
      vertex 95.5979 75.745 45
      vertex 95.5979 75.745 47.98
    endloop
  endfacet
  facet normal 0.941644 -0.336609 0
    outer loop
      vertex 95.5979 75.745 45
      vertex 95.512 75.5047 47.98
      vertex 95.512 75.5047 45
    endloop
  endfacet
  facet normal -0.998701 0.0509541 0
    outer loop
      vertex 100.587 74.4952 45
      vertex 100.6 74.75 47.98
      vertex 100.6 74.75 45
    endloop
  endfacet
  facet normal -0.998701 0.0509541 0
    outer loop
      vertex 100.6 74.75 47.98
      vertex 100.587 74.4952 45
      vertex 100.587 74.4952 47.98
    endloop
  endfacet
  facet normal -0.242997 -0.970027 0
    outer loop
      vertex 98.5072 77.3 45
      vertex 98.7547 77.238 47.98
      vertex 98.5072 77.3 47.98
    endloop
  endfacet
  facet normal -0.242997 -0.970027 -0
    outer loop
      vertex 98.7547 77.238 47.98
      vertex 98.5072 77.3 45
      vertex 98.7547 77.238 45
    endloop
  endfacet
  facet normal -0.514092 0.857735 0
    outer loop
      vertex 99.4445 72.5882 45
      vertex 99.2256 72.457 47.98
      vertex 99.4445 72.5882 47.98
    endloop
  endfacet
  facet normal -0.514092 0.857735 0
    outer loop
      vertex 99.2256 72.457 47.98
      vertex 99.4445 72.5882 45
      vertex 99.2256 72.457 45
    endloop
  endfacet
  facet normal -0.94152 -0.336957 0
    outer loop
      vertex 100.488 75.5047 45
      vertex 100.402 75.745 47.98
      vertex 100.402 75.745 45
    endloop
  endfacet
  facet normal -0.94152 -0.336957 0
    outer loop
      vertex 100.402 75.745 47.98
      vertex 100.488 75.5047 45
      vertex 100.488 75.5047 47.98
    endloop
  endfacet
  facet normal -0.80314 0.59579 0
    outer loop
      vertex 100.01 73.1006 45
      vertex 100.162 73.3055 47.98
      vertex 100.162 73.3055 45
    endloop
  endfacet
  facet normal -0.80314 0.59579 0
    outer loop
      vertex 100.162 73.3055 47.98
      vertex 100.01 73.1006 45
      vertex 100.01 73.1006 47.98
    endloop
  endfacet
  facet normal 0.242997 -0.970027 0
    outer loop
      vertex 97.2453 77.238 45
      vertex 97.4928 77.3 47.98
      vertex 97.2453 77.238 47.98
    endloop
  endfacet
  facet normal 0.242997 -0.970027 0
    outer loop
      vertex 97.4928 77.3 47.98
      vertex 97.2453 77.238 45
      vertex 97.4928 77.3 45
    endloop
  endfacet
  facet normal -0.514092 -0.857735 0
    outer loop
      vertex 99.2256 77.043 45
      vertex 99.4445 76.9118 47.98
      vertex 99.2256 77.043 47.98
    endloop
  endfacet
  facet normal -0.514092 -0.857735 -0
    outer loop
      vertex 99.4445 76.9118 47.98
      vertex 99.2256 77.043 45
      vertex 99.4445 76.9118 45
    endloop
  endfacet
  facet normal 0.514092 0.857735 -0
    outer loop
      vertex 96.7744 72.457 45
      vertex 96.5555 72.5882 47.98
      vertex 96.7744 72.457 47.98
    endloop
  endfacet
  facet normal 0.514092 0.857735 0
    outer loop
      vertex 96.5555 72.5882 47.98
      vertex 96.7744 72.457 45
      vertex 96.5555 72.5882 45
    endloop
  endfacet
  facet normal -0.59579 -0.80314 0
    outer loop
      vertex 99.4445 76.9118 45
      vertex 99.6494 76.7598 47.98
      vertex 99.4445 76.9118 47.98
    endloop
  endfacet
  facet normal -0.59579 -0.80314 -0
    outer loop
      vertex 99.6494 76.7598 47.98
      vertex 99.4445 76.9118 45
      vertex 99.6494 76.7598 45
    endloop
  endfacet
  facet normal -0.970027 0.242997 0
    outer loop
      vertex 100.488 73.9953 45
      vertex 100.55 74.2428 47.98
      vertex 100.55 74.2428 45
    endloop
  endfacet
  facet normal -0.970027 0.242997 0
    outer loop
      vertex 100.55 74.2428 47.98
      vertex 100.488 73.9953 45
      vertex 100.488 73.9953 47.98
    endloop
  endfacet
  facet normal -0.146961 0.989142 0
    outer loop
      vertex 98.5072 72.2 45
      vertex 98.2548 72.1625 47.98
      vertex 98.5072 72.2 47.98
    endloop
  endfacet
  facet normal -0.146961 0.989142 0
    outer loop
      vertex 98.2548 72.1625 47.98
      vertex 98.5072 72.2 45
      vertex 98.2548 72.1625 45
    endloop
  endfacet
  facet normal 0.903937 -0.427665 0
    outer loop
      vertex 95.5979 75.745 47.98
      vertex 95.707 75.9756 45
      vertex 95.707 75.9756 47.98
    endloop
  endfacet
  facet normal 0.903937 -0.427665 0
    outer loop
      vertex 95.707 75.9756 45
      vertex 95.5979 75.745 47.98
      vertex 95.5979 75.745 45
    endloop
  endfacet
  facet normal 0.146961 0.989142 -0
    outer loop
      vertex 97.7452 72.1625 45
      vertex 97.4928 72.2 47.98
      vertex 97.7452 72.1625 47.98
    endloop
  endfacet
  facet normal 0.146961 0.989142 0
    outer loop
      vertex 97.4928 72.2 47.98
      vertex 97.7452 72.1625 45
      vertex 97.4928 72.2 45
    endloop
  endfacet
  facet normal 0.514092 -0.857735 0
    outer loop
      vertex 96.5555 76.9118 45
      vertex 96.7744 77.043 47.98
      vertex 96.5555 76.9118 47.98
    endloop
  endfacet
  facet normal 0.514092 -0.857735 0
    outer loop
      vertex 96.7744 77.043 47.98
      vertex 96.5555 76.9118 45
      vertex 96.7744 77.043 45
    endloop
  endfacet
  facet normal -0.904089 0.427345 0
    outer loop
      vertex 100.293 73.5244 45
      vertex 100.402 73.755 47.98
      vertex 100.402 73.755 45
    endloop
  endfacet
  facet normal -0.904089 0.427345 0
    outer loop
      vertex 100.402 73.755 47.98
      vertex 100.293 73.5244 45
      vertex 100.293 73.5244 47.98
    endloop
  endfacet
  facet normal 0.671365 -0.741127 0
    outer loop
      vertex 96.1615 76.5885 45
      vertex 96.3506 76.7598 47.98
      vertex 96.1615 76.5885 47.98
    endloop
  endfacet
  facet normal 0.671365 -0.741127 0
    outer loop
      vertex 96.3506 76.7598 47.98
      vertex 96.1615 76.5885 45
      vertex 96.3506 76.7598 45
    endloop
  endfacet
  facet normal -0.904089 -0.427345 0
    outer loop
      vertex 100.402 75.745 45
      vertex 100.293 75.9756 47.98
      vertex 100.293 75.9756 45
    endloop
  endfacet
  facet normal -0.904089 -0.427345 0
    outer loop
      vertex 100.293 75.9756 47.98
      vertex 100.402 75.745 45
      vertex 100.402 75.745 47.98
    endloop
  endfacet
  facet normal 0.970027 0.242997 0
    outer loop
      vertex 95.512 73.9953 47.98
      vertex 95.45 74.2428 45
      vertex 95.45 74.2428 47.98
    endloop
  endfacet
  facet normal 0.970027 0.242997 0
    outer loop
      vertex 95.45 74.2428 45
      vertex 95.512 73.9953 47.98
      vertex 95.512 73.9953 45
    endloop
  endfacet
  facet normal -0.0489992 0.998799 0
    outer loop
      vertex 98.2548 72.1625 45
      vertex 98 72.15 47.98
      vertex 98.2548 72.1625 47.98
    endloop
  endfacet
  facet normal -0.0489992 0.998799 0
    outer loop
      vertex 98 72.15 47.98
      vertex 98.2548 72.1625 45
      vertex 98 72.15 45
    endloop
  endfacet
  facet normal -0.427665 0.903937 0
    outer loop
      vertex 99.2256 72.457 45
      vertex 98.995 72.3479 47.98
      vertex 99.2256 72.457 47.98
    endloop
  endfacet
  facet normal -0.427665 0.903937 0
    outer loop
      vertex 98.995 72.3479 47.98
      vertex 99.2256 72.457 45
      vertex 98.995 72.3479 45
    endloop
  endfacet
  facet normal -0.427665 -0.903937 0
    outer loop
      vertex 98.995 77.1521 45
      vertex 99.2256 77.043 47.98
      vertex 98.995 77.1521 47.98
    endloop
  endfacet
  facet normal -0.427665 -0.903937 -0
    outer loop
      vertex 99.2256 77.043 47.98
      vertex 98.995 77.1521 45
      vertex 99.2256 77.043 45
    endloop
  endfacet
  facet normal -0.85808 0.513515 0
    outer loop
      vertex 100.162 73.3055 45
      vertex 100.293 73.5244 47.98
      vertex 100.293 73.5244 45
    endloop
  endfacet
  facet normal -0.85808 0.513515 0
    outer loop
      vertex 100.293 73.5244 47.98
      vertex 100.162 73.3055 45
      vertex 100.162 73.3055 47.98
    endloop
  endfacet
  facet normal -0.671365 0.741127 0
    outer loop
      vertex 99.8385 72.9115 45
      vertex 99.6494 72.7402 47.98
      vertex 99.8385 72.9115 47.98
    endloop
  endfacet
  facet normal -0.671365 0.741127 0
    outer loop
      vertex 99.6494 72.7402 47.98
      vertex 99.8385 72.9115 45
      vertex 99.6494 72.7402 45
    endloop
  endfacet
  facet normal 0.941644 0.336609 0
    outer loop
      vertex 95.5979 73.755 47.98
      vertex 95.512 73.9953 45
      vertex 95.512 73.9953 47.98
    endloop
  endfacet
  facet normal 0.941644 0.336609 0
    outer loop
      vertex 95.512 73.9953 45
      vertex 95.5979 73.755 47.98
      vertex 95.5979 73.755 45
    endloop
  endfacet
  facet normal -0.336609 0.941644 0
    outer loop
      vertex 98.995 72.3479 45
      vertex 98.7547 72.262 47.98
      vertex 98.995 72.3479 47.98
    endloop
  endfacet
  facet normal -0.336609 0.941644 0
    outer loop
      vertex 98.7547 72.262 47.98
      vertex 98.995 72.3479 45
      vertex 98.7547 72.262 45
    endloop
  endfacet
  facet normal 0.989142 -0.146961 0
    outer loop
      vertex 95.4125 75.0048 47.98
      vertex 95.45 75.2572 45
      vertex 95.45 75.2572 47.98
    endloop
  endfacet
  facet normal 0.989142 -0.146961 0
    outer loop
      vertex 95.45 75.2572 45
      vertex 95.4125 75.0048 47.98
      vertex 95.4125 75.0048 45
    endloop
  endfacet
  facet normal -0.989425 0.145043 0
    outer loop
      vertex 100.55 74.2428 45
      vertex 100.587 74.4952 47.98
      vertex 100.587 74.4952 45
    endloop
  endfacet
  facet normal -0.989425 0.145043 0
    outer loop
      vertex 100.587 74.4952 47.98
      vertex 100.55 74.2428 45
      vertex 100.55 74.2428 47.98
    endloop
  endfacet
  facet normal 0.336609 -0.941644 0
    outer loop
      vertex 97.005 77.1521 45
      vertex 97.2453 77.238 47.98
      vertex 97.005 77.1521 47.98
    endloop
  endfacet
  facet normal 0.336609 -0.941644 0
    outer loop
      vertex 97.2453 77.238 47.98
      vertex 97.005 77.1521 45
      vertex 97.2453 77.238 45
    endloop
  endfacet
  facet normal 0.903937 0.427665 0
    outer loop
      vertex 95.707 73.5244 47.98
      vertex 95.5979 73.755 45
      vertex 95.5979 73.755 47.98
    endloop
  endfacet
  facet normal 0.903937 0.427665 0
    outer loop
      vertex 95.5979 73.755 45
      vertex 95.707 73.5244 47.98
      vertex 95.707 73.5244 45
    endloop
  endfacet
  facet normal -0.671365 -0.741127 0
    outer loop
      vertex 99.6494 76.7598 45
      vertex 99.8385 76.5885 47.98
      vertex 99.6494 76.7598 47.98
    endloop
  endfacet
  facet normal -0.671365 -0.741127 -0
    outer loop
      vertex 99.8385 76.5885 47.98
      vertex 99.6494 76.7598 45
      vertex 99.8385 76.5885 45
    endloop
  endfacet
  facet normal 0.671365 0.741127 -0
    outer loop
      vertex 96.3506 72.7402 45
      vertex 96.1615 72.9115 47.98
      vertex 96.3506 72.7402 47.98
    endloop
  endfacet
  facet normal 0.671365 0.741127 0
    outer loop
      vertex 96.1615 72.9115 47.98
      vertex 96.3506 72.7402 45
      vertex 96.1615 72.9115 45
    endloop
  endfacet
  facet normal 0.146961 -0.989142 0
    outer loop
      vertex 97.4928 77.3 45
      vertex 97.7452 77.3375 47.98
      vertex 97.4928 77.3 47.98
    endloop
  endfacet
  facet normal 0.146961 -0.989142 0
    outer loop
      vertex 97.7452 77.3375 47.98
      vertex 97.4928 77.3 45
      vertex 97.7452 77.3375 45
    endloop
  endfacet
  facet normal 0.427665 -0.903937 0
    outer loop
      vertex 96.7744 77.043 45
      vertex 97.005 77.1521 47.98
      vertex 96.7744 77.043 47.98
    endloop
  endfacet
  facet normal 0.427665 -0.903937 0
    outer loop
      vertex 97.005 77.1521 47.98
      vertex 96.7744 77.043 45
      vertex 97.005 77.1521 45
    endloop
  endfacet
  facet normal -0.85808 -0.513515 0
    outer loop
      vertex 100.293 75.9756 45
      vertex 100.162 76.1945 47.98
      vertex 100.162 76.1945 45
    endloop
  endfacet
  facet normal -0.85808 -0.513515 0
    outer loop
      vertex 100.162 76.1945 47.98
      vertex 100.293 75.9756 45
      vertex 100.293 75.9756 47.98
    endloop
  endfacet
  facet normal -0.740737 0.671795 0
    outer loop
      vertex 99.8385 72.9115 45
      vertex 100.01 73.1006 47.98
      vertex 100.01 73.1006 45
    endloop
  endfacet
  facet normal -0.740737 0.671795 0
    outer loop
      vertex 100.01 73.1006 47.98
      vertex 99.8385 72.9115 45
      vertex 99.8385 72.9115 47.98
    endloop
  endfacet
  facet normal 0.857735 -0.514092 0
    outer loop
      vertex 95.707 75.9756 47.98
      vertex 95.8382 76.1945 45
      vertex 95.8382 76.1945 47.98
    endloop
  endfacet
  facet normal 0.857735 -0.514092 0
    outer loop
      vertex 95.8382 76.1945 45
      vertex 95.707 75.9756 47.98
      vertex 95.707 75.9756 45
    endloop
  endfacet
  facet normal -0.94152 0.336957 0
    outer loop
      vertex 100.402 73.755 45
      vertex 100.488 73.9953 47.98
      vertex 100.488 73.9953 45
    endloop
  endfacet
  facet normal -0.94152 0.336957 0
    outer loop
      vertex 100.488 73.9953 47.98
      vertex 100.402 73.755 45
      vertex 100.402 73.755 47.98
    endloop
  endfacet
  facet normal 0.970027 -0.242997 0
    outer loop
      vertex 95.45 75.2572 47.98
      vertex 95.512 75.5047 45
      vertex 95.512 75.5047 47.98
    endloop
  endfacet
  facet normal 0.970027 -0.242997 0
    outer loop
      vertex 95.512 75.5047 45
      vertex 95.45 75.2572 47.98
      vertex 95.45 75.2572 45
    endloop
  endfacet
  facet normal 0.0489992 -0.998799 0
    outer loop
      vertex 97.7452 77.3375 45
      vertex 98 77.35 47.98
      vertex 97.7452 77.3375 47.98
    endloop
  endfacet
  facet normal 0.0489992 -0.998799 0
    outer loop
      vertex 98 77.35 47.98
      vertex 97.7452 77.3375 45
      vertex 98 77.35 45
    endloop
  endfacet
  facet normal 0.80314 0.59579 0
    outer loop
      vertex 95.9902 73.1006 47.98
      vertex 95.8382 73.3055 45
      vertex 95.8382 73.3055 47.98
    endloop
  endfacet
  facet normal 0.80314 0.59579 0
    outer loop
      vertex 95.8382 73.3055 45
      vertex 95.9902 73.1006 47.98
      vertex 95.9902 73.1006 45
    endloop
  endfacet
  facet normal 0.989142 0.146961 0
    outer loop
      vertex 95.45 74.2428 47.98
      vertex 95.4125 74.4952 45
      vertex 95.4125 74.4952 47.98
    endloop
  endfacet
  facet normal 0.989142 0.146961 0
    outer loop
      vertex 95.4125 74.4952 45
      vertex 95.45 74.2428 47.98
      vertex 95.45 74.2428 45
    endloop
  endfacet
  facet normal 0.857735 0.514092 0
    outer loop
      vertex 95.8382 73.3055 47.98
      vertex 95.707 73.5244 45
      vertex 95.707 73.5244 47.98
    endloop
  endfacet
  facet normal 0.857735 0.514092 0
    outer loop
      vertex 95.707 73.5244 45
      vertex 95.8382 73.3055 47.98
      vertex 95.8382 73.3055 45
    endloop
  endfacet
  facet normal 0.741127 -0.671365 0
    outer loop
      vertex 95.9902 76.3994 47.98
      vertex 96.1615 76.5885 45
      vertex 96.1615 76.5885 47.98
    endloop
  endfacet
  facet normal 0.741127 -0.671365 0
    outer loop
      vertex 96.1615 76.5885 45
      vertex 95.9902 76.3994 47.98
      vertex 95.9902 76.3994 45
    endloop
  endfacet
  facet normal 0.0489992 0.998799 -0
    outer loop
      vertex 98 72.15 45
      vertex 97.7452 72.1625 47.98
      vertex 98 72.15 47.98
    endloop
  endfacet
  facet normal 0.0489992 0.998799 0
    outer loop
      vertex 97.7452 72.1625 47.98
      vertex 98 72.15 45
      vertex 97.7452 72.1625 45
    endloop
  endfacet
  facet normal -0.59579 0.80314 0
    outer loop
      vertex 99.6494 72.7402 45
      vertex 99.4445 72.5882 47.98
      vertex 99.6494 72.7402 47.98
    endloop
  endfacet
  facet normal -0.59579 0.80314 0
    outer loop
      vertex 99.4445 72.5882 47.98
      vertex 99.6494 72.7402 45
      vertex 99.4445 72.5882 45
    endloop
  endfacet
  facet normal -0.0489992 -0.998799 0
    outer loop
      vertex 98 77.35 45
      vertex 98.2548 77.3375 47.98
      vertex 98 77.35 47.98
    endloop
  endfacet
  facet normal -0.0489992 -0.998799 -0
    outer loop
      vertex 98.2548 77.3375 47.98
      vertex 98 77.35 45
      vertex 98.2548 77.3375 45
    endloop
  endfacet
  facet normal 0.80314 -0.59579 0
    outer loop
      vertex 95.8382 76.1945 47.98
      vertex 95.9902 76.3994 45
      vertex 95.9902 76.3994 47.98
    endloop
  endfacet
  facet normal 0.80314 -0.59579 0
    outer loop
      vertex 95.9902 76.3994 45
      vertex 95.8382 76.1945 47.98
      vertex 95.8382 76.1945 45
    endloop
  endfacet
  facet normal -0.242997 0.970027 0
    outer loop
      vertex 98.7547 72.262 45
      vertex 98.5072 72.2 47.98
      vertex 98.7547 72.262 47.98
    endloop
  endfacet
  facet normal -0.242997 0.970027 0
    outer loop
      vertex 98.5072 72.2 47.98
      vertex 98.7547 72.262 45
      vertex 98.5072 72.2 45
    endloop
  endfacet
  facet normal 0.336609 0.941644 -0
    outer loop
      vertex 97.2453 72.262 45
      vertex 97.005 72.3479 47.98
      vertex 97.2453 72.262 47.98
    endloop
  endfacet
  facet normal 0.336609 0.941644 0
    outer loop
      vertex 97.005 72.3479 47.98
      vertex 97.2453 72.262 45
      vertex 97.005 72.3479 45
    endloop
  endfacet
  facet normal 0 0 -1
    outer loop
      vertex 100.587 74.4952 47.98
      vertex 100.587 75.0048 47.98
      vertex 100.6 74.75 47.98
    endloop
  endfacet
  facet normal 0 0 -1
    outer loop
      vertex 100.55 74.2428 47.98
      vertex 100.587 75.0048 47.98
      vertex 100.587 74.4952 47.98
    endloop
  endfacet
  facet normal 0 0 -1
    outer loop
      vertex 100.55 74.2428 47.98
      vertex 100.55 75.2572 47.98
      vertex 100.587 75.0048 47.98
    endloop
  endfacet
  facet normal 0 0 -1
    outer loop
      vertex 100.488 73.9953 47.98
      vertex 100.55 75.2572 47.98
      vertex 100.55 74.2428 47.98
    endloop
  endfacet
  facet normal 0 0 -1
    outer loop
      vertex 100.488 73.9953 47.98
      vertex 100.488 75.5047 47.98
      vertex 100.55 75.2572 47.98
    endloop
  endfacet
  facet normal 0 0 -1
    outer loop
      vertex 100.402 73.755 47.98
      vertex 100.488 75.5047 47.98
      vertex 100.488 73.9953 47.98
    endloop
  endfacet
  facet normal 0 0 -1
    outer loop
      vertex 100.402 73.755 47.98
      vertex 100.402 75.745 47.98
      vertex 100.488 75.5047 47.98
    endloop
  endfacet
  facet normal 0 0 -1
    outer loop
      vertex 100.293 73.5244 47.98
      vertex 100.402 75.745 47.98
      vertex 100.402 73.755 47.98
    endloop
  endfacet
  facet normal 0 0 -1
    outer loop
      vertex 100.293 73.5244 47.98
      vertex 100.293 75.9756 47.98
      vertex 100.402 75.745 47.98
    endloop
  endfacet
  facet normal 0 0 -1
    outer loop
      vertex 100.162 73.3055 47.98
      vertex 100.293 75.9756 47.98
      vertex 100.293 73.5244 47.98
    endloop
  endfacet
  facet normal 0 0 -1
    outer loop
      vertex 100.162 73.3055 47.98
      vertex 100.162 76.1945 47.98
      vertex 100.293 75.9756 47.98
    endloop
  endfacet
  facet normal 0 0 -1
    outer loop
      vertex 100.01 73.1006 47.98
      vertex 100.162 76.1945 47.98
      vertex 100.162 73.3055 47.98
    endloop
  endfacet
  facet normal 0 0 -1
    outer loop
      vertex 100.01 73.1006 47.98
      vertex 100.01 76.3994 47.98
      vertex 100.162 76.1945 47.98
    endloop
  endfacet
  facet normal 0 0 -1
    outer loop
      vertex 99.8385 72.9115 47.98
      vertex 100.01 76.3994 47.98
      vertex 100.01 73.1006 47.98
    endloop
  endfacet
  facet normal 0 0 -1
    outer loop
      vertex 99.8385 72.9115 47.98
      vertex 99.8385 76.5885 47.98
      vertex 100.01 76.3994 47.98
    endloop
  endfacet
  facet normal 0 0 -1
    outer loop
      vertex 99.6494 72.7402 47.98
      vertex 99.8385 76.5885 47.98
      vertex 99.8385 72.9115 47.98
    endloop
  endfacet
  facet normal 0 0 -1
    outer loop
      vertex 99.6494 72.7402 47.98
      vertex 99.6494 76.7598 47.98
      vertex 99.8385 76.5885 47.98
    endloop
  endfacet
  facet normal 0 0 -1
    outer loop
      vertex 99.4445 72.5882 47.98
      vertex 99.6494 76.7598 47.98
      vertex 99.6494 72.7402 47.98
    endloop
  endfacet
  facet normal 0 0 -1
    outer loop
      vertex 99.4445 72.5882 47.98
      vertex 99.4445 76.9118 47.98
      vertex 99.6494 76.7598 47.98
    endloop
  endfacet
  facet normal 0 0 -1
    outer loop
      vertex 99.2256 72.457 47.98
      vertex 99.4445 76.9118 47.98
      vertex 99.4445 72.5882 47.98
    endloop
  endfacet
  facet normal 0 0 -1
    outer loop
      vertex 99.2256 72.457 47.98
      vertex 99.2256 77.043 47.98
      vertex 99.4445 76.9118 47.98
    endloop
  endfacet
  facet normal 0 0 -1
    outer loop
      vertex 98.995 72.3479 47.98
      vertex 99.2256 77.043 47.98
      vertex 99.2256 72.457 47.98
    endloop
  endfacet
  facet normal 0 0 -1
    outer loop
      vertex 98.995 72.3479 47.98
      vertex 98.995 77.1521 47.98
      vertex 99.2256 77.043 47.98
    endloop
  endfacet
  facet normal 0 0 -1
    outer loop
      vertex 98.7547 72.262 47.98
      vertex 98.995 77.1521 47.98
      vertex 98.995 72.3479 47.98
    endloop
  endfacet
  facet normal 0 0 -1
    outer loop
      vertex 98.7547 72.262 47.98
      vertex 98.7547 77.238 47.98
      vertex 98.995 77.1521 47.98
    endloop
  endfacet
  facet normal 0 0 -1
    outer loop
      vertex 98.5072 72.2 47.98
      vertex 98.7547 77.238 47.98
      vertex 98.7547 72.262 47.98
    endloop
  endfacet
  facet normal 0 0 -1
    outer loop
      vertex 98.5072 72.2 47.98
      vertex 98.5072 77.3 47.98
      vertex 98.7547 77.238 47.98
    endloop
  endfacet
  facet normal 0 0 -1
    outer loop
      vertex 98.2548 72.1625 47.98
      vertex 98.5072 77.3 47.98
      vertex 98.5072 72.2 47.98
    endloop
  endfacet
  facet normal 0 0 -1
    outer loop
      vertex 98.2548 72.1625 47.98
      vertex 98.2548 77.3375 47.98
      vertex 98.5072 77.3 47.98
    endloop
  endfacet
  facet normal 0 0 -1
    outer loop
      vertex 98 72.15 47.98
      vertex 98.2548 77.3375 47.98
      vertex 98.2548 72.1625 47.98
    endloop
  endfacet
  facet normal 0 0 -1
    outer loop
      vertex 98 72.15 47.98
      vertex 98 77.35 47.98
      vertex 98.2548 77.3375 47.98
    endloop
  endfacet
  facet normal 0 0 -1
    outer loop
      vertex 97.7452 72.1625 47.98
      vertex 98 77.35 47.98
      vertex 98 72.15 47.98
    endloop
  endfacet
  facet normal 0 0 -1
    outer loop
      vertex 97.7452 72.1625 47.98
      vertex 97.7452 77.3375 47.98
      vertex 98 77.35 47.98
    endloop
  endfacet
  facet normal 0 0 -1
    outer loop
      vertex 97.4928 72.2 47.98
      vertex 97.7452 77.3375 47.98
      vertex 97.7452 72.1625 47.98
    endloop
  endfacet
  facet normal 0 0 -1
    outer loop
      vertex 97.4928 72.2 47.98
      vertex 97.4928 77.3 47.98
      vertex 97.7452 77.3375 47.98
    endloop
  endfacet
  facet normal 0 0 -1
    outer loop
      vertex 97.2453 72.262 47.98
      vertex 97.4928 77.3 47.98
      vertex 97.4928 72.2 47.98
    endloop
  endfacet
  facet normal 0 0 -1
    outer loop
      vertex 97.2453 72.262 47.98
      vertex 97.2453 77.238 47.98
      vertex 97.4928 77.3 47.98
    endloop
  endfacet
  facet normal 0 0 -1
    outer loop
      vertex 97.005 72.3479 47.98
      vertex 97.2453 77.238 47.98
      vertex 97.2453 72.262 47.98
    endloop
  endfacet
  facet normal 0 0 -1
    outer loop
      vertex 97.005 72.3479 47.98
      vertex 97.005 77.1521 47.98
      vertex 97.2453 77.238 47.98
    endloop
  endfacet
  facet normal 0 0 -1
    outer loop
      vertex 96.7744 72.457 47.98
      vertex 97.005 77.1521 47.98
      vertex 97.005 72.3479 47.98
    endloop
  endfacet
  facet normal 0 0 -1
    outer loop
      vertex 96.7744 72.457 47.98
      vertex 96.7744 77.043 47.98
      vertex 97.005 77.1521 47.98
    endloop
  endfacet
  facet normal 0 0 -1
    outer loop
      vertex 96.5555 72.5882 47.98
      vertex 96.7744 77.043 47.98
      vertex 96.7744 72.457 47.98
    endloop
  endfacet
  facet normal 0 0 -1
    outer loop
      vertex 96.5555 72.5882 47.98
      vertex 96.5555 76.9118 47.98
      vertex 96.7744 77.043 47.98
    endloop
  endfacet
  facet normal 0 0 -1
    outer loop
      vertex 96.3506 72.7402 47.98
      vertex 96.5555 76.9118 47.98
      vertex 96.5555 72.5882 47.98
    endloop
  endfacet
  facet normal 0 0 -1
    outer loop
      vertex 96.3506 72.7402 47.98
      vertex 96.3506 76.7598 47.98
      vertex 96.5555 76.9118 47.98
    endloop
  endfacet
  facet normal 0 0 -1
    outer loop
      vertex 96.1615 72.9115 47.98
      vertex 96.3506 76.7598 47.98
      vertex 96.3506 72.7402 47.98
    endloop
  endfacet
  facet normal 0 0 -1
    outer loop
      vertex 96.1615 72.9115 47.98
      vertex 96.1615 76.5885 47.98
      vertex 96.3506 76.7598 47.98
    endloop
  endfacet
  facet normal 0 0 -1
    outer loop
      vertex 95.9902 73.1006 47.98
      vertex 96.1615 76.5885 47.98
      vertex 96.1615 72.9115 47.98
    endloop
  endfacet
  facet normal 0 0 -1
    outer loop
      vertex 95.9902 73.1006 47.98
      vertex 95.9902 76.3994 47.98
      vertex 96.1615 76.5885 47.98
    endloop
  endfacet
  facet normal 0 0 -1
    outer loop
      vertex 95.8382 73.3055 47.98
      vertex 95.9902 76.3994 47.98
      vertex 95.9902 73.1006 47.98
    endloop
  endfacet
  facet normal 0 0 -1
    outer loop
      vertex 95.8382 73.3055 47.98
      vertex 95.8382 76.1945 47.98
      vertex 95.9902 76.3994 47.98
    endloop
  endfacet
  facet normal 0 0 -1
    outer loop
      vertex 95.707 73.5244 47.98
      vertex 95.8382 76.1945 47.98
      vertex 95.8382 73.3055 47.98
    endloop
  endfacet
  facet normal 0 0 -1
    outer loop
      vertex 95.707 73.5244 47.98
      vertex 95.707 75.9756 47.98
      vertex 95.8382 76.1945 47.98
    endloop
  endfacet
  facet normal 0 0 -1
    outer loop
      vertex 95.5979 73.755 47.98
      vertex 95.707 75.9756 47.98
      vertex 95.707 73.5244 47.98
    endloop
  endfacet
  facet normal 0 0 -1
    outer loop
      vertex 95.5979 73.755 47.98
      vertex 95.5979 75.745 47.98
      vertex 95.707 75.9756 47.98
    endloop
  endfacet
  facet normal 0 0 -1
    outer loop
      vertex 95.512 73.9953 47.98
      vertex 95.5979 75.745 47.98
      vertex 95.5979 73.755 47.98
    endloop
  endfacet
  facet normal 0 0 -1
    outer loop
      vertex 95.512 73.9953 47.98
      vertex 95.512 75.5047 47.98
      vertex 95.5979 75.745 47.98
    endloop
  endfacet
  facet normal 0 0 -1
    outer loop
      vertex 95.45 74.2428 47.98
      vertex 95.512 75.5047 47.98
      vertex 95.512 73.9953 47.98
    endloop
  endfacet
  facet normal 0 0 -1
    outer loop
      vertex 95.45 74.2428 47.98
      vertex 95.45 75.2572 47.98
      vertex 95.512 75.5047 47.98
    endloop
  endfacet
  facet normal 0 0 -1
    outer loop
      vertex 95.4125 74.4952 47.98
      vertex 95.45 75.2572 47.98
      vertex 95.45 74.2428 47.98
    endloop
  endfacet
  facet normal 0 0 -1
    outer loop
      vertex 95.4125 74.4952 47.98
      vertex 95.4125 75.0048 47.98
      vertex 95.45 75.2572 47.98
    endloop
  endfacet
  facet normal 0 -0 -1
    outer loop
      vertex 95.4125 75.0048 47.98
      vertex 95.4125 74.4952 47.98
      vertex 95.4 74.75 47.98
    endloop
  endfacet
  facet normal 0.242997 0.970027 -0
    outer loop
      vertex 97.4928 72.2 45
      vertex 97.2453 72.262 47.98
      vertex 97.4928 72.2 47.98
    endloop
  endfacet
  facet normal 0.242997 0.970027 0
    outer loop
      vertex 97.2453 72.262 47.98
      vertex 97.4928 72.2 45
      vertex 97.2453 72.262 45
    endloop
  endfacet
  facet normal 0.59579 0.80314 -0
    outer loop
      vertex 96.5555 72.5882 45
      vertex 96.3506 72.7402 47.98
      vertex 96.5555 72.5882 47.98
    endloop
  endfacet
  facet normal 0.59579 0.80314 0
    outer loop
      vertex 96.3506 72.7402 47.98
      vertex 96.5555 72.5882 45
      vertex 96.3506 72.7402 45
    endloop
  endfacet
  facet normal 0.427665 0.903937 -0
    outer loop
      vertex 97.005 72.3479 45
      vertex 96.7744 72.457 47.98
      vertex 97.005 72.3479 47.98
    endloop
  endfacet
  facet normal 0.427665 0.903937 0
    outer loop
      vertex 96.7744 72.457 47.98
      vertex 97.005 72.3479 45
      vertex 96.7744 72.457 45
    endloop
  endfacet
  facet normal 0.998799 -0.0489992 0
    outer loop
      vertex 95.4 74.75 47.98
      vertex 95.4125 75.0048 45
      vertex 95.4125 75.0048 47.98
    endloop
  endfacet
  facet normal 0.998799 -0.0489992 0
    outer loop
      vertex 95.4125 75.0048 45
      vertex 95.4 74.75 47.98
      vertex 95.4 74.75 45
    endloop
  endfacet
  facet normal 0.998799 0.0489992 0
    outer loop
      vertex 95.4125 74.4952 47.98
      vertex 95.4 74.75 45
      vertex 95.4 74.75 47.98
    endloop
  endfacet
  facet normal 0.998799 0.0489992 0
    outer loop
      vertex 95.4 74.75 45
      vertex 95.4125 74.4952 47.98
      vertex 95.4125 74.4952 45
    endloop
  endfacet
  facet normal 0.741127 0.671365 0
    outer loop
      vertex 96.1615 72.9115 47.98
      vertex 95.9902 73.1006 45
      vertex 95.9902 73.1006 47.98
    endloop
  endfacet
  facet normal 0.741127 0.671365 0
    outer loop
      vertex 95.9902 73.1006 45
      vertex 96.1615 72.9115 47.98
      vertex 96.1615 72.9115 45
    endloop
  endfacet
  facet normal -0.146966 -0.989142 0
    outer loop
      vertex 3.50484 41.5875 45
      vertex 3.75723 41.55 47.98
      vertex 3.50484 41.5875 47.98
    endloop
  endfacet
  facet normal -0.146966 -0.989142 -0
    outer loop
      vertex 3.75723 41.55 47.98
      vertex 3.50484 41.5875 45
      vertex 3.75723 41.55 45
    endloop
  endfacet
  facet normal -0.336684 -0.941618 0
    outer loop
      vertex 4.00474 41.488 45
      vertex 4.24498 41.4021 47.98
      vertex 4.00474 41.488 47.98
    endloop
  endfacet
  facet normal -0.336684 -0.941618 -0
    outer loop
      vertex 4.24498 41.4021 47.98
      vertex 4.00474 41.488 45
      vertex 4.24498 41.4021 45
    endloop
  endfacet
  facet normal -0.989177 -0.14673 0
    outer loop
      vertex 5.83748 39.2548 45
      vertex 5.80004 39.5072 47.98
      vertex 5.80004 39.5072 45
    endloop
  endfacet
  facet normal -0.989177 -0.14673 0
    outer loop
      vertex 5.80004 39.5072 47.98
      vertex 5.83748 39.2548 45
      vertex 5.83748 39.2548 47.98
    endloop
  endfacet
  facet normal -0.998795 -0.0490774 0
    outer loop
      vertex 5.85 39 45
      vertex 5.83748 39.2548 47.98
      vertex 5.83748 39.2548 45
    endloop
  endfacet
  facet normal -0.998795 -0.0490774 0
    outer loop
      vertex 5.83748 39.2548 47.98
      vertex 5.85 39 45
      vertex 5.85 39 47.98
    endloop
  endfacet
  facet normal -0.970027 -0.242997 0
    outer loop
      vertex 5.80004 39.5072 45
      vertex 5.73804 39.7547 47.98
      vertex 5.73804 39.7547 45
    endloop
  endfacet
  facet normal -0.970027 -0.242997 0
    outer loop
      vertex 5.73804 39.7547 47.98
      vertex 5.80004 39.5072 45
      vertex 5.80004 39.5072 47.98
    endloop
  endfacet
  facet normal 0.595715 -0.803196 0
    outer loop
      vertex 1.60058 41.0098 45
      vertex 1.80552 41.1618 47.98
      vertex 1.60058 41.0098 47.98
    endloop
  endfacet
  facet normal 0.595715 -0.803196 0
    outer loop
      vertex 1.80552 41.1618 47.98
      vertex 1.60058 41.0098 45
      vertex 1.80552 41.1618 45
    endloop
  endfacet
  facet normal -0.74103 -0.671472 0
    outer loop
      vertex 5.25983 40.6494 45
      vertex 5.08848 40.8385 47.98
      vertex 5.08848 40.8385 45
    endloop
  endfacet
  facet normal -0.74103 -0.671472 0
    outer loop
      vertex 5.08848 40.8385 47.98
      vertex 5.25983 40.6494 45
      vertex 5.25983 40.6494 47.98
    endloop
  endfacet
  facet normal -0.803159 -0.595765 0
    outer loop
      vertex 5.41182 40.4445 45
      vertex 5.25983 40.6494 47.98
      vertex 5.25983 40.6494 45
    endloop
  endfacet
  facet normal -0.803159 -0.595765 0
    outer loop
      vertex 5.25983 40.6494 47.98
      vertex 5.41182 40.4445 45
      vertex 5.41182 40.4445 47.98
    endloop
  endfacet
  facet normal 0.941571 -0.336814 0
    outer loop
      vertex 0.761954 39.7547 47.98
      vertex 0.847913 39.995 45
      vertex 0.847913 39.995 47.98
    endloop
  endfacet
  facet normal 0.941571 -0.336814 0
    outer loop
      vertex 0.847913 39.995 45
      vertex 0.761954 39.7547 47.98
      vertex 0.761954 39.7547 45
    endloop
  endfacet
  facet normal -0.998795 0.0490774 0
    outer loop
      vertex 5.83748 38.7452 45
      vertex 5.85 39 47.98
      vertex 5.85 39 45
    endloop
  endfacet
  facet normal -0.998795 0.0490774 0
    outer loop
      vertex 5.85 39 47.98
      vertex 5.83748 38.7452 45
      vertex 5.83748 38.7452 47.98
    endloop
  endfacet
  facet normal -0.242987 -0.970029 0
    outer loop
      vertex 3.75723 41.55 45
      vertex 4.00474 41.488 47.98
      vertex 3.75723 41.55 47.98
    endloop
  endfacet
  facet normal -0.242987 -0.970029 -0
    outer loop
      vertex 4.00474 41.488 47.98
      vertex 3.75723 41.55 45
      vertex 4.00474 41.488 45
    endloop
  endfacet
  facet normal -0.514179 0.857683 0
    outer loop
      vertex 4.69448 36.8382 45
      vertex 4.47563 36.707 47.98
      vertex 4.69448 36.8382 47.98
    endloop
  endfacet
  facet normal -0.514179 0.857683 0
    outer loop
      vertex 4.47563 36.707 47.98
      vertex 4.69448 36.8382 45
      vertex 4.47563 36.707 45
    endloop
  endfacet
  facet normal -0.941582 -0.336783 0
    outer loop
      vertex 5.73804 39.7547 45
      vertex 5.65209 39.995 47.98
      vertex 5.65209 39.995 45
    endloop
  endfacet
  facet normal -0.941582 -0.336783 0
    outer loop
      vertex 5.65209 39.995 47.98
      vertex 5.73804 39.7547 45
      vertex 5.73804 39.7547 47.98
    endloop
  endfacet
  facet normal -0.803159 0.595765 0
    outer loop
      vertex 5.25983 37.3506 45
      vertex 5.41182 37.5555 47.98
      vertex 5.41182 37.5555 45
    endloop
  endfacet
  facet normal -0.803159 0.595765 0
    outer loop
      vertex 5.41182 37.5555 47.98
      vertex 5.25983 37.3506 45
      vertex 5.25983 37.3506 47.98
    endloop
  endfacet
  facet normal 0.242997 -0.970027 0
    outer loop
      vertex 2.49526 41.488 45
      vertex 2.74276 41.55 47.98
      vertex 2.49526 41.488 47.98
    endloop
  endfacet
  facet normal 0.242997 -0.970027 0
    outer loop
      vertex 2.74276 41.55 47.98
      vertex 2.49526 41.488 45
      vertex 2.74276 41.55 45
    endloop
  endfacet
  facet normal -0.514179 -0.857683 0
    outer loop
      vertex 4.47563 41.293 45
      vertex 4.69448 41.1618 47.98
      vertex 4.47563 41.293 47.98
    endloop
  endfacet
  facet normal -0.514179 -0.857683 -0
    outer loop
      vertex 4.69448 41.1618 47.98
      vertex 4.47563 41.293 45
      vertex 4.69448 41.1618 45
    endloop
  endfacet
  facet normal 0.514179 0.857683 -0
    outer loop
      vertex 2.02437 36.707 45
      vertex 1.80552 36.8382 47.98
      vertex 2.02437 36.707 47.98
    endloop
  endfacet
  facet normal 0.514179 0.857683 0
    outer loop
      vertex 1.80552 36.8382 47.98
      vertex 2.02437 36.707 45
      vertex 1.80552 36.8382 45
    endloop
  endfacet
  facet normal -0.595715 -0.803196 0
    outer loop
      vertex 4.69448 41.1618 45
      vertex 4.89942 41.0098 47.98
      vertex 4.69448 41.1618 47.98
    endloop
  endfacet
  facet normal -0.595715 -0.803196 -0
    outer loop
      vertex 4.89942 41.0098 47.98
      vertex 4.69448 41.1618 45
      vertex 4.89942 41.0098 45
    endloop
  endfacet
  facet normal -0.970027 0.242997 0
    outer loop
      vertex 5.73804 38.2453 45
      vertex 5.80004 38.4928 47.98
      vertex 5.80004 38.4928 45
    endloop
  endfacet
  facet normal -0.970027 0.242997 0
    outer loop
      vertex 5.80004 38.4928 47.98
      vertex 5.73804 38.2453 45
      vertex 5.73804 38.2453 47.98
    endloop
  endfacet
  facet normal -0.146966 0.989142 0
    outer loop
      vertex 3.75723 36.45 45
      vertex 3.50484 36.4125 47.98
      vertex 3.75723 36.45 47.98
    endloop
  endfacet
  facet normal -0.146966 0.989142 0
    outer loop
      vertex 3.50484 36.4125 47.98
      vertex 3.75723 36.45 45
      vertex 3.50484 36.4125 45
    endloop
  endfacet
  facet normal 0.903949 -0.427639 0
    outer loop
      vertex 0.847913 39.995 47.98
      vertex 0.957005 40.2256 45
      vertex 0.957005 40.2256 47.98
    endloop
  endfacet
  facet normal 0.903949 -0.427639 0
    outer loop
      vertex 0.957005 40.2256 45
      vertex 0.847913 39.995 47.98
      vertex 0.847913 39.995 45
    endloop
  endfacet
  facet normal 0.146961 0.989142 -0
    outer loop
      vertex 2.99516 36.4125 45
      vertex 2.74276 36.45 47.98
      vertex 2.99516 36.4125 47.98
    endloop
  endfacet
  facet normal 0.146961 0.989142 0
    outer loop
      vertex 2.74276 36.45 47.98
      vertex 2.99516 36.4125 45
      vertex 2.74276 36.45 45
    endloop
  endfacet
  facet normal 0.514179 -0.857683 0
    outer loop
      vertex 1.80552 41.1618 45
      vertex 2.02437 41.293 47.98
      vertex 1.80552 41.1618 47.98
    endloop
  endfacet
  facet normal 0.514179 -0.857683 0
    outer loop
      vertex 2.02437 41.293 47.98
      vertex 1.80552 41.1618 45
      vertex 2.02437 41.293 45
    endloop
  endfacet
  facet normal -0.903937 0.427665 0
    outer loop
      vertex 5.54299 37.7744 45
      vertex 5.65209 38.005 47.98
      vertex 5.65209 38.005 45
    endloop
  endfacet
  facet normal -0.903937 0.427665 0
    outer loop
      vertex 5.65209 38.005 47.98
      vertex 5.54299 37.7744 45
      vertex 5.54299 37.7744 47.98
    endloop
  endfacet
  facet normal 0.671443 -0.741056 0
    outer loop
      vertex 1.41152 40.8385 45
      vertex 1.60058 41.0098 47.98
      vertex 1.41152 40.8385 47.98
    endloop
  endfacet
  facet normal 0.671443 -0.741056 0
    outer loop
      vertex 1.60058 41.0098 47.98
      vertex 1.41152 40.8385 45
      vertex 1.60058 41.0098 45
    endloop
  endfacet
  facet normal -0.903937 -0.427665 0
    outer loop
      vertex 5.65209 39.995 45
      vertex 5.54299 40.2256 47.98
      vertex 5.54299 40.2256 45
    endloop
  endfacet
  facet normal -0.903937 -0.427665 0
    outer loop
      vertex 5.54299 40.2256 47.98
      vertex 5.65209 39.995 45
      vertex 5.65209 39.995 47.98
    endloop
  endfacet
  facet normal 0.970031 0.242982 0
    outer loop
      vertex 0.761954 38.2453 47.98
      vertex 0.699958 38.4928 45
      vertex 0.699958 38.4928 47.98
    endloop
  endfacet
  facet normal 0.970031 0.242982 0
    outer loop
      vertex 0.699958 38.4928 45
      vertex 0.761954 38.2453 47.98
      vertex 0.761954 38.2453 45
    endloop
  endfacet
  facet normal -0.0489915 0.998799 0
    outer loop
      vertex 3.50484 36.4125 45
      vertex 3.25 36.4 47.98
      vertex 3.50484 36.4125 47.98
    endloop
  endfacet
  facet normal -0.0489915 0.998799 0
    outer loop
      vertex 3.25 36.4 47.98
      vertex 3.50484 36.4125 45
      vertex 3.25 36.4 45
    endloop
  endfacet
  facet normal -0.427589 0.903973 0
    outer loop
      vertex 4.47563 36.707 45
      vertex 4.24498 36.5979 47.98
      vertex 4.47563 36.707 47.98
    endloop
  endfacet
  facet normal -0.427589 0.903973 0
    outer loop
      vertex 4.24498 36.5979 47.98
      vertex 4.47563 36.707 45
      vertex 4.24498 36.5979 45
    endloop
  endfacet
  facet normal -0.427589 -0.903973 0
    outer loop
      vertex 4.24498 41.4021 45
      vertex 4.47563 41.293 47.98
      vertex 4.24498 41.4021 47.98
    endloop
  endfacet
  facet normal -0.427589 -0.903973 -0
    outer loop
      vertex 4.47563 41.293 47.98
      vertex 4.24498 41.4021 45
      vertex 4.47563 41.293 45
    endloop
  endfacet
  facet normal -0.857787 0.514006 0
    outer loop
      vertex 5.41182 37.5555 45
      vertex 5.54299 37.7744 47.98
      vertex 5.54299 37.7744 45
    endloop
  endfacet
  facet normal -0.857787 0.514006 0
    outer loop
      vertex 5.54299 37.7744 47.98
      vertex 5.41182 37.5555 45
      vertex 5.41182 37.5555 47.98
    endloop
  endfacet
  facet normal -0.671443 0.741056 0
    outer loop
      vertex 5.08848 37.1615 45
      vertex 4.89942 36.9902 47.98
      vertex 5.08848 37.1615 47.98
    endloop
  endfacet
  facet normal -0.671443 0.741056 0
    outer loop
      vertex 4.89942 36.9902 47.98
      vertex 5.08848 37.1615 45
      vertex 4.89942 36.9902 45
    endloop
  endfacet
  facet normal 0.941571 0.336814 0
    outer loop
      vertex 0.847913 38.005 47.98
      vertex 0.761954 38.2453 45
      vertex 0.761954 38.2453 47.98
    endloop
  endfacet
  facet normal 0.941571 0.336814 0
    outer loop
      vertex 0.761954 38.2453 45
      vertex 0.847913 38.005 47.98
      vertex 0.847913 38.005 45
    endloop
  endfacet
  facet normal -0.336684 0.941618 0
    outer loop
      vertex 4.24498 36.5979 45
      vertex 4.00474 36.512 47.98
      vertex 4.24498 36.5979 47.98
    endloop
  endfacet
  facet normal -0.336684 0.941618 0
    outer loop
      vertex 4.00474 36.512 47.98
      vertex 4.24498 36.5979 45
      vertex 4.00474 36.512 45
    endloop
  endfacet
  facet normal 0.989177 -0.146727 0
    outer loop
      vertex 0.662519 39.2548 47.98
      vertex 0.699958 39.5072 45
      vertex 0.699958 39.5072 47.98
    endloop
  endfacet
  facet normal 0.989177 -0.146727 0
    outer loop
      vertex 0.699958 39.5072 45
      vertex 0.662519 39.2548 47.98
      vertex 0.662519 39.2548 45
    endloop
  endfacet
  facet normal -0.989177 0.14673 0
    outer loop
      vertex 5.80004 38.4928 45
      vertex 5.83748 38.7452 47.98
      vertex 5.83748 38.7452 45
    endloop
  endfacet
  facet normal -0.989177 0.14673 0
    outer loop
      vertex 5.83748 38.7452 47.98
      vertex 5.80004 38.4928 45
      vertex 5.80004 38.4928 47.98
    endloop
  endfacet
  facet normal 0.336684 -0.941618 0
    outer loop
      vertex 2.25502 41.4021 45
      vertex 2.49526 41.488 47.98
      vertex 2.25502 41.4021 47.98
    endloop
  endfacet
  facet normal 0.336684 -0.941618 0
    outer loop
      vertex 2.49526 41.488 47.98
      vertex 2.25502 41.4021 45
      vertex 2.49526 41.488 45
    endloop
  endfacet
  facet normal -0.671443 -0.741056 0
    outer loop
      vertex 4.89942 41.0098 45
      vertex 5.08848 40.8385 47.98
      vertex 4.89942 41.0098 47.98
    endloop
  endfacet
  facet normal -0.671443 -0.741056 -0
    outer loop
      vertex 5.08848 40.8385 47.98
      vertex 4.89942 41.0098 45
      vertex 5.08848 40.8385 45
    endloop
  endfacet
  facet normal 0.671443 0.741056 -0
    outer loop
      vertex 1.60058 36.9902 45
      vertex 1.41152 37.1615 47.98
      vertex 1.60058 36.9902 47.98
    endloop
  endfacet
  facet normal 0.671443 0.741056 0
    outer loop
      vertex 1.41152 37.1615 47.98
      vertex 1.60058 36.9902 45
      vertex 1.41152 37.1615 45
    endloop
  endfacet
  facet normal 0.146961 -0.989142 0
    outer loop
      vertex 2.74276 41.55 45
      vertex 2.99516 41.5875 47.98
      vertex 2.74276 41.55 47.98
    endloop
  endfacet
  facet normal 0.146961 -0.989142 0
    outer loop
      vertex 2.99516 41.5875 47.98
      vertex 2.74276 41.55 45
      vertex 2.99516 41.5875 45
    endloop
  endfacet
  facet normal 0.427589 -0.903973 0
    outer loop
      vertex 2.02437 41.293 45
      vertex 2.25502 41.4021 47.98
      vertex 2.02437 41.293 47.98
    endloop
  endfacet
  facet normal 0.427589 -0.903973 0
    outer loop
      vertex 2.25502 41.4021 47.98
      vertex 2.02437 41.293 45
      vertex 2.25502 41.4021 45
    endloop
  endfacet
  facet normal -0.857787 -0.514006 0
    outer loop
      vertex 5.54299 40.2256 45
      vertex 5.41182 40.4445 47.98
      vertex 5.41182 40.4445 45
    endloop
  endfacet
  facet normal -0.857787 -0.514006 0
    outer loop
      vertex 5.41182 40.4445 47.98
      vertex 5.54299 40.2256 45
      vertex 5.54299 40.2256 47.98
    endloop
  endfacet
  facet normal -0.74103 0.671472 0
    outer loop
      vertex 5.08848 37.1615 45
      vertex 5.25983 37.3506 47.98
      vertex 5.25983 37.3506 45
    endloop
  endfacet
  facet normal -0.74103 0.671472 0
    outer loop
      vertex 5.25983 37.3506 47.98
      vertex 5.08848 37.1615 45
      vertex 5.08848 37.1615 47.98
    endloop
  endfacet
  facet normal 0.857778 -0.51402 0
    outer loop
      vertex 0.957005 40.2256 47.98
      vertex 1.08818 40.4445 45
      vertex 1.08818 40.4445 47.98
    endloop
  endfacet
  facet normal 0.857778 -0.51402 0
    outer loop
      vertex 1.08818 40.4445 45
      vertex 0.957005 40.2256 47.98
      vertex 0.957005 40.2256 45
    endloop
  endfacet
  facet normal -0.941582 0.336783 0
    outer loop
      vertex 5.65209 38.005 45
      vertex 5.73804 38.2453 47.98
      vertex 5.73804 38.2453 45
    endloop
  endfacet
  facet normal -0.941582 0.336783 0
    outer loop
      vertex 5.73804 38.2453 47.98
      vertex 5.65209 38.005 45
      vertex 5.65209 38.005 47.98
    endloop
  endfacet
  facet normal 0.970031 -0.242982 0
    outer loop
      vertex 0.699958 39.5072 47.98
      vertex 0.761954 39.7547 45
      vertex 0.761954 39.7547 47.98
    endloop
  endfacet
  facet normal 0.970031 -0.242982 0
    outer loop
      vertex 0.761954 39.7547 45
      vertex 0.699958 39.5072 47.98
      vertex 0.699958 39.5072 45
    endloop
  endfacet
  facet normal 0.0489915 -0.998799 0
    outer loop
      vertex 2.99516 41.5875 45
      vertex 3.25 41.6 47.98
      vertex 2.99516 41.5875 47.98
    endloop
  endfacet
  facet normal 0.0489915 -0.998799 0
    outer loop
      vertex 3.25 41.6 47.98
      vertex 2.99516 41.5875 45
      vertex 3.25 41.6 45
    endloop
  endfacet
  facet normal 0.803159 0.595765 0
    outer loop
      vertex 1.24017 37.3506 47.98
      vertex 1.08818 37.5555 45
      vertex 1.08818 37.5555 47.98
    endloop
  endfacet
  facet normal 0.803159 0.595765 0
    outer loop
      vertex 1.08818 37.5555 45
      vertex 1.24017 37.3506 47.98
      vertex 1.24017 37.3506 45
    endloop
  endfacet
  facet normal 0.989177 0.146727 0
    outer loop
      vertex 0.699958 38.4928 47.98
      vertex 0.662519 38.7452 45
      vertex 0.662519 38.7452 47.98
    endloop
  endfacet
  facet normal 0.989177 0.146727 0
    outer loop
      vertex 0.662519 38.7452 45
      vertex 0.699958 38.4928 47.98
      vertex 0.699958 38.4928 45
    endloop
  endfacet
  facet normal 0.857778 0.51402 0
    outer loop
      vertex 1.08818 37.5555 47.98
      vertex 0.957005 37.7744 45
      vertex 0.957005 37.7744 47.98
    endloop
  endfacet
  facet normal 0.857778 0.51402 0
    outer loop
      vertex 0.957005 37.7744 45
      vertex 1.08818 37.5555 47.98
      vertex 1.08818 37.5555 45
    endloop
  endfacet
  facet normal 0.74103 -0.671472 0
    outer loop
      vertex 1.24017 40.6494 47.98
      vertex 1.41152 40.8385 45
      vertex 1.41152 40.8385 47.98
    endloop
  endfacet
  facet normal 0.74103 -0.671472 0
    outer loop
      vertex 1.41152 40.8385 45
      vertex 1.24017 40.6494 47.98
      vertex 1.24017 40.6494 45
    endloop
  endfacet
  facet normal 0.0489915 0.998799 -0
    outer loop
      vertex 3.25 36.4 45
      vertex 2.99516 36.4125 47.98
      vertex 3.25 36.4 47.98
    endloop
  endfacet
  facet normal 0.0489915 0.998799 0
    outer loop
      vertex 2.99516 36.4125 47.98
      vertex 3.25 36.4 45
      vertex 2.99516 36.4125 45
    endloop
  endfacet
  facet normal -0.595715 0.803196 0
    outer loop
      vertex 4.89942 36.9902 45
      vertex 4.69448 36.8382 47.98
      vertex 4.89942 36.9902 47.98
    endloop
  endfacet
  facet normal -0.595715 0.803196 0
    outer loop
      vertex 4.69448 36.8382 47.98
      vertex 4.89942 36.9902 45
      vertex 4.69448 36.8382 45
    endloop
  endfacet
  facet normal -0.0489915 -0.998799 0
    outer loop
      vertex 3.25 41.6 45
      vertex 3.50484 41.5875 47.98
      vertex 3.25 41.6 47.98
    endloop
  endfacet
  facet normal -0.0489915 -0.998799 -0
    outer loop
      vertex 3.50484 41.5875 47.98
      vertex 3.25 41.6 45
      vertex 3.50484 41.5875 45
    endloop
  endfacet
  facet normal 0.803159 -0.595765 0
    outer loop
      vertex 1.08818 40.4445 47.98
      vertex 1.24017 40.6494 45
      vertex 1.24017 40.6494 47.98
    endloop
  endfacet
  facet normal 0.803159 -0.595765 0
    outer loop
      vertex 1.24017 40.6494 45
      vertex 1.08818 40.4445 47.98
      vertex 1.08818 40.4445 45
    endloop
  endfacet
  facet normal -0.242987 0.970029 0
    outer loop
      vertex 4.00474 36.512 45
      vertex 3.75723 36.45 47.98
      vertex 4.00474 36.512 47.98
    endloop
  endfacet
  facet normal -0.242987 0.970029 0
    outer loop
      vertex 3.75723 36.45 47.98
      vertex 4.00474 36.512 45
      vertex 3.75723 36.45 45
    endloop
  endfacet
  facet normal 0.336684 0.941618 -0
    outer loop
      vertex 2.49526 36.512 45
      vertex 2.25502 36.5979 47.98
      vertex 2.49526 36.512 47.98
    endloop
  endfacet
  facet normal 0.336684 0.941618 0
    outer loop
      vertex 2.25502 36.5979 47.98
      vertex 2.49526 36.512 45
      vertex 2.25502 36.5979 45
    endloop
  endfacet
  facet normal 0 0 -1
    outer loop
      vertex 5.83748 38.7452 47.98
      vertex 5.83748 39.2548 47.98
      vertex 5.85 39 47.98
    endloop
  endfacet
  facet normal 0 0 -1
    outer loop
      vertex 5.80004 38.4928 47.98
      vertex 5.83748 39.2548 47.98
      vertex 5.83748 38.7452 47.98
    endloop
  endfacet
  facet normal 0 0 -1
    outer loop
      vertex 5.80004 38.4928 47.98
      vertex 5.80004 39.5072 47.98
      vertex 5.83748 39.2548 47.98
    endloop
  endfacet
  facet normal 0 0 -1
    outer loop
      vertex 5.73804 38.2453 47.98
      vertex 5.80004 39.5072 47.98
      vertex 5.80004 38.4928 47.98
    endloop
  endfacet
  facet normal 0 0 -1
    outer loop
      vertex 5.73804 38.2453 47.98
      vertex 5.73804 39.7547 47.98
      vertex 5.80004 39.5072 47.98
    endloop
  endfacet
  facet normal 0 0 -1
    outer loop
      vertex 5.65209 38.005 47.98
      vertex 5.73804 39.7547 47.98
      vertex 5.73804 38.2453 47.98
    endloop
  endfacet
  facet normal 0 0 -1
    outer loop
      vertex 5.65209 38.005 47.98
      vertex 5.65209 39.995 47.98
      vertex 5.73804 39.7547 47.98
    endloop
  endfacet
  facet normal 0 0 -1
    outer loop
      vertex 5.54299 37.7744 47.98
      vertex 5.65209 39.995 47.98
      vertex 5.65209 38.005 47.98
    endloop
  endfacet
  facet normal 0 0 -1
    outer loop
      vertex 5.54299 37.7744 47.98
      vertex 5.54299 40.2256 47.98
      vertex 5.65209 39.995 47.98
    endloop
  endfacet
  facet normal 0 0 -1
    outer loop
      vertex 5.41182 37.5555 47.98
      vertex 5.54299 40.2256 47.98
      vertex 5.54299 37.7744 47.98
    endloop
  endfacet
  facet normal 0 0 -1
    outer loop
      vertex 5.41182 37.5555 47.98
      vertex 5.41182 40.4445 47.98
      vertex 5.54299 40.2256 47.98
    endloop
  endfacet
  facet normal 0 0 -1
    outer loop
      vertex 5.25983 37.3506 47.98
      vertex 5.41182 40.4445 47.98
      vertex 5.41182 37.5555 47.98
    endloop
  endfacet
  facet normal 0 0 -1
    outer loop
      vertex 5.25983 37.3506 47.98
      vertex 5.25983 40.6494 47.98
      vertex 5.41182 40.4445 47.98
    endloop
  endfacet
  facet normal 0 0 -1
    outer loop
      vertex 5.08848 37.1615 47.98
      vertex 5.25983 40.6494 47.98
      vertex 5.25983 37.3506 47.98
    endloop
  endfacet
  facet normal 0 0 -1
    outer loop
      vertex 5.08848 37.1615 47.98
      vertex 5.08848 40.8385 47.98
      vertex 5.25983 40.6494 47.98
    endloop
  endfacet
  facet normal 0 0 -1
    outer loop
      vertex 4.89942 36.9902 47.98
      vertex 5.08848 40.8385 47.98
      vertex 5.08848 37.1615 47.98
    endloop
  endfacet
  facet normal 0 0 -1
    outer loop
      vertex 4.89942 36.9902 47.98
      vertex 4.89942 41.0098 47.98
      vertex 5.08848 40.8385 47.98
    endloop
  endfacet
  facet normal 0 0 -1
    outer loop
      vertex 4.69448 36.8382 47.98
      vertex 4.89942 41.0098 47.98
      vertex 4.89942 36.9902 47.98
    endloop
  endfacet
  facet normal 0 0 -1
    outer loop
      vertex 4.69448 36.8382 47.98
      vertex 4.69448 41.1618 47.98
      vertex 4.89942 41.0098 47.98
    endloop
  endfacet
  facet normal 0 0 -1
    outer loop
      vertex 4.47563 36.707 47.98
      vertex 4.69448 41.1618 47.98
      vertex 4.69448 36.8382 47.98
    endloop
  endfacet
  facet normal 0 0 -1
    outer loop
      vertex 4.47563 36.707 47.98
      vertex 4.47563 41.293 47.98
      vertex 4.69448 41.1618 47.98
    endloop
  endfacet
  facet normal 0 0 -1
    outer loop
      vertex 4.24498 36.5979 47.98
      vertex 4.47563 41.293 47.98
      vertex 4.47563 36.707 47.98
    endloop
  endfacet
  facet normal 0 0 -1
    outer loop
      vertex 4.24498 36.5979 47.98
      vertex 4.24498 41.4021 47.98
      vertex 4.47563 41.293 47.98
    endloop
  endfacet
  facet normal 0 0 -1
    outer loop
      vertex 4.00474 36.512 47.98
      vertex 4.24498 41.4021 47.98
      vertex 4.24498 36.5979 47.98
    endloop
  endfacet
  facet normal 0 0 -1
    outer loop
      vertex 4.00474 36.512 47.98
      vertex 4.00474 41.488 47.98
      vertex 4.24498 41.4021 47.98
    endloop
  endfacet
  facet normal 0 0 -1
    outer loop
      vertex 3.75723 36.45 47.98
      vertex 4.00474 41.488 47.98
      vertex 4.00474 36.512 47.98
    endloop
  endfacet
  facet normal 0 0 -1
    outer loop
      vertex 3.75723 36.45 47.98
      vertex 3.75723 41.55 47.98
      vertex 4.00474 41.488 47.98
    endloop
  endfacet
  facet normal 0 0 -1
    outer loop
      vertex 3.50484 36.4125 47.98
      vertex 3.75723 41.55 47.98
      vertex 3.75723 36.45 47.98
    endloop
  endfacet
  facet normal 0 0 -1
    outer loop
      vertex 3.50484 36.4125 47.98
      vertex 3.50484 41.5875 47.98
      vertex 3.75723 41.55 47.98
    endloop
  endfacet
  facet normal 0 0 -1
    outer loop
      vertex 3.25 36.4 47.98
      vertex 3.50484 41.5875 47.98
      vertex 3.50484 36.4125 47.98
    endloop
  endfacet
  facet normal 0 0 -1
    outer loop
      vertex 3.25 36.4 47.98
      vertex 3.25 41.6 47.98
      vertex 3.50484 41.5875 47.98
    endloop
  endfacet
  facet normal 0 0 -1
    outer loop
      vertex 2.99516 36.4125 47.98
      vertex 3.25 41.6 47.98
      vertex 3.25 36.4 47.98
    endloop
  endfacet
  facet normal 0 0 -1
    outer loop
      vertex 2.99516 36.4125 47.98
      vertex 2.99516 41.5875 47.98
      vertex 3.25 41.6 47.98
    endloop
  endfacet
  facet normal 0 0 -1
    outer loop
      vertex 2.74276 36.45 47.98
      vertex 2.99516 41.5875 47.98
      vertex 2.99516 36.4125 47.98
    endloop
  endfacet
  facet normal 0 0 -1
    outer loop
      vertex 2.74276 36.45 47.98
      vertex 2.74276 41.55 47.98
      vertex 2.99516 41.5875 47.98
    endloop
  endfacet
  facet normal 0 0 -1
    outer loop
      vertex 2.49526 36.512 47.98
      vertex 2.74276 41.55 47.98
      vertex 2.74276 36.45 47.98
    endloop
  endfacet
  facet normal 0 0 -1
    outer loop
      vertex 2.49526 36.512 47.98
      vertex 2.49526 41.488 47.98
      vertex 2.74276 41.55 47.98
    endloop
  endfacet
  facet normal 0 0 -1
    outer loop
      vertex 2.25502 36.5979 47.98
      vertex 2.49526 41.488 47.98
      vertex 2.49526 36.512 47.98
    endloop
  endfacet
  facet normal 0 0 -1
    outer loop
      vertex 2.25502 36.5979 47.98
      vertex 2.25502 41.4021 47.98
      vertex 2.49526 41.488 47.98
    endloop
  endfacet
  facet normal 0 0 -1
    outer loop
      vertex 2.02437 36.707 47.98
      vertex 2.25502 41.4021 47.98
      vertex 2.25502 36.5979 47.98
    endloop
  endfacet
  facet normal 0 0 -1
    outer loop
      vertex 2.02437 36.707 47.98
      vertex 2.02437 41.293 47.98
      vertex 2.25502 41.4021 47.98
    endloop
  endfacet
  facet normal 0 0 -1
    outer loop
      vertex 1.80552 36.8382 47.98
      vertex 2.02437 41.293 47.98
      vertex 2.02437 36.707 47.98
    endloop
  endfacet
  facet normal 0 0 -1
    outer loop
      vertex 1.80552 36.8382 47.98
      vertex 1.80552 41.1618 47.98
      vertex 2.02437 41.293 47.98
    endloop
  endfacet
  facet normal 0 0 -1
    outer loop
      vertex 1.60058 36.9902 47.98
      vertex 1.80552 41.1618 47.98
      vertex 1.80552 36.8382 47.98
    endloop
  endfacet
  facet normal 0 0 -1
    outer loop
      vertex 1.60058 36.9902 47.98
      vertex 1.60058 41.0098 47.98
      vertex 1.80552 41.1618 47.98
    endloop
  endfacet
  facet normal 0 0 -1
    outer loop
      vertex 1.41152 37.1615 47.98
      vertex 1.60058 41.0098 47.98
      vertex 1.60058 36.9902 47.98
    endloop
  endfacet
  facet normal 0 0 -1
    outer loop
      vertex 1.41152 37.1615 47.98
      vertex 1.41152 40.8385 47.98
      vertex 1.60058 41.0098 47.98
    endloop
  endfacet
  facet normal 0 0 -1
    outer loop
      vertex 1.24017 37.3506 47.98
      vertex 1.41152 40.8385 47.98
      vertex 1.41152 37.1615 47.98
    endloop
  endfacet
  facet normal 0 0 -1
    outer loop
      vertex 1.24017 37.3506 47.98
      vertex 1.24017 40.6494 47.98
      vertex 1.41152 40.8385 47.98
    endloop
  endfacet
  facet normal 0 0 -1
    outer loop
      vertex 1.08818 37.5555 47.98
      vertex 1.24017 40.6494 47.98
      vertex 1.24017 37.3506 47.98
    endloop
  endfacet
  facet normal 0 0 -1
    outer loop
      vertex 1.08818 37.5555 47.98
      vertex 1.08818 40.4445 47.98
      vertex 1.24017 40.6494 47.98
    endloop
  endfacet
  facet normal 0 0 -1
    outer loop
      vertex 0.957005 37.7744 47.98
      vertex 1.08818 40.4445 47.98
      vertex 1.08818 37.5555 47.98
    endloop
  endfacet
  facet normal 0 0 -1
    outer loop
      vertex 0.957005 37.7744 47.98
      vertex 0.957005 40.2256 47.98
      vertex 1.08818 40.4445 47.98
    endloop
  endfacet
  facet normal 0 0 -1
    outer loop
      vertex 0.847913 38.005 47.98
      vertex 0.957005 40.2256 47.98
      vertex 0.957005 37.7744 47.98
    endloop
  endfacet
  facet normal 0 0 -1
    outer loop
      vertex 0.847913 38.005 47.98
      vertex 0.847913 39.995 47.98
      vertex 0.957005 40.2256 47.98
    endloop
  endfacet
  facet normal 0 0 -1
    outer loop
      vertex 0.761954 38.2453 47.98
      vertex 0.847913 39.995 47.98
      vertex 0.847913 38.005 47.98
    endloop
  endfacet
  facet normal 0 0 -1
    outer loop
      vertex 0.761954 38.2453 47.98
      vertex 0.761954 39.7547 47.98
      vertex 0.847913 39.995 47.98
    endloop
  endfacet
  facet normal 0 0 -1
    outer loop
      vertex 0.699958 38.4928 47.98
      vertex 0.761954 39.7547 47.98
      vertex 0.761954 38.2453 47.98
    endloop
  endfacet
  facet normal 0 0 -1
    outer loop
      vertex 0.699958 38.4928 47.98
      vertex 0.699958 39.5072 47.98
      vertex 0.761954 39.7547 47.98
    endloop
  endfacet
  facet normal 0 0 -1
    outer loop
      vertex 0.662519 38.7452 47.98
      vertex 0.699958 39.5072 47.98
      vertex 0.699958 38.4928 47.98
    endloop
  endfacet
  facet normal 0 0 -1
    outer loop
      vertex 0.662519 38.7452 47.98
      vertex 0.662519 39.2548 47.98
      vertex 0.699958 39.5072 47.98
    endloop
  endfacet
  facet normal 0 -0 -1
    outer loop
      vertex 0.662519 39.2548 47.98
      vertex 0.662519 38.7452 47.98
      vertex 0.65 39 47.98
    endloop
  endfacet
  facet normal 0.242997 0.970027 -0
    outer loop
      vertex 2.74276 36.45 45
      vertex 2.49526 36.512 47.98
      vertex 2.74276 36.45 47.98
    endloop
  endfacet
  facet normal 0.242997 0.970027 0
    outer loop
      vertex 2.49526 36.512 47.98
      vertex 2.74276 36.45 45
      vertex 2.49526 36.512 45
    endloop
  endfacet
  facet normal 0.595715 0.803196 -0
    outer loop
      vertex 1.80552 36.8382 45
      vertex 1.60058 36.9902 47.98
      vertex 1.80552 36.8382 47.98
    endloop
  endfacet
  facet normal 0.595715 0.803196 0
    outer loop
      vertex 1.60058 36.9902 47.98
      vertex 1.80552 36.8382 45
      vertex 1.60058 36.9902 45
    endloop
  endfacet
  facet normal 0.427589 0.903973 -0
    outer loop
      vertex 2.25502 36.5979 45
      vertex 2.02437 36.707 47.98
      vertex 2.25502 36.5979 47.98
    endloop
  endfacet
  facet normal 0.427589 0.903973 0
    outer loop
      vertex 2.02437 36.707 47.98
      vertex 2.25502 36.5979 45
      vertex 2.02437 36.707 45
    endloop
  endfacet
  facet normal 0.998795 -0.0490735 0
    outer loop
      vertex 0.65 39 47.98
      vertex 0.662519 39.2548 45
      vertex 0.662519 39.2548 47.98
    endloop
  endfacet
  facet normal 0.998795 -0.0490735 0
    outer loop
      vertex 0.662519 39.2548 45
      vertex 0.65 39 47.98
      vertex 0.65 39 45
    endloop
  endfacet
  facet normal 0.998795 0.0490735 0
    outer loop
      vertex 0.662519 38.7452 47.98
      vertex 0.65 39 45
      vertex 0.65 39 47.98
    endloop
  endfacet
  facet normal 0.998795 0.0490735 0
    outer loop
      vertex 0.65 39 45
      vertex 0.662519 38.7452 47.98
      vertex 0.662519 38.7452 45
    endloop
  endfacet
  facet normal 0.903949 0.427639 0
    outer loop
      vertex 0.957005 37.7744 47.98
      vertex 0.847913 38.005 45
      vertex 0.847913 38.005 47.98
    endloop
  endfacet
  facet normal 0.903949 0.427639 0
    outer loop
      vertex 0.847913 38.005 45
      vertex 0.957005 37.7744 47.98
      vertex 0.957005 37.7744 45
    endloop
  endfacet
  facet normal 0.74103 0.671472 0
    outer loop
      vertex 1.41152 37.1615 47.98
      vertex 1.24017 37.3506 45
      vertex 1.24017 37.3506 47.98
    endloop
  endfacet
  facet normal 0.74103 0.671472 0
    outer loop
      vertex 1.24017 37.3506 45
      vertex 1.41152 37.1615 47.98
      vertex 1.41152 37.1615 45
    endloop
  endfacet
  facet normal -0.147189 -0.989108 0
    outer loop
      vertex 107.005 41.5875 45
      vertex 107.257 41.55 47.98
      vertex 107.005 41.5875 47.98
    endloop
  endfacet
  facet normal -0.147189 -0.989108 -0
    outer loop
      vertex 107.257 41.55 47.98
      vertex 107.005 41.5875 45
      vertex 107.257 41.55 45
    endloop
  endfacet
  facet normal -0.336982 -0.941511 0
    outer loop
      vertex 107.505 41.488 45
      vertex 107.745 41.4021 47.98
      vertex 107.505 41.488 47.98
    endloop
  endfacet
  facet normal -0.336982 -0.941511 -0
    outer loop
      vertex 107.745 41.4021 47.98
      vertex 107.505 41.488 45
      vertex 107.745 41.4021 45
    endloop
  endfacet
  facet normal -0.989425 -0.145043 0
    outer loop
      vertex 109.337 39.2548 45
      vertex 109.3 39.5072 47.98
      vertex 109.3 39.5072 45
    endloop
  endfacet
  facet normal -0.989425 -0.145043 0
    outer loop
      vertex 109.3 39.5072 47.98
      vertex 109.337 39.2548 45
      vertex 109.337 39.2548 47.98
    endloop
  endfacet
  facet normal -0.998701 -0.0509541 0
    outer loop
      vertex 109.35 39 45
      vertex 109.337 39.2548 47.98
      vertex 109.337 39.2548 45
    endloop
  endfacet
  facet normal -0.998701 -0.0509541 0
    outer loop
      vertex 109.337 39.2548 47.98
      vertex 109.35 39 45
      vertex 109.35 39 47.98
    endloop
  endfacet
  facet normal -0.970027 -0.242997 0
    outer loop
      vertex 109.3 39.5072 45
      vertex 109.238 39.7547 47.98
      vertex 109.238 39.7547 45
    endloop
  endfacet
  facet normal -0.970027 -0.242997 0
    outer loop
      vertex 109.238 39.7547 47.98
      vertex 109.3 39.5072 45
      vertex 109.3 39.5072 47.98
    endloop
  endfacet
  facet normal 0.595602 -0.803279 0
    outer loop
      vertex 105.101 41.0098 45
      vertex 105.306 41.1618 47.98
      vertex 105.101 41.0098 47.98
    endloop
  endfacet
  facet normal 0.595602 -0.803279 0
    outer loop
      vertex 105.306 41.1618 47.98
      vertex 105.101 41.0098 45
      vertex 105.306 41.1618 45
    endloop
  endfacet
  facet normal -0.739763 -0.672867 0
    outer loop
      vertex 108.76 40.6494 45
      vertex 108.588 40.8385 47.98
      vertex 108.588 40.8385 45
    endloop
  endfacet
  facet normal -0.739763 -0.672867 0
    outer loop
      vertex 108.588 40.8385 47.98
      vertex 108.76 40.6494 45
      vertex 108.76 40.6494 47.98
    endloop
  endfacet
  facet normal -0.80314 -0.59579 0
    outer loop
      vertex 108.912 40.4445 45
      vertex 108.76 40.6494 47.98
      vertex 108.76 40.6494 45
    endloop
  endfacet
  facet normal -0.80314 -0.59579 0
    outer loop
      vertex 108.76 40.6494 47.98
      vertex 108.912 40.4445 45
      vertex 108.912 40.4445 47.98
    endloop
  endfacet
  facet normal 0.94152 -0.336957 0
    outer loop
      vertex 104.262 39.7547 47.98
      vertex 104.348 39.995 45
      vertex 104.348 39.995 47.98
    endloop
  endfacet
  facet normal 0.94152 -0.336957 0
    outer loop
      vertex 104.348 39.995 45
      vertex 104.262 39.7547 47.98
      vertex 104.262 39.7547 45
    endloop
  endfacet
  facet normal -0.998701 0.0509541 0
    outer loop
      vertex 109.337 38.7452 45
      vertex 109.35 39 47.98
      vertex 109.35 39 45
    endloop
  endfacet
  facet normal -0.998701 0.0509541 0
    outer loop
      vertex 109.35 39 47.98
      vertex 109.337 38.7452 45
      vertex 109.337 38.7452 47.98
    endloop
  endfacet
  facet normal -0.242536 -0.970143 0
    outer loop
      vertex 107.257 41.55 45
      vertex 107.505 41.488 47.98
      vertex 107.257 41.55 47.98
    endloop
  endfacet
  facet normal -0.242536 -0.970143 -0
    outer loop
      vertex 107.505 41.488 47.98
      vertex 107.257 41.55 45
      vertex 107.505 41.488 45
    endloop
  endfacet
  facet normal -0.515651 0.856799 0
    outer loop
      vertex 108.194 36.8382 45
      vertex 107.976 36.707 47.98
      vertex 108.194 36.8382 47.98
    endloop
  endfacet
  facet normal -0.515651 0.856799 0
    outer loop
      vertex 107.976 36.707 47.98
      vertex 108.194 36.8382 45
      vertex 107.976 36.707 45
    endloop
  endfacet
  facet normal -0.94152 -0.336957 0
    outer loop
      vertex 109.238 39.7547 45
      vertex 109.152 39.995 47.98
      vertex 109.152 39.995 45
    endloop
  endfacet
  facet normal -0.94152 -0.336957 0
    outer loop
      vertex 109.152 39.995 47.98
      vertex 109.238 39.7547 45
      vertex 109.238 39.7547 47.98
    endloop
  endfacet
  facet normal -0.80314 0.59579 0
    outer loop
      vertex 108.76 37.3506 45
      vertex 108.912 37.5555 47.98
      vertex 108.912 37.5555 45
    endloop
  endfacet
  facet normal -0.80314 0.59579 0
    outer loop
      vertex 108.912 37.5555 47.98
      vertex 108.76 37.3506 45
      vertex 108.76 37.3506 47.98
    endloop
  endfacet
  facet normal 0.242536 -0.970143 0
    outer loop
      vertex 105.995 41.488 45
      vertex 106.243 41.55 47.98
      vertex 105.995 41.488 47.98
    endloop
  endfacet
  facet normal 0.242536 -0.970143 0
    outer loop
      vertex 106.243 41.55 47.98
      vertex 105.995 41.488 45
      vertex 106.243 41.55 45
    endloop
  endfacet
  facet normal -0.515651 -0.856799 0
    outer loop
      vertex 107.976 41.293 45
      vertex 108.194 41.1618 47.98
      vertex 107.976 41.293 47.98
    endloop
  endfacet
  facet normal -0.515651 -0.856799 -0
    outer loop
      vertex 108.194 41.1618 47.98
      vertex 107.976 41.293 45
      vertex 108.194 41.1618 45
    endloop
  endfacet
  facet normal 0.515651 0.856799 -0
    outer loop
      vertex 105.524 36.707 45
      vertex 105.306 36.8382 47.98
      vertex 105.524 36.707 47.98
    endloop
  endfacet
  facet normal 0.515651 0.856799 0
    outer loop
      vertex 105.306 36.8382 47.98
      vertex 105.524 36.707 45
      vertex 105.306 36.8382 45
    endloop
  endfacet
  facet normal -0.595602 -0.803279 0
    outer loop
      vertex 108.194 41.1618 45
      vertex 108.399 41.0098 47.98
      vertex 108.194 41.1618 47.98
    endloop
  endfacet
  facet normal -0.595602 -0.803279 -0
    outer loop
      vertex 108.399 41.0098 47.98
      vertex 108.194 41.1618 45
      vertex 108.399 41.0098 45
    endloop
  endfacet
  facet normal -0.970027 0.242997 0
    outer loop
      vertex 109.238 38.2453 45
      vertex 109.3 38.4928 47.98
      vertex 109.3 38.4928 45
    endloop
  endfacet
  facet normal -0.970027 0.242997 0
    outer loop
      vertex 109.3 38.4928 47.98
      vertex 109.238 38.2453 45
      vertex 109.238 38.2453 47.98
    endloop
  endfacet
  facet normal -0.147189 0.989108 0
    outer loop
      vertex 107.257 36.45 45
      vertex 107.005 36.4125 47.98
      vertex 107.257 36.45 47.98
    endloop
  endfacet
  facet normal -0.147189 0.989108 0
    outer loop
      vertex 107.005 36.4125 47.98
      vertex 107.257 36.45 45
      vertex 107.005 36.4125 45
    endloop
  endfacet
  facet normal 0.904089 -0.427345 0
    outer loop
      vertex 104.348 39.995 47.98
      vertex 104.457 40.2256 45
      vertex 104.457 40.2256 47.98
    endloop
  endfacet
  facet normal 0.904089 -0.427345 0
    outer loop
      vertex 104.457 40.2256 45
      vertex 104.348 39.995 47.98
      vertex 104.348 39.995 45
    endloop
  endfacet
  facet normal 0.147189 0.989108 -0
    outer loop
      vertex 106.495 36.4125 45
      vertex 106.243 36.45 47.98
      vertex 106.495 36.4125 47.98
    endloop
  endfacet
  facet normal 0.147189 0.989108 0
    outer loop
      vertex 106.243 36.45 47.98
      vertex 106.495 36.4125 45
      vertex 106.243 36.45 45
    endloop
  endfacet
  facet normal 0.515651 -0.856799 0
    outer loop
      vertex 105.306 41.1618 45
      vertex 105.524 41.293 47.98
      vertex 105.306 41.1618 47.98
    endloop
  endfacet
  facet normal 0.515651 -0.856799 0
    outer loop
      vertex 105.524 41.293 47.98
      vertex 105.306 41.1618 45
      vertex 105.524 41.293 45
    endloop
  endfacet
  facet normal -0.904089 0.427345 0
    outer loop
      vertex 109.043 37.7744 45
      vertex 109.152 38.005 47.98
      vertex 109.152 38.005 45
    endloop
  endfacet
  facet normal -0.904089 0.427345 0
    outer loop
      vertex 109.152 38.005 47.98
      vertex 109.043 37.7744 45
      vertex 109.043 37.7744 47.98
    endloop
  endfacet
  facet normal 0.67156 -0.74095 0
    outer loop
      vertex 104.912 40.8385 45
      vertex 105.101 41.0098 47.98
      vertex 104.912 40.8385 47.98
    endloop
  endfacet
  facet normal 0.67156 -0.74095 0
    outer loop
      vertex 105.101 41.0098 47.98
      vertex 104.912 40.8385 45
      vertex 105.101 41.0098 45
    endloop
  endfacet
  facet normal -0.904089 -0.427345 0
    outer loop
      vertex 109.152 39.995 45
      vertex 109.043 40.2256 47.98
      vertex 109.043 40.2256 45
    endloop
  endfacet
  facet normal -0.904089 -0.427345 0
    outer loop
      vertex 109.043 40.2256 47.98
      vertex 109.152 39.995 45
      vertex 109.152 39.995 47.98
    endloop
  endfacet
  facet normal 0.970027 0.242997 0
    outer loop
      vertex 104.262 38.2453 47.98
      vertex 104.2 38.4928 45
      vertex 104.2 38.4928 47.98
    endloop
  endfacet
  facet normal 0.970027 0.242997 0
    outer loop
      vertex 104.2 38.4928 45
      vertex 104.262 38.2453 47.98
      vertex 104.262 38.2453 45
    endloop
  endfacet
  facet normal -0.0489608 0.998801 0
    outer loop
      vertex 107.005 36.4125 45
      vertex 106.75 36.4 47.98
      vertex 107.005 36.4125 47.98
    endloop
  endfacet
  facet normal -0.0489608 0.998801 0
    outer loop
      vertex 106.75 36.4 47.98
      vertex 107.005 36.4125 45
      vertex 106.75 36.4 45
    endloop
  endfacet
  facet normal -0.42706 0.904223 0
    outer loop
      vertex 107.976 36.707 45
      vertex 107.745 36.5979 47.98
      vertex 107.976 36.707 47.98
    endloop
  endfacet
  facet normal -0.42706 0.904223 0
    outer loop
      vertex 107.745 36.5979 47.98
      vertex 107.976 36.707 45
      vertex 107.745 36.5979 45
    endloop
  endfacet
  facet normal -0.42706 -0.904223 0
    outer loop
      vertex 107.745 41.4021 45
      vertex 107.976 41.293 47.98
      vertex 107.745 41.4021 47.98
    endloop
  endfacet
  facet normal -0.42706 -0.904223 -0
    outer loop
      vertex 107.976 41.293 47.98
      vertex 107.745 41.4021 45
      vertex 107.976 41.293 45
    endloop
  endfacet
  facet normal -0.85808 0.513515 0
    outer loop
      vertex 108.912 37.5555 45
      vertex 109.043 37.7744 47.98
      vertex 109.043 37.7744 45
    endloop
  endfacet
  facet normal -0.85808 0.513515 0
    outer loop
      vertex 109.043 37.7744 47.98
      vertex 108.912 37.5555 45
      vertex 108.912 37.5555 47.98
    endloop
  endfacet
  facet normal 0.94152 0.336957 0
    outer loop
      vertex 104.348 38.005 47.98
      vertex 104.262 38.2453 45
      vertex 104.262 38.2453 47.98
    endloop
  endfacet
  facet normal 0.94152 0.336957 0
    outer loop
      vertex 104.262 38.2453 45
      vertex 104.348 38.005 47.98
      vertex 104.348 38.005 45
    endloop
  endfacet
  facet normal -0.336982 0.941511 0
    outer loop
      vertex 107.745 36.5979 45
      vertex 107.505 36.512 47.98
      vertex 107.745 36.5979 47.98
    endloop
  endfacet
  facet normal -0.336982 0.941511 0
    outer loop
      vertex 107.505 36.512 47.98
      vertex 107.745 36.5979 45
      vertex 107.505 36.512 45
    endloop
  endfacet
  facet normal 0.989425 -0.145043 0
    outer loop
      vertex 104.163 39.2548 47.98
      vertex 104.2 39.5072 45
      vertex 104.2 39.5072 47.98
    endloop
  endfacet
  facet normal 0.989425 -0.145043 0
    outer loop
      vertex 104.2 39.5072 45
      vertex 104.163 39.2548 47.98
      vertex 104.163 39.2548 45
    endloop
  endfacet
  facet normal -0.989425 0.145043 0
    outer loop
      vertex 109.3 38.4928 45
      vertex 109.337 38.7452 47.98
      vertex 109.337 38.7452 45
    endloop
  endfacet
  facet normal -0.989425 0.145043 0
    outer loop
      vertex 109.337 38.7452 47.98
      vertex 109.3 38.4928 45
      vertex 109.3 38.4928 47.98
    endloop
  endfacet
  facet normal 0.336982 -0.941511 0
    outer loop
      vertex 105.755 41.4021 45
      vertex 105.995 41.488 47.98
      vertex 105.755 41.4021 47.98
    endloop
  endfacet
  facet normal 0.336982 -0.941511 0
    outer loop
      vertex 105.995 41.488 47.98
      vertex 105.755 41.4021 45
      vertex 105.995 41.488 45
    endloop
  endfacet
  facet normal 0.904089 0.427345 0
    outer loop
      vertex 104.457 37.7744 47.98
      vertex 104.348 38.005 45
      vertex 104.348 38.005 47.98
    endloop
  endfacet
  facet normal 0.904089 0.427345 0
    outer loop
      vertex 104.348 38.005 45
      vertex 104.457 37.7744 47.98
      vertex 104.457 37.7744 45
    endloop
  endfacet
  facet normal -0.67156 -0.74095 0
    outer loop
      vertex 108.399 41.0098 45
      vertex 108.588 40.8385 47.98
      vertex 108.399 41.0098 47.98
    endloop
  endfacet
  facet normal -0.67156 -0.74095 -0
    outer loop
      vertex 108.588 40.8385 47.98
      vertex 108.399 41.0098 45
      vertex 108.588 40.8385 45
    endloop
  endfacet
  facet normal 0.67156 0.74095 -0
    outer loop
      vertex 105.101 36.9902 45
      vertex 104.912 37.1615 47.98
      vertex 105.101 36.9902 47.98
    endloop
  endfacet
  facet normal 0.67156 0.74095 0
    outer loop
      vertex 104.912 37.1615 47.98
      vertex 105.101 36.9902 45
      vertex 104.912 37.1615 45
    endloop
  endfacet
  facet normal 0.147189 -0.989108 0
    outer loop
      vertex 106.243 41.55 45
      vertex 106.495 41.5875 47.98
      vertex 106.243 41.55 47.98
    endloop
  endfacet
  facet normal 0.147189 -0.989108 0
    outer loop
      vertex 106.495 41.5875 47.98
      vertex 106.243 41.55 45
      vertex 106.495 41.5875 45
    endloop
  endfacet
  facet normal 0.42706 -0.904223 0
    outer loop
      vertex 105.524 41.293 45
      vertex 105.755 41.4021 47.98
      vertex 105.524 41.293 47.98
    endloop
  endfacet
  facet normal 0.42706 -0.904223 0
    outer loop
      vertex 105.755 41.4021 47.98
      vertex 105.524 41.293 45
      vertex 105.755 41.4021 45
    endloop
  endfacet
  facet normal -0.85808 -0.513515 0
    outer loop
      vertex 109.043 40.2256 45
      vertex 108.912 40.4445 47.98
      vertex 108.912 40.4445 45
    endloop
  endfacet
  facet normal -0.85808 -0.513515 0
    outer loop
      vertex 108.912 40.4445 47.98
      vertex 109.043 40.2256 45
      vertex 109.043 40.2256 47.98
    endloop
  endfacet
  facet normal -0.739763 0.672867 0
    outer loop
      vertex 108.588 37.1615 45
      vertex 108.76 37.3506 47.98
      vertex 108.76 37.3506 45
    endloop
  endfacet
  facet normal -0.739763 0.672867 0
    outer loop
      vertex 108.76 37.3506 47.98
      vertex 108.588 37.1615 45
      vertex 108.588 37.1615 47.98
    endloop
  endfacet
  facet normal 0.85808 -0.513515 0
    outer loop
      vertex 104.457 40.2256 47.98
      vertex 104.588 40.4445 45
      vertex 104.588 40.4445 47.98
    endloop
  endfacet
  facet normal 0.85808 -0.513515 0
    outer loop
      vertex 104.588 40.4445 45
      vertex 104.457 40.2256 47.98
      vertex 104.457 40.2256 45
    endloop
  endfacet
  facet normal -0.94152 0.336957 0
    outer loop
      vertex 109.152 38.005 45
      vertex 109.238 38.2453 47.98
      vertex 109.238 38.2453 45
    endloop
  endfacet
  facet normal -0.94152 0.336957 0
    outer loop
      vertex 109.238 38.2453 47.98
      vertex 109.152 38.005 45
      vertex 109.152 38.005 47.98
    endloop
  endfacet
  facet normal 0.970027 -0.242997 0
    outer loop
      vertex 104.2 39.5072 47.98
      vertex 104.262 39.7547 45
      vertex 104.262 39.7547 47.98
    endloop
  endfacet
  facet normal 0.970027 -0.242997 0
    outer loop
      vertex 104.262 39.7547 45
      vertex 104.2 39.5072 47.98
      vertex 104.2 39.5072 45
    endloop
  endfacet
  facet normal 0.0489608 -0.998801 0
    outer loop
      vertex 106.495 41.5875 45
      vertex 106.75 41.6 47.98
      vertex 106.495 41.5875 47.98
    endloop
  endfacet
  facet normal 0.0489608 -0.998801 0
    outer loop
      vertex 106.75 41.6 47.98
      vertex 106.495 41.5875 45
      vertex 106.75 41.6 45
    endloop
  endfacet
  facet normal 0.80314 0.59579 0
    outer loop
      vertex 104.74 37.3506 47.98
      vertex 104.588 37.5555 45
      vertex 104.588 37.5555 47.98
    endloop
  endfacet
  facet normal 0.80314 0.59579 0
    outer loop
      vertex 104.588 37.5555 45
      vertex 104.74 37.3506 47.98
      vertex 104.74 37.3506 45
    endloop
  endfacet
  facet normal 0.989425 0.145043 0
    outer loop
      vertex 104.2 38.4928 47.98
      vertex 104.163 38.7452 45
      vertex 104.163 38.7452 47.98
    endloop
  endfacet
  facet normal 0.989425 0.145043 0
    outer loop
      vertex 104.163 38.7452 45
      vertex 104.2 38.4928 47.98
      vertex 104.2 38.4928 45
    endloop
  endfacet
  facet normal 0.85808 0.513515 0
    outer loop
      vertex 104.588 37.5555 47.98
      vertex 104.457 37.7744 45
      vertex 104.457 37.7744 47.98
    endloop
  endfacet
  facet normal 0.85808 0.513515 0
    outer loop
      vertex 104.457 37.7744 45
      vertex 104.588 37.5555 47.98
      vertex 104.588 37.5555 45
    endloop
  endfacet
  facet normal 0.739763 -0.672867 0
    outer loop
      vertex 104.74 40.6494 47.98
      vertex 104.912 40.8385 45
      vertex 104.912 40.8385 47.98
    endloop
  endfacet
  facet normal 0.739763 -0.672867 0
    outer loop
      vertex 104.912 40.8385 45
      vertex 104.74 40.6494 47.98
      vertex 104.74 40.6494 45
    endloop
  endfacet
  facet normal -0.67156 0.74095 0
    outer loop
      vertex 108.588 37.1615 45
      vertex 108.399 36.9902 47.98
      vertex 108.588 37.1615 47.98
    endloop
  endfacet
  facet normal -0.67156 0.74095 0
    outer loop
      vertex 108.399 36.9902 47.98
      vertex 108.588 37.1615 45
      vertex 108.399 36.9902 45
    endloop
  endfacet
  facet normal 0.0489608 0.998801 -0
    outer loop
      vertex 106.75 36.4 45
      vertex 106.495 36.4125 47.98
      vertex 106.75 36.4 47.98
    endloop
  endfacet
  facet normal 0.0489608 0.998801 0
    outer loop
      vertex 106.495 36.4125 47.98
      vertex 106.75 36.4 45
      vertex 106.495 36.4125 45
    endloop
  endfacet
  facet normal -0.595602 0.803279 0
    outer loop
      vertex 108.399 36.9902 45
      vertex 108.194 36.8382 47.98
      vertex 108.399 36.9902 47.98
    endloop
  endfacet
  facet normal -0.595602 0.803279 0
    outer loop
      vertex 108.194 36.8382 47.98
      vertex 108.399 36.9902 45
      vertex 108.194 36.8382 45
    endloop
  endfacet
  facet normal -0.0489608 -0.998801 0
    outer loop
      vertex 106.75 41.6 45
      vertex 107.005 41.5875 47.98
      vertex 106.75 41.6 47.98
    endloop
  endfacet
  facet normal -0.0489608 -0.998801 -0
    outer loop
      vertex 107.005 41.5875 47.98
      vertex 106.75 41.6 45
      vertex 107.005 41.5875 45
    endloop
  endfacet
  facet normal 0.80314 -0.59579 0
    outer loop
      vertex 104.588 40.4445 47.98
      vertex 104.74 40.6494 45
      vertex 104.74 40.6494 47.98
    endloop
  endfacet
  facet normal 0.80314 -0.59579 0
    outer loop
      vertex 104.74 40.6494 45
      vertex 104.588 40.4445 47.98
      vertex 104.588 40.4445 45
    endloop
  endfacet
  facet normal -0.242536 0.970143 0
    outer loop
      vertex 107.505 36.512 45
      vertex 107.257 36.45 47.98
      vertex 107.505 36.512 47.98
    endloop
  endfacet
  facet normal -0.242536 0.970143 0
    outer loop
      vertex 107.257 36.45 47.98
      vertex 107.505 36.512 45
      vertex 107.257 36.45 45
    endloop
  endfacet
  facet normal 0.336982 0.941511 -0
    outer loop
      vertex 105.995 36.512 45
      vertex 105.755 36.5979 47.98
      vertex 105.995 36.512 47.98
    endloop
  endfacet
  facet normal 0.336982 0.941511 0
    outer loop
      vertex 105.755 36.5979 47.98
      vertex 105.995 36.512 45
      vertex 105.755 36.5979 45
    endloop
  endfacet
  facet normal 0 0 -1
    outer loop
      vertex 109.337 38.7452 47.98
      vertex 109.337 39.2548 47.98
      vertex 109.35 39 47.98
    endloop
  endfacet
  facet normal 0 0 -1
    outer loop
      vertex 109.3 38.4928 47.98
      vertex 109.337 39.2548 47.98
      vertex 109.337 38.7452 47.98
    endloop
  endfacet
  facet normal 0 0 -1
    outer loop
      vertex 109.3 38.4928 47.98
      vertex 109.3 39.5072 47.98
      vertex 109.337 39.2548 47.98
    endloop
  endfacet
  facet normal 0 0 -1
    outer loop
      vertex 109.238 38.2453 47.98
      vertex 109.3 39.5072 47.98
      vertex 109.3 38.4928 47.98
    endloop
  endfacet
  facet normal 0 0 -1
    outer loop
      vertex 109.238 38.2453 47.98
      vertex 109.238 39.7547 47.98
      vertex 109.3 39.5072 47.98
    endloop
  endfacet
  facet normal 0 0 -1
    outer loop
      vertex 109.152 38.005 47.98
      vertex 109.238 39.7547 47.98
      vertex 109.238 38.2453 47.98
    endloop
  endfacet
  facet normal 0 0 -1
    outer loop
      vertex 109.152 38.005 47.98
      vertex 109.152 39.995 47.98
      vertex 109.238 39.7547 47.98
    endloop
  endfacet
  facet normal 0 0 -1
    outer loop
      vertex 109.043 37.7744 47.98
      vertex 109.152 39.995 47.98
      vertex 109.152 38.005 47.98
    endloop
  endfacet
  facet normal 0 0 -1
    outer loop
      vertex 109.043 37.7744 47.98
      vertex 109.043 40.2256 47.98
      vertex 109.152 39.995 47.98
    endloop
  endfacet
  facet normal 0 0 -1
    outer loop
      vertex 108.912 37.5555 47.98
      vertex 109.043 40.2256 47.98
      vertex 109.043 37.7744 47.98
    endloop
  endfacet
  facet normal 0 0 -1
    outer loop
      vertex 108.912 37.5555 47.98
      vertex 108.912 40.4445 47.98
      vertex 109.043 40.2256 47.98
    endloop
  endfacet
  facet normal 0 0 -1
    outer loop
      vertex 108.76 37.3506 47.98
      vertex 108.912 40.4445 47.98
      vertex 108.912 37.5555 47.98
    endloop
  endfacet
  facet normal 0 0 -1
    outer loop
      vertex 108.76 37.3506 47.98
      vertex 108.76 40.6494 47.98
      vertex 108.912 40.4445 47.98
    endloop
  endfacet
  facet normal 0 0 -1
    outer loop
      vertex 108.588 37.1615 47.98
      vertex 108.76 40.6494 47.98
      vertex 108.76 37.3506 47.98
    endloop
  endfacet
  facet normal 0 0 -1
    outer loop
      vertex 108.588 37.1615 47.98
      vertex 108.588 40.8385 47.98
      vertex 108.76 40.6494 47.98
    endloop
  endfacet
  facet normal 0 0 -1
    outer loop
      vertex 108.399 36.9902 47.98
      vertex 108.588 40.8385 47.98
      vertex 108.588 37.1615 47.98
    endloop
  endfacet
  facet normal 0 0 -1
    outer loop
      vertex 108.399 36.9902 47.98
      vertex 108.399 41.0098 47.98
      vertex 108.588 40.8385 47.98
    endloop
  endfacet
  facet normal 0 0 -1
    outer loop
      vertex 108.194 36.8382 47.98
      vertex 108.399 41.0098 47.98
      vertex 108.399 36.9902 47.98
    endloop
  endfacet
  facet normal 0 0 -1
    outer loop
      vertex 108.194 36.8382 47.98
      vertex 108.194 41.1618 47.98
      vertex 108.399 41.0098 47.98
    endloop
  endfacet
  facet normal 0 0 -1
    outer loop
      vertex 107.976 36.707 47.98
      vertex 108.194 41.1618 47.98
      vertex 108.194 36.8382 47.98
    endloop
  endfacet
  facet normal 0 0 -1
    outer loop
      vertex 107.976 36.707 47.98
      vertex 107.976 41.293 47.98
      vertex 108.194 41.1618 47.98
    endloop
  endfacet
  facet normal 0 0 -1
    outer loop
      vertex 107.745 36.5979 47.98
      vertex 107.976 41.293 47.98
      vertex 107.976 36.707 47.98
    endloop
  endfacet
  facet normal 0 0 -1
    outer loop
      vertex 107.745 36.5979 47.98
      vertex 107.745 41.4021 47.98
      vertex 107.976 41.293 47.98
    endloop
  endfacet
  facet normal 0 0 -1
    outer loop
      vertex 107.505 36.512 47.98
      vertex 107.745 41.4021 47.98
      vertex 107.745 36.5979 47.98
    endloop
  endfacet
  facet normal 0 0 -1
    outer loop
      vertex 107.505 36.512 47.98
      vertex 107.505 41.488 47.98
      vertex 107.745 41.4021 47.98
    endloop
  endfacet
  facet normal 0 0 -1
    outer loop
      vertex 107.257 36.45 47.98
      vertex 107.505 41.488 47.98
      vertex 107.505 36.512 47.98
    endloop
  endfacet
  facet normal 0 0 -1
    outer loop
      vertex 107.257 36.45 47.98
      vertex 107.257 41.55 47.98
      vertex 107.505 41.488 47.98
    endloop
  endfacet
  facet normal 0 0 -1
    outer loop
      vertex 107.005 36.4125 47.98
      vertex 107.257 41.55 47.98
      vertex 107.257 36.45 47.98
    endloop
  endfacet
  facet normal 0 0 -1
    outer loop
      vertex 107.005 36.4125 47.98
      vertex 107.005 41.5875 47.98
      vertex 107.257 41.55 47.98
    endloop
  endfacet
  facet normal 0 0 -1
    outer loop
      vertex 106.75 36.4 47.98
      vertex 107.005 41.5875 47.98
      vertex 107.005 36.4125 47.98
    endloop
  endfacet
  facet normal 0 0 -1
    outer loop
      vertex 106.75 36.4 47.98
      vertex 106.75 41.6 47.98
      vertex 107.005 41.5875 47.98
    endloop
  endfacet
  facet normal 0 0 -1
    outer loop
      vertex 106.495 36.4125 47.98
      vertex 106.75 41.6 47.98
      vertex 106.75 36.4 47.98
    endloop
  endfacet
  facet normal 0 0 -1
    outer loop
      vertex 106.495 36.4125 47.98
      vertex 106.495 41.5875 47.98
      vertex 106.75 41.6 47.98
    endloop
  endfacet
  facet normal 0 0 -1
    outer loop
      vertex 106.243 36.45 47.98
      vertex 106.495 41.5875 47.98
      vertex 106.495 36.4125 47.98
    endloop
  endfacet
  facet normal 0 0 -1
    outer loop
      vertex 106.243 36.45 47.98
      vertex 106.243 41.55 47.98
      vertex 106.495 41.5875 47.98
    endloop
  endfacet
  facet normal 0 0 -1
    outer loop
      vertex 105.995 36.512 47.98
      vertex 106.243 41.55 47.98
      vertex 106.243 36.45 47.98
    endloop
  endfacet
  facet normal 0 0 -1
    outer loop
      vertex 105.995 36.512 47.98
      vertex 105.995 41.488 47.98
      vertex 106.243 41.55 47.98
    endloop
  endfacet
  facet normal 0 0 -1
    outer loop
      vertex 105.755 36.5979 47.98
      vertex 105.995 41.488 47.98
      vertex 105.995 36.512 47.98
    endloop
  endfacet
  facet normal 0 0 -1
    outer loop
      vertex 105.755 36.5979 47.98
      vertex 105.755 41.4021 47.98
      vertex 105.995 41.488 47.98
    endloop
  endfacet
  facet normal 0 0 -1
    outer loop
      vertex 105.524 36.707 47.98
      vertex 105.755 41.4021 47.98
      vertex 105.755 36.5979 47.98
    endloop
  endfacet
  facet normal 0 0 -1
    outer loop
      vertex 105.524 36.707 47.98
      vertex 105.524 41.293 47.98
      vertex 105.755 41.4021 47.98
    endloop
  endfacet
  facet normal 0 0 -1
    outer loop
      vertex 105.306 36.8382 47.98
      vertex 105.524 41.293 47.98
      vertex 105.524 36.707 47.98
    endloop
  endfacet
  facet normal 0 0 -1
    outer loop
      vertex 105.306 36.8382 47.98
      vertex 105.306 41.1618 47.98
      vertex 105.524 41.293 47.98
    endloop
  endfacet
  facet normal 0 0 -1
    outer loop
      vertex 105.101 36.9902 47.98
      vertex 105.306 41.1618 47.98
      vertex 105.306 36.8382 47.98
    endloop
  endfacet
  facet normal 0 0 -1
    outer loop
      vertex 105.101 36.9902 47.98
      vertex 105.101 41.0098 47.98
      vertex 105.306 41.1618 47.98
    endloop
  endfacet
  facet normal 0 0 -1
    outer loop
      vertex 104.912 37.1615 47.98
      vertex 105.101 41.0098 47.98
      vertex 105.101 36.9902 47.98
    endloop
  endfacet
  facet normal 0 0 -1
    outer loop
      vertex 104.912 37.1615 47.98
      vertex 104.912 40.8385 47.98
      vertex 105.101 41.0098 47.98
    endloop
  endfacet
  facet normal 0 0 -1
    outer loop
      vertex 104.74 37.3506 47.98
      vertex 104.912 40.8385 47.98
      vertex 104.912 37.1615 47.98
    endloop
  endfacet
  facet normal 0 0 -1
    outer loop
      vertex 104.74 37.3506 47.98
      vertex 104.74 40.6494 47.98
      vertex 104.912 40.8385 47.98
    endloop
  endfacet
  facet normal 0 0 -1
    outer loop
      vertex 104.588 37.5555 47.98
      vertex 104.74 40.6494 47.98
      vertex 104.74 37.3506 47.98
    endloop
  endfacet
  facet normal 0 0 -1
    outer loop
      vertex 104.588 37.5555 47.98
      vertex 104.588 40.4445 47.98
      vertex 104.74 40.6494 47.98
    endloop
  endfacet
  facet normal 0 0 -1
    outer loop
      vertex 104.457 37.7744 47.98
      vertex 104.588 40.4445 47.98
      vertex 104.588 37.5555 47.98
    endloop
  endfacet
  facet normal 0 0 -1
    outer loop
      vertex 104.457 37.7744 47.98
      vertex 104.457 40.2256 47.98
      vertex 104.588 40.4445 47.98
    endloop
  endfacet
  facet normal 0 0 -1
    outer loop
      vertex 104.348 38.005 47.98
      vertex 104.457 40.2256 47.98
      vertex 104.457 37.7744 47.98
    endloop
  endfacet
  facet normal 0 0 -1
    outer loop
      vertex 104.348 38.005 47.98
      vertex 104.348 39.995 47.98
      vertex 104.457 40.2256 47.98
    endloop
  endfacet
  facet normal 0 0 -1
    outer loop
      vertex 104.262 38.2453 47.98
      vertex 104.348 39.995 47.98
      vertex 104.348 38.005 47.98
    endloop
  endfacet
  facet normal 0 0 -1
    outer loop
      vertex 104.262 38.2453 47.98
      vertex 104.262 39.7547 47.98
      vertex 104.348 39.995 47.98
    endloop
  endfacet
  facet normal 0 0 -1
    outer loop
      vertex 104.2 38.4928 47.98
      vertex 104.262 39.7547 47.98
      vertex 104.262 38.2453 47.98
    endloop
  endfacet
  facet normal 0 0 -1
    outer loop
      vertex 104.2 38.4928 47.98
      vertex 104.2 39.5072 47.98
      vertex 104.262 39.7547 47.98
    endloop
  endfacet
  facet normal 0 0 -1
    outer loop
      vertex 104.163 38.7452 47.98
      vertex 104.2 39.5072 47.98
      vertex 104.2 38.4928 47.98
    endloop
  endfacet
  facet normal 0 0 -1
    outer loop
      vertex 104.163 38.7452 47.98
      vertex 104.163 39.2548 47.98
      vertex 104.2 39.5072 47.98
    endloop
  endfacet
  facet normal 0 -0 -1
    outer loop
      vertex 104.163 39.2548 47.98
      vertex 104.163 38.7452 47.98
      vertex 104.15 39 47.98
    endloop
  endfacet
  facet normal 0.242536 0.970143 -0
    outer loop
      vertex 106.243 36.45 45
      vertex 105.995 36.512 47.98
      vertex 106.243 36.45 47.98
    endloop
  endfacet
  facet normal 0.242536 0.970143 0
    outer loop
      vertex 105.995 36.512 47.98
      vertex 106.243 36.45 45
      vertex 105.995 36.512 45
    endloop
  endfacet
  facet normal 0.595602 0.803279 -0
    outer loop
      vertex 105.306 36.8382 45
      vertex 105.101 36.9902 47.98
      vertex 105.306 36.8382 47.98
    endloop
  endfacet
  facet normal 0.595602 0.803279 0
    outer loop
      vertex 105.101 36.9902 47.98
      vertex 105.306 36.8382 45
      vertex 105.101 36.9902 45
    endloop
  endfacet
  facet normal 0.42706 0.904223 -0
    outer loop
      vertex 105.755 36.5979 45
      vertex 105.524 36.707 47.98
      vertex 105.755 36.5979 47.98
    endloop
  endfacet
  facet normal 0.42706 0.904223 0
    outer loop
      vertex 105.524 36.707 47.98
      vertex 105.755 36.5979 45
      vertex 105.524 36.707 45
    endloop
  endfacet
  facet normal 0.998701 -0.0509541 0
    outer loop
      vertex 104.15 39 47.98
      vertex 104.163 39.2548 45
      vertex 104.163 39.2548 47.98
    endloop
  endfacet
  facet normal 0.998701 -0.0509541 0
    outer loop
      vertex 104.163 39.2548 45
      vertex 104.15 39 47.98
      vertex 104.15 39 45
    endloop
  endfacet
  facet normal 0.998701 0.0509541 0
    outer loop
      vertex 104.163 38.7452 47.98
      vertex 104.15 39 45
      vertex 104.15 39 47.98
    endloop
  endfacet
  facet normal 0.998701 0.0509541 0
    outer loop
      vertex 104.15 39 45
      vertex 104.163 38.7452 47.98
      vertex 104.163 38.7452 45
    endloop
  endfacet
  facet normal 0.739763 0.672867 0
    outer loop
      vertex 104.912 37.1615 47.98
      vertex 104.74 37.3506 45
      vertex 104.74 37.3506 47.98
    endloop
  endfacet
  facet normal 0.739763 0.672867 0
    outer loop
      vertex 104.74 37.3506 45
      vertex 104.912 37.1615 47.98
      vertex 104.912 37.1615 45
    endloop
  endfacet
  facet normal 0.336897 -0.941541 0
    outer loop
      vertex 2.69511 4.58962 45
      vertex 2.82909 4.63756 47.4
      vertex 2.69511 4.58962 47.4
    endloop
  endfacet
  facet normal 0.336897 -0.941541 0
    outer loop
      vertex 2.82909 4.63756 47.4
      vertex 2.69511 4.58962 45
      vertex 2.82909 4.63756 45
    endloop
  endfacet
  facet normal -0.989176 -0.146732 0
    outer loop
      vertex 4.69302 3.39212 45
      vertex 4.67214 3.53288 47.4
      vertex 4.67214 3.53288 45
    endloop
  endfacet
  facet normal -0.989176 -0.146732 0
    outer loop
      vertex 4.67214 3.53288 47.4
      vertex 4.69302 3.39212 45
      vertex 4.69302 3.39212 47.4
    endloop
  endfacet
  facet normal -0.998796 -0.0490543 0
    outer loop
      vertex 4.7 3.25 45
      vertex 4.69302 3.39212 47.4
      vertex 4.69302 3.39212 45
    endloop
  endfacet
  facet normal -0.998796 -0.0490543 0
    outer loop
      vertex 4.69302 3.39212 47.4
      vertex 4.7 3.25 45
      vertex 4.7 3.25 47.4
    endloop
  endfacet
  facet normal -0.970022 -0.243015 0
    outer loop
      vertex 4.67214 3.53288 45
      vertex 4.63756 3.67091 47.4
      vertex 4.63756 3.67091 45
    endloop
  endfacet
  facet normal -0.970022 -0.243015 0
    outer loop
      vertex 4.63756 3.67091 47.4
      vertex 4.67214 3.53288 45
      vertex 4.67214 3.53288 47.4
    endloop
  endfacet
  facet normal -0.904022 -0.427485 0
    outer loop
      vertex 4.58962 3.80489 45
      vertex 4.52879 3.93353 47.4
      vertex 4.52879 3.93353 45
    endloop
  endfacet
  facet normal -0.904022 -0.427485 0
    outer loop
      vertex 4.52879 3.93353 47.4
      vertex 4.58962 3.80489 45
      vertex 4.58962 3.80489 47.4
    endloop
  endfacet
  facet normal -0.427543 0.903995 0
    outer loop
      vertex 3.93353 1.97121 45
      vertex 3.80489 1.91037 47.4
      vertex 3.93353 1.97121 47.4
    endloop
  endfacet
  facet normal -0.427543 0.903995 0
    outer loop
      vertex 3.80489 1.91037 47.4
      vertex 3.93353 1.97121 45
      vertex 3.80489 1.91037 45
    endloop
  endfacet
  facet normal -0.998796 0.0490509 0
    outer loop
      vertex 4.69302 3.10787 45
      vertex 4.7 3.25 47.4
      vertex 4.7 3.25 45
    endloop
  endfacet
  facet normal -0.998796 0.0490509 0
    outer loop
      vertex 4.7 3.25 47.4
      vertex 4.69302 3.10787 45
      vertex 4.69302 3.10787 47.4
    endloop
  endfacet
  facet normal -0.904022 0.427485 0
    outer loop
      vertex 4.52879 2.56647 45
      vertex 4.58962 2.69511 47.4
      vertex 4.58962 2.69511 45
    endloop
  endfacet
  facet normal -0.904022 0.427485 0
    outer loop
      vertex 4.58962 2.69511 47.4
      vertex 4.52879 2.56647 45
      vertex 4.52879 2.56647 47.4
    endloop
  endfacet
  facet normal -0.803185 0.59573 0
    outer loop
      vertex 4.37086 2.33013 45
      vertex 4.45563 2.44442 47.4
      vertex 4.45563 2.44442 45
    endloop
  endfacet
  facet normal -0.803185 0.59573 0
    outer loop
      vertex 4.45563 2.44442 47.4
      vertex 4.37086 2.33013 45
      vertex 4.37086 2.33013 47.4
    endloop
  endfacet
  facet normal 0.740969 0.671539 0
    outer loop
      vertex 2.22469 2.22469 47.4
      vertex 2.12913 2.33013 45
      vertex 2.12913 2.33013 47.4
    endloop
  endfacet
  facet normal 0.740969 0.671539 0
    outer loop
      vertex 2.12913 2.33013 45
      vertex 2.22469 2.22469 47.4
      vertex 2.22469 2.22469 45
    endloop
  endfacet
  facet normal 0.146742 -0.989175 0
    outer loop
      vertex 2.96712 4.67214 45
      vertex 3.10787 4.69302 47.4
      vertex 2.96712 4.67214 47.4
    endloop
  endfacet
  facet normal 0.146742 -0.989175 0
    outer loop
      vertex 3.10787 4.69302 47.4
      vertex 2.96712 4.67214 45
      vertex 3.10787 4.69302 45
    endloop
  endfacet
  facet normal 0.243015 -0.970022 0
    outer loop
      vertex 2.82909 4.63756 45
      vertex 2.96712 4.67214 47.4
      vertex 2.82909 4.63756 47.4
    endloop
  endfacet
  facet normal 0.243015 -0.970022 0
    outer loop
      vertex 2.96712 4.67214 47.4
      vertex 2.82909 4.63756 45
      vertex 2.96712 4.67214 45
    endloop
  endfacet
  facet normal 0.903995 0.427543 0
    outer loop
      vertex 1.97121 2.56647 47.4
      vertex 1.91037 2.69511 45
      vertex 1.91037 2.69511 47.4
    endloop
  endfacet
  facet normal 0.903995 0.427543 0
    outer loop
      vertex 1.91037 2.69511 45
      vertex 1.97121 2.56647 47.4
      vertex 1.97121 2.56647 45
    endloop
  endfacet
  facet normal 0.941564 -0.336835 0
    outer loop
      vertex 1.86244 3.67091 47.4
      vertex 1.91037 3.80489 45
      vertex 1.91037 3.80489 47.4
    endloop
  endfacet
  facet normal 0.941564 -0.336835 0
    outer loop
      vertex 1.91037 3.80489 45
      vertex 1.86244 3.67091 47.4
      vertex 1.86244 3.67091 45
    endloop
  endfacet
  facet normal 0.989176 -0.146732 0
    outer loop
      vertex 1.80698 3.39212 47.4
      vertex 1.82786 3.53288 45
      vertex 1.82786 3.53288 47.4
    endloop
  endfacet
  facet normal 0.989176 -0.146732 0
    outer loop
      vertex 1.82786 3.53288 45
      vertex 1.80698 3.39212 47.4
      vertex 1.80698 3.39212 45
    endloop
  endfacet
  facet normal -0.0490543 0.998796 0
    outer loop
      vertex 3.39212 1.80698 45
      vertex 3.25 1.8 47.4
      vertex 3.39212 1.80698 47.4
    endloop
  endfacet
  facet normal -0.0490543 0.998796 0
    outer loop
      vertex 3.25 1.8 47.4
      vertex 3.39212 1.80698 45
      vertex 3.25 1.8 45
    endloop
  endfacet
  facet normal -0.427485 -0.904022 0
    outer loop
      vertex 3.80489 4.58962 45
      vertex 3.93353 4.52879 47.4
      vertex 3.80489 4.58962 47.4
    endloop
  endfacet
  facet normal -0.427485 -0.904022 -0
    outer loop
      vertex 3.93353 4.52879 47.4
      vertex 3.80489 4.58962 45
      vertex 3.93353 4.52879 45
    endloop
  endfacet
  facet normal -0.146732 0.989176 0
    outer loop
      vertex 3.53288 1.82786 45
      vertex 3.39212 1.80698 47.4
      vertex 3.53288 1.82786 47.4
    endloop
  endfacet
  facet normal -0.146732 0.989176 0
    outer loop
      vertex 3.39212 1.80698 47.4
      vertex 3.53288 1.82786 45
      vertex 3.39212 1.80698 45
    endloop
  endfacet
  facet normal 0.671539 -0.740969 0
    outer loop
      vertex 2.22469 4.2753 45
      vertex 2.33013 4.37086 47.4
      vertex 2.22469 4.2753 47.4
    endloop
  endfacet
  facet normal 0.671539 -0.740969 0
    outer loop
      vertex 2.33013 4.37086 47.4
      vertex 2.22469 4.2753 45
      vertex 2.33013 4.37086 45
    endloop
  endfacet
  facet normal -0.941541 -0.336897 0
    outer loop
      vertex 4.63756 3.67091 45
      vertex 4.58962 3.80489 47.4
      vertex 4.58962 3.80489 45
    endloop
  endfacet
  facet normal -0.941541 -0.336897 0
    outer loop
      vertex 4.58962 3.80489 47.4
      vertex 4.63756 3.67091 45
      vertex 4.63756 3.67091 47.4
    endloop
  endfacet
  facet normal -0.803185 -0.59573 0
    outer loop
      vertex 4.45563 4.05558 45
      vertex 4.37086 4.16987 47.4
      vertex 4.37086 4.16987 45
    endloop
  endfacet
  facet normal -0.803185 -0.59573 0
    outer loop
      vertex 4.37086 4.16987 47.4
      vertex 4.45563 4.05558 45
      vertex 4.45563 4.05558 47.4
    endloop
  endfacet
  facet normal -0.243015 -0.970022 0
    outer loop
      vertex 3.53288 4.67214 45
      vertex 3.67091 4.63756 47.4
      vertex 3.53288 4.67214 47.4
    endloop
  endfacet
  facet normal -0.243015 -0.970022 -0
    outer loop
      vertex 3.67091 4.63756 47.4
      vertex 3.53288 4.67214 45
      vertex 3.67091 4.63756 45
    endloop
  endfacet
  facet normal -0.671574 -0.740938 0
    outer loop
      vertex 4.16987 4.37086 45
      vertex 4.2753 4.2753 47.4
      vertex 4.16987 4.37086 47.4
    endloop
  endfacet
  facet normal -0.671574 -0.740938 -0
    outer loop
      vertex 4.2753 4.2753 47.4
      vertex 4.16987 4.37086 45
      vertex 4.2753 4.2753 45
    endloop
  endfacet
  facet normal 0.243015 0.970022 -0
    outer loop
      vertex 2.96712 1.82786 45
      vertex 2.82909 1.86244 47.4
      vertex 2.96712 1.82786 47.4
    endloop
  endfacet
  facet normal 0.243015 0.970022 0
    outer loop
      vertex 2.82909 1.86244 47.4
      vertex 2.96712 1.82786 45
      vertex 2.82909 1.86244 45
    endloop
  endfacet
  facet normal 0.0490509 -0.998796 0
    outer loop
      vertex 3.10787 4.69302 45
      vertex 3.25 4.7 47.4
      vertex 3.10787 4.69302 47.4
    endloop
  endfacet
  facet normal 0.0490509 -0.998796 0
    outer loop
      vertex 3.25 4.7 47.4
      vertex 3.10787 4.69302 45
      vertex 3.25 4.7 45
    endloop
  endfacet
  facet normal 0.803218 0.595685 0
    outer loop
      vertex 2.12913 2.33013 47.4
      vertex 2.04437 2.44442 45
      vertex 2.04437 2.44442 47.4
    endloop
  endfacet
  facet normal 0.803218 0.595685 0
    outer loop
      vertex 2.04437 2.44442 45
      vertex 2.12913 2.33013 47.4
      vertex 2.12913 2.33013 45
    endloop
  endfacet
  facet normal -0.740938 -0.671574 0
    outer loop
      vertex 4.37086 4.16987 45
      vertex 4.2753 4.2753 47.4
      vertex 4.2753 4.2753 45
    endloop
  endfacet
  facet normal -0.740938 -0.671574 0
    outer loop
      vertex 4.2753 4.2753 47.4
      vertex 4.37086 4.16987 45
      vertex 4.37086 4.16987 47.4
    endloop
  endfacet
  facet normal -0.740969 0.671539 0
    outer loop
      vertex 4.2753 2.22469 45
      vertex 4.37086 2.33013 47.4
      vertex 4.37086 2.33013 45
    endloop
  endfacet
  facet normal -0.740969 0.671539 0
    outer loop
      vertex 4.37086 2.33013 47.4
      vertex 4.2753 2.22469 45
      vertex 4.2753 2.22469 47.4
    endloop
  endfacet
  facet normal -0.514134 0.85771 0
    outer loop
      vertex 4.05558 2.04437 45
      vertex 3.93353 1.97121 47.4
      vertex 4.05558 2.04437 47.4
    endloop
  endfacet
  facet normal -0.514134 0.85771 0
    outer loop
      vertex 3.93353 1.97121 47.4
      vertex 4.05558 2.04437 45
      vertex 3.93353 1.97121 45
    endloop
  endfacet
  facet normal 0.514134 -0.85771 0
    outer loop
      vertex 2.44442 4.45563 45
      vertex 2.56647 4.52879 47.4
      vertex 2.44442 4.45563 47.4
    endloop
  endfacet
  facet normal 0.514134 -0.85771 0
    outer loop
      vertex 2.56647 4.52879 47.4
      vertex 2.44442 4.45563 45
      vertex 2.56647 4.52879 45
    endloop
  endfacet
  facet normal 0.85771 0.514134 0
    outer loop
      vertex 2.04437 2.44442 47.4
      vertex 1.97121 2.56647 45
      vertex 1.97121 2.56647 47.4
    endloop
  endfacet
  facet normal 0.85771 0.514134 0
    outer loop
      vertex 1.97121 2.56647 45
      vertex 2.04437 2.44442 47.4
      vertex 2.04437 2.44442 45
    endloop
  endfacet
  facet normal -0.59573 -0.803185 0
    outer loop
      vertex 4.05558 4.45563 45
      vertex 4.16987 4.37086 47.4
      vertex 4.05558 4.45563 47.4
    endloop
  endfacet
  facet normal -0.59573 -0.803185 -0
    outer loop
      vertex 4.16987 4.37086 47.4
      vertex 4.05558 4.45563 45
      vertex 4.16987 4.37086 45
    endloop
  endfacet
  facet normal -0.514134 -0.85771 0
    outer loop
      vertex 3.93353 4.52879 45
      vertex 4.05558 4.45563 47.4
      vertex 3.93353 4.52879 47.4
    endloop
  endfacet
  facet normal -0.514134 -0.85771 -0
    outer loop
      vertex 4.05558 4.45563 47.4
      vertex 3.93353 4.52879 45
      vertex 4.05558 4.45563 45
    endloop
  endfacet
  facet normal 0.427485 -0.904022 0
    outer loop
      vertex 2.56647 4.52879 45
      vertex 2.69511 4.58962 47.4
      vertex 2.56647 4.52879 47.4
    endloop
  endfacet
  facet normal 0.427485 -0.904022 0
    outer loop
      vertex 2.69511 4.58962 47.4
      vertex 2.56647 4.52879 45
      vertex 2.69511 4.58962 45
    endloop
  endfacet
  facet normal -0.970022 0.243015 0
    outer loop
      vertex 4.63756 2.82909 45
      vertex 4.67214 2.96712 47.4
      vertex 4.67214 2.96712 45
    endloop
  endfacet
  facet normal -0.970022 0.243015 0
    outer loop
      vertex 4.67214 2.96712 47.4
      vertex 4.63756 2.82909 45
      vertex 4.63756 2.82909 47.4
    endloop
  endfacet
  facet normal -0.243015 0.970022 0
    outer loop
      vertex 3.67091 1.86244 45
      vertex 3.53288 1.82786 47.4
      vertex 3.67091 1.86244 47.4
    endloop
  endfacet
  facet normal -0.243015 0.970022 0
    outer loop
      vertex 3.53288 1.82786 47.4
      vertex 3.67091 1.86244 45
      vertex 3.53288 1.82786 45
    endloop
  endfacet
  facet normal -0.336897 -0.941541 0
    outer loop
      vertex 3.67091 4.63756 45
      vertex 3.80489 4.58962 47.4
      vertex 3.67091 4.63756 47.4
    endloop
  endfacet
  facet normal -0.336897 -0.941541 -0
    outer loop
      vertex 3.80489 4.58962 47.4
      vertex 3.67091 4.63756 45
      vertex 3.80489 4.58962 45
    endloop
  endfacet
  facet normal -0.989175 0.146742 0
    outer loop
      vertex 4.67214 2.96712 45
      vertex 4.69302 3.10787 47.4
      vertex 4.69302 3.10787 45
    endloop
  endfacet
  facet normal -0.989175 0.146742 0
    outer loop
      vertex 4.69302 3.10787 47.4
      vertex 4.67214 2.96712 45
      vertex 4.67214 2.96712 47.4
    endloop
  endfacet
  facet normal 0.989175 0.146742 0
    outer loop
      vertex 1.82786 2.96712 47.4
      vertex 1.80698 3.10787 45
      vertex 1.80698 3.10787 47.4
    endloop
  endfacet
  facet normal 0.989175 0.146742 0
    outer loop
      vertex 1.80698 3.10787 45
      vertex 1.82786 2.96712 47.4
      vertex 1.82786 2.96712 45
    endloop
  endfacet
  facet normal -0.85771 -0.514134 0
    outer loop
      vertex 4.52879 3.93353 45
      vertex 4.45563 4.05558 47.4
      vertex 4.45563 4.05558 45
    endloop
  endfacet
  facet normal -0.85771 -0.514134 0
    outer loop
      vertex 4.45563 4.05558 47.4
      vertex 4.52879 3.93353 45
      vertex 4.52879 3.93353 47.4
    endloop
  endfacet
  facet normal 0 0 -1
    outer loop
      vertex 4.69302 3.10787 47.4
      vertex 4.69302 3.39212 47.4
      vertex 4.7 3.25 47.4
    endloop
  endfacet
  facet normal 0 0 -1
    outer loop
      vertex 4.67214 2.96712 47.4
      vertex 4.69302 3.39212 47.4
      vertex 4.69302 3.10787 47.4
    endloop
  endfacet
  facet normal 0 0 -1
    outer loop
      vertex 4.67214 2.96712 47.4
      vertex 4.67214 3.53288 47.4
      vertex 4.69302 3.39212 47.4
    endloop
  endfacet
  facet normal 0 0 -1
    outer loop
      vertex 4.63756 2.82909 47.4
      vertex 4.67214 3.53288 47.4
      vertex 4.67214 2.96712 47.4
    endloop
  endfacet
  facet normal 0 0 -1
    outer loop
      vertex 4.63756 2.82909 47.4
      vertex 4.63756 3.67091 47.4
      vertex 4.67214 3.53288 47.4
    endloop
  endfacet
  facet normal 0 0 -1
    outer loop
      vertex 4.58962 2.69511 47.4
      vertex 4.63756 3.67091 47.4
      vertex 4.63756 2.82909 47.4
    endloop
  endfacet
  facet normal 0 0 -1
    outer loop
      vertex 4.58962 2.69511 47.4
      vertex 4.58962 3.80489 47.4
      vertex 4.63756 3.67091 47.4
    endloop
  endfacet
  facet normal 0 0 -1
    outer loop
      vertex 4.52879 2.56647 47.4
      vertex 4.58962 3.80489 47.4
      vertex 4.58962 2.69511 47.4
    endloop
  endfacet
  facet normal 0 0 -1
    outer loop
      vertex 4.52879 2.56647 47.4
      vertex 4.52879 3.93353 47.4
      vertex 4.58962 3.80489 47.4
    endloop
  endfacet
  facet normal 0 0 -1
    outer loop
      vertex 4.45563 2.44442 47.4
      vertex 4.52879 3.93353 47.4
      vertex 4.52879 2.56647 47.4
    endloop
  endfacet
  facet normal 0 0 -1
    outer loop
      vertex 4.45563 2.44442 47.4
      vertex 4.45563 4.05558 47.4
      vertex 4.52879 3.93353 47.4
    endloop
  endfacet
  facet normal 0 0 -1
    outer loop
      vertex 4.37086 2.33013 47.4
      vertex 4.45563 4.05558 47.4
      vertex 4.45563 2.44442 47.4
    endloop
  endfacet
  facet normal 0 0 -1
    outer loop
      vertex 4.37086 2.33013 47.4
      vertex 4.37086 4.16987 47.4
      vertex 4.45563 4.05558 47.4
    endloop
  endfacet
  facet normal 0 0 -1
    outer loop
      vertex 4.2753 2.22469 47.4
      vertex 4.37086 4.16987 47.4
      vertex 4.37086 2.33013 47.4
    endloop
  endfacet
  facet normal 0 0 -1
    outer loop
      vertex 4.2753 2.22469 47.4
      vertex 4.2753 4.2753 47.4
      vertex 4.37086 4.16987 47.4
    endloop
  endfacet
  facet normal 0 0 -1
    outer loop
      vertex 4.16987 2.12913 47.4
      vertex 4.2753 4.2753 47.4
      vertex 4.2753 2.22469 47.4
    endloop
  endfacet
  facet normal 0 0 -1
    outer loop
      vertex 4.16987 2.12913 47.4
      vertex 4.16987 4.37086 47.4
      vertex 4.2753 4.2753 47.4
    endloop
  endfacet
  facet normal 0 0 -1
    outer loop
      vertex 4.05558 2.04437 47.4
      vertex 4.16987 4.37086 47.4
      vertex 4.16987 2.12913 47.4
    endloop
  endfacet
  facet normal 0 0 -1
    outer loop
      vertex 4.05558 2.04437 47.4
      vertex 4.05558 4.45563 47.4
      vertex 4.16987 4.37086 47.4
    endloop
  endfacet
  facet normal 0 0 -1
    outer loop
      vertex 3.93353 1.97121 47.4
      vertex 4.05558 4.45563 47.4
      vertex 4.05558 2.04437 47.4
    endloop
  endfacet
  facet normal 0 0 -1
    outer loop
      vertex 3.93353 1.97121 47.4
      vertex 3.93353 4.52879 47.4
      vertex 4.05558 4.45563 47.4
    endloop
  endfacet
  facet normal 0 0 -1
    outer loop
      vertex 3.80489 1.91037 47.4
      vertex 3.93353 4.52879 47.4
      vertex 3.93353 1.97121 47.4
    endloop
  endfacet
  facet normal 0 0 -1
    outer loop
      vertex 3.80489 1.91037 47.4
      vertex 3.80489 4.58962 47.4
      vertex 3.93353 4.52879 47.4
    endloop
  endfacet
  facet normal 0 0 -1
    outer loop
      vertex 3.67091 1.86244 47.4
      vertex 3.80489 4.58962 47.4
      vertex 3.80489 1.91037 47.4
    endloop
  endfacet
  facet normal 0 0 -1
    outer loop
      vertex 3.67091 1.86244 47.4
      vertex 3.67091 4.63756 47.4
      vertex 3.80489 4.58962 47.4
    endloop
  endfacet
  facet normal 0 0 -1
    outer loop
      vertex 3.53288 1.82786 47.4
      vertex 3.67091 4.63756 47.4
      vertex 3.67091 1.86244 47.4
    endloop
  endfacet
  facet normal 0 0 -1
    outer loop
      vertex 3.53288 1.82786 47.4
      vertex 3.53288 4.67214 47.4
      vertex 3.67091 4.63756 47.4
    endloop
  endfacet
  facet normal 0 0 -1
    outer loop
      vertex 3.39212 1.80698 47.4
      vertex 3.53288 4.67214 47.4
      vertex 3.53288 1.82786 47.4
    endloop
  endfacet
  facet normal 0 0 -1
    outer loop
      vertex 3.39212 1.80698 47.4
      vertex 3.39212 4.69302 47.4
      vertex 3.53288 4.67214 47.4
    endloop
  endfacet
  facet normal 0 0 -1
    outer loop
      vertex 3.25 1.8 47.4
      vertex 3.39212 4.69302 47.4
      vertex 3.39212 1.80698 47.4
    endloop
  endfacet
  facet normal 0 0 -1
    outer loop
      vertex 3.25 1.8 47.4
      vertex 3.25 4.7 47.4
      vertex 3.39212 4.69302 47.4
    endloop
  endfacet
  facet normal 0 0 -1
    outer loop
      vertex 3.10787 1.80698 47.4
      vertex 3.25 4.7 47.4
      vertex 3.25 1.8 47.4
    endloop
  endfacet
  facet normal 0 0 -1
    outer loop
      vertex 3.10787 1.80698 47.4
      vertex 3.10787 4.69302 47.4
      vertex 3.25 4.7 47.4
    endloop
  endfacet
  facet normal 0 0 -1
    outer loop
      vertex 2.96712 1.82786 47.4
      vertex 3.10787 4.69302 47.4
      vertex 3.10787 1.80698 47.4
    endloop
  endfacet
  facet normal 0 0 -1
    outer loop
      vertex 2.96712 1.82786 47.4
      vertex 2.96712 4.67214 47.4
      vertex 3.10787 4.69302 47.4
    endloop
  endfacet
  facet normal 0 0 -1
    outer loop
      vertex 2.82909 1.86244 47.4
      vertex 2.96712 4.67214 47.4
      vertex 2.96712 1.82786 47.4
    endloop
  endfacet
  facet normal 0 0 -1
    outer loop
      vertex 2.82909 1.86244 47.4
      vertex 2.82909 4.63756 47.4
      vertex 2.96712 4.67214 47.4
    endloop
  endfacet
  facet normal 0 0 -1
    outer loop
      vertex 2.69511 1.91037 47.4
      vertex 2.82909 4.63756 47.4
      vertex 2.82909 1.86244 47.4
    endloop
  endfacet
  facet normal 0 0 -1
    outer loop
      vertex 2.69511 1.91037 47.4
      vertex 2.69511 4.58962 47.4
      vertex 2.82909 4.63756 47.4
    endloop
  endfacet
  facet normal 0 0 -1
    outer loop
      vertex 2.56647 1.97121 47.4
      vertex 2.69511 4.58962 47.4
      vertex 2.69511 1.91037 47.4
    endloop
  endfacet
  facet normal 0 0 -1
    outer loop
      vertex 2.56647 1.97121 47.4
      vertex 2.56647 4.52879 47.4
      vertex 2.69511 4.58962 47.4
    endloop
  endfacet
  facet normal 0 0 -1
    outer loop
      vertex 2.44442 2.04437 47.4
      vertex 2.56647 4.52879 47.4
      vertex 2.56647 1.97121 47.4
    endloop
  endfacet
  facet normal 0 0 -1
    outer loop
      vertex 2.44442 2.04437 47.4
      vertex 2.44442 4.45563 47.4
      vertex 2.56647 4.52879 47.4
    endloop
  endfacet
  facet normal 0 0 -1
    outer loop
      vertex 2.33013 2.12913 47.4
      vertex 2.44442 4.45563 47.4
      vertex 2.44442 2.04437 47.4
    endloop
  endfacet
  facet normal 0 0 -1
    outer loop
      vertex 2.33013 2.12913 47.4
      vertex 2.33013 4.37086 47.4
      vertex 2.44442 4.45563 47.4
    endloop
  endfacet
  facet normal 0 0 -1
    outer loop
      vertex 2.22469 2.22469 47.4
      vertex 2.33013 4.37086 47.4
      vertex 2.33013 2.12913 47.4
    endloop
  endfacet
  facet normal 0 0 -1
    outer loop
      vertex 2.22469 2.22469 47.4
      vertex 2.22469 4.2753 47.4
      vertex 2.33013 4.37086 47.4
    endloop
  endfacet
  facet normal 0 0 -1
    outer loop
      vertex 2.12913 2.33013 47.4
      vertex 2.22469 4.2753 47.4
      vertex 2.22469 2.22469 47.4
    endloop
  endfacet
  facet normal 0 0 -1
    outer loop
      vertex 2.12913 2.33013 47.4
      vertex 2.12913 4.16987 47.4
      vertex 2.22469 4.2753 47.4
    endloop
  endfacet
  facet normal 0 0 -1
    outer loop
      vertex 2.04437 2.44442 47.4
      vertex 2.12913 4.16987 47.4
      vertex 2.12913 2.33013 47.4
    endloop
  endfacet
  facet normal 0 0 -1
    outer loop
      vertex 2.04437 2.44442 47.4
      vertex 2.04437 4.05558 47.4
      vertex 2.12913 4.16987 47.4
    endloop
  endfacet
  facet normal 0 0 -1
    outer loop
      vertex 1.97121 2.56647 47.4
      vertex 2.04437 4.05558 47.4
      vertex 2.04437 2.44442 47.4
    endloop
  endfacet
  facet normal 0 0 -1
    outer loop
      vertex 1.97121 2.56647 47.4
      vertex 1.97121 3.93353 47.4
      vertex 2.04437 4.05558 47.4
    endloop
  endfacet
  facet normal 0 0 -1
    outer loop
      vertex 1.91037 2.69511 47.4
      vertex 1.97121 3.93353 47.4
      vertex 1.97121 2.56647 47.4
    endloop
  endfacet
  facet normal 0 0 -1
    outer loop
      vertex 1.91037 2.69511 47.4
      vertex 1.91037 3.80489 47.4
      vertex 1.97121 3.93353 47.4
    endloop
  endfacet
  facet normal 0 0 -1
    outer loop
      vertex 1.86244 2.82909 47.4
      vertex 1.91037 3.80489 47.4
      vertex 1.91037 2.69511 47.4
    endloop
  endfacet
  facet normal 0 0 -1
    outer loop
      vertex 1.86244 2.82909 47.4
      vertex 1.86244 3.67091 47.4
      vertex 1.91037 3.80489 47.4
    endloop
  endfacet
  facet normal 0 0 -1
    outer loop
      vertex 1.82786 2.96712 47.4
      vertex 1.86244 3.67091 47.4
      vertex 1.86244 2.82909 47.4
    endloop
  endfacet
  facet normal 0 0 -1
    outer loop
      vertex 1.82786 2.96712 47.4
      vertex 1.82786 3.53288 47.4
      vertex 1.86244 3.67091 47.4
    endloop
  endfacet
  facet normal 0 0 -1
    outer loop
      vertex 1.80698 3.10787 47.4
      vertex 1.82786 3.53288 47.4
      vertex 1.82786 2.96712 47.4
    endloop
  endfacet
  facet normal 0 0 -1
    outer loop
      vertex 1.80698 3.10787 47.4
      vertex 1.80698 3.39212 47.4
      vertex 1.82786 3.53288 47.4
    endloop
  endfacet
  facet normal 0 -0 -1
    outer loop
      vertex 1.80698 3.39212 47.4
      vertex 1.80698 3.10787 47.4
      vertex 1.8 3.25 47.4
    endloop
  endfacet
  facet normal 0.941564 0.336835 0
    outer loop
      vertex 1.91037 2.69511 47.4
      vertex 1.86244 2.82909 45
      vertex 1.86244 2.82909 47.4
    endloop
  endfacet
  facet normal 0.941564 0.336835 0
    outer loop
      vertex 1.86244 2.82909 45
      vertex 1.91037 2.69511 47.4
      vertex 1.91037 2.69511 45
    endloop
  endfacet
  facet normal 0.0490509 0.998796 -0
    outer loop
      vertex 3.25 1.8 45
      vertex 3.10787 1.80698 47.4
      vertex 3.25 1.8 47.4
    endloop
  endfacet
  facet normal 0.0490509 0.998796 0
    outer loop
      vertex 3.10787 1.80698 47.4
      vertex 3.25 1.8 45
      vertex 3.10787 1.80698 45
    endloop
  endfacet
  facet normal -0.146732 -0.989176 0
    outer loop
      vertex 3.39212 4.69302 45
      vertex 3.53288 4.67214 47.4
      vertex 3.39212 4.69302 47.4
    endloop
  endfacet
  facet normal -0.146732 -0.989176 -0
    outer loop
      vertex 3.53288 4.67214 47.4
      vertex 3.39212 4.69302 45
      vertex 3.53288 4.67214 45
    endloop
  endfacet
  facet normal 0.427543 0.903995 -0
    outer loop
      vertex 2.69511 1.91037 45
      vertex 2.56647 1.97121 47.4
      vertex 2.69511 1.91037 47.4
    endloop
  endfacet
  facet normal 0.427543 0.903995 0
    outer loop
      vertex 2.56647 1.97121 47.4
      vertex 2.69511 1.91037 45
      vertex 2.56647 1.97121 45
    endloop
  endfacet
  facet normal 0.740938 -0.671574 0
    outer loop
      vertex 2.12913 4.16987 47.4
      vertex 2.22469 4.2753 45
      vertex 2.22469 4.2753 47.4
    endloop
  endfacet
  facet normal 0.740938 -0.671574 0
    outer loop
      vertex 2.22469 4.2753 45
      vertex 2.12913 4.16987 47.4
      vertex 2.12913 4.16987 45
    endloop
  endfacet
  facet normal 0.970022 0.243015 0
    outer loop
      vertex 1.86244 2.82909 47.4
      vertex 1.82786 2.96712 45
      vertex 1.82786 2.96712 47.4
    endloop
  endfacet
  facet normal 0.970022 0.243015 0
    outer loop
      vertex 1.82786 2.96712 45
      vertex 1.86244 2.82909 47.4
      vertex 1.86244 2.82909 45
    endloop
  endfacet
  facet normal -0.941541 0.336897 0
    outer loop
      vertex 4.58962 2.69511 45
      vertex 4.63756 2.82909 47.4
      vertex 4.63756 2.82909 45
    endloop
  endfacet
  facet normal -0.941541 0.336897 0
    outer loop
      vertex 4.63756 2.82909 47.4
      vertex 4.58962 2.69511 45
      vertex 4.58962 2.69511 47.4
    endloop
  endfacet
  facet normal 0.85771 -0.514134 0
    outer loop
      vertex 1.97121 3.93353 47.4
      vertex 2.04437 4.05558 45
      vertex 2.04437 4.05558 47.4
    endloop
  endfacet
  facet normal 0.85771 -0.514134 0
    outer loop
      vertex 2.04437 4.05558 45
      vertex 1.97121 3.93353 47.4
      vertex 1.97121 3.93353 45
    endloop
  endfacet
  facet normal -0.0490543 -0.998796 0
    outer loop
      vertex 3.25 4.7 45
      vertex 3.39212 4.69302 47.4
      vertex 3.25 4.7 47.4
    endloop
  endfacet
  facet normal -0.0490543 -0.998796 -0
    outer loop
      vertex 3.39212 4.69302 47.4
      vertex 3.25 4.7 45
      vertex 3.39212 4.69302 45
    endloop
  endfacet
  facet normal -0.85771 0.514134 0
    outer loop
      vertex 4.45563 2.44442 45
      vertex 4.52879 2.56647 47.4
      vertex 4.52879 2.56647 45
    endloop
  endfacet
  facet normal -0.85771 0.514134 0
    outer loop
      vertex 4.52879 2.56647 47.4
      vertex 4.45563 2.44442 45
      vertex 4.45563 2.44442 47.4
    endloop
  endfacet
  facet normal -0.671574 0.740938 0
    outer loop
      vertex 4.2753 2.22469 45
      vertex 4.16987 2.12913 47.4
      vertex 4.2753 2.22469 47.4
    endloop
  endfacet
  facet normal -0.671574 0.740938 0
    outer loop
      vertex 4.16987 2.12913 47.4
      vertex 4.2753 2.22469 45
      vertex 4.16987 2.12913 45
    endloop
  endfacet
  facet normal -0.336835 0.941564 0
    outer loop
      vertex 3.80489 1.91037 45
      vertex 3.67091 1.86244 47.4
      vertex 3.80489 1.91037 47.4
    endloop
  endfacet
  facet normal -0.336835 0.941564 0
    outer loop
      vertex 3.67091 1.86244 47.4
      vertex 3.80489 1.91037 45
      vertex 3.67091 1.86244 45
    endloop
  endfacet
  facet normal 0.59573 -0.803185 0
    outer loop
      vertex 2.33013 4.37086 45
      vertex 2.44442 4.45563 47.4
      vertex 2.33013 4.37086 47.4
    endloop
  endfacet
  facet normal 0.59573 -0.803185 0
    outer loop
      vertex 2.44442 4.45563 47.4
      vertex 2.33013 4.37086 45
      vertex 2.44442 4.45563 45
    endloop
  endfacet
  facet normal -0.595685 0.803218 0
    outer loop
      vertex 4.16987 2.12913 45
      vertex 4.05558 2.04437 47.4
      vertex 4.16987 2.12913 47.4
    endloop
  endfacet
  facet normal -0.595685 0.803218 0
    outer loop
      vertex 4.05558 2.04437 47.4
      vertex 4.16987 2.12913 45
      vertex 4.05558 2.04437 45
    endloop
  endfacet
  facet normal 0.970022 -0.243015 0
    outer loop
      vertex 1.82786 3.53288 47.4
      vertex 1.86244 3.67091 45
      vertex 1.86244 3.67091 47.4
    endloop
  endfacet
  facet normal 0.970022 -0.243015 0
    outer loop
      vertex 1.86244 3.67091 45
      vertex 1.82786 3.53288 47.4
      vertex 1.82786 3.53288 45
    endloop
  endfacet
  facet normal 0.595685 0.803218 -0
    outer loop
      vertex 2.44442 2.04437 45
      vertex 2.33013 2.12913 47.4
      vertex 2.44442 2.04437 47.4
    endloop
  endfacet
  facet normal 0.595685 0.803218 0
    outer loop
      vertex 2.33013 2.12913 47.4
      vertex 2.44442 2.04437 45
      vertex 2.33013 2.12913 45
    endloop
  endfacet
  facet normal 0.903995 -0.427543 0
    outer loop
      vertex 1.91037 3.80489 47.4
      vertex 1.97121 3.93353 45
      vertex 1.97121 3.93353 47.4
    endloop
  endfacet
  facet normal 0.903995 -0.427543 0
    outer loop
      vertex 1.97121 3.93353 45
      vertex 1.91037 3.80489 47.4
      vertex 1.91037 3.80489 45
    endloop
  endfacet
  facet normal 0.671539 0.740969 -0
    outer loop
      vertex 2.33013 2.12913 45
      vertex 2.22469 2.22469 47.4
      vertex 2.33013 2.12913 47.4
    endloop
  endfacet
  facet normal 0.671539 0.740969 0
    outer loop
      vertex 2.22469 2.22469 47.4
      vertex 2.33013 2.12913 45
      vertex 2.22469 2.22469 45
    endloop
  endfacet
  facet normal 0.998796 -0.0490543 0
    outer loop
      vertex 1.8 3.25 47.4
      vertex 1.80698 3.39212 45
      vertex 1.80698 3.39212 47.4
    endloop
  endfacet
  facet normal 0.998796 -0.0490543 0
    outer loop
      vertex 1.80698 3.39212 45
      vertex 1.8 3.25 47.4
      vertex 1.8 3.25 45
    endloop
  endfacet
  facet normal 0.998796 0.0490509 0
    outer loop
      vertex 1.80698 3.10787 47.4
      vertex 1.8 3.25 45
      vertex 1.8 3.25 47.4
    endloop
  endfacet
  facet normal 0.998796 0.0490509 0
    outer loop
      vertex 1.8 3.25 45
      vertex 1.80698 3.10787 47.4
      vertex 1.80698 3.10787 45
    endloop
  endfacet
  facet normal 0.146742 0.989175 -0
    outer loop
      vertex 3.10787 1.80698 45
      vertex 2.96712 1.82786 47.4
      vertex 3.10787 1.80698 47.4
    endloop
  endfacet
  facet normal 0.146742 0.989175 0
    outer loop
      vertex 2.96712 1.82786 47.4
      vertex 3.10787 1.80698 45
      vertex 2.96712 1.82786 45
    endloop
  endfacet
  facet normal 0.336835 0.941564 -0
    outer loop
      vertex 2.82909 1.86244 45
      vertex 2.69511 1.91037 47.4
      vertex 2.82909 1.86244 47.4
    endloop
  endfacet
  facet normal 0.336835 0.941564 0
    outer loop
      vertex 2.69511 1.91037 47.4
      vertex 2.82909 1.86244 45
      vertex 2.69511 1.91037 45
    endloop
  endfacet
  facet normal 0.803218 -0.595685 0
    outer loop
      vertex 2.04437 4.05558 47.4
      vertex 2.12913 4.16987 45
      vertex 2.12913 4.16987 47.4
    endloop
  endfacet
  facet normal 0.803218 -0.595685 0
    outer loop
      vertex 2.12913 4.16987 45
      vertex 2.04437 4.05558 47.4
      vertex 2.04437 4.05558 45
    endloop
  endfacet
  facet normal 0.514134 0.85771 -0
    outer loop
      vertex 2.56647 1.97121 45
      vertex 2.44442 2.04437 47.4
      vertex 2.56647 1.97121 47.4
    endloop
  endfacet
  facet normal 0.514134 0.85771 0
    outer loop
      vertex 2.44442 2.04437 47.4
      vertex 2.56647 1.97121 45
      vertex 2.44442 2.04437 45
    endloop
  endfacet
  facet normal 0.337226 -0.941424 0
    outer loop
      vertex 106.195 76.0896 45
      vertex 106.329 76.1376 47.4
      vertex 106.195 76.0896 47.4
    endloop
  endfacet
  facet normal 0.337226 -0.941424 0
    outer loop
      vertex 106.329 76.1376 47.4
      vertex 106.195 76.0896 45
      vertex 106.329 76.1376 45
    endloop
  endfacet
  facet normal -0.98906 -0.147516 0
    outer loop
      vertex 108.193 74.8921 45
      vertex 108.172 75.0329 47.4
      vertex 108.172 75.0329 45
    endloop
  endfacet
  facet normal -0.98906 -0.147516 0
    outer loop
      vertex 108.172 75.0329 47.4
      vertex 108.193 74.8921 45
      vertex 108.193 74.8921 47.4
    endloop
  endfacet
  facet normal -0.998789 -0.0492014 0
    outer loop
      vertex 108.2 74.75 45
      vertex 108.193 74.8921 47.4
      vertex 108.193 74.8921 45
    endloop
  endfacet
  facet normal -0.998789 -0.0492014 0
    outer loop
      vertex 108.193 74.8921 47.4
      vertex 108.2 74.75 45
      vertex 108.2 74.75 47.4
    endloop
  endfacet
  facet normal -0.970965 -0.239223 0
    outer loop
      vertex 108.172 75.0329 45
      vertex 108.138 75.1709 47.4
      vertex 108.138 75.1709 45
    endloop
  endfacet
  facet normal -0.970965 -0.239223 0
    outer loop
      vertex 108.138 75.1709 47.4
      vertex 108.172 75.0329 45
      vertex 108.172 75.0329 47.4
    endloop
  endfacet
  facet normal -0.903509 -0.42857 0
    outer loop
      vertex 108.09 75.3049 45
      vertex 108.029 75.4335 47.4
      vertex 108.029 75.4335 45
    endloop
  endfacet
  facet normal -0.903509 -0.42857 0
    outer loop
      vertex 108.029 75.4335 47.4
      vertex 108.09 75.3049 45
      vertex 108.09 75.3049 47.4
    endloop
  endfacet
  facet normal -0.426337 0.904564 0
    outer loop
      vertex 107.434 73.4712 45
      vertex 107.305 73.4104 47.4
      vertex 107.434 73.4712 47.4
    endloop
  endfacet
  facet normal -0.426337 0.904564 0
    outer loop
      vertex 107.305 73.4104 47.4
      vertex 107.434 73.4712 45
      vertex 107.305 73.4104 45
    endloop
  endfacet
  facet normal -0.998789 0.0492014 0
    outer loop
      vertex 108.193 74.6079 45
      vertex 108.2 74.75 47.4
      vertex 108.2 74.75 45
    endloop
  endfacet
  facet normal -0.998789 0.0492014 0
    outer loop
      vertex 108.2 74.75 47.4
      vertex 108.193 74.6079 45
      vertex 108.193 74.6079 47.4
    endloop
  endfacet
  facet normal -0.903509 0.42857 0
    outer loop
      vertex 108.029 74.0665 45
      vertex 108.09 74.1951 47.4
      vertex 108.09 74.1951 45
    endloop
  endfacet
  facet normal -0.903509 0.42857 0
    outer loop
      vertex 108.09 74.1951 47.4
      vertex 108.029 74.0665 45
      vertex 108.029 74.0665 47.4
    endloop
  endfacet
  facet normal -0.802436 0.596738 0
    outer loop
      vertex 107.871 73.8301 45
      vertex 107.956 73.9444 47.4
      vertex 107.956 73.9444 45
    endloop
  endfacet
  facet normal -0.802436 0.596738 0
    outer loop
      vertex 107.956 73.9444 47.4
      vertex 107.871 73.8301 45
      vertex 107.871 73.8301 47.4
    endloop
  endfacet
  facet normal 0.739305 0.673371 0
    outer loop
      vertex 105.725 73.7247 47.4
      vertex 105.629 73.8301 45
      vertex 105.629 73.8301 47.4
    endloop
  endfacet
  facet normal 0.739305 0.673371 0
    outer loop
      vertex 105.629 73.8301 45
      vertex 105.725 73.7247 47.4
      vertex 105.725 73.7247 45
    endloop
  endfacet
  facet normal 0.146625 -0.989192 0
    outer loop
      vertex 106.467 76.1721 45
      vertex 106.608 76.193 47.4
      vertex 106.467 76.1721 47.4
    endloop
  endfacet
  facet normal 0.146625 -0.989192 0
    outer loop
      vertex 106.608 76.193 47.4
      vertex 106.467 76.1721 45
      vertex 106.608 76.193 45
    endloop
  endfacet
  facet normal 0.242536 -0.970143 0
    outer loop
      vertex 106.329 76.1376 45
      vertex 106.467 76.1721 47.4
      vertex 106.329 76.1376 47.4
    endloop
  endfacet
  facet normal 0.242536 -0.970143 0
    outer loop
      vertex 106.467 76.1721 47.4
      vertex 106.329 76.1376 45
      vertex 106.467 76.1721 45
    endloop
  endfacet
  facet normal 0.903509 0.42857 0
    outer loop
      vertex 105.471 74.0665 47.4
      vertex 105.41 74.1951 45
      vertex 105.41 74.1951 47.4
    endloop
  endfacet
  facet normal 0.903509 0.42857 0
    outer loop
      vertex 105.41 74.1951 45
      vertex 105.471 74.0665 47.4
      vertex 105.471 74.0665 45
    endloop
  endfacet
  facet normal 0.941424 -0.337226 0
    outer loop
      vertex 105.362 75.1709 47.4
      vertex 105.41 75.3049 45
      vertex 105.41 75.3049 47.4
    endloop
  endfacet
  facet normal 0.941424 -0.337226 0
    outer loop
      vertex 105.41 75.3049 45
      vertex 105.362 75.1709 47.4
      vertex 105.362 75.1709 45
    endloop
  endfacet
  facet normal 0.98906 -0.147516 0
    outer loop
      vertex 105.307 74.8921 47.4
      vertex 105.328 75.0329 45
      vertex 105.328 75.0329 47.4
    endloop
  endfacet
  facet normal 0.98906 -0.147516 0
    outer loop
      vertex 105.328 75.0329 45
      vertex 105.307 74.8921 47.4
      vertex 105.307 74.8921 45
    endloop
  endfacet
  facet normal -0.049236 0.998787 0
    outer loop
      vertex 106.892 73.307 45
      vertex 106.75 73.3 47.4
      vertex 106.892 73.307 47.4
    endloop
  endfacet
  facet normal -0.049236 0.998787 0
    outer loop
      vertex 106.75 73.3 47.4
      vertex 106.892 73.307 45
      vertex 106.75 73.3 45
    endloop
  endfacet
  facet normal -0.426337 -0.904564 0
    outer loop
      vertex 107.305 76.0896 45
      vertex 107.434 76.0288 47.4
      vertex 107.305 76.0896 47.4
    endloop
  endfacet
  facet normal -0.426337 -0.904564 -0
    outer loop
      vertex 107.434 76.0288 47.4
      vertex 107.305 76.0896 45
      vertex 107.434 76.0288 45
    endloop
  endfacet
  facet normal -0.146625 0.989192 0
    outer loop
      vertex 107.033 73.3279 45
      vertex 106.892 73.307 47.4
      vertex 107.033 73.3279 47.4
    endloop
  endfacet
  facet normal -0.146625 0.989192 0
    outer loop
      vertex 106.892 73.307 47.4
      vertex 107.033 73.3279 45
      vertex 106.892 73.307 45
    endloop
  endfacet
  facet normal 0.673233 -0.73943 0
    outer loop
      vertex 105.725 75.7753 45
      vertex 105.83 75.8709 47.4
      vertex 105.725 75.7753 47.4
    endloop
  endfacet
  facet normal 0.673233 -0.73943 0
    outer loop
      vertex 105.83 75.8709 47.4
      vertex 105.725 75.7753 45
      vertex 105.83 75.8709 45
    endloop
  endfacet
  facet normal -0.941424 -0.337226 0
    outer loop
      vertex 108.138 75.1709 45
      vertex 108.09 75.3049 47.4
      vertex 108.09 75.3049 45
    endloop
  endfacet
  facet normal -0.941424 -0.337226 0
    outer loop
      vertex 108.09 75.3049 47.4
      vertex 108.138 75.1709 45
      vertex 108.138 75.1709 47.4
    endloop
  endfacet
  facet normal -0.802436 -0.596738 0
    outer loop
      vertex 107.956 75.5556 45
      vertex 107.871 75.6699 47.4
      vertex 107.871 75.6699 45
    endloop
  endfacet
  facet normal -0.802436 -0.596738 0
    outer loop
      vertex 107.871 75.6699 47.4
      vertex 107.956 75.5556 45
      vertex 107.956 75.5556 47.4
    endloop
  endfacet
  facet normal -0.242536 -0.970143 0
    outer loop
      vertex 107.033 76.1721 45
      vertex 107.171 76.1376 47.4
      vertex 107.033 76.1721 47.4
    endloop
  endfacet
  facet normal -0.242536 -0.970143 -0
    outer loop
      vertex 107.171 76.1376 47.4
      vertex 107.033 76.1721 45
      vertex 107.171 76.1376 45
    endloop
  endfacet
  facet normal -0.673233 -0.73943 0
    outer loop
      vertex 107.67 75.8709 45
      vertex 107.775 75.7753 47.4
      vertex 107.67 75.8709 47.4
    endloop
  endfacet
  facet normal -0.673233 -0.73943 -0
    outer loop
      vertex 107.775 75.7753 47.4
      vertex 107.67 75.8709 45
      vertex 107.775 75.7753 45
    endloop
  endfacet
  facet normal 0.242536 0.970143 -0
    outer loop
      vertex 106.467 73.3279 45
      vertex 106.329 73.3624 47.4
      vertex 106.467 73.3279 47.4
    endloop
  endfacet
  facet normal 0.242536 0.970143 0
    outer loop
      vertex 106.329 73.3624 47.4
      vertex 106.467 73.3279 45
      vertex 106.329 73.3624 45
    endloop
  endfacet
  facet normal 0.049236 -0.998787 0
    outer loop
      vertex 106.608 76.193 45
      vertex 106.75 76.2 47.4
      vertex 106.608 76.193 47.4
    endloop
  endfacet
  facet normal 0.049236 -0.998787 0
    outer loop
      vertex 106.75 76.2 47.4
      vertex 106.608 76.193 45
      vertex 106.75 76.2 45
    endloop
  endfacet
  facet normal -0.858298 -0.513151 0
    outer loop
      vertex 108.029 75.4335 45
      vertex 107.956 75.5556 47.4
      vertex 107.956 75.5556 45
    endloop
  endfacet
  facet normal -0.858298 -0.513151 0
    outer loop
      vertex 107.956 75.5556 47.4
      vertex 108.029 75.4335 45
      vertex 108.029 75.4335 47.4
    endloop
  endfacet
  facet normal 0.802436 0.596738 0
    outer loop
      vertex 105.629 73.8301 47.4
      vertex 105.544 73.9444 45
      vertex 105.544 73.9444 47.4
    endloop
  endfacet
  facet normal 0.802436 0.596738 0
    outer loop
      vertex 105.544 73.9444 45
      vertex 105.629 73.8301 47.4
      vertex 105.629 73.8301 45
    endloop
  endfacet
  facet normal -0.739305 -0.673371 0
    outer loop
      vertex 107.871 75.6699 45
      vertex 107.775 75.7753 47.4
      vertex 107.775 75.7753 45
    endloop
  endfacet
  facet normal -0.739305 -0.673371 0
    outer loop
      vertex 107.775 75.7753 47.4
      vertex 107.871 75.6699 45
      vertex 107.871 75.6699 47.4
    endloop
  endfacet
  facet normal -0.739305 0.673371 0
    outer loop
      vertex 107.775 73.7247 45
      vertex 107.871 73.8301 47.4
      vertex 107.871 73.8301 45
    endloop
  endfacet
  facet normal -0.739305 0.673371 0
    outer loop
      vertex 107.871 73.8301 47.4
      vertex 107.775 73.7247 45
      vertex 107.775 73.7247 47.4
    endloop
  endfacet
  facet normal -0.514496 0.857493 0
    outer loop
      vertex 107.556 73.5444 45
      vertex 107.434 73.4712 47.4
      vertex 107.556 73.5444 47.4
    endloop
  endfacet
  facet normal -0.514496 0.857493 0
    outer loop
      vertex 107.434 73.4712 47.4
      vertex 107.556 73.5444 45
      vertex 107.434 73.4712 45
    endloop
  endfacet
  facet normal 0.514496 -0.857493 0
    outer loop
      vertex 105.944 75.9556 45
      vertex 106.066 76.0288 47.4
      vertex 105.944 75.9556 47.4
    endloop
  endfacet
  facet normal 0.514496 -0.857493 0
    outer loop
      vertex 106.066 76.0288 47.4
      vertex 105.944 75.9556 45
      vertex 106.066 76.0288 45
    endloop
  endfacet
  facet normal 0.858298 0.513151 0
    outer loop
      vertex 105.544 73.9444 47.4
      vertex 105.471 74.0665 45
      vertex 105.471 74.0665 47.4
    endloop
  endfacet
  facet normal 0.858298 0.513151 0
    outer loop
      vertex 105.471 74.0665 45
      vertex 105.544 73.9444 47.4
      vertex 105.544 73.9444 45
    endloop
  endfacet
  facet normal -0.596389 -0.802696 0
    outer loop
      vertex 107.556 75.9556 45
      vertex 107.67 75.8709 47.4
      vertex 107.556 75.9556 47.4
    endloop
  endfacet
  facet normal -0.596389 -0.802696 -0
    outer loop
      vertex 107.67 75.8709 47.4
      vertex 107.556 75.9556 45
      vertex 107.67 75.8709 45
    endloop
  endfacet
  facet normal -0.514496 -0.857493 0
    outer loop
      vertex 107.434 76.0288 45
      vertex 107.556 75.9556 47.4
      vertex 107.434 76.0288 47.4
    endloop
  endfacet
  facet normal -0.514496 -0.857493 -0
    outer loop
      vertex 107.556 75.9556 47.4
      vertex 107.434 76.0288 45
      vertex 107.556 75.9556 45
    endloop
  endfacet
  facet normal 0.426337 -0.904564 0
    outer loop
      vertex 106.066 76.0288 45
      vertex 106.195 76.0896 47.4
      vertex 106.066 76.0288 47.4
    endloop
  endfacet
  facet normal 0.426337 -0.904564 0
    outer loop
      vertex 106.195 76.0896 47.4
      vertex 106.066 76.0288 45
      vertex 106.195 76.0896 45
    endloop
  endfacet
  facet normal -0.970965 0.239223 0
    outer loop
      vertex 108.138 74.3291 45
      vertex 108.172 74.4671 47.4
      vertex 108.172 74.4671 45
    endloop
  endfacet
  facet normal -0.970965 0.239223 0
    outer loop
      vertex 108.172 74.4671 47.4
      vertex 108.138 74.3291 45
      vertex 108.138 74.3291 47.4
    endloop
  endfacet
  facet normal -0.242536 0.970143 0
    outer loop
      vertex 107.171 73.3624 45
      vertex 107.033 73.3279 47.4
      vertex 107.171 73.3624 47.4
    endloop
  endfacet
  facet normal -0.242536 0.970143 0
    outer loop
      vertex 107.033 73.3279 47.4
      vertex 107.171 73.3624 45
      vertex 107.033 73.3279 45
    endloop
  endfacet
  facet normal -0.337226 -0.941424 0
    outer loop
      vertex 107.171 76.1376 45
      vertex 107.305 76.0896 47.4
      vertex 107.171 76.1376 47.4
    endloop
  endfacet
  facet normal -0.337226 -0.941424 -0
    outer loop
      vertex 107.305 76.0896 47.4
      vertex 107.171 76.1376 45
      vertex 107.305 76.0896 45
    endloop
  endfacet
  facet normal -0.98906 0.147516 0
    outer loop
      vertex 108.172 74.4671 45
      vertex 108.193 74.6079 47.4
      vertex 108.193 74.6079 45
    endloop
  endfacet
  facet normal -0.98906 0.147516 0
    outer loop
      vertex 108.193 74.6079 47.4
      vertex 108.172 74.4671 45
      vertex 108.172 74.4671 47.4
    endloop
  endfacet
  facet normal 0.98906 0.147516 0
    outer loop
      vertex 105.328 74.4671 47.4
      vertex 105.307 74.6079 45
      vertex 105.307 74.6079 47.4
    endloop
  endfacet
  facet normal 0.98906 0.147516 0
    outer loop
      vertex 105.307 74.6079 45
      vertex 105.328 74.4671 47.4
      vertex 105.328 74.4671 45
    endloop
  endfacet
  facet normal 0 0 -1
    outer loop
      vertex 108.193 74.6079 47.4
      vertex 108.193 74.8921 47.4
      vertex 108.2 74.75 47.4
    endloop
  endfacet
  facet normal 0 0 -1
    outer loop
      vertex 108.172 74.4671 47.4
      vertex 108.193 74.8921 47.4
      vertex 108.193 74.6079 47.4
    endloop
  endfacet
  facet normal 0 0 -1
    outer loop
      vertex 108.172 74.4671 47.4
      vertex 108.172 75.0329 47.4
      vertex 108.193 74.8921 47.4
    endloop
  endfacet
  facet normal 0 0 -1
    outer loop
      vertex 108.138 74.3291 47.4
      vertex 108.172 75.0329 47.4
      vertex 108.172 74.4671 47.4
    endloop
  endfacet
  facet normal 0 0 -1
    outer loop
      vertex 108.138 74.3291 47.4
      vertex 108.138 75.1709 47.4
      vertex 108.172 75.0329 47.4
    endloop
  endfacet
  facet normal 0 0 -1
    outer loop
      vertex 108.09 74.1951 47.4
      vertex 108.138 75.1709 47.4
      vertex 108.138 74.3291 47.4
    endloop
  endfacet
  facet normal 0 0 -1
    outer loop
      vertex 108.09 74.1951 47.4
      vertex 108.09 75.3049 47.4
      vertex 108.138 75.1709 47.4
    endloop
  endfacet
  facet normal 0 0 -1
    outer loop
      vertex 108.029 74.0665 47.4
      vertex 108.09 75.3049 47.4
      vertex 108.09 74.1951 47.4
    endloop
  endfacet
  facet normal 0 0 -1
    outer loop
      vertex 108.029 74.0665 47.4
      vertex 108.029 75.4335 47.4
      vertex 108.09 75.3049 47.4
    endloop
  endfacet
  facet normal 0 0 -1
    outer loop
      vertex 107.956 73.9444 47.4
      vertex 108.029 75.4335 47.4
      vertex 108.029 74.0665 47.4
    endloop
  endfacet
  facet normal 0 0 -1
    outer loop
      vertex 107.956 73.9444 47.4
      vertex 107.956 75.5556 47.4
      vertex 108.029 75.4335 47.4
    endloop
  endfacet
  facet normal 0 0 -1
    outer loop
      vertex 107.871 73.8301 47.4
      vertex 107.956 75.5556 47.4
      vertex 107.956 73.9444 47.4
    endloop
  endfacet
  facet normal 0 0 -1
    outer loop
      vertex 107.871 73.8301 47.4
      vertex 107.871 75.6699 47.4
      vertex 107.956 75.5556 47.4
    endloop
  endfacet
  facet normal 0 0 -1
    outer loop
      vertex 107.775 73.7247 47.4
      vertex 107.871 75.6699 47.4
      vertex 107.871 73.8301 47.4
    endloop
  endfacet
  facet normal 0 0 -1
    outer loop
      vertex 107.775 73.7247 47.4
      vertex 107.775 75.7753 47.4
      vertex 107.871 75.6699 47.4
    endloop
  endfacet
  facet normal 0 0 -1
    outer loop
      vertex 107.67 73.6291 47.4
      vertex 107.775 75.7753 47.4
      vertex 107.775 73.7247 47.4
    endloop
  endfacet
  facet normal 0 0 -1
    outer loop
      vertex 107.67 73.6291 47.4
      vertex 107.67 75.8709 47.4
      vertex 107.775 75.7753 47.4
    endloop
  endfacet
  facet normal 0 0 -1
    outer loop
      vertex 107.556 73.5444 47.4
      vertex 107.67 75.8709 47.4
      vertex 107.67 73.6291 47.4
    endloop
  endfacet
  facet normal 0 0 -1
    outer loop
      vertex 107.556 73.5444 47.4
      vertex 107.556 75.9556 47.4
      vertex 107.67 75.8709 47.4
    endloop
  endfacet
  facet normal 0 0 -1
    outer loop
      vertex 107.434 73.4712 47.4
      vertex 107.556 75.9556 47.4
      vertex 107.556 73.5444 47.4
    endloop
  endfacet
  facet normal 0 0 -1
    outer loop
      vertex 107.434 73.4712 47.4
      vertex 107.434 76.0288 47.4
      vertex 107.556 75.9556 47.4
    endloop
  endfacet
  facet normal 0 0 -1
    outer loop
      vertex 107.305 73.4104 47.4
      vertex 107.434 76.0288 47.4
      vertex 107.434 73.4712 47.4
    endloop
  endfacet
  facet normal 0 0 -1
    outer loop
      vertex 107.305 73.4104 47.4
      vertex 107.305 76.0896 47.4
      vertex 107.434 76.0288 47.4
    endloop
  endfacet
  facet normal 0 0 -1
    outer loop
      vertex 107.171 73.3624 47.4
      vertex 107.305 76.0896 47.4
      vertex 107.305 73.4104 47.4
    endloop
  endfacet
  facet normal 0 0 -1
    outer loop
      vertex 107.171 73.3624 47.4
      vertex 107.171 76.1376 47.4
      vertex 107.305 76.0896 47.4
    endloop
  endfacet
  facet normal 0 0 -1
    outer loop
      vertex 107.033 73.3279 47.4
      vertex 107.171 76.1376 47.4
      vertex 107.171 73.3624 47.4
    endloop
  endfacet
  facet normal 0 0 -1
    outer loop
      vertex 107.033 73.3279 47.4
      vertex 107.033 76.1721 47.4
      vertex 107.171 76.1376 47.4
    endloop
  endfacet
  facet normal 0 0 -1
    outer loop
      vertex 106.892 73.307 47.4
      vertex 107.033 76.1721 47.4
      vertex 107.033 73.3279 47.4
    endloop
  endfacet
  facet normal 0 0 -1
    outer loop
      vertex 106.892 73.307 47.4
      vertex 106.892 76.193 47.4
      vertex 107.033 76.1721 47.4
    endloop
  endfacet
  facet normal 0 0 -1
    outer loop
      vertex 106.75 73.3 47.4
      vertex 106.892 76.193 47.4
      vertex 106.892 73.307 47.4
    endloop
  endfacet
  facet normal 0 0 -1
    outer loop
      vertex 106.75 73.3 47.4
      vertex 106.75 76.2 47.4
      vertex 106.892 76.193 47.4
    endloop
  endfacet
  facet normal 0 0 -1
    outer loop
      vertex 106.608 73.307 47.4
      vertex 106.75 76.2 47.4
      vertex 106.75 73.3 47.4
    endloop
  endfacet
  facet normal 0 0 -1
    outer loop
      vertex 106.608 73.307 47.4
      vertex 106.608 76.193 47.4
      vertex 106.75 76.2 47.4
    endloop
  endfacet
  facet normal 0 0 -1
    outer loop
      vertex 106.467 73.3279 47.4
      vertex 106.608 76.193 47.4
      vertex 106.608 73.307 47.4
    endloop
  endfacet
  facet normal 0 0 -1
    outer loop
      vertex 106.467 73.3279 47.4
      vertex 106.467 76.1721 47.4
      vertex 106.608 76.193 47.4
    endloop
  endfacet
  facet normal 0 0 -1
    outer loop
      vertex 106.329 73.3624 47.4
      vertex 106.467 76.1721 47.4
      vertex 106.467 73.3279 47.4
    endloop
  endfacet
  facet normal 0 0 -1
    outer loop
      vertex 106.329 73.3624 47.4
      vertex 106.329 76.1376 47.4
      vertex 106.467 76.1721 47.4
    endloop
  endfacet
  facet normal 0 0 -1
    outer loop
      vertex 106.195 73.4104 47.4
      vertex 106.329 76.1376 47.4
      vertex 106.329 73.3624 47.4
    endloop
  endfacet
  facet normal 0 0 -1
    outer loop
      vertex 106.195 73.4104 47.4
      vertex 106.195 76.0896 47.4
      vertex 106.329 76.1376 47.4
    endloop
  endfacet
  facet normal 0 0 -1
    outer loop
      vertex 106.066 73.4712 47.4
      vertex 106.195 76.0896 47.4
      vertex 106.195 73.4104 47.4
    endloop
  endfacet
  facet normal 0 0 -1
    outer loop
      vertex 106.066 73.4712 47.4
      vertex 106.066 76.0288 47.4
      vertex 106.195 76.0896 47.4
    endloop
  endfacet
  facet normal 0 0 -1
    outer loop
      vertex 105.944 73.5444 47.4
      vertex 106.066 76.0288 47.4
      vertex 106.066 73.4712 47.4
    endloop
  endfacet
  facet normal 0 0 -1
    outer loop
      vertex 105.944 73.5444 47.4
      vertex 105.944 75.9556 47.4
      vertex 106.066 76.0288 47.4
    endloop
  endfacet
  facet normal 0 0 -1
    outer loop
      vertex 105.83 73.6291 47.4
      vertex 105.944 75.9556 47.4
      vertex 105.944 73.5444 47.4
    endloop
  endfacet
  facet normal 0 0 -1
    outer loop
      vertex 105.83 73.6291 47.4
      vertex 105.83 75.8709 47.4
      vertex 105.944 75.9556 47.4
    endloop
  endfacet
  facet normal 0 0 -1
    outer loop
      vertex 105.725 73.7247 47.4
      vertex 105.83 75.8709 47.4
      vertex 105.83 73.6291 47.4
    endloop
  endfacet
  facet normal 0 0 -1
    outer loop
      vertex 105.725 73.7247 47.4
      vertex 105.725 75.7753 47.4
      vertex 105.83 75.8709 47.4
    endloop
  endfacet
  facet normal 0 0 -1
    outer loop
      vertex 105.629 73.8301 47.4
      vertex 105.725 75.7753 47.4
      vertex 105.725 73.7247 47.4
    endloop
  endfacet
  facet normal 0 0 -1
    outer loop
      vertex 105.629 73.8301 47.4
      vertex 105.629 75.6699 47.4
      vertex 105.725 75.7753 47.4
    endloop
  endfacet
  facet normal 0 0 -1
    outer loop
      vertex 105.544 73.9444 47.4
      vertex 105.629 75.6699 47.4
      vertex 105.629 73.8301 47.4
    endloop
  endfacet
  facet normal 0 0 -1
    outer loop
      vertex 105.544 73.9444 47.4
      vertex 105.544 75.5556 47.4
      vertex 105.629 75.6699 47.4
    endloop
  endfacet
  facet normal 0 0 -1
    outer loop
      vertex 105.471 74.0665 47.4
      vertex 105.544 75.5556 47.4
      vertex 105.544 73.9444 47.4
    endloop
  endfacet
  facet normal 0 0 -1
    outer loop
      vertex 105.471 74.0665 47.4
      vertex 105.471 75.4335 47.4
      vertex 105.544 75.5556 47.4
    endloop
  endfacet
  facet normal 0 0 -1
    outer loop
      vertex 105.41 74.1951 47.4
      vertex 105.471 75.4335 47.4
      vertex 105.471 74.0665 47.4
    endloop
  endfacet
  facet normal 0 0 -1
    outer loop
      vertex 105.41 74.1951 47.4
      vertex 105.41 75.3049 47.4
      vertex 105.471 75.4335 47.4
    endloop
  endfacet
  facet normal 0 0 -1
    outer loop
      vertex 105.362 74.3291 47.4
      vertex 105.41 75.3049 47.4
      vertex 105.41 74.1951 47.4
    endloop
  endfacet
  facet normal 0 0 -1
    outer loop
      vertex 105.362 74.3291 47.4
      vertex 105.362 75.1709 47.4
      vertex 105.41 75.3049 47.4
    endloop
  endfacet
  facet normal 0 0 -1
    outer loop
      vertex 105.328 74.4671 47.4
      vertex 105.362 75.1709 47.4
      vertex 105.362 74.3291 47.4
    endloop
  endfacet
  facet normal 0 0 -1
    outer loop
      vertex 105.328 74.4671 47.4
      vertex 105.328 75.0329 47.4
      vertex 105.362 75.1709 47.4
    endloop
  endfacet
  facet normal 0 0 -1
    outer loop
      vertex 105.307 74.6079 47.4
      vertex 105.328 75.0329 47.4
      vertex 105.328 74.4671 47.4
    endloop
  endfacet
  facet normal 0 0 -1
    outer loop
      vertex 105.307 74.6079 47.4
      vertex 105.307 74.8921 47.4
      vertex 105.328 75.0329 47.4
    endloop
  endfacet
  facet normal 0 -0 -1
    outer loop
      vertex 105.307 74.8921 47.4
      vertex 105.307 74.6079 47.4
      vertex 105.3 74.75 47.4
    endloop
  endfacet
  facet normal 0.941424 0.337226 0
    outer loop
      vertex 105.41 74.1951 47.4
      vertex 105.362 74.3291 45
      vertex 105.362 74.3291 47.4
    endloop
  endfacet
  facet normal 0.941424 0.337226 0
    outer loop
      vertex 105.362 74.3291 45
      vertex 105.41 74.1951 47.4
      vertex 105.41 74.1951 45
    endloop
  endfacet
  facet normal 0.049236 0.998787 -0
    outer loop
      vertex 106.75 73.3 45
      vertex 106.608 73.307 47.4
      vertex 106.75 73.3 47.4
    endloop
  endfacet
  facet normal 0.049236 0.998787 0
    outer loop
      vertex 106.608 73.307 47.4
      vertex 106.75 73.3 45
      vertex 106.608 73.307 45
    endloop
  endfacet
  facet normal -0.146625 -0.989192 0
    outer loop
      vertex 106.892 76.193 45
      vertex 107.033 76.1721 47.4
      vertex 106.892 76.193 47.4
    endloop
  endfacet
  facet normal -0.146625 -0.989192 -0
    outer loop
      vertex 107.033 76.1721 47.4
      vertex 106.892 76.193 45
      vertex 107.033 76.1721 45
    endloop
  endfacet
  facet normal 0.426337 0.904564 -0
    outer loop
      vertex 106.195 73.4104 45
      vertex 106.066 73.4712 47.4
      vertex 106.195 73.4104 47.4
    endloop
  endfacet
  facet normal 0.426337 0.904564 0
    outer loop
      vertex 106.066 73.4712 47.4
      vertex 106.195 73.4104 45
      vertex 106.066 73.4712 45
    endloop
  endfacet
  facet normal 0.739305 -0.673371 0
    outer loop
      vertex 105.629 75.6699 47.4
      vertex 105.725 75.7753 45
      vertex 105.725 75.7753 47.4
    endloop
  endfacet
  facet normal 0.739305 -0.673371 0
    outer loop
      vertex 105.725 75.7753 45
      vertex 105.629 75.6699 47.4
      vertex 105.629 75.6699 45
    endloop
  endfacet
  facet normal 0.970965 0.239223 0
    outer loop
      vertex 105.362 74.3291 47.4
      vertex 105.328 74.4671 45
      vertex 105.328 74.4671 47.4
    endloop
  endfacet
  facet normal 0.970965 0.239223 0
    outer loop
      vertex 105.328 74.4671 45
      vertex 105.362 74.3291 47.4
      vertex 105.362 74.3291 45
    endloop
  endfacet
  facet normal -0.941424 0.337226 0
    outer loop
      vertex 108.09 74.1951 45
      vertex 108.138 74.3291 47.4
      vertex 108.138 74.3291 45
    endloop
  endfacet
  facet normal -0.941424 0.337226 0
    outer loop
      vertex 108.138 74.3291 47.4
      vertex 108.09 74.1951 45
      vertex 108.09 74.1951 47.4
    endloop
  endfacet
  facet normal 0.858298 -0.513151 0
    outer loop
      vertex 105.471 75.4335 47.4
      vertex 105.544 75.5556 45
      vertex 105.544 75.5556 47.4
    endloop
  endfacet
  facet normal 0.858298 -0.513151 0
    outer loop
      vertex 105.544 75.5556 45
      vertex 105.471 75.4335 47.4
      vertex 105.471 75.4335 45
    endloop
  endfacet
  facet normal -0.049236 -0.998787 0
    outer loop
      vertex 106.75 76.2 45
      vertex 106.892 76.193 47.4
      vertex 106.75 76.2 47.4
    endloop
  endfacet
  facet normal -0.049236 -0.998787 -0
    outer loop
      vertex 106.892 76.193 47.4
      vertex 106.75 76.2 45
      vertex 106.892 76.193 45
    endloop
  endfacet
  facet normal -0.858298 0.513151 0
    outer loop
      vertex 107.956 73.9444 45
      vertex 108.029 74.0665 47.4
      vertex 108.029 74.0665 45
    endloop
  endfacet
  facet normal -0.858298 0.513151 0
    outer loop
      vertex 108.029 74.0665 47.4
      vertex 107.956 73.9444 45
      vertex 107.956 73.9444 47.4
    endloop
  endfacet
  facet normal -0.673233 0.73943 0
    outer loop
      vertex 107.775 73.7247 45
      vertex 107.67 73.6291 47.4
      vertex 107.775 73.7247 47.4
    endloop
  endfacet
  facet normal -0.673233 0.73943 0
    outer loop
      vertex 107.67 73.6291 47.4
      vertex 107.775 73.7247 45
      vertex 107.67 73.6291 45
    endloop
  endfacet
  facet normal -0.337226 0.941424 0
    outer loop
      vertex 107.305 73.4104 45
      vertex 107.171 73.3624 47.4
      vertex 107.305 73.4104 47.4
    endloop
  endfacet
  facet normal -0.337226 0.941424 0
    outer loop
      vertex 107.171 73.3624 47.4
      vertex 107.305 73.4104 45
      vertex 107.171 73.3624 45
    endloop
  endfacet
  facet normal 0.596389 -0.802696 0
    outer loop
      vertex 105.83 75.8709 45
      vertex 105.944 75.9556 47.4
      vertex 105.83 75.8709 47.4
    endloop
  endfacet
  facet normal 0.596389 -0.802696 0
    outer loop
      vertex 105.944 75.9556 47.4
      vertex 105.83 75.8709 45
      vertex 105.944 75.9556 45
    endloop
  endfacet
  facet normal -0.596389 0.802696 0
    outer loop
      vertex 107.67 73.6291 45
      vertex 107.556 73.5444 47.4
      vertex 107.67 73.6291 47.4
    endloop
  endfacet
  facet normal -0.596389 0.802696 0
    outer loop
      vertex 107.556 73.5444 47.4
      vertex 107.67 73.6291 45
      vertex 107.556 73.5444 45
    endloop
  endfacet
  facet normal 0.970965 -0.239223 0
    outer loop
      vertex 105.328 75.0329 47.4
      vertex 105.362 75.1709 45
      vertex 105.362 75.1709 47.4
    endloop
  endfacet
  facet normal 0.970965 -0.239223 0
    outer loop
      vertex 105.362 75.1709 45
      vertex 105.328 75.0329 47.4
      vertex 105.328 75.0329 45
    endloop
  endfacet
  facet normal 0.596389 0.802696 -0
    outer loop
      vertex 105.944 73.5444 45
      vertex 105.83 73.6291 47.4
      vertex 105.944 73.5444 47.4
    endloop
  endfacet
  facet normal 0.596389 0.802696 0
    outer loop
      vertex 105.83 73.6291 47.4
      vertex 105.944 73.5444 45
      vertex 105.83 73.6291 45
    endloop
  endfacet
  facet normal 0.903509 -0.42857 0
    outer loop
      vertex 105.41 75.3049 47.4
      vertex 105.471 75.4335 45
      vertex 105.471 75.4335 47.4
    endloop
  endfacet
  facet normal 0.903509 -0.42857 0
    outer loop
      vertex 105.471 75.4335 45
      vertex 105.41 75.3049 47.4
      vertex 105.41 75.3049 45
    endloop
  endfacet
  facet normal 0.673233 0.73943 -0
    outer loop
      vertex 105.83 73.6291 45
      vertex 105.725 73.7247 47.4
      vertex 105.83 73.6291 47.4
    endloop
  endfacet
  facet normal 0.673233 0.73943 0
    outer loop
      vertex 105.725 73.7247 47.4
      vertex 105.83 73.6291 45
      vertex 105.725 73.7247 45
    endloop
  endfacet
  facet normal 0.998789 -0.0492014 0
    outer loop
      vertex 105.3 74.75 47.4
      vertex 105.307 74.8921 45
      vertex 105.307 74.8921 47.4
    endloop
  endfacet
  facet normal 0.998789 -0.0492014 0
    outer loop
      vertex 105.307 74.8921 45
      vertex 105.3 74.75 47.4
      vertex 105.3 74.75 45
    endloop
  endfacet
  facet normal 0.998789 0.0492014 0
    outer loop
      vertex 105.307 74.6079 47.4
      vertex 105.3 74.75 45
      vertex 105.3 74.75 47.4
    endloop
  endfacet
  facet normal 0.998789 0.0492014 0
    outer loop
      vertex 105.3 74.75 45
      vertex 105.307 74.6079 47.4
      vertex 105.307 74.6079 45
    endloop
  endfacet
  facet normal 0.146625 0.989192 -0
    outer loop
      vertex 106.608 73.307 45
      vertex 106.467 73.3279 47.4
      vertex 106.608 73.307 47.4
    endloop
  endfacet
  facet normal 0.146625 0.989192 0
    outer loop
      vertex 106.467 73.3279 47.4
      vertex 106.608 73.307 45
      vertex 106.467 73.3279 45
    endloop
  endfacet
  facet normal 0.337226 0.941424 -0
    outer loop
      vertex 106.329 73.3624 45
      vertex 106.195 73.4104 47.4
      vertex 106.329 73.3624 47.4
    endloop
  endfacet
  facet normal 0.337226 0.941424 0
    outer loop
      vertex 106.195 73.4104 47.4
      vertex 106.329 73.3624 45
      vertex 106.195 73.4104 45
    endloop
  endfacet
  facet normal 0.802436 -0.596738 0
    outer loop
      vertex 105.544 75.5556 47.4
      vertex 105.629 75.6699 45
      vertex 105.629 75.6699 47.4
    endloop
  endfacet
  facet normal 0.802436 -0.596738 0
    outer loop
      vertex 105.629 75.6699 45
      vertex 105.544 75.5556 47.4
      vertex 105.544 75.5556 45
    endloop
  endfacet
  facet normal 0.514496 0.857493 -0
    outer loop
      vertex 106.066 73.4712 45
      vertex 105.944 73.5444 47.4
      vertex 106.066 73.4712 47.4
    endloop
  endfacet
  facet normal 0.514496 0.857493 0
    outer loop
      vertex 105.944 73.5444 47.4
      vertex 106.066 73.4712 45
      vertex 105.944 73.5444 45
    endloop
  endfacet
  facet normal -1 0 0
    outer loop
      vertex 52.5 46.5 45
      vertex 52.5 61.5 46.5
      vertex 52.5 61.5 45
    endloop
  endfacet
  facet normal -1 -0 0
    outer loop
      vertex 52.5 61.5 46.5
      vertex 52.5 46.5 45
      vertex 52.5 46.5 46.5
    endloop
  endfacet
  facet normal 1 -0 0
    outer loop
      vertex 27.5 46.5 46.5
      vertex 27.5 61.5 45
      vertex 27.5 61.5 46.5
    endloop
  endfacet
  facet normal 1 0 0
    outer loop
      vertex 27.5 61.5 45
      vertex 27.5 46.5 46.5
      vertex 27.5 46.5 45
    endloop
  endfacet
  facet normal 0 -1 0
    outer loop
      vertex 27.5 61.5 45
      vertex 52.5 61.5 46.5
      vertex 27.5 61.5 46.5
    endloop
  endfacet
  facet normal 0 -1 -0
    outer loop
      vertex 52.5 61.5 46.5
      vertex 27.5 61.5 45
      vertex 52.5 61.5 45
    endloop
  endfacet
  facet normal 0 1 -0
    outer loop
      vertex 52.5 46.5 45
      vertex 27.5 46.5 46.5
      vertex 52.5 46.5 46.5
    endloop
  endfacet
  facet normal 0 1 0
    outer loop
      vertex 27.5 46.5 46.5
      vertex 52.5 46.5 45
      vertex 27.5 46.5 45
    endloop
  endfacet
  facet normal -1 0 0
    outer loop
      vertex 55 44 46.5
      vertex 55 64 49
      vertex 55 64 46.5
    endloop
  endfacet
  facet normal -1 -0 0
    outer loop
      vertex 55 64 49
      vertex 55 44 46.5
      vertex 55 44 49
    endloop
  endfacet
  facet normal 0 0 1
    outer loop
      vertex 55 64 46.5
      vertex 52.5 61.5 46.5
      vertex 55 44 46.5
    endloop
  endfacet
  facet normal 0 0 1
    outer loop
      vertex 55 64 46.5
      vertex 27.5 61.5 46.5
      vertex 52.5 61.5 46.5
    endloop
  endfacet
  facet normal 0 0 1
    outer loop
      vertex 27.5 61.5 46.5
      vertex 25 64 46.5
      vertex 27.5 46.5 46.5
    endloop
  endfacet
  facet normal -0 0 1
    outer loop
      vertex 25 64 46.5
      vertex 27.5 61.5 46.5
      vertex 55 64 46.5
    endloop
  endfacet
  facet normal -0 0 1
    outer loop
      vertex 52.5 46.5 46.5
      vertex 55 44 46.5
      vertex 52.5 61.5 46.5
    endloop
  endfacet
  facet normal -0 0 1
    outer loop
      vertex 27.5 46.5 46.5
      vertex 55 44 46.5
      vertex 52.5 46.5 46.5
    endloop
  endfacet
  facet normal 0 0 1
    outer loop
      vertex 27.5 46.5 46.5
      vertex 25 44 46.5
      vertex 55 44 46.5
    endloop
  endfacet
  facet normal 0 0 1
    outer loop
      vertex 25 44 46.5
      vertex 27.5 46.5 46.5
      vertex 25 64 46.5
    endloop
  endfacet
  facet normal 1 -0 0
    outer loop
      vertex 25 44 49
      vertex 25 64 46.5
      vertex 25 64 49
    endloop
  endfacet
  facet normal 1 0 0
    outer loop
      vertex 25 64 46.5
      vertex 25 44 49
      vertex 25 44 46.5
    endloop
  endfacet
  facet normal 0 -1 0
    outer loop
      vertex 25 64 46.5
      vertex 55 64 49
      vertex 25 64 49
    endloop
  endfacet
  facet normal 0 -1 -0
    outer loop
      vertex 55 64 49
      vertex 25 64 46.5
      vertex 55 64 46.5
    endloop
  endfacet
  facet normal 0 1 -0
    outer loop
      vertex 55 44 46.5
      vertex 25 44 49
      vertex 55 44 49
    endloop
  endfacet
  facet normal 0 1 0
    outer loop
      vertex 25 44 49
      vertex 55 44 46.5
      vertex 25 44 46.5
    endloop
  endfacet
endsolid OpenSCAD_Model
