solid OpenSCAD_Model
  facet normal 0 0 -1
    outer loop
      vertex 0 0 0
      vertex 6.393755415948608 6.393755415948608 0
      vertex 6.764594250765408 6.057646687850042 0
    endloop
  endfacet
  facet normal 0 0 -1
    outer loop
      vertex 0 0 0
      vertex 6.764594250765408 6.057646687850042 0
      vertex 7.1665918116000284 5.75950497725702 0
    endloop
  endfacet
  facet normal 0 0 -1
    outer loop
      vertex 0 0 0
      vertex 5.1196042877657355 8.519548146002242 0
      vertex 5.288214384192438 8.048314494938042 0
    endloop
  endfacet
  facet normal 0 0 -1
    outer loop
      vertex 0 0 0
      vertex 5.50220155182339 7.595876642187412 0
      vertex 5.75950497725702 7.1665918116000284 0
    endloop
  endfacet
  facet normal 0 0 -1
    outer loop
      vertex 0 0 0
      vertex 5.75950497725702 7.1665918116000284 0
      vertex 6.057646687850042 6.764594250765408 0
    endloop
  endfacet
  facet normal 0 0 -1
    outer loop
      vertex 0 0 0
      vertex 6.057646687850042 6.764594250765408 0
      vertex 6.393755415948608 6.393755415948608 0
    endloop
  endfacet
  facet normal 0 0 -1
    outer loop
      vertex 0 0 0
      vertex 5.288214384192438 8.048314494938042 0
      vertex 5.50220155182339 7.595876642187412 0
    endloop
  endfacet
  facet normal 0 0 -1
    outer loop
      vertex 0 0 0
      vertex 8.048314494938042 5.288214384192438 0
      vertex 8.519548146002242 5.1196042877657355 0
    endloop
  endfacet
  facet normal 0 0 -1
    outer loop
      vertex 0 0 0
      vertex 8.519548146002242 5.1196042877657355 0
      vertex 9.005039357717745 4.997995069943525 0
    endloop
  endfacet
  facet normal 0 0 -1
    outer loop
      vertex 0 0 0
      vertex 7.1665918116000284 5.75950497725702 0
      vertex 7.595876642187412 5.50220155182339 0
    endloop
  endfacet
  facet normal 0 0 -1
    outer loop
      vertex 0 0 0
      vertex 7.595876642187412 5.50220155182339 0
      vertex 8.048314494938042 5.288214384192438 0
    endloop
  endfacet
  facet normal 0 0 -1
    outer loop
      vertex 0 0 0
      vertex 9.005039357717745 4.997995069943525 0
      vertex 9.500112584319242 4.924557893971796 0
    endloop
  endfacet
  facet normal 0 0 -1
    outer loop
      vertex 0 0 0
      vertex 9.500112584319242 4.924557893971796 0
      vertex 10 4.9 0
    endloop
  endfacet
  facet normal 0 0 -1
    outer loop
      vertex 0 0 0
      vertex 4.997995069943525 9.005039357717745 0
      vertex 5.1196042877657355 8.519548146002242 0
    endloop
  endfacet
  facet normal 0 0 -1
    outer loop
      vertex 0 0 0
      vertex 4.924557893971796 9.500112584319242 0
      vertex 4.997995069943525 9.005039357717745 0
    endloop
  endfacet
  facet normal 0 0 -1
    outer loop
      vertex 0 0 0
      vertex 4.9 10 0
      vertex 4.924557893971796 9.500112584319242 0
    endloop
  endfacet
  facet normal 0 0 -1
    outer loop
      vertex 0 0 0
      vertex 4.924557893971796 10.499887415680758 0
      vertex 4.9 10 0
    endloop
  endfacet
  facet normal -1 0 0
    outer loop
      vertex 0 0 0
      vertex 0 6.150645244622179 31.3
      vertex 0 42.129178992803375 16.629145968236614
    endloop
  endfacet
  facet normal 0 0 -1
    outer loop
      vertex 0 0 0
      vertex 13.942353312149958 76.76459425076541 0
      vertex 4.924557893971796 10.499887415680758 0
    endloop
  endfacet
  facet normal 0 0 -1
    outer loop
      vertex 4.924557893971796 10.499887415680758 0
      vertex 13.942353312149958 76.76459425076541 0
      vertex 4.997995069943525 10.994960642282255 0
    endloop
  endfacet
  facet normal 0 0 -1
    outer loop
      vertex 4.997995069943525 10.994960642282255 0
      vertex 13.942353312149958 76.76459425076541 0
      vertex 5.1196042877657355 11.480451853997758 0
    endloop
  endfacet
  facet normal 0 0 -1
    outer loop
      vertex 5.1196042877657355 11.480451853997758 0
      vertex 13.942353312149958 76.76459425076541 0
      vertex 5.288214384192438 11.951685505061958 0
    endloop
  endfacet
  facet normal 0 0 -1
    outer loop
      vertex 5.288214384192438 11.951685505061958 0
      vertex 13.942353312149958 76.76459425076541 0
      vertex 5.50220155182339 12.404123357812587 0
    endloop
  endfacet
  facet normal 0 0 -1
    outer loop
      vertex 5.50220155182339 12.404123357812587 0
      vertex 13.942353312149958 76.76459425076541 0
      vertex 5.75950497725702 12.833408188399972 0
    endloop
  endfacet
  facet normal 0 0 -1
    outer loop
      vertex 5.75950497725702 12.833408188399972 0
      vertex 13.942353312149958 76.76459425076541 0
      vertex 6.057646687850042 13.235405749234591 0
    endloop
  endfacet
  facet normal 0 0 -1
    outer loop
      vertex 6.057646687850042 13.235405749234591 0
      vertex 13.942353312149958 76.76459425076541 0
      vertex 6.393755415948608 13.606244584051392 0
    endloop
  endfacet
  facet normal 0 0 -1
    outer loop
      vertex 6.764594250765408 13.942353312149958 0
      vertex 6.393755415948608 13.606244584051392 0
      vertex 13.942353312149958 76.76459425076541 0
    endloop
  endfacet
  facet normal 0 0 -1
    outer loop
      vertex 7.1665918116000284 14.24049502274298 0
      vertex 6.764594250765408 13.942353312149958 0
      vertex 13.942353312149958 76.76459425076541 0
    endloop
  endfacet
  facet normal 0 0 -1
    outer loop
      vertex 7.1665918116000284 14.24049502274298 0
      vertex 13.942353312149958 76.76459425076541 0
      vertex 7.595876642187412 14.49779844817661 0
    endloop
  endfacet
  facet normal 0 0 -1
    outer loop
      vertex 8.048314494938042 14.711785615807562 0
      vertex 7.595876642187412 14.49779844817661 0
      vertex 13.942353312149958 76.76459425076541 0
    endloop
  endfacet
  facet normal 0 0 -1
    outer loop
      vertex 8.519548146002242 14.880395712234264 0
      vertex 8.048314494938042 14.711785615807562 0
      vertex 13.942353312149958 76.76459425076541 0
    endloop
  endfacet
  facet normal 0 0 -1
    outer loop
      vertex 9.005039357717745 15.002004930056476 0
      vertex 8.519548146002242 14.880395712234264 0
      vertex 13.942353312149958 76.76459425076541 0
    endloop
  endfacet
  facet normal 0 0 -1
    outer loop
      vertex 9.500112584319242 15.075442106028204 0
      vertex 9.005039357717745 15.002004930056476 0
      vertex 13.942353312149958 76.76459425076541 0
    endloop
  endfacet
  facet normal 0 0 -1
    outer loop
      vertex 10 15.1 0
      vertex 9.500112584319242 15.075442106028204 0
      vertex 13.942353312149958 76.76459425076541 0
    endloop
  endfacet
  facet normal -1 0 0
    outer loop
      vertex 0 0 0
      vertex 0 44.129145968236614 14.629178992803373
      vertex 0 90 0
    endloop
  endfacet
  facet normal -1 0 0
    outer loop
      vertex 0 0 0
      vertex 0 42.129178992803375 16.629145968236614
      vertex 0 42.22836140246614 16.35194970290473
    endloop
  endfacet
  facet normal -1 0 0
    outer loop
      vertex 0 0 0
      vertex 0 43.85194970290473 14.72836140246614
      vertex 0 44.129145968236614 14.629178992803373
    endloop
  endfacet
  facet normal -1 0 0
    outer loop
      vertex 0 0 0
      vertex 0 43.096820147509064 15.18096863991179
      vertex 0 43.333289300941196 15.005591163092365
    endloop
  endfacet
  facet normal -1 0 0
    outer loop
      vertex 0 0 0
      vertex 0 42.878679656440355 15.378679656440358
      vertex 0 43.096820147509064 15.18096863991179
    endloop
  endfacet
  facet normal -1 0 0
    outer loop
      vertex 0 0 0
      vertex 0 42.68096863991179 15.596820147509064
      vertex 0 42.878679656440355 15.378679656440358
    endloop
  endfacet
  facet normal -1 0 0
    outer loop
      vertex 0 0 0
      vertex 0 43.333289300941196 15.005591163092365
      vertex 0 43.58580978952201 14.854236206954935
    endloop
  endfacet
  facet normal -1 0 0
    outer loop
      vertex 0 0 0
      vertex 0 43.58580978952201 14.854236206954935
      vertex 0 43.85194970290473 14.72836140246614
    endloop
  endfacet
  facet normal -1 0 0
    outer loop
      vertex 0 0 0
      vertex 0 42.50559116309236 15.833289300941193
      vertex 0 42.68096863991179 15.596820147509064
    endloop
  endfacet
  facet normal -1 0 0
    outer loop
      vertex 0 0 0
      vertex 0 42.35423620695494 16.085809789522006
      vertex 0 42.50559116309236 15.833289300941193
    endloop
  endfacet
  facet normal -1 0 0
    outer loop
      vertex 0 0 0
      vertex 0 42.22836140246614 16.35194970290473
      vertex 0 42.35423620695494 16.085809789522006
    endloop
  endfacet
  facet normal 0 0 -1
    outer loop
      vertex 0 0 0
      vertex 10 4.9 0
      vertex 150 0 0
    endloop
  endfacet
  facet normal 0 0 -1
    outer loop
      vertex 12.404123357812587 5.50220155182339 0
      vertex 12.833408188399972 5.75950497725702 0
      vertex 137.59587664218742 5.50220155182339 0
    endloop
  endfacet
  facet normal 0 0 -1
    outer loop
      vertex 12.833408188399972 5.75950497725702 0
      vertex 13.235405749234591 6.057646687850042 0
      vertex 137.16659181160003 5.75950497725702 0
    endloop
  endfacet
  facet normal 0 0 -1
    outer loop
      vertex 13.235405749234591 6.057646687850042 0
      vertex 13.606244584051392 6.393755415948608 0
      vertex 136.7645942507654 6.057646687850042 0
    endloop
  endfacet
  facet normal 0 0 -1
    outer loop
      vertex 13.606244584051392 6.393755415948608 0
      vertex 13.942353312149958 6.764594250765408 0
      vertex 136.39375541594862 6.393755415948608 0
    endloop
  endfacet
  facet normal 0 0 -1
    outer loop
      vertex 14.24049502274298 7.1665918116000284 0
      vertex 136.05764668785005 6.764594250765408 0
      vertex 13.942353312149958 6.764594250765408 0
    endloop
  endfacet
  facet normal 0 0 -1
    outer loop
      vertex 14.49779844817661 7.595876642187412 0
      vertex 135.75950497725702 7.1665918116000284 0
      vertex 14.24049502274298 7.1665918116000284 0
    endloop
  endfacet
  facet normal 0 0 -1
    outer loop
      vertex 14.711785615807562 8.048314494938042 0
      vertex 135.5022015518234 7.595876642187412 0
      vertex 14.49779844817661 7.595876642187412 0
    endloop
  endfacet
  facet normal 0 0 -1
    outer loop
      vertex 14.711785615807562 8.048314494938042 0
      vertex 14.880395712234264 8.519548146002242 0
      vertex 135.28821438419243 8.048314494938042 0
    endloop
  endfacet
  facet normal 0 0 -1
    outer loop
      vertex 15.002004930056476 9.005039357717745 0
      vertex 135.11960428776572 8.519548146002242 0
      vertex 14.880395712234264 8.519548146002242 0
    endloop
  endfacet
  facet normal 0 0 -1
    outer loop
      vertex 150 0 0
      vertex 10 4.9 0
      vertex 10.499887415680758 4.924557893971796 0
    endloop
  endfacet
  facet normal 0 0 -1
    outer loop
      vertex 150 0 0
      vertex 10.499887415680758 4.924557893971796 0
      vertex 10.994960642282255 4.997995069943525 0
    endloop
  endfacet
  facet normal 0 0 -1
    outer loop
      vertex 150 0 0
      vertex 10.994960642282255 4.997995069943525 0
      vertex 11.480451853997758 5.1196042877657355 0
    endloop
  endfacet
  facet normal 0 0 -1
    outer loop
      vertex 150 0 0
      vertex 11.480451853997758 5.1196042877657355 0
      vertex 11.951685505061958 5.288214384192438 0
    endloop
  endfacet
  facet normal 0 0 -1
    outer loop
      vertex 150 0 0
      vertex 11.951685505061958 5.288214384192438 0
      vertex 12.404123357812587 5.50220155182339 0
    endloop
  endfacet
  facet normal 0 0 -1
    outer loop
      vertex 134.99799506994353 80.99496064228225 0
      vertex 15.002004930056476 9.005039357717745 0
      vertex 15.075442106028204 9.500112584319242 0
    endloop
  endfacet
  facet normal 0 0 -1
    outer loop
      vertex 134.99799506994353 80.99496064228225 0
      vertex 15.075442106028204 9.500112584319242 0
      vertex 15.1 10 0
    endloop
  endfacet
  facet normal 0 0 -1
    outer loop
      vertex 134.99799506994353 80.99496064228225 0
      vertex 13.235405749234591 13.942353312149958 0
      vertex 12.833408188399972 14.24049502274298 0
    endloop
  endfacet
  facet normal 0 0 -1
    outer loop
      vertex 134.99799506994353 80.99496064228225 0
      vertex 15.1 10 0
      vertex 15.075442106028204 10.499887415680758 0
    endloop
  endfacet
  facet normal 0 0 -1
    outer loop
      vertex 134.99799506994353 80.99496064228225 0
      vertex 15.075442106028204 10.499887415680758 0
      vertex 15.002004930056476 10.994960642282255 0
    endloop
  endfacet
  facet normal 0 0 -1
    outer loop
      vertex 134.99799506994353 80.99496064228225 0
      vertex 15.002004930056476 10.994960642282255 0
      vertex 14.880395712234264 11.480451853997758 0
    endloop
  endfacet
  facet normal 0 0 -1
    outer loop
      vertex 134.99799506994353 80.99496064228225 0
      vertex 14.711785615807562 11.951685505061958 0
      vertex 14.49779844817661 12.404123357812587 0
    endloop
  endfacet
  facet normal 0 0 -1
    outer loop
      vertex 134.99799506994353 80.99496064228225 0
      vertex 14.880395712234264 11.480451853997758 0
      vertex 14.711785615807562 11.951685505061958 0
    endloop
  endfacet
  facet normal 0 0 -1
    outer loop
      vertex 134.99799506994353 80.99496064228225 0
      vertex 14.24049502274298 12.833408188399972 0
      vertex 13.942353312149958 13.235405749234591 0
    endloop
  endfacet
  facet normal 0 0 -1
    outer loop
      vertex 134.99799506994353 80.99496064228225 0
      vertex 14.49779844817661 12.404123357812587 0
      vertex 14.24049502274298 12.833408188399972 0
    endloop
  endfacet
  facet normal 0 0 -1
    outer loop
      vertex 134.99799506994353 80.99496064228225 0
      vertex 13.942353312149958 13.235405749234591 0
      vertex 13.606244584051392 13.606244584051392 0
    endloop
  endfacet
  facet normal 0 0 -1
    outer loop
      vertex 134.99799506994353 80.99496064228225 0
      vertex 13.606244584051392 13.606244584051392 0
      vertex 13.235405749234591 13.942353312149958 0
    endloop
  endfacet
  facet normal 0 0 -1
    outer loop
      vertex 11.480451853997758 14.880395712234264 0
      vertex 10.994960642282255 15.002004930056476 0
      vertex 135.11960428776572 81.48045185399776 0
    endloop
  endfacet
  facet normal 0 0 -1
    outer loop
      vertex 10.499887415680758 15.075442106028204 0
      vertex 10 15.1 0
      vertex 135.5022015518234 82.4041233578126 0
    endloop
  endfacet
  facet normal 0 0 -1
    outer loop
      vertex 10.994960642282255 15.002004930056476 0
      vertex 10.499887415680758 15.075442106028204 0
      vertex 135.28821438419243 81.95168550506196 0
    endloop
  endfacet
  facet normal 0 0 -1
    outer loop
      vertex 134.99799506994353 80.99496064228225 0
      vertex 11.951685505061958 14.711785615807562 0
      vertex 11.480451853997758 14.880395712234264 0
    endloop
  endfacet
  facet normal 0 0 -1
    outer loop
      vertex 134.99799506994353 80.99496064228225 0
      vertex 12.404123357812587 14.49779844817661 0
      vertex 11.951685505061958 14.711785615807562 0
    endloop
  endfacet
  facet normal 0 0 -1
    outer loop
      vertex 134.99799506994353 80.99496064228225 0
      vertex 12.833408188399972 14.24049502274298 0
      vertex 12.404123357812587 14.49779844817661 0
    endloop
  endfacet
  facet normal 0 -1 0
    outer loop
      vertex 0 0 0
      vertex 6.150645244622179 0 31.3
      vertex 0 0 31.3
    endloop
  endfacet
  facet normal -1 0 0
    outer loop
      vertex 0 0 0
      vertex 0 0 31.3
      vertex 0 6.150645244622179 31.3
    endloop
  endfacet
  facet normal 0 -1 0
    outer loop
      vertex 0 0 0
      vertex 70.04935475537782 0 31.3
      vertex 6.150645244622179 0 31.3
    endloop
  endfacet
  facet normal 0 -1 0
    outer loop
      vertex 0 0 35
      vertex 0 0 34.5
      vertex 6.150645244622179 0 34.5
    endloop
  endfacet
  facet normal -1 0 0
    outer loop
      vertex 0 0 35
      vertex 0 6.150645244622179 34.5
      vertex 0 0 34.5
    endloop
  endfacet
  facet normal -1 0 0
    outer loop
      vertex 0 6.150645244622179 31.3
      vertex 0 6.150645244622179 34.5
      vertex 0 42.68096863991179 19.403179852490936
    endloop
  endfacet
  facet normal 0 -1 0
    outer loop
      vertex 6.150645244622179 0 31.3
      vertex 70.04935475537782 0 34.5
      vertex 6.150645244622179 0 34.5
    endloop
  endfacet
  facet normal 0 -1 0
    outer loop
      vertex 0 0 35
      vertex 6.150645244622179 0 34.5
      vertex 70.04935475537782 0 34.5
    endloop
  endfacet
  facet normal -1 0 0
    outer loop
      vertex 0 42.129178992803375 16.629145968236614
      vertex 0 6.150645244622179 31.3
      vertex 0 42.05764415879031 16.914729033951616
    endloop
  endfacet
  facet normal -1 0 0
    outer loop
      vertex 0 42.05764415879031 16.914729033951616
      vertex 0 6.150645244622179 31.3
      vertex 0 42.01444581998341 17.205948579011316
    endloop
  endfacet
  facet normal -1 0 0
    outer loop
      vertex 0 6.150645244622179 31.3
      vertex 0 42 17.5
      vertex 0 42.01444581998341 17.205948579011316
    endloop
  endfacet
  facet normal -1 0 0
    outer loop
      vertex 0 6.150645244622179 31.3
      vertex 0 42.01444581998341 17.794051420988684
      vertex 0 42 17.5
    endloop
  endfacet
  facet normal -1 0 0
    outer loop
      vertex 0 6.150645244622179 31.3
      vertex 0 42.05764415879031 18.085270966048384
      vertex 0 42.01444581998341 17.794051420988684
    endloop
  endfacet
  facet normal -1 0 0
    outer loop
      vertex 0 6.150645244622179 31.3
      vertex 0 42.129178992803375 18.370854031763386
      vertex 0 42.05764415879031 18.085270966048384
    endloop
  endfacet
  facet normal -1 0 0
    outer loop
      vertex 0 6.150645244622179 31.3
      vertex 0 42.22836140246614 18.64805029709527
      vertex 0 42.129178992803375 18.370854031763386
    endloop
  endfacet
  facet normal -1 0 0
    outer loop
      vertex 0 6.150645244622179 31.3
      vertex 0 42.35423620695494 18.914190210477994
      vertex 0 42.22836140246614 18.64805029709527
    endloop
  endfacet
  facet normal -1 0 0
    outer loop
      vertex 0 6.150645244622179 31.3
      vertex 0 42.50559116309236 19.166710699058807
      vertex 0 42.35423620695494 18.914190210477994
    endloop
  endfacet
  facet normal -1 0 0
    outer loop
      vertex 0 6.150645244622179 31.3
      vertex 0 42.68096863991179 19.403179852490936
      vertex 0 42.50559116309236 19.166710699058807
    endloop
  endfacet
  facet normal -1 0 0
    outer loop
      vertex 0 6.150645244622179 34.5
      vertex 0 42.878679656440355 19.621320343559642
      vertex 0 42.68096863991179 19.403179852490936
    endloop
  endfacet
  facet normal -1 0 0
    outer loop
      vertex 0 6.150645244622179 34.5
      vertex 0 43.096820147509064 19.81903136008821
      vertex 0 42.878679656440355 19.621320343559642
    endloop
  endfacet
  facet normal -1 0 0
    outer loop
      vertex 0 6.150645244622179 34.5
      vertex 0 43.333289300941196 19.994408836907635
      vertex 0 43.096820147509064 19.81903136008821
    endloop
  endfacet
  facet normal -1 0 0
    outer loop
      vertex 0 6.150645244622179 34.5
      vertex 0 43.58580978952201 20.145763793045067
      vertex 0 43.333289300941196 19.994408836907635
    endloop
  endfacet
  facet normal -1 0 0
    outer loop
      vertex 0 6.150645244622179 34.5
      vertex 0 43.85194970290473 20.271638597533858
      vertex 0 43.58580978952201 20.145763793045067
    endloop
  endfacet
  facet normal -1 0 0
    outer loop
      vertex 0 6.150645244622179 34.5
      vertex 0 44.129145968236614 20.370821007196625
      vertex 0 43.85194970290473 20.271638597533858
    endloop
  endfacet
  facet normal -1 0 0
    outer loop
      vertex 0 6.150645244622179 34.5
      vertex 0 44.414729033951616 20.44235584120969
      vertex 0 44.129145968236614 20.370821007196625
    endloop
  endfacet
  facet normal -1 0 0
    outer loop
      vertex 0 6.150645244622179 34.5
      vertex 0 44.70594857901132 20.485554180016592
      vertex 0 44.414729033951616 20.44235584120969
    endloop
  endfacet
  facet normal -1 0 0
    outer loop
      vertex 0 6.150645244622179 34.5
      vertex 0 45 20.5
      vertex 0 44.70594857901132 20.485554180016592
    endloop
  endfacet
  facet normal 0 0 1
    outer loop
      vertex 0 0 35
      vertex 2.4 2.4 35
      vertex 0 90 35
    endloop
  endfacet
  facet normal -1 0 0
    outer loop
      vertex 0 0 35
      vertex 0 90 35
      vertex 0 6.150645244622179 34.5
    endloop
  endfacet
  facet normal 0 -1 0
    outer loop
      vertex 0 0 0
      vertex 79.95064524462218 0 31.3
      vertex 70.04935475537782 0 31.3
    endloop
  endfacet
  facet normal 0 -1 0
    outer loop
      vertex 0 0 0
      vertex 143.84935475537782 0 34.5
      vertex 79.95064524462218 0 31.3
    endloop
  endfacet
  facet normal 0 -1 0
    outer loop
      vertex 6.150645244622179 0 31.3
      vertex 70.04935475537782 0 31.3
      vertex 70.04935475537782 0 34.5
    endloop
  endfacet
  facet normal 0 -1 0
    outer loop
      vertex 0 0 35
      vertex 70.04935475537782 0 34.5
      vertex 79.95064524462218 0 34.5
    endloop
  endfacet
  facet normal 0 0 1
    outer loop
      vertex 0 0 35
      vertex 150 0 35
      vertex 2.4 2.4 35
    endloop
  endfacet
  facet normal 0 0 -1
    outer loop
      vertex 0 0 0
      vertex 6.764594250765408 76.05764668785004 0
      vertex 7.1665918116000284 75.75950497725702 0
    endloop
  endfacet
  facet normal 0 0 -1
    outer loop
      vertex 0 0 0
      vertex 7.595876642187412 75.50220155182339 0
      vertex 8.048314494938042 75.28821438419244 0
    endloop
  endfacet
  facet normal 0 0 -1
    outer loop
      vertex 0 0 0
      vertex 7.1665918116000284 75.75950497725702 0
      vertex 7.595876642187412 75.50220155182339 0
    endloop
  endfacet
  facet normal 0 0 -1
    outer loop
      vertex 0 0 0
      vertex 8.048314494938042 75.28821438419244 0
      vertex 8.519548146002242 75.11960428776574 0
    endloop
  endfacet
  facet normal 0 0 -1
    outer loop
      vertex 0 0 0
      vertex 8.519548146002242 75.11960428776574 0
      vertex 9.005039357717745 74.99799506994353 0
    endloop
  endfacet
  facet normal 0 0 -1
    outer loop
      vertex 0 0 0
      vertex 9.005039357717745 74.99799506994353 0
      vertex 9.500112584319242 74.9245578939718 0
    endloop
  endfacet
  facet normal 0 0 -1
    outer loop
      vertex 0 0 0
      vertex 9.500112584319242 74.9245578939718 0
      vertex 10 74.9 0
    endloop
  endfacet
  facet normal 0 0 -1
    outer loop
      vertex 0 0 0
      vertex 10 74.9 0
      vertex 10.499887415680758 74.9245578939718 0
    endloop
  endfacet
  facet normal 0 0 -1
    outer loop
      vertex 0 0 0
      vertex 10.499887415680758 74.9245578939718 0
      vertex 10.994960642282255 74.99799506994353 0
    endloop
  endfacet
  facet normal 0 0 -1
    outer loop
      vertex 0 0 0
      vertex 10.994960642282255 74.99799506994353 0
      vertex 11.480451853997758 75.11960428776574 0
    endloop
  endfacet
  facet normal 0 0 -1
    outer loop
      vertex 0 0 0
      vertex 11.480451853997758 75.11960428776574 0
      vertex 11.951685505061958 75.28821438419244 0
    endloop
  endfacet
  facet normal 0 0 -1
    outer loop
      vertex 0 0 0
      vertex 11.951685505061958 75.28821438419244 0
      vertex 12.404123357812587 75.50220155182339 0
    endloop
  endfacet
  facet normal 0 0 -1
    outer loop
      vertex 0 0 0
      vertex 12.404123357812587 75.50220155182339 0
      vertex 12.833408188399972 75.75950497725702 0
    endloop
  endfacet
  facet normal 0 0 -1
    outer loop
      vertex 0 0 0
      vertex 12.833408188399972 75.75950497725702 0
      vertex 13.235405749234591 76.05764668785004 0
    endloop
  endfacet
  facet normal 0 0 -1
    outer loop
      vertex 0 0 0
      vertex 5.75950497725702 77.16659181160003 0
      vertex 6.057646687850042 76.76459425076541 0
    endloop
  endfacet
  facet normal 0 0 -1
    outer loop
      vertex 0 0 0
      vertex 6.393755415948608 76.3937554159486 0
      vertex 6.764594250765408 76.05764668785004 0
    endloop
  endfacet
  facet normal 0 0 -1
    outer loop
      vertex 0 0 0
      vertex 6.057646687850042 76.76459425076541 0
      vertex 6.393755415948608 76.3937554159486 0
    endloop
  endfacet
  facet normal 0 0 -1
    outer loop
      vertex 0 0 0
      vertex 5.50220155182339 77.5958766421874 0
      vertex 5.75950497725702 77.16659181160003 0
    endloop
  endfacet
  facet normal 0 0 -1
    outer loop
      vertex 0 0 0
      vertex 5.288214384192438 78.04831449493804 0
      vertex 5.50220155182339 77.5958766421874 0
    endloop
  endfacet
  facet normal 0 0 -1
    outer loop
      vertex 0 0 0
      vertex 5.1196042877657355 78.51954814600224 0
      vertex 5.288214384192438 78.04831449493804 0
    endloop
  endfacet
  facet normal 0 0 -1
    outer loop
      vertex 0 0 0
      vertex 4.997995069943525 79.00503935771775 0
      vertex 5.1196042877657355 78.51954814600224 0
    endloop
  endfacet
  facet normal 0 0 -1
    outer loop
      vertex 0 0 0
      vertex 4.924557893971796 79.50011258431924 0
      vertex 4.997995069943525 79.00503935771775 0
    endloop
  endfacet
  facet normal 0 0 -1
    outer loop
      vertex 0 0 0
      vertex 4.9 80 0
      vertex 4.924557893971796 79.50011258431924 0
    endloop
  endfacet
  facet normal 0 0 -1
    outer loop
      vertex 0 0 0
      vertex 13.235405749234591 76.05764668785004 0
      vertex 13.606244584051392 76.3937554159486 0
    endloop
  endfacet
  facet normal 0 0 -1
    outer loop
      vertex 0 0 0
      vertex 13.606244584051392 76.3937554159486 0
      vertex 13.942353312149958 76.76459425076541 0
    endloop
  endfacet
  facet normal 0 0 -1
    outer loop
      vertex 0 0 0
      vertex 0 90 0
      vertex 4.9 80 0
    endloop
  endfacet
  facet normal 0 0 -1
    outer loop
      vertex 10 15.1 0
      vertex 13.942353312149958 76.76459425076541 0
      vertex 14.24049502274298 77.16659181160003 0
    endloop
  endfacet
  facet normal 0 0 -1
    outer loop
      vertex 10 15.1 0
      vertex 14.24049502274298 77.16659181160003 0
      vertex 14.49779844817661 77.5958766421874 0
    endloop
  endfacet
  facet normal 0 0 -1
    outer loop
      vertex 10 15.1 0
      vertex 14.49779844817661 77.5958766421874 0
      vertex 14.711785615807562 78.04831449493804 0
    endloop
  endfacet
  facet normal 0 0 -1
    outer loop
      vertex 10 15.1 0
      vertex 14.711785615807562 78.04831449493804 0
      vertex 14.880395712234264 78.51954814600224 0
    endloop
  endfacet
  facet normal 0 0 -1
    outer loop
      vertex 10 15.1 0
      vertex 14.880395712234264 78.51954814600224 0
      vertex 15.002004930056476 79.00503935771775 0
    endloop
  endfacet
  facet normal 0 0 -1
    outer loop
      vertex 10 15.1 0
      vertex 15.002004930056476 79.00503935771775 0
      vertex 15.075442106028204 79.50011258431924 0
    endloop
  endfacet
  facet normal -1 0 0
    outer loop
      vertex 0 90 0
      vertex 0 44.414729033951616 14.557644158790309
      vertex 0 44.70594857901132 14.51444581998341
    endloop
  endfacet
  facet normal -1 0 0
    outer loop
      vertex 0 90 0
      vertex 0 44.129145968236614 14.629178992803373
      vertex 0 44.414729033951616 14.557644158790309
    endloop
  endfacet
  facet normal -1 0 0
    outer loop
      vertex 0 90 0
      vertex 0 44.70594857901132 14.51444581998341
      vertex 0 45 14.5
    endloop
  endfacet
  facet normal -1 0 0
    outer loop
      vertex 0 90 0
      vertex 0 45 14.5
      vertex 0 45.29405142098868 14.51444581998341
    endloop
  endfacet
  facet normal -1 0 0
    outer loop
      vertex 0 90 0
      vertex 0 45.29405142098868 14.51444581998341
      vertex 0 45.585270966048384 14.557644158790309
    endloop
  endfacet
  facet normal -1 0 0
    outer loop
      vertex 0 90 0
      vertex 0 45.585270966048384 14.557644158790309
      vertex 0 45.870854031763386 14.629178992803373
    endloop
  endfacet
  facet normal -1 0 0
    outer loop
      vertex 0 90 0
      vertex 0 45.870854031763386 14.629178992803373
      vertex 0 46.14805029709527 14.72836140246614
    endloop
  endfacet
  facet normal -1 0 0
    outer loop
      vertex 0 90 0
      vertex 0 46.14805029709527 14.72836140246614
      vertex 0 46.41419021047799 14.854236206954935
    endloop
  endfacet
  facet normal -1 0 0
    outer loop
      vertex 0 90 0
      vertex 0 46.41419021047799 14.854236206954935
      vertex 0 46.666710699058804 15.005591163092365
    endloop
  endfacet
  facet normal -1 0 0
    outer loop
      vertex 0 90 0
      vertex 0 46.666710699058804 15.005591163092365
      vertex 0 46.903179852490936 15.18096863991179
    endloop
  endfacet
  facet normal -1 0 0
    outer loop
      vertex 0 90 0
      vertex 0 46.903179852490936 15.18096863991179
      vertex 0 47.121320343559645 15.378679656440358
    endloop
  endfacet
  facet normal -1 0 0
    outer loop
      vertex 0 90 0
      vertex 0 47.121320343559645 15.378679656440358
      vertex 0 47.31903136008821 15.596820147509064
    endloop
  endfacet
  facet normal -1 0 0
    outer loop
      vertex 0 90 0
      vertex 0 47.31903136008821 15.596820147509064
      vertex 0 47.49440883690764 15.833289300941193
    endloop
  endfacet
  facet normal -1 0 0
    outer loop
      vertex 0 90 0
      vertex 0 47.49440883690764 15.833289300941193
      vertex 0 47.64576379304506 16.085809789522006
    endloop
  endfacet
  facet normal -1 0 0
    outer loop
      vertex 0 90 0
      vertex 0 47.64576379304506 16.085809789522006
      vertex 0 47.77163859753386 16.35194970290473
    endloop
  endfacet
  facet normal -1 0 0
    outer loop
      vertex 0 90 0
      vertex 0 47.77163859753386 16.35194970290473
      vertex 0 47.870821007196625 16.629145968236614
    endloop
  endfacet
  facet normal -1 0 0
    outer loop
      vertex 0 90 0
      vertex 0 47.870821007196625 16.629145968236614
      vertex 0 47.94235584120969 16.914729033951616
    endloop
  endfacet
  facet normal -1 0 0
    outer loop
      vertex 0 90 0
      vertex 0 47.94235584120969 16.914729033951616
      vertex 0 47.98555418001659 17.205948579011316
    endloop
  endfacet
  facet normal -1 0 0
    outer loop
      vertex 0 90 0
      vertex 0 47.98555418001659 17.205948579011316
      vertex 0 48 17.5
    endloop
  endfacet
  facet normal -1 0 0
    outer loop
      vertex 0 90 0
      vertex 0 48 17.5
      vertex 0 47.98555418001659 17.794051420988684
    endloop
  endfacet
  facet normal -1 0 0
    outer loop
      vertex 0 90 0
      vertex 0 47.98555418001659 17.794051420988684
      vertex 0 47.94235584120969 18.085270966048384
    endloop
  endfacet
  facet normal -1 0 0
    outer loop
      vertex 0 90 0
      vertex 0 47.94235584120969 18.085270966048384
      vertex 0 47.870821007196625 18.370854031763386
    endloop
  endfacet
  facet normal 0 0 -1
    outer loop
      vertex 0 90 0
      vertex 4.924557893971796 80.49988741568076 0
      vertex 4.9 80 0
    endloop
  endfacet
  facet normal 0 0 -1
    outer loop
      vertex 0 90 0
      vertex 4.997995069943525 80.99496064228225 0
      vertex 4.924557893971796 80.49988741568076 0
    endloop
  endfacet
  facet normal 0 0 -1
    outer loop
      vertex 0 90 0
      vertex 5.1196042877657355 81.48045185399776 0
      vertex 4.997995069943525 80.99496064228225 0
    endloop
  endfacet
  facet normal 0 0 -1
    outer loop
      vertex 0 90 0
      vertex 5.288214384192438 81.95168550506196 0
      vertex 5.1196042877657355 81.48045185399776 0
    endloop
  endfacet
  facet normal 0 0 -1
    outer loop
      vertex 0 90 0
      vertex 5.50220155182339 82.4041233578126 0
      vertex 5.288214384192438 81.95168550506196 0
    endloop
  endfacet
  facet normal 0 0 -1
    outer loop
      vertex 0 90 0
      vertex 5.75950497725702 82.83340818839997 0
      vertex 5.50220155182339 82.4041233578126 0
    endloop
  endfacet
  facet normal 0 0 -1
    outer loop
      vertex 0 90 0
      vertex 6.057646687850042 83.23540574923459 0
      vertex 5.75950497725702 82.83340818839997 0
    endloop
  endfacet
  facet normal 0 0 -1
    outer loop
      vertex 0 90 0
      vertex 6.393755415948608 83.6062445840514 0
      vertex 6.057646687850042 83.23540574923459 0
    endloop
  endfacet
  facet normal 0 0 -1
    outer loop
      vertex 0 90 0
      vertex 6.764594250765408 83.94235331214996 0
      vertex 6.393755415948608 83.6062445840514 0
    endloop
  endfacet
  facet normal 0 0 -1
    outer loop
      vertex 0 90 0
      vertex 7.1665918116000284 84.24049502274298 0
      vertex 6.764594250765408 83.94235331214996 0
    endloop
  endfacet
  facet normal 0 0 -1
    outer loop
      vertex 0 90 0
      vertex 7.595876642187412 84.49779844817661 0
      vertex 7.1665918116000284 84.24049502274298 0
    endloop
  endfacet
  facet normal 0 0 -1
    outer loop
      vertex 0 90 0
      vertex 8.048314494938042 84.71178561580756 0
      vertex 7.595876642187412 84.49779844817661 0
    endloop
  endfacet
  facet normal 0 0 -1
    outer loop
      vertex 0 90 0
      vertex 8.519548146002242 84.88039571223426 0
      vertex 8.048314494938042 84.71178561580756 0
    endloop
  endfacet
  facet normal 0 0 -1
    outer loop
      vertex 0 90 0
      vertex 9.005039357717745 85.00200493005647 0
      vertex 8.519548146002242 84.88039571223426 0
    endloop
  endfacet
  facet normal 0 0 -1
    outer loop
      vertex 0 90 0
      vertex 9.500112584319242 85.0754421060282 0
      vertex 9.005039357717745 85.00200493005647 0
    endloop
  endfacet
  facet normal 0 0 -1
    outer loop
      vertex 0 90 0
      vertex 10 85.1 0
      vertex 9.500112584319242 85.0754421060282 0
    endloop
  endfacet
  facet normal -1 0 0
    outer loop
      vertex 0 90 0
      vertex 0 47.870821007196625 18.370854031763386
      vertex 0 83.84935475537782 31.3
    endloop
  endfacet
  facet normal 0 0 -1
    outer loop
      vertex 10 15.1 0
      vertex 15.075442106028204 79.50011258431924 0
      vertex 135.75950497725702 82.83340818839997 0
    endloop
  endfacet
  facet normal 0 0 -1
    outer loop
      vertex 15.1 80 0
      vertex 135.75950497725702 82.83340818839997 0
      vertex 15.075442106028204 79.50011258431924 0
    endloop
  endfacet
  facet normal 0 0 -1
    outer loop
      vertex 15.075442106028204 80.49988741568076 0
      vertex 135.75950497725702 82.83340818839997 0
      vertex 15.1 80 0
    endloop
  endfacet
  facet normal 0 0 -1
    outer loop
      vertex 15.002004930056476 80.99496064228225 0
      vertex 135.75950497725702 82.83340818839997 0
      vertex 15.075442106028204 80.49988741568076 0
    endloop
  endfacet
  facet normal 0 0 -1
    outer loop
      vertex 10.499887415680758 85.0754421060282 0
      vertex 10 85.1 0
      vertex 135.75950497725702 82.83340818839997 0
    endloop
  endfacet
  facet normal 0 0 -1
    outer loop
      vertex 10.994960642282255 85.00200493005647 0
      vertex 10.499887415680758 85.0754421060282 0
      vertex 135.75950497725702 82.83340818839997 0
    endloop
  endfacet
  facet normal 0 0 -1
    outer loop
      vertex 11.480451853997758 84.88039571223426 0
      vertex 10.994960642282255 85.00200493005647 0
      vertex 135.75950497725702 82.83340818839997 0
    endloop
  endfacet
  facet normal 0 0 -1
    outer loop
      vertex 11.951685505061958 84.71178561580756 0
      vertex 11.480451853997758 84.88039571223426 0
      vertex 135.75950497725702 82.83340818839997 0
    endloop
  endfacet
  facet normal 0 0 -1
    outer loop
      vertex 12.404123357812587 84.49779844817661 0
      vertex 11.951685505061958 84.71178561580756 0
      vertex 135.75950497725702 82.83340818839997 0
    endloop
  endfacet
  facet normal 0 0 -1
    outer loop
      vertex 12.833408188399972 84.24049502274298 0
      vertex 12.404123357812587 84.49779844817661 0
      vertex 135.75950497725702 82.83340818839997 0
    endloop
  endfacet
  facet normal 0 0 -1
    outer loop
      vertex 14.49779844817661 82.4041233578126 0
      vertex 135.75950497725702 82.83340818839997 0
      vertex 14.711785615807562 81.95168550506196 0
    endloop
  endfacet
  facet normal 0 0 -1
    outer loop
      vertex 13.942353312149958 83.23540574923459 0
      vertex 135.75950497725702 82.83340818839997 0
      vertex 14.24049502274298 82.83340818839997 0
    endloop
  endfacet
  facet normal 0 0 -1
    outer loop
      vertex 14.24049502274298 82.83340818839997 0
      vertex 135.75950497725702 82.83340818839997 0
      vertex 14.49779844817661 82.4041233578126 0
    endloop
  endfacet
  facet normal 0 0 -1
    outer loop
      vertex 14.880395712234264 81.48045185399776 0
      vertex 135.75950497725702 82.83340818839997 0
      vertex 15.002004930056476 80.99496064228225 0
    endloop
  endfacet
  facet normal 0 0 -1
    outer loop
      vertex 14.880395712234264 81.48045185399776 0
      vertex 14.711785615807562 81.95168550506196 0
      vertex 135.75950497725702 82.83340818839997 0
    endloop
  endfacet
  facet normal 0 0 -1
    outer loop
      vertex 13.606244584051392 83.6062445840514 0
      vertex 135.75950497725702 82.83340818839997 0
      vertex 13.942353312149958 83.23540574923459 0
    endloop
  endfacet
  facet normal 0 0 -1
    outer loop
      vertex 13.606244584051392 83.6062445840514 0
      vertex 13.235405749234591 83.94235331214996 0
      vertex 135.75950497725702 82.83340818839997 0
    endloop
  endfacet
  facet normal 0 0 -1
    outer loop
      vertex 13.235405749234591 83.94235331214996 0
      vertex 12.833408188399972 84.24049502274298 0
      vertex 135.75950497725702 82.83340818839997 0
    endloop
  endfacet
  facet normal 0 0 -1
    outer loop
      vertex 0 90 0
      vertex 135.75950497725702 82.83340818839997 0
      vertex 10 85.1 0
    endloop
  endfacet
  facet normal 0 1 0
    outer loop
      vertex 0 90 0
      vertex 6.150645244622178 90 31.3
      vertex 150 90 0
    endloop
  endfacet
  facet normal -1 0 0
    outer loop
      vertex 0 83.84935475537782 31.3
      vertex 0 47.77163859753386 18.64805029709527
      vertex 0 47.64576379304506 18.914190210477994
    endloop
  endfacet
  facet normal -1 0 0
    outer loop
      vertex 0 47.77163859753386 18.64805029709527
      vertex 0 83.84935475537782 31.3
      vertex 0 47.870821007196625 18.370854031763386
    endloop
  endfacet
  facet normal -1 0 0
    outer loop
      vertex 0 83.84935475537782 31.3
      vertex 0 47.64576379304506 18.914190210477994
      vertex 0 47.49440883690764 19.166710699058807
    endloop
  endfacet
  facet normal -1 0 0
    outer loop
      vertex 0 83.84935475537782 31.3
      vertex 0 47.49440883690764 19.166710699058807
      vertex 0 47.31903136008821 19.403179852490936
    endloop
  endfacet
  facet normal -1 0 0
    outer loop
      vertex 0 45.585270966048384 20.44235584120969
      vertex 0 45.29405142098868 20.485554180016592
      vertex 0 83.84935475537782 34.5
    endloop
  endfacet
  facet normal -1 0 0
    outer loop
      vertex 0 46.666710699058804 19.994408836907635
      vertex 0 46.41419021047799 20.145763793045067
      vertex 0 83.84935475537782 34.5
    endloop
  endfacet
  facet normal -1 0 0
    outer loop
      vertex 0 45.870854031763386 20.370821007196625
      vertex 0 45.585270966048384 20.44235584120969
      vertex 0 83.84935475537782 34.5
    endloop
  endfacet
  facet normal -1 0 0
    outer loop
      vertex 0 46.14805029709527 20.271638597533858
      vertex 0 45.870854031763386 20.370821007196625
      vertex 0 83.84935475537782 34.5
    endloop
  endfacet
  facet normal -1 0 0
    outer loop
      vertex 0 46.41419021047799 20.145763793045067
      vertex 0 46.14805029709527 20.271638597533858
      vertex 0 83.84935475537782 34.5
    endloop
  endfacet
  facet normal -1 0 0
    outer loop
      vertex 0 45.29405142098868 20.485554180016592
      vertex 0 45 20.5
      vertex 0 83.84935475537782 34.5
    endloop
  endfacet
  facet normal -1 0 0
    outer loop
      vertex 0 47.31903136008821 19.403179852490936
      vertex 0 47.121320343559645 19.621320343559642
      vertex 0 83.84935475537782 34.5
    endloop
  endfacet
  facet normal -1 0 0
    outer loop
      vertex 0 47.121320343559645 19.621320343559642
      vertex 0 46.903179852490936 19.81903136008821
      vertex 0 83.84935475537782 34.5
    endloop
  endfacet
  facet normal -1 0 0
    outer loop
      vertex 0 46.903179852490936 19.81903136008821
      vertex 0 46.666710699058804 19.994408836907635
      vertex 0 83.84935475537782 34.5
    endloop
  endfacet
  facet normal -1 0 0
    outer loop
      vertex 0 6.150645244622179 34.5
      vertex 0 83.84935475537782 34.5
      vertex 0 45 20.5
    endloop
  endfacet
  facet normal -1 0 0
    outer loop
      vertex 0 90 35
      vertex 0 83.84935475537782 34.5
      vertex 0 6.150645244622179 34.5
    endloop
  endfacet
  facet normal 0 0 1
    outer loop
      vertex 2.4 2.4 35
      vertex 2.4 87.60000000000001 35
      vertex 0 90 35
    endloop
  endfacet
  facet normal -1 0 0
    outer loop
      vertex 0 90 0
      vertex 0 83.84935475537782 31.3
      vertex 0 90 31.3
    endloop
  endfacet
  facet normal 0 1 0
    outer loop
      vertex 0 90 0
      vertex 0 90 31.3
      vertex 6.150645244622178 90 31.3
    endloop
  endfacet
  facet normal -1 0 0
    outer loop
      vertex 0 47.31903136008821 19.403179852490936
      vertex 0 83.84935475537782 34.5
      vertex 0 83.84935475537782 31.3
    endloop
  endfacet
  facet normal -1 0 0
    outer loop
      vertex 0 90 35
      vertex 0 90 34.5
      vertex 0 83.84935475537782 34.5
    endloop
  endfacet
  facet normal 0 1 0
    outer loop
      vertex 0 90 35
      vertex 6.150645244622178 90 34.5
      vertex 0 90 34.5
    endloop
  endfacet
  facet normal 0 1 0
    outer loop
      vertex 0 90 35
      vertex 70.04935475537782 90 31.3
      vertex 6.150645244622178 90 34.5
    endloop
  endfacet
  facet normal 0 1 0
    outer loop
      vertex 150 90 0
      vertex 6.150645244622178 90 31.3
      vertex 6.150645244622178 90 34.5
    endloop
  endfacet
  facet normal 0 1 0
    outer loop
      vertex 0 90 35
      vertex 70.04935475537782 90 34.5
      vertex 70.04935475537782 90 31.3
    endloop
  endfacet
  facet normal 0 0 1
    outer loop
      vertex 0 90 35
      vertex 2.4 87.60000000000001 35
      vertex 147.6 87.60000000000001 35
    endloop
  endfacet
  facet normal 0 1 0
    outer loop
      vertex 0 90 35
      vertex 79.95064524462218 90 34.5
      vertex 70.04935475537782 90 34.5
    endloop
  endfacet
  facet normal 0 0 -1
    outer loop
      vertex 12.404123357812587 5.50220155182339 0
      vertex 137.59587664218742 5.50220155182339 0
      vertex 138.04831449493804 5.288214384192438 0
    endloop
  endfacet
  facet normal 0 0 -1
    outer loop
      vertex 150 0 0
      vertex 12.404123357812587 5.50220155182339 0
      vertex 138.04831449493804 5.288214384192438 0
    endloop
  endfacet
  facet normal 0 0 -1
    outer loop
      vertex 13.235405749234591 6.057646687850042 0
      vertex 136.7645942507654 6.057646687850042 0
      vertex 137.16659181160003 5.75950497725702 0
    endloop
  endfacet
  facet normal 0 0 -1
    outer loop
      vertex 12.833408188399972 5.75950497725702 0
      vertex 137.16659181160003 5.75950497725702 0
      vertex 137.59587664218742 5.50220155182339 0
    endloop
  endfacet
  facet normal 0 0 -1
    outer loop
      vertex 13.606244584051392 6.393755415948608 0
      vertex 136.39375541594862 6.393755415948608 0
      vertex 136.7645942507654 6.057646687850042 0
    endloop
  endfacet
  facet normal 0 0 -1
    outer loop
      vertex 13.942353312149958 6.764594250765408 0
      vertex 136.05764668785005 6.764594250765408 0
      vertex 136.39375541594862 6.393755415948608 0
    endloop
  endfacet
  facet normal 0 0 -1
    outer loop
      vertex 14.24049502274298 7.1665918116000284 0
      vertex 135.75950497725702 7.1665918116000284 0
      vertex 136.05764668785005 6.764594250765408 0
    endloop
  endfacet
  facet normal 0 0 -1
    outer loop
      vertex 14.49779844817661 7.595876642187412 0
      vertex 135.5022015518234 7.595876642187412 0
      vertex 135.75950497725702 7.1665918116000284 0
    endloop
  endfacet
  facet normal 0 0 -1
    outer loop
      vertex 14.711785615807562 8.048314494938042 0
      vertex 135.28821438419243 8.048314494938042 0
      vertex 135.5022015518234 7.595876642187412 0
    endloop
  endfacet
  facet normal 0 0 -1
    outer loop
      vertex 14.880395712234264 8.519548146002242 0
      vertex 135.11960428776572 8.519548146002242 0
      vertex 135.28821438419243 8.048314494938042 0
    endloop
  endfacet
  facet normal 0 0 -1
    outer loop
      vertex 15.002004930056476 9.005039357717745 0
      vertex 134.99799506994353 9.005039357717745 0
      vertex 135.11960428776572 8.519548146002242 0
    endloop
  endfacet
  facet normal 0 0 -1
    outer loop
      vertex 15.002004930056476 9.005039357717745 0
      vertex 134.9245578939718 9.500112584319242 0
      vertex 134.99799506994353 9.005039357717745 0
    endloop
  endfacet
  facet normal 0 0 -1
    outer loop
      vertex 15.002004930056476 9.005039357717745 0
      vertex 134.9 10 0
      vertex 134.9245578939718 9.500112584319242 0
    endloop
  endfacet
  facet normal 0 0 -1
    outer loop
      vertex 15.002004930056476 9.005039357717745 0
      vertex 134.9245578939718 10.499887415680758 0
      vertex 134.9 10 0
    endloop
  endfacet
  facet normal 0 0 -1
    outer loop
      vertex 15.002004930056476 9.005039357717745 0
      vertex 134.99799506994353 10.994960642282255 0
      vertex 134.9245578939718 10.499887415680758 0
    endloop
  endfacet
  facet normal 0 -1 0
    outer loop
      vertex 0 0 0
      vertex 150 0 0
      vertex 143.84935475537782 0 31.3
    endloop
  endfacet
  facet normal 0 0 -1
    outer loop
      vertex 15.002004930056476 9.005039357717745 0
      vertex 136.05764668785005 76.76459425076541 0
      vertex 134.99799506994353 10.994960642282255 0
    endloop
  endfacet
  facet normal 0 0 -1
    outer loop
      vertex 150 0 0
      vertex 138.04831449493804 5.288214384192438 0
      vertex 138.51954814600225 5.1196042877657355 0
    endloop
  endfacet
  facet normal 0 0 -1
    outer loop
      vertex 150 0 0
      vertex 138.51954814600225 5.1196042877657355 0
      vertex 139.00503935771775 4.997995069943525 0
    endloop
  endfacet
  facet normal 0 0 -1
    outer loop
      vertex 150 0 0
      vertex 139.00503935771775 4.997995069943525 0
      vertex 139.50011258431925 4.924557893971796 0
    endloop
  endfacet
  facet normal 0 0 -1
    outer loop
      vertex 150 0 0
      vertex 139.50011258431925 4.924557893971796 0
      vertex 140 4.9 0
    endloop
  endfacet
  facet normal 0 0 -1
    outer loop
      vertex 150 0 0
      vertex 140 4.9 0
      vertex 140.49988741568075 4.924557893971796 0
    endloop
  endfacet
  facet normal 0 0 -1
    outer loop
      vertex 150 0 0
      vertex 140.49988741568075 4.924557893971796 0
      vertex 140.99496064228225 4.997995069943525 0
    endloop
  endfacet
  facet normal 0 0 -1
    outer loop
      vertex 150 0 0
      vertex 140.99496064228225 4.997995069943525 0
      vertex 141.48045185399775 5.1196042877657355 0
    endloop
  endfacet
  facet normal 0 0 -1
    outer loop
      vertex 150 0 0
      vertex 141.48045185399775 5.1196042877657355 0
      vertex 141.95168550506196 5.288214384192438 0
    endloop
  endfacet
  facet normal 0 0 -1
    outer loop
      vertex 150 0 0
      vertex 141.95168550506196 5.288214384192438 0
      vertex 142.40412335781258 5.50220155182339 0
    endloop
  endfacet
  facet normal 0 0 -1
    outer loop
      vertex 150 0 0
      vertex 142.40412335781258 5.50220155182339 0
      vertex 142.83340818839997 5.75950497725702 0
    endloop
  endfacet
  facet normal 0 0 -1
    outer loop
      vertex 150 0 0
      vertex 142.83340818839997 5.75950497725702 0
      vertex 143.2354057492346 6.057646687850042 0
    endloop
  endfacet
  facet normal 0 0 -1
    outer loop
      vertex 150 0 0
      vertex 143.2354057492346 6.057646687850042 0
      vertex 143.60624458405138 6.393755415948608 0
    endloop
  endfacet
  facet normal 0 0 -1
    outer loop
      vertex 150 0 0
      vertex 143.60624458405138 6.393755415948608 0
      vertex 143.94235331214995 6.764594250765408 0
    endloop
  endfacet
  facet normal 0 0 -1
    outer loop
      vertex 150 0 0
      vertex 143.94235331214995 6.764594250765408 0
      vertex 144.24049502274298 7.1665918116000284 0
    endloop
  endfacet
  facet normal 0 0 -1
    outer loop
      vertex 150 0 0
      vertex 144.24049502274298 7.1665918116000284 0
      vertex 144.4977984481766 7.595876642187412 0
    endloop
  endfacet
  facet normal 0 0 -1
    outer loop
      vertex 150 0 0
      vertex 144.4977984481766 7.595876642187412 0
      vertex 144.71178561580757 8.048314494938042 0
    endloop
  endfacet
  facet normal 0 0 -1
    outer loop
      vertex 150 0 0
      vertex 144.71178561580757 8.048314494938042 0
      vertex 144.88039571223428 8.519548146002242 0
    endloop
  endfacet
  facet normal 0 0 -1
    outer loop
      vertex 150 0 0
      vertex 144.88039571223428 8.519548146002242 0
      vertex 145.00200493005647 9.005039357717745 0
    endloop
  endfacet
  facet normal 0 0 -1
    outer loop
      vertex 150 0 0
      vertex 145.00200493005647 9.005039357717745 0
      vertex 145.0754421060282 9.500112584319242 0
    endloop
  endfacet
  facet normal 0 0 -1
    outer loop
      vertex 150 0 0
      vertex 145.0754421060282 9.500112584319242 0
      vertex 145.1 10 0
    endloop
  endfacet
  facet normal 1 0 0
    outer loop
      vertex 150 0 0
      vertex 150 38.4 21.1
      vertex 150 6.15064524462218 31.3
    endloop
  endfacet
  facet normal 0 0 -1
    outer loop
      vertex 134.99799506994353 10.994960642282255 0
      vertex 136.05764668785005 76.76459425076541 0
      vertex 135.11960428776572 11.480451853997758 0
    endloop
  endfacet
  facet normal 0 0 -1
    outer loop
      vertex 135.11960428776572 11.480451853997758 0
      vertex 136.05764668785005 76.76459425076541 0
      vertex 135.28821438419243 11.951685505061958 0
    endloop
  endfacet
  facet normal 0 0 -1
    outer loop
      vertex 135.28821438419243 11.951685505061958 0
      vertex 136.05764668785005 76.76459425076541 0
      vertex 135.5022015518234 12.404123357812587 0
    endloop
  endfacet
  facet normal 0 0 -1
    outer loop
      vertex 145.0754421060282 10.499887415680758 0
      vertex 143.94235331214995 76.76459425076541 0
      vertex 145.1 10 0
    endloop
  endfacet
  facet normal 0 0 -1
    outer loop
      vertex 145.00200493005647 10.994960642282255 0
      vertex 143.94235331214995 76.76459425076541 0
      vertex 145.0754421060282 10.499887415680758 0
    endloop
  endfacet
  facet normal 0 0 -1
    outer loop
      vertex 144.88039571223428 11.480451853997758 0
      vertex 143.94235331214995 76.76459425076541 0
      vertex 145.00200493005647 10.994960642282255 0
    endloop
  endfacet
  facet normal 0 0 -1
    outer loop
      vertex 144.4977984481766 12.404123357812587 0
      vertex 143.94235331214995 76.76459425076541 0
      vertex 144.71178561580757 11.951685505061958 0
    endloop
  endfacet
  facet normal 0 0 -1
    outer loop
      vertex 144.71178561580757 11.951685505061958 0
      vertex 143.94235331214995 76.76459425076541 0
      vertex 144.88039571223428 11.480451853997758 0
    endloop
  endfacet
  facet normal 0 0 -1
    outer loop
      vertex 150 0 0
      vertex 145.1 10 0
      vertex 143.94235331214995 76.76459425076541 0
    endloop
  endfacet
  facet normal 0 0 -1
    outer loop
      vertex 135.5022015518234 12.404123357812587 0
      vertex 136.05764668785005 76.76459425076541 0
      vertex 135.75950497725702 12.833408188399972 0
    endloop
  endfacet
  facet normal 0 0 -1
    outer loop
      vertex 135.75950497725702 12.833408188399972 0
      vertex 136.05764668785005 76.76459425076541 0
      vertex 136.05764668785005 13.235405749234591 0
    endloop
  endfacet
  facet normal 0 0 -1
    outer loop
      vertex 136.05764668785005 13.235405749234591 0
      vertex 136.39375541594862 76.3937554159486 0
      vertex 136.39375541594862 13.606244584051392 0
    endloop
  endfacet
  facet normal 0 0 -1
    outer loop
      vertex 136.7645942507654 13.942353312149958 0
      vertex 136.39375541594862 13.606244584051392 0
      vertex 136.7645942507654 76.05764668785004 0
    endloop
  endfacet
  facet normal 0 0 -1
    outer loop
      vertex 137.16659181160003 14.24049502274298 0
      vertex 136.7645942507654 13.942353312149958 0
      vertex 137.16659181160003 75.75950497725702 0
    endloop
  endfacet
  facet normal 0 0 -1
    outer loop
      vertex 137.16659181160003 14.24049502274298 0
      vertex 137.59587664218742 75.50220155182339 0
      vertex 137.59587664218742 14.49779844817661 0
    endloop
  endfacet
  facet normal 0 0 -1
    outer loop
      vertex 138.04831449493804 14.711785615807562 0
      vertex 137.59587664218742 14.49779844817661 0
      vertex 138.04831449493804 75.28821438419244 0
    endloop
  endfacet
  facet normal 0 0 -1
    outer loop
      vertex 138.51954814600225 14.880395712234264 0
      vertex 138.04831449493804 14.711785615807562 0
      vertex 138.51954814600225 75.11960428776574 0
    endloop
  endfacet
  facet normal 0 0 -1
    outer loop
      vertex 139.00503935771775 15.002004930056476 0
      vertex 138.51954814600225 14.880395712234264 0
      vertex 139.00503935771775 74.99799506994353 0
    endloop
  endfacet
  facet normal 0 0 -1
    outer loop
      vertex 139.50011258431925 15.075442106028204 0
      vertex 139.00503935771775 15.002004930056476 0
      vertex 139.50011258431925 74.9245578939718 0
    endloop
  endfacet
  facet normal 0 0 -1
    outer loop
      vertex 140 15.1 0
      vertex 139.50011258431925 15.075442106028204 0
      vertex 140 74.9 0
    endloop
  endfacet
  facet normal 0 0 -1
    outer loop
      vertex 140.49988741568075 15.075442106028204 0
      vertex 140 15.1 0
      vertex 140.49988741568075 74.9245578939718 0
    endloop
  endfacet
  facet normal 0 0 -1
    outer loop
      vertex 140.99496064228225 15.002004930056476 0
      vertex 140.49988741568075 15.075442106028204 0
      vertex 140.99496064228225 74.99799506994353 0
    endloop
  endfacet
  facet normal 0 0 -1
    outer loop
      vertex 141.48045185399775 14.880395712234264 0
      vertex 140.99496064228225 15.002004930056476 0
      vertex 141.48045185399775 75.11960428776574 0
    endloop
  endfacet
  facet normal 0 0 -1
    outer loop
      vertex 141.95168550506196 14.711785615807562 0
      vertex 141.48045185399775 14.880395712234264 0
      vertex 141.95168550506196 75.28821438419244 0
    endloop
  endfacet
  facet normal 0 0 -1
    outer loop
      vertex 142.40412335781258 14.49779844817661 0
      vertex 141.95168550506196 14.711785615807562 0
      vertex 142.40412335781258 75.50220155182339 0
    endloop
  endfacet
  facet normal 0 0 -1
    outer loop
      vertex 142.83340818839997 14.24049502274298 0
      vertex 142.40412335781258 14.49779844817661 0
      vertex 142.83340818839997 75.75950497725702 0
    endloop
  endfacet
  facet normal 0 0 -1
    outer loop
      vertex 143.94235331214995 13.235405749234591 0
      vertex 143.94235331214995 76.76459425076541 0
      vertex 144.24049502274298 12.833408188399972 0
    endloop
  endfacet
  facet normal 0 0 -1
    outer loop
      vertex 143.2354057492346 13.942353312149958 0
      vertex 142.83340818839997 14.24049502274298 0
      vertex 143.2354057492346 76.05764668785004 0
    endloop
  endfacet
  facet normal 0 0 -1
    outer loop
      vertex 143.60624458405138 13.606244584051392 0
      vertex 143.2354057492346 13.942353312149958 0
      vertex 143.60624458405138 76.3937554159486 0
    endloop
  endfacet
  facet normal 0 0 -1
    outer loop
      vertex 143.60624458405138 13.606244584051392 0
      vertex 143.94235331214995 76.76459425076541 0
      vertex 143.94235331214995 13.235405749234591 0
    endloop
  endfacet
  facet normal 0 0 -1
    outer loop
      vertex 144.24049502274298 12.833408188399972 0
      vertex 143.94235331214995 76.76459425076541 0
      vertex 144.4977984481766 12.404123357812587 0
    endloop
  endfacet
  facet normal 1 0 0
    outer loop
      vertex 150 0 0
      vertex 150 90 0
      vertex 150 38.4 12.9
    endloop
  endfacet
  facet normal 1 0 0
    outer loop
      vertex 150 0 0
      vertex 150 38.4 12.9
      vertex 150 38.4 21.1
    endloop
  endfacet
  facet normal 0 -1 0
    outer loop
      vertex 0 0 0
      vertex 143.84935475537782 0 31.3
      vertex 143.84935475537782 0 34.5
    endloop
  endfacet
  facet normal 0 -1 0
    outer loop
      vertex 0 0 35
      vertex 79.95064524462218 0 34.5
      vertex 150 0 35
    endloop
  endfacet
  facet normal 0 -1 0
    outer loop
      vertex 143.84935475537782 0 34.5
      vertex 79.95064524462218 0 34.5
      vertex 79.95064524462218 0 31.3
    endloop
  endfacet
  facet normal 0 0 1
    outer loop
      vertex 2.4 2.4 35
      vertex 150 0 35
      vertex 147.6 2.4 35
    endloop
  endfacet
  facet normal 0 -1 0
    outer loop
      vertex 150 0 0
      vertex 150 0 31.3
      vertex 143.84935475537782 0 31.3
    endloop
  endfacet
  facet normal 1 0 0
    outer loop
      vertex 150 0 0
      vertex 150 6.15064524462218 31.3
      vertex 150 0 31.3
    endloop
  endfacet
  facet normal 0 -1 0
    outer loop
      vertex 150 0 35
      vertex 79.95064524462218 0 34.5
      vertex 143.84935475537782 0 34.5
    endloop
  endfacet
  facet normal 0 -1 0
    outer loop
      vertex 150 0 35
      vertex 143.84935475537782 0 34.5
      vertex 150 0 34.5
    endloop
  endfacet
  facet normal 1 0 0
    outer loop
      vertex 150 0 35
      vertex 150 0 34.5
      vertex 150 6.15064524462218 34.5
    endloop
  endfacet
  facet normal 1 0 0
    outer loop
      vertex 150 6.15064524462218 31.3
      vertex 150 38.4 21.1
      vertex 150 6.15064524462218 34.5
    endloop
  endfacet
  facet normal 0 0 1
    outer loop
      vertex 147.6 2.4 35
      vertex 150 0 35
      vertex 147.6 87.60000000000001 35
    endloop
  endfacet
  facet normal 1 0 0
    outer loop
      vertex 150 0 35
      vertex 150 6.15064524462218 34.5
      vertex 150 90 35
    endloop
  endfacet
  facet normal 1 0 0
    outer loop
      vertex 150 6.15064524462218 34.5
      vertex 150 38.4 21.1
      vertex 150 83.84935475537782 34.5
    endloop
  endfacet
  facet normal 0 0 -1
    outer loop
      vertex 15.002004930056476 9.005039357717745 0
      vertex 135.5022015518234 77.5958766421874 0
      vertex 135.75950497725702 77.16659181160003 0
    endloop
  endfacet
  facet normal 0 0 -1
    outer loop
      vertex 15.002004930056476 9.005039357717745 0
      vertex 135.75950497725702 77.16659181160003 0
      vertex 136.05764668785005 76.76459425076541 0
    endloop
  endfacet
  facet normal 0 0 -1
    outer loop
      vertex 15.002004930056476 9.005039357717745 0
      vertex 135.11960428776572 78.51954814600224 0
      vertex 135.28821438419243 78.04831449493804 0
    endloop
  endfacet
  facet normal 0 0 -1
    outer loop
      vertex 15.002004930056476 9.005039357717745 0
      vertex 135.28821438419243 78.04831449493804 0
      vertex 135.5022015518234 77.5958766421874 0
    endloop
  endfacet
  facet normal 0 0 -1
    outer loop
      vertex 15.002004930056476 9.005039357717745 0
      vertex 134.99799506994353 79.00503935771775 0
      vertex 135.11960428776572 78.51954814600224 0
    endloop
  endfacet
  facet normal 0 0 -1
    outer loop
      vertex 15.002004930056476 9.005039357717745 0
      vertex 134.9245578939718 79.50011258431924 0
      vertex 134.99799506994353 79.00503935771775 0
    endloop
  endfacet
  facet normal 0 0 -1
    outer loop
      vertex 15.002004930056476 9.005039357717745 0
      vertex 134.9 80 0
      vertex 134.9245578939718 79.50011258431924 0
    endloop
  endfacet
  facet normal 0 0 -1
    outer loop
      vertex 15.002004930056476 9.005039357717745 0
      vertex 134.9245578939718 80.49988741568076 0
      vertex 134.9 80 0
    endloop
  endfacet
  facet normal 0 0 -1
    outer loop
      vertex 15.002004930056476 9.005039357717745 0
      vertex 134.99799506994353 80.99496064228225 0
      vertex 134.9245578939718 80.49988741568076 0
    endloop
  endfacet
  facet normal 0 0 -1
    outer loop
      vertex 11.480451853997758 14.880395712234264 0
      vertex 135.11960428776572 81.48045185399776 0
      vertex 134.99799506994353 80.99496064228225 0
    endloop
  endfacet
  facet normal 0 0 -1
    outer loop
      vertex 10.994960642282255 15.002004930056476 0
      vertex 135.28821438419243 81.95168550506196 0
      vertex 135.11960428776572 81.48045185399776 0
    endloop
  endfacet
  facet normal 0 0 -1
    outer loop
      vertex 10.499887415680758 15.075442106028204 0
      vertex 135.5022015518234 82.4041233578126 0
      vertex 135.28821438419243 81.95168550506196 0
    endloop
  endfacet
  facet normal 0 0 -1
    outer loop
      vertex 10 15.1 0
      vertex 135.75950497725702 82.83340818839997 0
      vertex 135.5022015518234 82.4041233578126 0
    endloop
  endfacet
  facet normal 0 0 -1
    outer loop
      vertex 0 90 0
      vertex 136.05764668785005 83.23540574923459 0
      vertex 135.75950497725702 82.83340818839997 0
    endloop
  endfacet
  facet normal 0 0 -1
    outer loop
      vertex 0 90 0
      vertex 136.39375541594862 83.6062445840514 0
      vertex 136.05764668785005 83.23540574923459 0
    endloop
  endfacet
  facet normal 0 0 -1
    outer loop
      vertex 0 90 0
      vertex 136.7645942507654 83.94235331214996 0
      vertex 136.39375541594862 83.6062445840514 0
    endloop
  endfacet
  facet normal 0 0 -1
    outer loop
      vertex 0 90 0
      vertex 137.16659181160003 84.24049502274298 0
      vertex 136.7645942507654 83.94235331214996 0
    endloop
  endfacet
  facet normal 0 0 -1
    outer loop
      vertex 0 90 0
      vertex 137.59587664218742 84.49779844817661 0
      vertex 137.16659181160003 84.24049502274298 0
    endloop
  endfacet
  facet normal 0 0 -1
    outer loop
      vertex 0 90 0
      vertex 138.04831449493804 84.71178561580756 0
      vertex 137.59587664218742 84.49779844817661 0
    endloop
  endfacet
  facet normal 0 0 -1
    outer loop
      vertex 0 90 0
      vertex 138.51954814600225 84.88039571223426 0
      vertex 138.04831449493804 84.71178561580756 0
    endloop
  endfacet
  facet normal 0 0 -1
    outer loop
      vertex 0 90 0
      vertex 139.00503935771775 85.00200493005647 0
      vertex 138.51954814600225 84.88039571223426 0
    endloop
  endfacet
  facet normal 0 0 -1
    outer loop
      vertex 0 90 0
      vertex 139.50011258431925 85.0754421060282 0
      vertex 139.00503935771775 85.00200493005647 0
    endloop
  endfacet
  facet normal 0 0 -1
    outer loop
      vertex 0 90 0
      vertex 140 85.1 0
      vertex 139.50011258431925 85.0754421060282 0
    endloop
  endfacet
  facet normal 0 0 -1
    outer loop
      vertex 0 90 0
      vertex 150 90 0
      vertex 140 85.1 0
    endloop
  endfacet
  facet normal 0 0 -1
    outer loop
      vertex 136.05764668785005 13.235405749234591 0
      vertex 136.05764668785005 76.76459425076541 0
      vertex 136.39375541594862 76.3937554159486 0
    endloop
  endfacet
  facet normal 0 0 -1
    outer loop
      vertex 136.39375541594862 13.606244584051392 0
      vertex 136.39375541594862 76.3937554159486 0
      vertex 136.7645942507654 76.05764668785004 0
    endloop
  endfacet
  facet normal 0 0 -1
    outer loop
      vertex 136.7645942507654 13.942353312149958 0
      vertex 136.7645942507654 76.05764668785004 0
      vertex 137.16659181160003 75.75950497725702 0
    endloop
  endfacet
  facet normal 0 0 -1
    outer loop
      vertex 137.16659181160003 14.24049502274298 0
      vertex 137.16659181160003 75.75950497725702 0
      vertex 137.59587664218742 75.50220155182339 0
    endloop
  endfacet
  facet normal 0 0 -1
    outer loop
      vertex 137.59587664218742 14.49779844817661 0
      vertex 137.59587664218742 75.50220155182339 0
      vertex 138.04831449493804 75.28821438419244 0
    endloop
  endfacet
  facet normal 0 0 -1
    outer loop
      vertex 138.04831449493804 14.711785615807562 0
      vertex 138.04831449493804 75.28821438419244 0
      vertex 138.51954814600225 75.11960428776574 0
    endloop
  endfacet
  facet normal 0 0 -1
    outer loop
      vertex 138.51954814600225 14.880395712234264 0
      vertex 138.51954814600225 75.11960428776574 0
      vertex 139.00503935771775 74.99799506994353 0
    endloop
  endfacet
  facet normal 0 0 -1
    outer loop
      vertex 139.00503935771775 15.002004930056476 0
      vertex 139.00503935771775 74.99799506994353 0
      vertex 139.50011258431925 74.9245578939718 0
    endloop
  endfacet
  facet normal 0 0 -1
    outer loop
      vertex 139.50011258431925 15.075442106028204 0
      vertex 139.50011258431925 74.9245578939718 0
      vertex 140 74.9 0
    endloop
  endfacet
  facet normal 0 0 -1
    outer loop
      vertex 140 15.1 0
      vertex 140 74.9 0
      vertex 140.49988741568075 74.9245578939718 0
    endloop
  endfacet
  facet normal 0 0 -1
    outer loop
      vertex 140.49988741568075 15.075442106028204 0
      vertex 140.49988741568075 74.9245578939718 0
      vertex 140.99496064228225 74.99799506994353 0
    endloop
  endfacet
  facet normal 0 0 -1
    outer loop
      vertex 140.99496064228225 15.002004930056476 0
      vertex 140.99496064228225 74.99799506994353 0
      vertex 141.48045185399775 75.11960428776574 0
    endloop
  endfacet
  facet normal 0 0 -1
    outer loop
      vertex 141.48045185399775 14.880395712234264 0
      vertex 141.48045185399775 75.11960428776574 0
      vertex 141.95168550506196 75.28821438419244 0
    endloop
  endfacet
  facet normal 0 0 -1
    outer loop
      vertex 141.95168550506196 14.711785615807562 0
      vertex 141.95168550506196 75.28821438419244 0
      vertex 142.40412335781258 75.50220155182339 0
    endloop
  endfacet
  facet normal 0 0 -1
    outer loop
      vertex 142.40412335781258 14.49779844817661 0
      vertex 142.40412335781258 75.50220155182339 0
      vertex 142.83340818839997 75.75950497725702 0
    endloop
  endfacet
  facet normal 0 0 -1
    outer loop
      vertex 142.83340818839997 14.24049502274298 0
      vertex 142.83340818839997 75.75950497725702 0
      vertex 143.2354057492346 76.05764668785004 0
    endloop
  endfacet
  facet normal 0 0 -1
    outer loop
      vertex 143.2354057492346 13.942353312149958 0
      vertex 143.2354057492346 76.05764668785004 0
      vertex 143.60624458405138 76.3937554159486 0
    endloop
  endfacet
  facet normal 0 0 -1
    outer loop
      vertex 143.60624458405138 13.606244584051392 0
      vertex 143.60624458405138 76.3937554159486 0
      vertex 143.94235331214995 76.76459425076541 0
    endloop
  endfacet
  facet normal 0 0 -1
    outer loop
      vertex 150 0 0
      vertex 143.94235331214995 76.76459425076541 0
      vertex 144.24049502274298 77.16659181160003 0
    endloop
  endfacet
  facet normal 0 0 -1
    outer loop
      vertex 150 0 0
      vertex 144.24049502274298 77.16659181160003 0
      vertex 144.4977984481766 77.5958766421874 0
    endloop
  endfacet
  facet normal 0 0 -1
    outer loop
      vertex 150 0 0
      vertex 144.4977984481766 77.5958766421874 0
      vertex 144.71178561580757 78.04831449493804 0
    endloop
  endfacet
  facet normal 0 0 -1
    outer loop
      vertex 150 0 0
      vertex 144.71178561580757 78.04831449493804 0
      vertex 144.88039571223428 78.51954814600224 0
    endloop
  endfacet
  facet normal 0 0 -1
    outer loop
      vertex 150 0 0
      vertex 144.88039571223428 78.51954814600224 0
      vertex 145.00200493005647 79.00503935771775 0
    endloop
  endfacet
  facet normal 0 0 -1
    outer loop
      vertex 150 0 0
      vertex 145.00200493005647 79.00503935771775 0
      vertex 145.0754421060282 79.50011258431924 0
    endloop
  endfacet
  facet normal 0 0 -1
    outer loop
      vertex 150 0 0
      vertex 145.0754421060282 79.50011258431924 0
      vertex 145.1 80 0
    endloop
  endfacet
  facet normal 0 0 -1
    outer loop
      vertex 150 0 0
      vertex 145.1 80 0
      vertex 145.0754421060282 80.49988741568076 0
    endloop
  endfacet
  facet normal 0 0 -1
    outer loop
      vertex 150 0 0
      vertex 145.0754421060282 80.49988741568076 0
      vertex 150 90 0
    endloop
  endfacet
  facet normal 1 0 0
    outer loop
      vertex 150 90 0
      vertex 150 51.599999999999994 12.9
      vertex 150 38.4 12.9
    endloop
  endfacet
  facet normal 0 0 -1
    outer loop
      vertex 150 90 0
      vertex 145.0754421060282 80.49988741568076 0
      vertex 145.00200493005647 80.99496064228225 0
    endloop
  endfacet
  facet normal 0 0 -1
    outer loop
      vertex 150 90 0
      vertex 145.00200493005647 80.99496064228225 0
      vertex 144.88039571223428 81.48045185399776 0
    endloop
  endfacet
  facet normal 0 0 -1
    outer loop
      vertex 150 90 0
      vertex 140.49988741568075 85.0754421060282 0
      vertex 140 85.1 0
    endloop
  endfacet
  facet normal 0 0 -1
    outer loop
      vertex 150 90 0
      vertex 140.99496064228225 85.00200493005647 0
      vertex 140.49988741568075 85.0754421060282 0
    endloop
  endfacet
  facet normal 0 0 -1
    outer loop
      vertex 150 90 0
      vertex 142.40412335781258 84.49779844817661 0
      vertex 141.95168550506196 84.71178561580756 0
    endloop
  endfacet
  facet normal 0 0 -1
    outer loop
      vertex 150 90 0
      vertex 142.83340818839997 84.24049502274298 0
      vertex 142.40412335781258 84.49779844817661 0
    endloop
  endfacet
  facet normal 0 0 -1
    outer loop
      vertex 150 90 0
      vertex 141.48045185399775 84.88039571223426 0
      vertex 140.99496064228225 85.00200493005647 0
    endloop
  endfacet
  facet normal 0 0 -1
    outer loop
      vertex 150 90 0
      vertex 141.95168550506196 84.71178561580756 0
      vertex 141.48045185399775 84.88039571223426 0
    endloop
  endfacet
  facet normal 0 0 -1
    outer loop
      vertex 150 90 0
      vertex 144.71178561580757 81.95168550506196 0
      vertex 144.4977984481766 82.4041233578126 0
    endloop
  endfacet
  facet normal 0 0 -1
    outer loop
      vertex 150 90 0
      vertex 143.94235331214995 83.23540574923459 0
      vertex 143.60624458405138 83.6062445840514 0
    endloop
  endfacet
  facet normal 0 0 -1
    outer loop
      vertex 150 90 0
      vertex 144.24049502274298 82.83340818839997 0
      vertex 143.94235331214995 83.23540574923459 0
    endloop
  endfacet
  facet normal 0 0 -1
    outer loop
      vertex 150 90 0
      vertex 144.4977984481766 82.4041233578126 0
      vertex 144.24049502274298 82.83340818839997 0
    endloop
  endfacet
  facet normal 0 0 -1
    outer loop
      vertex 150 90 0
      vertex 144.88039571223428 81.48045185399776 0
      vertex 144.71178561580757 81.95168550506196 0
    endloop
  endfacet
  facet normal 0 0 -1
    outer loop
      vertex 150 90 0
      vertex 143.2354057492346 83.94235331214996 0
      vertex 142.83340818839997 84.24049502274298 0
    endloop
  endfacet
  facet normal 0 0 -1
    outer loop
      vertex 150 90 0
      vertex 143.60624458405138 83.6062445840514 0
      vertex 143.2354057492346 83.94235331214996 0
    endloop
  endfacet
  facet normal 1 0 0
    outer loop
      vertex 150 90 0
      vertex 150 83.84935475537782 31.3
      vertex 150 51.599999999999994 12.9
    endloop
  endfacet
  facet normal 0 1 0
    outer loop
      vertex 150 90 0
      vertex 6.150645244622178 90 34.5
      vertex 70.04935475537782 90 31.3
    endloop
  endfacet
  facet normal 0 1 0
    outer loop
      vertex 150 90 0
      vertex 70.04935475537782 90 31.3
      vertex 79.95064524462218 90 31.3
    endloop
  endfacet
  facet normal 0 1 0
    outer loop
      vertex 0 90 35
      vertex 150 90 35
      vertex 79.95064524462218 90 34.5
    endloop
  endfacet
  facet normal 0 0 1
    outer loop
      vertex 0 90 35
      vertex 147.6 87.60000000000001 35
      vertex 150 90 35
    endloop
  endfacet
  facet normal 0 1 0
    outer loop
      vertex 150 90 35
      vertex 79.95064524462218 90 31.3
      vertex 79.95064524462218 90 34.5
    endloop
  endfacet
  facet normal 1 0 0
    outer loop
      vertex 150 51.599999999999994 12.9
      vertex 150 83.84935475537782 31.3
      vertex 150 51.599999999999994 21.1
    endloop
  endfacet
  facet normal 1 0 0
    outer loop
      vertex 150 51.599999999999994 21.1
      vertex 150 83.84935475537782 34.5
      vertex 150 38.4 21.1
    endloop
  endfacet
  facet normal 0 0 1
    outer loop
      vertex 150 0 35
      vertex 150 90 35
      vertex 147.6 87.60000000000001 35
    endloop
  endfacet
  facet normal 1 0 0
    outer loop
      vertex 150 90 35
      vertex 150 6.15064524462218 34.5
      vertex 150 83.84935475537782 34.5
    endloop
  endfacet
  facet normal 0 1 0
    outer loop
      vertex 150 90 0
      vertex 79.95064524462218 90 31.3
      vertex 143.84935475537782 90 31.3
    endloop
  endfacet
  facet normal 1 0 0
    outer loop
      vertex 150 90 0
      vertex 150 90 31.3
      vertex 150 83.84935475537782 31.3
    endloop
  endfacet
  facet normal 0 1 0
    outer loop
      vertex 150 90 0
      vertex 143.84935475537782 90 31.3
      vertex 150 90 31.3
    endloop
  endfacet
  facet normal 0 1 0
    outer loop
      vertex 79.95064524462218 90 31.3
      vertex 143.84935475537782 90 34.5
      vertex 143.84935475537782 90 31.3
    endloop
  endfacet
  facet normal 0 1 0
    outer loop
      vertex 150 90 35
      vertex 143.84935475537782 90 34.5
      vertex 79.95064524462218 90 31.3
    endloop
  endfacet
  facet normal 1 0 0
    outer loop
      vertex 150 51.599999999999994 21.1
      vertex 150 83.84935475537782 31.3
      vertex 150 83.84935475537782 34.5
    endloop
  endfacet
  facet normal 1 0 0
    outer loop
      vertex 150 90 35
      vertex 150 83.84935475537782 34.5
      vertex 150 90 34.5
    endloop
  endfacet
  facet normal 0 1 0
    outer loop
      vertex 150 90 35
      vertex 150 90 34.5
      vertex 143.84935475537782 90 34.5
    endloop
  endfacet
  facet normal 0 0 1
    outer loop
      vertex 2.4 2.4 2
      vertex 9.005039357717745 4.997995069943525 2
      vertex 8.519548146002242 5.1196042877657355 2
    endloop
  endfacet
  facet normal 0 0 1
    outer loop
      vertex 2.4 2.4 2
      vertex 9.500112584319242 4.924557893971796 2
      vertex 9.005039357717745 4.997995069943525 2
    endloop
  endfacet
  facet normal 0 0 1
    outer loop
      vertex 2.4 2.4 2
      vertex 7.595876642187412 5.50220155182339 2
      vertex 7.1665918116000284 5.75950497725702 2
    endloop
  endfacet
  facet normal 0 0 1
    outer loop
      vertex 2.4 2.4 2
      vertex 7.1665918116000284 5.75950497725702 2
      vertex 6.764594250765408 6.057646687850042 2
    endloop
  endfacet
  facet normal 0 0 1
    outer loop
      vertex 2.4 2.4 2
      vertex 6.393755415948608 6.393755415948608 2
      vertex 6.057646687850042 6.764594250765408 2
    endloop
  endfacet
  facet normal 0 0 1
    outer loop
      vertex 2.4 2.4 2
      vertex 6.764594250765408 6.057646687850042 2
      vertex 6.393755415948608 6.393755415948608 2
    endloop
  endfacet
  facet normal 0 0 1
    outer loop
      vertex 2.4 2.4 2
      vertex 6.057646687850042 6.764594250765408 2
      vertex 5.75950497725702 7.1665918116000284 2
    endloop
  endfacet
  facet normal 0 0 1
    outer loop
      vertex 2.4 2.4 2
      vertex 8.048314494938042 5.288214384192438 2
      vertex 7.595876642187412 5.50220155182339 2
    endloop
  endfacet
  facet normal 0 0 1
    outer loop
      vertex 2.4 2.4 2
      vertex 8.519548146002242 5.1196042877657355 2
      vertex 8.048314494938042 5.288214384192438 2
    endloop
  endfacet
  facet normal 0 0 1
    outer loop
      vertex 2.4 2.4 2
      vertex 10 4.9 2
      vertex 9.500112584319242 4.924557893971796 2
    endloop
  endfacet
  facet normal 0 0 1
    outer loop
      vertex 2.4 2.4 2
      vertex 10.499887415680758 4.924557893971796 2
      vertex 10 4.9 2
    endloop
  endfacet
  facet normal 0 0 1
    outer loop
      vertex 2.4 2.4 2
      vertex 10.994960642282255 4.997995069943525 2
      vertex 10.499887415680758 4.924557893971796 2
    endloop
  endfacet
  facet normal 0 0 1
    outer loop
      vertex 2.4 2.4 2
      vertex 11.480451853997758 5.1196042877657355 2
      vertex 10.994960642282255 4.997995069943525 2
    endloop
  endfacet
  facet normal 0 0 1
    outer loop
      vertex 2.4 2.4 2
      vertex 5.75950497725702 7.1665918116000284 2
      vertex 5.50220155182339 7.595876642187412 2
    endloop
  endfacet
  facet normal 0 0 1
    outer loop
      vertex 2.4 2.4 2
      vertex 5.288214384192438 8.048314494938042 2
      vertex 5.1196042877657355 8.519548146002242 2
    endloop
  endfacet
  facet normal 0 0 1
    outer loop
      vertex 2.4 2.4 2
      vertex 5.50220155182339 7.595876642187412 2
      vertex 5.288214384192438 8.048314494938042 2
    endloop
  endfacet
  facet normal 0 0 1
    outer loop
      vertex 2.4 2.4 2
      vertex 5.1196042877657355 8.519548146002242 2
      vertex 4.997995069943525 9.005039357717745 2
    endloop
  endfacet
  facet normal 0 0 1
    outer loop
      vertex 2.4 2.4 2
      vertex 4.997995069943525 9.005039357717745 2
      vertex 4.924557893971796 9.500112584319242 2
    endloop
  endfacet
  facet normal 0 0 1
    outer loop
      vertex 2.4 2.4 2
      vertex 4.924557893971796 9.500112584319242 2
      vertex 4.9 10 2
    endloop
  endfacet
  facet normal 0 0 1
    outer loop
      vertex 2.4 2.4 2
      vertex 4.9 10 2
      vertex 4.516116523516816 40.116116523516816 2
    endloop
  endfacet
  facet normal 0 0 1
    outer loop
      vertex 4.516116523516816 40.116116523516816 2
      vertex 4.9 10 2
      vertex 4.924557893971796 10.499887415680758 2
    endloop
  endfacet
  facet normal 0 0 1
    outer loop
      vertex 4.516116523516816 40.116116523516816 2
      vertex 4.924557893971796 10.499887415680758 2
      vertex 4.997995069943525 10.994960642282255 2
    endloop
  endfacet
  facet normal 0 0 1
    outer loop
      vertex 4.516116523516816 40.116116523516816 2
      vertex 4.997995069943525 10.994960642282255 2
      vertex 5.1196042877657355 11.480451853997758 2
    endloop
  endfacet
  facet normal 0 0 1
    outer loop
      vertex 4.516116523516816 40.116116523516816 2
      vertex 5.1196042877657355 11.480451853997758 2
      vertex 5.288214384192438 11.951685505061958 2
    endloop
  endfacet
  facet normal 0 0 1
    outer loop
      vertex 4.516116523516816 40.116116523516816 2
      vertex 5.288214384192438 11.951685505061958 2
      vertex 5.50220155182339 12.404123357812587 2
    endloop
  endfacet
  facet normal 0 0 1
    outer loop
      vertex 4.516116523516816 40.116116523516816 2
      vertex 5.50220155182339 12.404123357812587 2
      vertex 5.75950497725702 12.833408188399972 2
    endloop
  endfacet
  facet normal 0 0 1
    outer loop
      vertex 4.516116523516816 40.116116523516816 2
      vertex 5.75950497725702 12.833408188399972 2
      vertex 6.057646687850042 13.235405749234591 2
    endloop
  endfacet
  facet normal 0 0 1
    outer loop
      vertex 4.516116523516816 40.116116523516816 2
      vertex 6.057646687850042 13.235405749234591 2
      vertex 6.393755415948608 13.606244584051392 2
    endloop
  endfacet
  facet normal 0 0 1
    outer loop
      vertex 23.11867965644036 18.418679656440357 2
      vertex 14.711785615807562 11.951685505061958 2
      vertex 14.880395712234264 11.480451853997758 2
    endloop
  endfacet
  facet normal 0 0 1
    outer loop
      vertex 24.654729033951618 17.59764415879031 2
      vertex 15.002004930056476 10.994960642282255 2
      vertex 15.075442106028204 10.499887415680758 2
    endloop
  endfacet
  facet normal 0 0 1
    outer loop
      vertex 23.573289300941195 18.045591163092364 2
      vertex 14.880395712234264 11.480451853997758 2
      vertex 15.002004930056476 10.994960642282255 2
    endloop
  endfacet
  facet normal 0 0 1
    outer loop
      vertex 22.745591163092367 18.87328930094119 2
      vertex 14.49779844817661 12.404123357812587 2
      vertex 14.711785615807562 11.951685505061958 2
    endloop
  endfacet
  facet normal 0 0 1
    outer loop
      vertex 22.745591163092367 18.87328930094119 2
      vertex 14.24049502274298 12.833408188399972 2
      vertex 14.49779844817661 12.404123357812587 2
    endloop
  endfacet
  facet normal 0 0 1
    outer loop
      vertex 22.745591163092367 18.87328930094119 2
      vertex 13.942353312149958 13.235405749234591 2
      vertex 14.24049502274298 12.833408188399972 2
    endloop
  endfacet
  facet normal 0 0 1
    outer loop
      vertex 22.745591163092367 18.87328930094119 2
      vertex 13.606244584051392 13.606244584051392 2
      vertex 13.942353312149958 13.235405749234591 2
    endloop
  endfacet
  facet normal 0 0 1
    outer loop
      vertex 2.4 2.4 2
      vertex 73.72096863991179 23.716820147509065 2
      vertex 11.480451853997758 5.1196042877657355 2
    endloop
  endfacet
  facet normal 0 0 1
    outer loop
      vertex 26.90671069905881 18.045591163092364 2
      vertex 15.1 10 2
      vertex 15.075442106028204 9.500112584319242 2
    endloop
  endfacet
  facet normal 0 0 1
    outer loop
      vertex 26.388050297095273 17.76836140246614 2
      vertex 15.075442106028204 10.499887415680758 2
      vertex 15.1 10 2
    endloop
  endfacet
  facet normal 0 0 1
    outer loop
      vertex 23.336820147509066 18.22096863991179 2
      vertex 23.11867965644036 18.418679656440357 2
      vertex 14.880395712234264 11.480451853997758 2
    endloop
  endfacet
  facet normal 0 0 1
    outer loop
      vertex 23.82580978952201 17.894236206954933 2
      vertex 23.573289300941195 18.045591163092364 2
      vertex 15.002004930056476 10.994960642282255 2
    endloop
  endfacet
  facet normal 0 0 1
    outer loop
      vertex 23.82580978952201 17.894236206954933 2
      vertex 15.002004930056476 10.994960642282255 2
      vertex 24.09194970290473 17.76836140246614 2
    endloop
  endfacet
  facet normal 0 0 1
    outer loop
      vertex 23.336820147509066 18.22096863991179 2
      vertex 14.880395712234264 11.480451853997758 2
      vertex 23.573289300941195 18.045591163092364 2
    endloop
  endfacet
  facet normal 0 0 1
    outer loop
      vertex 22.745591163092367 18.87328930094119 2
      vertex 14.711785615807562 11.951685505061958 2
      vertex 22.92096863991179 18.636820147509063 2
    endloop
  endfacet
  facet normal 0 0 1
    outer loop
      vertex 23.11867965644036 18.418679656440357 2
      vertex 22.92096863991179 18.636820147509063 2
      vertex 14.711785615807562 11.951685505061958 2
    endloop
  endfacet
  facet normal 0 0 1
    outer loop
      vertex 24.369145968236616 17.669178992803374 2
      vertex 15.002004930056476 10.994960642282255 2
      vertex 24.654729033951618 17.59764415879031 2
    endloop
  endfacet
  facet normal 0 0 1
    outer loop
      vertex 24.94594857901132 17.554445819983407 2
      vertex 24.654729033951618 17.59764415879031 2
      vertex 15.075442106028204 10.499887415680758 2
    endloop
  endfacet
  facet normal 0 0 1
    outer loop
      vertex 24.94594857901132 17.554445819983407 2
      vertex 15.075442106028204 10.499887415680758 2
      vertex 25.240000000000002 17.54 2
    endloop
  endfacet
  facet normal 0 0 1
    outer loop
      vertex 25.240000000000002 17.54 2
      vertex 15.075442106028204 10.499887415680758 2
      vertex 25.534051420988686 17.554445819983407 2
    endloop
  endfacet
  facet normal 0 0 1
    outer loop
      vertex 25.534051420988686 17.554445819983407 2
      vertex 15.075442106028204 10.499887415680758 2
      vertex 25.825270966048386 17.59764415879031 2
    endloop
  endfacet
  facet normal 0 0 1
    outer loop
      vertex 25.825270966048386 17.59764415879031 2
      vertex 15.075442106028204 10.499887415680758 2
      vertex 26.110854031763388 17.669178992803374 2
    endloop
  endfacet
  facet normal 0 0 1
    outer loop
      vertex 26.110854031763388 17.669178992803374 2
      vertex 15.075442106028204 10.499887415680758 2
      vertex 26.388050297095273 17.76836140246614 2
    endloop
  endfacet
  facet normal 0 0 1
    outer loop
      vertex 26.388050297095273 17.76836140246614 2
      vertex 15.1 10 2
      vertex 26.654190210477996 17.894236206954933 2
    endloop
  endfacet
  facet normal 0 0 1
    outer loop
      vertex 26.654190210477996 17.894236206954933 2
      vertex 15.1 10 2
      vertex 26.90671069905881 18.045591163092364 2
    endloop
  endfacet
  facet normal 0 0 1
    outer loop
      vertex 24.09194970290473 17.76836140246614 2
      vertex 15.002004930056476 10.994960642282255 2
      vertex 24.369145968236616 17.669178992803374 2
    endloop
  endfacet
  facet normal 0 0 1
    outer loop
      vertex 24.877144153431924 19.34382458033474 2
      vertex 24.20066298462182 19.845537208725496 2
      vertex 24.27373693329658 19.747008394795444 2
    endloop
  endfacet
  facet normal 0 0 1
    outer loop
      vertex 24.447008394795446 19.573736933296576 2
      vertex 24.877144153431924 19.34382458033474 2
      vertex 24.356116523516818 19.656116523516815 2
    endloop
  endfacet
  facet normal 0 0 1
    outer loop
      vertex 24.356116523516818 19.656116523516815 2
      vertex 24.877144153431924 19.34382458033474 2
      vertex 24.27373693329658 19.747008394795444 2
    endloop
  endfacet
  facet normal 0 0 1
    outer loop
      vertex 24.5455372087255 19.50066298462182 2
      vertex 24.650754078967505 19.437598419564555 2
      vertex 24.877144153431924 19.34382458033474 2
    endloop
  endfacet
  facet normal 0 0 1
    outer loop
      vertex 24.5455372087255 19.50066298462182 2
      vertex 24.877144153431924 19.34382458033474 2
      vertex 24.447008394795446 19.573736933296576 2
    endloop
  endfacet
  facet normal 0 0 1
    outer loop
      vertex 24.650754078967505 19.437598419564555 2
      vertex 24.76164570954364 19.38515058436089 2
      vertex 24.877144153431924 19.34382458033474 2
    endloop
  endfacet
  facet normal 0 0 1
    outer loop
      vertex 24.877144153431924 19.34382458033474 2
      vertex 24.014018399495964 20.29613709747984 2
      vertex 24.043824580334743 20.17714415343192 2
    endloop
  endfacet
  facet normal 0 0 1
    outer loop
      vertex 24.877144153431924 19.34382458033474 2
      vertex 23.996019091659754 20.41747857458805 2
      vertex 24.014018399495964 20.29613709747984 2
    endloop
  endfacet
  facet normal 0 0 1
    outer loop
      vertex 24.877144153431924 19.34382458033474 2
      vertex 24.137598419564558 19.950754078967503 2
      vertex 24.20066298462182 19.845537208725496 2
    endloop
  endfacet
  facet normal 0 0 1
    outer loop
      vertex 24.877144153431924 19.34382458033474 2
      vertex 24.085150584360893 20.061645709543637 2
      vertex 24.137598419564558 19.950754078967503 2
    endloop
  endfacet
  facet normal 0 0 1
    outer loop
      vertex 24.877144153431924 19.34382458033474 2
      vertex 24.043824580334743 20.17714415343192 2
      vertex 24.085150584360893 20.061645709543637 2
    endloop
  endfacet
  facet normal 0 0 1
    outer loop
      vertex 24.877144153431924 19.34382458033474 2
      vertex 23.990000000000002 20.54 2
      vertex 23.996019091659754 20.41747857458805 2
    endloop
  endfacet
  facet normal 0 0 1
    outer loop
      vertex 24.877144153431924 19.34382458033474 2
      vertex 23.996019091659754 20.66252142541195 2
      vertex 23.990000000000002 20.54 2
    endloop
  endfacet
  facet normal 0 0 1
    outer loop
      vertex 24.877144153431924 19.34382458033474 2
      vertex 24.014018399495964 20.78386290252016 2
      vertex 23.996019091659754 20.66252142541195 2
    endloop
  endfacet
  facet normal 0 0 1
    outer loop
      vertex 24.877144153431924 19.34382458033474 2
      vertex 24.043824580334743 20.902855846568077 2
      vertex 24.014018399495964 20.78386290252016 2
    endloop
  endfacet
  facet normal 0 0 1
    outer loop
      vertex 25.60285584656808 19.34382458033474 2
      vertex 24.085150584360893 21.01835429045636 2
      vertex 24.043824580334743 20.902855846568077 2
    endloop
  endfacet
  facet normal 0 0 1
    outer loop
      vertex 25.60285584656808 19.34382458033474 2
      vertex 24.137598419564558 21.129245921032496 2
      vertex 24.085150584360893 21.01835429045636 2
    endloop
  endfacet
  facet normal 0 0 1
    outer loop
      vertex 24.996137097479842 19.31401839949596 2
      vertex 24.043824580334743 20.902855846568077 2
      vertex 24.877144153431924 19.34382458033474 2
    endloop
  endfacet
  facet normal 0 0 1
    outer loop
      vertex 24.996137097479842 19.31401839949596 2
      vertex 25.117478574588052 19.29601909165975 2
      vertex 24.043824580334743 20.902855846568077 2
    endloop
  endfacet
  facet normal 0 0 1
    outer loop
      vertex 25.117478574588052 19.29601909165975 2
      vertex 25.240000000000002 19.29 2
      vertex 24.043824580334743 20.902855846568077 2
    endloop
  endfacet
  facet normal 0 0 1
    outer loop
      vertex 25.240000000000002 19.29 2
      vertex 25.362521425411952 19.29601909165975 2
      vertex 24.043824580334743 20.902855846568077 2
    endloop
  endfacet
  facet normal 0 0 1
    outer loop
      vertex 25.362521425411952 19.29601909165975 2
      vertex 25.483862902520162 19.31401839949596 2
      vertex 24.043824580334743 20.902855846568077 2
    endloop
  endfacet
  facet normal 0 0 1
    outer loop
      vertex 25.483862902520162 19.31401839949596 2
      vertex 25.60285584656808 19.34382458033474 2
      vertex 24.043824580334743 20.902855846568077 2
    endloop
  endfacet
  facet normal 0 0 1
    outer loop
      vertex 25.60285584656808 19.34382458033474 2
      vertex 25.718354290456364 19.38515058436089 2
      vertex 24.877144153431924 21.73617541966526 2
    endloop
  endfacet
  facet normal 0 0 1
    outer loop
      vertex 25.718354290456364 19.38515058436089 2
      vertex 25.8292459210325 19.437598419564555 2
      vertex 24.877144153431924 21.73617541966526 2
    endloop
  endfacet
  facet normal 0 0 1
    outer loop
      vertex 25.8292459210325 19.437598419564555 2
      vertex 25.934462791274505 19.50066298462182 2
      vertex 24.877144153431924 21.73617541966526 2
    endloop
  endfacet
  facet normal 0 0 1
    outer loop
      vertex 25.934462791274505 19.50066298462182 2
      vertex 26.032991605204558 19.573736933296576 2
      vertex 24.996137097479842 21.765981600504038 2
    endloop
  endfacet
  facet normal 0 0 1
    outer loop
      vertex 26.032991605204558 19.573736933296576 2
      vertex 26.123883476483186 19.656116523516815 2
      vertex 25.117478574588052 21.783980908340247 2
    endloop
  endfacet
  facet normal 0 0 1
    outer loop
      vertex 25.60285584656808 19.34382458033474 2
      vertex 24.20066298462182 21.234462791274503 2
      vertex 24.137598419564558 21.129245921032496 2
    endloop
  endfacet
  facet normal 0 0 1
    outer loop
      vertex 25.60285584656808 19.34382458033474 2
      vertex 24.27373693329658 21.332991605204555 2
      vertex 24.20066298462182 21.234462791274503 2
    endloop
  endfacet
  facet normal 0 0 1
    outer loop
      vertex 25.60285584656808 19.34382458033474 2
      vertex 24.356116523516818 21.423883476483184 2
      vertex 24.27373693329658 21.332991605204555 2
    endloop
  endfacet
  facet normal 0 0 1
    outer loop
      vertex 25.60285584656808 19.34382458033474 2
      vertex 24.447008394795446 21.506263066703422 2
      vertex 24.356116523516818 21.423883476483184 2
    endloop
  endfacet
  facet normal 0 0 1
    outer loop
      vertex 25.60285584656808 19.34382458033474 2
      vertex 24.5455372087255 21.57933701537818 2
      vertex 24.447008394795446 21.506263066703422 2
    endloop
  endfacet
  facet normal 0 0 1
    outer loop
      vertex 25.60285584656808 19.34382458033474 2
      vertex 24.650754078967505 21.642401580435443 2
      vertex 24.5455372087255 21.57933701537818 2
    endloop
  endfacet
  facet normal 0 0 1
    outer loop
      vertex 25.60285584656808 19.34382458033474 2
      vertex 24.76164570954364 21.69484941563911 2
      vertex 24.650754078967505 21.642401580435443 2
    endloop
  endfacet
  facet normal 0 0 1
    outer loop
      vertex 25.60285584656808 19.34382458033474 2
      vertex 24.877144153431924 21.73617541966526 2
      vertex 24.76164570954364 21.69484941563911 2
    endloop
  endfacet
  facet normal 0 0 1
    outer loop
      vertex 25.934462791274505 19.50066298462182 2
      vertex 24.996137097479842 21.765981600504038 2
      vertex 24.877144153431924 21.73617541966526 2
    endloop
  endfacet
  facet normal 0 0 1
    outer loop
      vertex 26.032991605204558 19.573736933296576 2
      vertex 25.117478574588052 21.783980908340247 2
      vertex 24.996137097479842 21.765981600504038 2
    endloop
  endfacet
  facet normal 0 0 1
    outer loop
      vertex 26.123883476483186 19.656116523516815 2
      vertex 25.240000000000002 21.79 2
      vertex 25.117478574588052 21.783980908340247 2
    endloop
  endfacet
  facet normal 0 0 1
    outer loop
      vertex 25.240000000000002 21.79 2
      vertex 26.46598160050404 20.29613709747984 2
      vertex 25.362521425411952 21.783980908340247 2
    endloop
  endfacet
  facet normal 0 0 1
    outer loop
      vertex 25.362521425411952 21.783980908340247 2
      vertex 26.46598160050404 20.29613709747984 2
      vertex 25.483862902520162 21.765981600504038 2
    endloop
  endfacet
  facet normal 0 0 1
    outer loop
      vertex 26.123883476483186 19.656116523516815 2
      vertex 26.206263066703425 19.747008394795444 2
      vertex 25.240000000000002 21.79 2
    endloop
  endfacet
  facet normal 0 0 1
    outer loop
      vertex 25.240000000000002 21.79 2
      vertex 26.206263066703425 19.747008394795444 2
      vertex 26.279337015378182 19.845537208725496 2
    endloop
  endfacet
  facet normal 0 0 1
    outer loop
      vertex 25.240000000000002 21.79 2
      vertex 26.279337015378182 19.845537208725496 2
      vertex 26.342401580435446 19.950754078967503 2
    endloop
  endfacet
  facet normal 0 0 1
    outer loop
      vertex 25.240000000000002 21.79 2
      vertex 26.342401580435446 19.950754078967503 2
      vertex 26.39484941563911 20.061645709543637 2
    endloop
  endfacet
  facet normal 0 0 1
    outer loop
      vertex 25.240000000000002 21.79 2
      vertex 26.39484941563911 20.061645709543637 2
      vertex 26.43617541966526 20.17714415343192 2
    endloop
  endfacet
  facet normal 0 0 1
    outer loop
      vertex 26.46598160050404 20.29613709747984 2
      vertex 26.48398090834025 20.41747857458805 2
      vertex 26.032991605204558 21.506263066703422 2
    endloop
  endfacet
  facet normal 0 0 1
    outer loop
      vertex 25.240000000000002 21.79 2
      vertex 26.43617541966526 20.17714415343192 2
      vertex 26.46598160050404 20.29613709747984 2
    endloop
  endfacet
  facet normal 0 0 1
    outer loop
      vertex 26.48398090834025 20.41747857458805 2
      vertex 26.490000000000002 20.54 2
      vertex 26.032991605204558 21.506263066703422 2
    endloop
  endfacet
  facet normal 0 0 1
    outer loop
      vertex 26.43617541966526 20.902855846568077 2
      vertex 26.39484941563911 21.01835429045636 2
      vertex 26.206263066703425 21.332991605204555 2
    endloop
  endfacet
  facet normal 0 0 1
    outer loop
      vertex 26.490000000000002 20.54 2
      vertex 26.48398090834025 20.66252142541195 2
      vertex 26.206263066703425 21.332991605204555 2
    endloop
  endfacet
  facet normal 0 0 1
    outer loop
      vertex 26.48398090834025 20.66252142541195 2
      vertex 26.46598160050404 20.78386290252016 2
      vertex 26.206263066703425 21.332991605204555 2
    endloop
  endfacet
  facet normal 0 0 1
    outer loop
      vertex 26.46598160050404 20.78386290252016 2
      vertex 26.43617541966526 20.902855846568077 2
      vertex 26.206263066703425 21.332991605204555 2
    endloop
  endfacet
  facet normal 0 0 1
    outer loop
      vertex 25.483862902520162 21.765981600504038 2
      vertex 26.46598160050404 20.29613709747984 2
      vertex 25.60285584656808 21.73617541966526 2
    endloop
  endfacet
  facet normal 0 0 1
    outer loop
      vertex 25.60285584656808 21.73617541966526 2
      vertex 26.46598160050404 20.29613709747984 2
      vertex 25.718354290456364 21.69484941563911 2
    endloop
  endfacet
  facet normal 0 0 1
    outer loop
      vertex 25.718354290456364 21.69484941563911 2
      vertex 26.46598160050404 20.29613709747984 2
      vertex 25.8292459210325 21.642401580435443 2
    endloop
  endfacet
  facet normal 0 0 1
    outer loop
      vertex 26.46598160050404 20.29613709747984 2
      vertex 25.934462791274505 21.57933701537818 2
      vertex 25.8292459210325 21.642401580435443 2
    endloop
  endfacet
  facet normal 0 0 1
    outer loop
      vertex 26.46598160050404 20.29613709747984 2
      vertex 26.032991605204558 21.506263066703422 2
      vertex 25.934462791274505 21.57933701537818 2
    endloop
  endfacet
  facet normal 0 0 1
    outer loop
      vertex 26.490000000000002 20.54 2
      vertex 26.123883476483186 21.423883476483184 2
      vertex 26.032991605204558 21.506263066703422 2
    endloop
  endfacet
  facet normal 0 0 1
    outer loop
      vertex 26.490000000000002 20.54 2
      vertex 26.206263066703425 21.332991605204555 2
      vertex 26.123883476483186 21.423883476483184 2
    endloop
  endfacet
  facet normal 0 0 1
    outer loop
      vertex 26.39484941563911 21.01835429045636 2
      vertex 26.342401580435446 21.129245921032496 2
      vertex 26.279337015378182 21.234462791274503 2
    endloop
  endfacet
  facet normal 0 0 1
    outer loop
      vertex 26.39484941563911 21.01835429045636 2
      vertex 26.279337015378182 21.234462791274503 2
      vertex 26.206263066703425 21.332991605204555 2
    endloop
  endfacet
  facet normal 0 0 1
    outer loop
      vertex 73.72096863991179 23.716820147509065 2
      vertex 11.951685505061958 5.288214384192438 2
      vertex 11.480451853997758 5.1196042877657355 2
    endloop
  endfacet
  facet normal 0 0 1
    outer loop
      vertex 73.39423620695494 24.205809789522007 2
      vertex 12.404123357812587 5.50220155182339 2
      vertex 11.951685505061958 5.288214384192438 2
    endloop
  endfacet
  facet normal 0 0 1
    outer loop
      vertex 73.09764415879032 25.034729033951617 2
      vertex 12.833408188399972 5.75950497725702 2
      vertex 12.404123357812587 5.50220155182339 2
    endloop
  endfacet
  facet normal 0 0 1
    outer loop
      vertex 73.09764415879032 26.205270966048385 2
      vertex 13.235405749234591 6.057646687850042 2
      vertex 12.833408188399972 5.75950497725702 2
    endloop
  endfacet
  facet normal 0 0 1
    outer loop
      vertex 74.13682014750907 27.93903136008821 2
      vertex 13.606244584051392 6.393755415948608 2
      vertex 13.235405749234591 6.057646687850042 2
    endloop
  endfacet
  facet normal 0 0 1
    outer loop
      vertex 74.89194970290474 28.391638597533863 2
      vertex 13.942353312149958 6.764594250765408 2
      vertex 13.606244584051392 6.393755415948608 2
    endloop
  endfacet
  facet normal 0 0 1
    outer loop
      vertex 74.89194970290474 28.391638597533863 2
      vertex 14.24049502274298 7.1665918116000284 2
      vertex 13.942353312149958 6.764594250765408 2
    endloop
  endfacet
  facet normal 0 0 1
    outer loop
      vertex 74.89194970290474 28.391638597533863 2
      vertex 14.49779844817661 7.595876642187412 2
      vertex 14.24049502274298 7.1665918116000284 2
    endloop
  endfacet
  facet normal 0 0 1
    outer loop
      vertex 74.89194970290474 28.391638597533863 2
      vertex 14.711785615807562 8.048314494938042 2
      vertex 14.49779844817661 7.595876642187412 2
    endloop
  endfacet
  facet normal 0 0 1
    outer loop
      vertex 74.89194970290474 28.391638597533863 2
      vertex 14.880395712234264 8.519548146002242 2
      vertex 14.711785615807562 8.048314494938042 2
    endloop
  endfacet
  facet normal 0 0 1
    outer loop
      vertex 74.89194970290474 28.391638597533863 2
      vertex 15.002004930056476 9.005039357717745 2
      vertex 14.880395712234264 8.519548146002242 2
    endloop
  endfacet
  facet normal 0 0 1
    outer loop
      vertex 74.89194970290474 28.391638597533863 2
      vertex 15.075442106028204 9.500112584319242 2
      vertex 15.002004930056476 9.005039357717745 2
    endloop
  endfacet
  facet normal 1 0 0
    outer loop
      vertex 2.4 2.4 2
      vertex 2.4 42 17.5
      vertex 2.4 6.150645244622179 31.3
    endloop
  endfacet
  facet normal 0 0 1
    outer loop
      vertex 2.4 2.4 2
      vertex 4.516116523516816 40.116116523516816 2
      vertex 4.433736933296579 40.207008394795444 2
    endloop
  endfacet
  facet normal 0 0 1
    outer loop
      vertex 2.4 2.4 2
      vertex 4.433736933296579 40.207008394795444 2
      vertex 4.360662984621818 40.3055372087255 2
    endloop
  endfacet
  facet normal 0 0 1
    outer loop
      vertex 2.4 2.4 2
      vertex 4.360662984621818 40.3055372087255 2
      vertex 4.297598419564556 40.4107540789675 2
    endloop
  endfacet
  facet normal 0 0 1
    outer loop
      vertex 2.4 2.4 2
      vertex 4.297598419564556 40.4107540789675 2
      vertex 4.245150584360892 40.52164570954364 2
    endloop
  endfacet
  facet normal 0 0 1
    outer loop
      vertex 2.4 2.4 2
      vertex 4.245150584360892 40.52164570954364 2
      vertex 4.203824580334739 40.63714415343192 2
    endloop
  endfacet
  facet normal 0 0 1
    outer loop
      vertex 2.4 2.4 2
      vertex 4.203824580334739 40.63714415343192 2
      vertex 4.174018399495962 40.75613709747984 2
    endloop
  endfacet
  facet normal 0 0 1
    outer loop
      vertex 2.4 2.4 2
      vertex 4.174018399495962 40.75613709747984 2
      vertex 4.156019091659754 40.87747857458805 2
    endloop
  endfacet
  facet normal 0 0 1
    outer loop
      vertex 2.4 2.4 2
      vertex 4.156019091659754 40.87747857458805 2
      vertex 4.15 41 2
    endloop
  endfacet
  facet normal 0 0 1
    outer loop
      vertex 4.516116523516816 40.116116523516816 2
      vertex 6.393755415948608 13.606244584051392 2
      vertex 6.764594250765408 13.942353312149958 2
    endloop
  endfacet
  facet normal 0 0 1
    outer loop
      vertex 4.516116523516816 40.116116523516816 2
      vertex 6.764594250765408 13.942353312149958 2
      vertex 7.1665918116000284 14.24049502274298 2
    endloop
  endfacet
  facet normal 0 0 1
    outer loop
      vertex 4.516116523516816 40.116116523516816 2
      vertex 7.1665918116000284 14.24049502274298 2
      vertex 7.595876642187412 14.49779844817661 2
    endloop
  endfacet
  facet normal 0 0 1
    outer loop
      vertex 4.516116523516816 40.116116523516816 2
      vertex 7.595876642187412 14.49779844817661 2
      vertex 8.048314494938042 14.711785615807562 2
    endloop
  endfacet
  facet normal 0 0 1
    outer loop
      vertex 4.516116523516816 40.116116523516816 2
      vertex 8.048314494938042 14.711785615807562 2
      vertex 8.519548146002242 14.880395712234264 2
    endloop
  endfacet
  facet normal 0 0 1
    outer loop
      vertex 4.516116523516816 40.116116523516816 2
      vertex 8.519548146002242 14.880395712234264 2
      vertex 9.005039357717745 15.002004930056476 2
    endloop
  endfacet
  facet normal 0 0 1
    outer loop
      vertex 4.516116523516816 40.116116523516816 2
      vertex 9.005039357717745 15.002004930056476 2
      vertex 9.500112584319242 15.075442106028204 2
    endloop
  endfacet
  facet normal 0 0 1
    outer loop
      vertex 4.516116523516816 40.116116523516816 2
      vertex 9.500112584319242 15.075442106028204 2
      vertex 10 15.1 2
    endloop
  endfacet
  facet normal 0 0 1
    outer loop
      vertex 4.516116523516816 40.116116523516816 2
      vertex 10 15.1 2
      vertex 10.499887415680758 15.075442106028204 2
    endloop
  endfacet
  facet normal 0 0 1
    outer loop
      vertex 4.516116523516816 40.116116523516816 2
      vertex 10.499887415680758 15.075442106028204 2
      vertex 10.994960642282255 15.002004930056476 2
    endloop
  endfacet
  facet normal 0 0 1
    outer loop
      vertex 4.516116523516816 40.116116523516816 2
      vertex 10.994960642282255 15.002004930056476 2
      vertex 11.480451853997758 14.880395712234264 2
    endloop
  endfacet
  facet normal 0 0 1
    outer loop
      vertex 4.516116523516816 40.116116523516816 2
      vertex 11.480451853997758 14.880395712234264 2
      vertex 11.951685505061958 14.711785615807562 2
    endloop
  endfacet
  facet normal 0 0 1
    outer loop
      vertex 2.4 2.4 2
      vertex 4.15 41 2
      vertex 4.156019091659754 48.87747857458805 2
    endloop
  endfacet
  facet normal 0 0 1
    outer loop
      vertex 2.4 2.4 2
      vertex 4.156019091659754 48.87747857458805 2
      vertex 4.15 49 2
    endloop
  endfacet
  facet normal 0 0 1
    outer loop
      vertex 4.516116523516816 40.116116523516816 2
      vertex 11.951685505061958 14.711785615807562 2
      vertex 12.404123357812587 14.49779844817661 2
    endloop
  endfacet
  facet normal 0 0 1
    outer loop
      vertex 4.516116523516816 40.116116523516816 2
      vertex 12.404123357812587 14.49779844817661 2
      vertex 12.833408188399972 14.24049502274298 2
    endloop
  endfacet
  facet normal 0 0 1
    outer loop
      vertex 4.516116523516816 40.116116523516816 2
      vertex 12.833408188399972 14.24049502274298 2
      vertex 13.235405749234591 13.942353312149958 2
    endloop
  endfacet
  facet normal 0 0 1
    outer loop
      vertex 4.516116523516816 40.116116523516816 2
      vertex 13.235405749234591 13.942353312149958 2
      vertex 13.606244584051392 13.606244584051392 2
    endloop
  endfacet
  facet normal 0 0 1
    outer loop
      vertex 22.745591163092367 18.87328930094119 2
      vertex 4.516116523516816 40.116116523516816 2
      vertex 13.606244584051392 13.606244584051392 2
    endloop
  endfacet
  facet normal 0 0 1
    outer loop
      vertex 22.745591163092367 18.87328930094119 2
      vertex 22.594236206954935 19.125809789522005 2
      vertex 4.607008394795443 40.03373693329658 2
    endloop
  endfacet
  facet normal 0 0 1
    outer loop
      vertex 22.594236206954935 19.125809789522005 2
      vertex 22.468361402466144 19.39194970290473 2
      vertex 4.705537208725498 39.96066298462182 2
    endloop
  endfacet
  facet normal 0 0 1
    outer loop
      vertex 22.468361402466144 19.39194970290473 2
      vertex 22.369178992803377 19.669145968236613 2
      vertex 4.810754078967503 39.89759841956456 2
    endloop
  endfacet
  facet normal 0 0 1
    outer loop
      vertex 22.369178992803377 19.669145968236613 2
      vertex 22.297644158790312 19.954729033951615 2
      vertex 4.921645709543638 39.845150584360894 2
    endloop
  endfacet
  facet normal 0 0 1
    outer loop
      vertex 22.25444581998341 20.245948579011316 2
      vertex 5.037144153431923 39.80382458033474 2
      vertex 22.297644158790312 19.954729033951615 2
    endloop
  endfacet
  facet normal 0 0 1
    outer loop
      vertex 22.25444581998341 20.245948579011316 2
      vertex 22.240000000000002 20.54 2
      vertex 5.15613709747984 39.774018399495965 2
    endloop
  endfacet
  facet normal 0 0 1
    outer loop
      vertex 22.240000000000002 20.54 2
      vertex 22.25444581998341 20.834051420988683 2
      vertex 5.2774785745880495 39.75601909165975 2
    endloop
  endfacet
  facet normal 0 0 1
    outer loop
      vertex 22.25444581998341 20.834051420988683 2
      vertex 22.297644158790312 21.125270966048383 2
      vertex 5.4 39.75 2
    endloop
  endfacet
  facet normal 0 0 1
    outer loop
      vertex 22.297644158790312 21.125270966048383 2
      vertex 22.369178992803377 21.410854031763385 2
      vertex 5.64386290252016 39.774018399495965 2
    endloop
  endfacet
  facet normal 0 0 1
    outer loop
      vertex 22.369178992803377 21.410854031763385 2
      vertex 22.468361402466144 21.68805029709527 2
      vertex 5.762855846568078 39.80382458033474 2
    endloop
  endfacet
  facet normal 0 0 1
    outer loop
      vertex 22.468361402466144 21.68805029709527 2
      vertex 22.594236206954935 21.954190210477993 2
      vertex 5.878354290456363 39.845150584360894 2
    endloop
  endfacet
  facet normal 0 0 1
    outer loop
      vertex 22.594236206954935 21.954190210477993 2
      vertex 22.745591163092367 22.206710699058807 2
      vertex 5.878354290456363 39.845150584360894 2
    endloop
  endfacet
  facet normal 0 0 1
    outer loop
      vertex 22.594236206954935 19.125809789522005 2
      vertex 4.705537208725498 39.96066298462182 2
      vertex 4.607008394795443 40.03373693329658 2
    endloop
  endfacet
  facet normal 0 0 1
    outer loop
      vertex 22.745591163092367 18.87328930094119 2
      vertex 4.607008394795443 40.03373693329658 2
      vertex 4.516116523516816 40.116116523516816 2
    endloop
  endfacet
  facet normal 0 0 1
    outer loop
      vertex 22.468361402466144 19.39194970290473 2
      vertex 4.810754078967503 39.89759841956456 2
      vertex 4.705537208725498 39.96066298462182 2
    endloop
  endfacet
  facet normal 0 0 1
    outer loop
      vertex 22.297644158790312 19.954729033951615 2
      vertex 5.037144153431923 39.80382458033474 2
      vertex 4.921645709543638 39.845150584360894 2
    endloop
  endfacet
  facet normal 0 0 1
    outer loop
      vertex 22.369178992803377 19.669145968236613 2
      vertex 4.921645709543638 39.845150584360894 2
      vertex 4.810754078967503 39.89759841956456 2
    endloop
  endfacet
  facet normal 0 0 1
    outer loop
      vertex 22.25444581998341 20.245948579011316 2
      vertex 5.15613709747984 39.774018399495965 2
      vertex 5.037144153431923 39.80382458033474 2
    endloop
  endfacet
  facet normal 0 0 1
    outer loop
      vertex 22.240000000000002 20.54 2
      vertex 5.2774785745880495 39.75601909165975 2
      vertex 5.15613709747984 39.774018399495965 2
    endloop
  endfacet
  facet normal 0 0 1
    outer loop
      vertex 22.25444581998341 20.834051420988683 2
      vertex 5.4 39.75 2
      vertex 5.2774785745880495 39.75601909165975 2
    endloop
  endfacet
  facet normal 0 0 1
    outer loop
      vertex 22.297644158790312 21.125270966048383 2
      vertex 5.522521425411951 39.75601909165975 2
      vertex 5.4 39.75 2
    endloop
  endfacet
  facet normal 0 0 1
    outer loop
      vertex 22.297644158790312 21.125270966048383 2
      vertex 5.64386290252016 39.774018399495965 2
      vertex 5.522521425411951 39.75601909165975 2
    endloop
  endfacet
  facet normal 0 0 1
    outer loop
      vertex 22.369178992803377 21.410854031763385 2
      vertex 5.762855846568078 39.80382458033474 2
      vertex 5.64386290252016 39.774018399495965 2
    endloop
  endfacet
  facet normal 0 0 1
    outer loop
      vertex 22.745591163092367 22.206710699058807 2
      vertex 22.92096863991179 22.443179852490935 2
      vertex 5.878354290456363 39.845150584360894 2
    endloop
  endfacet
  facet normal 0 0 1
    outer loop
      vertex 22.92096863991179 22.443179852490935 2
      vertex 23.11867965644036 22.66132034355964 2
      vertex 5.878354290456363 39.845150584360894 2
    endloop
  endfacet
  facet normal 0 0 1
    outer loop
      vertex 5.878354290456363 39.845150584360894 2
      vertex 23.11867965644036 22.66132034355964 2
      vertex 23.336820147509066 22.85903136008821 2
    endloop
  endfacet
  facet normal 0 0 1
    outer loop
      vertex 5.878354290456363 39.845150584360894 2
      vertex 23.336820147509066 22.85903136008821 2
      vertex 23.573289300941195 23.034408836907634 2
    endloop
  endfacet
  facet normal 0 0 1
    outer loop
      vertex 5.878354290456363 39.845150584360894 2
      vertex 23.573289300941195 23.034408836907634 2
      vertex 23.82580978952201 23.185763793045066 2
    endloop
  endfacet
  facet normal 0 0 1
    outer loop
      vertex 5.878354290456363 39.845150584360894 2
      vertex 23.82580978952201 23.185763793045066 2
      vertex 24.09194970290473 23.311638597533857 2
    endloop
  endfacet
  facet normal 0 0 1
    outer loop
      vertex 5.878354290456363 39.845150584360894 2
      vertex 24.09194970290473 23.311638597533857 2
      vertex 24.369145968236616 23.410821007196624 2
    endloop
  endfacet
  facet normal 0 0 1
    outer loop
      vertex 5.878354290456363 39.845150584360894 2
      vertex 24.369145968236616 23.410821007196624 2
      vertex 24.654729033951618 23.48235584120969 2
    endloop
  endfacet
  facet normal 0 0 1
    outer loop
      vertex 4.15 41 2
      vertex 4.156019091659754 41.12252142541195 2
      vertex 4.156019091659754 48.87747857458805 2
    endloop
  endfacet
  facet normal 0 0 1
    outer loop
      vertex 4.174018399495962 41.24386290252016 2
      vertex 4.203824580334739 41.36285584656808 2
      vertex 4.203824580334739 48.63714415343192 2
    endloop
  endfacet
  facet normal 0 0 1
    outer loop
      vertex 4.156019091659754 41.12252142541195 2
      vertex 4.174018399495962 41.24386290252016 2
      vertex 4.174018399495962 48.75613709747984 2
    endloop
  endfacet
  facet normal 0 0 1
    outer loop
      vertex 4.203824580334739 41.36285584656808 2
      vertex 4.245150584360892 41.47835429045636 2
      vertex 4.245150584360892 48.52164570954364 2
    endloop
  endfacet
  facet normal 0 0 1
    outer loop
      vertex 4.245150584360892 41.47835429045636 2
      vertex 4.297598419564556 41.5892459210325 2
      vertex 4.297598419564556 48.4107540789675 2
    endloop
  endfacet
  facet normal 0 0 1
    outer loop
      vertex 4.297598419564556 41.5892459210325 2
      vertex 4.360662984621818 41.6944627912745 2
      vertex 4.360662984621818 48.3055372087255 2
    endloop
  endfacet
  facet normal 0 0 1
    outer loop
      vertex 4.433736933296579 41.792991605204556 2
      vertex 4.516116523516816 41.883883476483184 2
      vertex 4.516116523516816 48.116116523516816 2
    endloop
  endfacet
  facet normal 0 0 1
    outer loop
      vertex 4.360662984621818 41.6944627912745 2
      vertex 4.433736933296579 41.792991605204556 2
      vertex 4.433736933296579 48.207008394795444 2
    endloop
  endfacet
  facet normal 0 0 1
    outer loop
      vertex 4.607008394795443 41.96626306670342 2
      vertex 4.705537208725498 42.03933701537818 2
      vertex 4.705537208725498 47.96066298462182 2
    endloop
  endfacet
  facet normal 0 0 1
    outer loop
      vertex 4.516116523516816 41.883883476483184 2
      vertex 4.607008394795443 41.96626306670342 2
      vertex 4.607008394795443 48.03373693329658 2
    endloop
  endfacet
  facet normal 0 0 1
    outer loop
      vertex 4.705537208725498 42.03933701537818 2
      vertex 4.810754078967503 42.10240158043544 2
      vertex 4.810754078967503 47.89759841956456 2
    endloop
  endfacet
  facet normal 0 0 1
    outer loop
      vertex 4.810754078967503 42.10240158043544 2
      vertex 4.921645709543638 42.154849415639106 2
      vertex 4.921645709543638 47.845150584360894 2
    endloop
  endfacet
  facet normal 0 0 1
    outer loop
      vertex 5.037144153431923 42.19617541966526 2
      vertex 5.15613709747984 42.225981600504035 2
      vertex 5.15613709747984 47.774018399495965 2
    endloop
  endfacet
  facet normal 0 0 1
    outer loop
      vertex 4.921645709543638 42.154849415639106 2
      vertex 5.037144153431923 42.19617541966526 2
      vertex 5.037144153431923 47.80382458033474 2
    endloop
  endfacet
  facet normal 0 0 1
    outer loop
      vertex 5.15613709747984 42.225981600504035 2
      vertex 5.2774785745880495 42.24398090834025 2
      vertex 5.2774785745880495 47.75601909165975 2
    endloop
  endfacet
  facet normal 0 0 1
    outer loop
      vertex 5.2774785745880495 42.24398090834025 2
      vertex 5.4 42.25 2
      vertex 5.4 47.75 2
    endloop
  endfacet
  facet normal 0 0 1
    outer loop
      vertex 5.4 42.25 2
      vertex 5.522521425411951 42.24398090834025 2
      vertex 5.522521425411951 47.75601909165975 2
    endloop
  endfacet
  facet normal 0 0 1
    outer loop
      vertex 5.522521425411951 42.24398090834025 2
      vertex 5.64386290252016 42.225981600504035 2
      vertex 5.64386290252016 47.774018399495965 2
    endloop
  endfacet
  facet normal 0 0 1
    outer loop
      vertex 5.878354290456363 42.154849415639106 2
      vertex 5.878354290456363 47.845150584360894 2
      vertex 5.762855846568078 42.19617541966526 2
    endloop
  endfacet
  facet normal 0 0 1
    outer loop
      vertex 5.64386290252016 42.225981600504035 2
      vertex 5.762855846568078 42.19617541966526 2
      vertex 5.762855846568078 47.80382458033474 2
    endloop
  endfacet
  facet normal 0 0 1
    outer loop
      vertex 6.439337015378182 41.6944627912745 2
      vertex 6.439337015378182 48.3055372087255 2
      vertex 6.3662630667034215 41.792991605204556 2
    endloop
  endfacet
  facet normal 0 0 1
    outer loop
      vertex 5.989245921032498 42.10240158043544 2
      vertex 5.989245921032498 47.89759841956456 2
      vertex 5.878354290456363 42.154849415639106 2
    endloop
  endfacet
  facet normal 0 0 1
    outer loop
      vertex 5.989245921032498 42.10240158043544 2
      vertex 6.094462791274503 42.03933701537818 2
      vertex 6.094462791274503 47.96066298462182 2
    endloop
  endfacet
  facet normal 0 0 1
    outer loop
      vertex 6.283883476483185 41.883883476483184 2
      vertex 6.283883476483185 48.116116523516816 2
      vertex 6.192991605204558 41.96626306670342 2
    endloop
  endfacet
  facet normal 0 0 1
    outer loop
      vertex 6.094462791274503 42.03933701537818 2
      vertex 6.192991605204558 41.96626306670342 2
      vertex 6.192991605204558 48.03373693329658 2
    endloop
  endfacet
  facet normal 0 0 1
    outer loop
      vertex 6.3662630667034215 41.792991605204556 2
      vertex 6.3662630667034215 48.207008394795444 2
      vertex 6.283883476483185 41.883883476483184 2
    endloop
  endfacet
  facet normal 0 0 1
    outer loop
      vertex 6.65 41 2
      vertex 6.65 49 2
      vertex 6.643980908340247 41.12252142541195 2
    endloop
  endfacet
  facet normal 0 0 1
    outer loop
      vertex 6.643980908340247 41.12252142541195 2
      vertex 6.643980908340247 48.87747857458805 2
      vertex 6.625981600504039 41.24386290252016 2
    endloop
  endfacet
  facet normal 0 0 1
    outer loop
      vertex 6.554849415639109 41.47835429045636 2
      vertex 6.596175419665261 41.36285584656808 2
      vertex 6.596175419665261 48.63714415343192 2
    endloop
  endfacet
  facet normal 0 0 1
    outer loop
      vertex 6.554849415639109 41.47835429045636 2
      vertex 6.554849415639109 48.52164570954364 2
      vertex 6.5024015804354445 41.5892459210325 2
    endloop
  endfacet
  facet normal 0 0 1
    outer loop
      vertex 6.439337015378182 41.6944627912745 2
      vertex 6.5024015804354445 41.5892459210325 2
      vertex 6.5024015804354445 48.4107540789675 2
    endloop
  endfacet
  facet normal 0 0 1
    outer loop
      vertex 6.625981600504039 41.24386290252016 2
      vertex 6.625981600504039 48.75613709747984 2
      vertex 6.596175419665261 41.36285584656808 2
    endloop
  endfacet
  facet normal 0 0 1
    outer loop
      vertex 22.468361402466144 21.68805029709527 2
      vertex 5.878354290456363 39.845150584360894 2
      vertex 5.762855846568078 39.80382458033474 2
    endloop
  endfacet
  facet normal 0 0 1
    outer loop
      vertex 5.878354290456363 39.845150584360894 2
      vertex 24.654729033951618 23.48235584120969 2
      vertex 76.33405142098869 50.57444581998341 2
    endloop
  endfacet
  facet normal 0 0 1
    outer loop
      vertex 5.878354290456363 39.845150584360894 2
      vertex 76.33405142098869 50.57444581998341 2
      vertex 5.989245921032498 39.89759841956456 2
    endloop
  endfacet
  facet normal 0 0 1
    outer loop
      vertex 5.989245921032498 39.89759841956456 2
      vertex 76.33405142098869 50.57444581998341 2
      vertex 6.094462791274503 39.96066298462182 2
    endloop
  endfacet
  facet normal 0 0 1
    outer loop
      vertex 6.094462791274503 39.96066298462182 2
      vertex 76.33405142098869 50.57444581998341 2
      vertex 6.192991605204558 40.03373693329658 2
    endloop
  endfacet
  facet normal 0 0 1
    outer loop
      vertex 6.192991605204558 40.03373693329658 2
      vertex 76.33405142098869 50.57444581998341 2
      vertex 6.283883476483185 40.116116523516816 2
    endloop
  endfacet
  facet normal 0 0 1
    outer loop
      vertex 6.283883476483185 40.116116523516816 2
      vertex 76.33405142098869 50.57444581998341 2
      vertex 6.3662630667034215 40.207008394795444 2
    endloop
  endfacet
  facet normal 0 0 1
    outer loop
      vertex 6.3662630667034215 40.207008394795444 2
      vertex 76.33405142098869 50.57444581998341 2
      vertex 6.439337015378182 40.3055372087255 2
    endloop
  endfacet
  facet normal 0 0 1
    outer loop
      vertex 6.439337015378182 40.3055372087255 2
      vertex 76.33405142098869 50.57444581998341 2
      vertex 6.5024015804354445 40.4107540789675 2
    endloop
  endfacet
  facet normal 0 0 1
    outer loop
      vertex 6.5024015804354445 40.4107540789675 2
      vertex 76.33405142098869 50.57444581998341 2
      vertex 6.554849415639109 40.52164570954364 2
    endloop
  endfacet
  facet normal 0 0 1
    outer loop
      vertex 6.554849415639109 40.52164570954364 2
      vertex 76.33405142098869 50.57444581998341 2
      vertex 6.596175419665261 40.63714415343192 2
    endloop
  endfacet
  facet normal 0 0 1
    outer loop
      vertex 6.596175419665261 40.63714415343192 2
      vertex 76.33405142098869 50.57444581998341 2
      vertex 6.625981600504039 40.75613709747984 2
    endloop
  endfacet
  facet normal 0 0 1
    outer loop
      vertex 6.625981600504039 40.75613709747984 2
      vertex 76.33405142098869 50.57444581998341 2
      vertex 6.643980908340247 40.87747857458805 2
    endloop
  endfacet
  facet normal 0 0 1
    outer loop
      vertex 6.643980908340247 40.87747857458805 2
      vertex 76.33405142098869 50.57444581998341 2
      vertex 6.65 41 2
    endloop
  endfacet
  facet normal 1 0 0
    outer loop
      vertex 2.4 2.4 2
      vertex 2.4 43.096820147509064 15.18096863991179
      vertex 2.4 42.878679656440355 15.378679656440358
    endloop
  endfacet
  facet normal 1 0 0
    outer loop
      vertex 2.4 2.4 2
      vertex 2.4 44.70594857901132 14.51444581998341
      vertex 2.4 44.414729033951616 14.557644158790309
    endloop
  endfacet
  facet normal 1 0 0
    outer loop
      vertex 2.4 2.4 2
      vertex 2.4 45 14.5
      vertex 2.4 44.70594857901132 14.51444581998341
    endloop
  endfacet
  facet normal 1 0 0
    outer loop
      vertex 2.4 2.4 2
      vertex 2.4 45.29405142098868 14.51444581998341
      vertex 2.4 45 14.5
    endloop
  endfacet
  facet normal 1 0 0
    outer loop
      vertex 2.4 2.4 2
      vertex 2.4 43.58580978952201 14.854236206954935
      vertex 2.4 43.333289300941196 15.005591163092365
    endloop
  endfacet
  facet normal 1 0 0
    outer loop
      vertex 2.4 2.4 2
      vertex 2.4 44.129145968236614 14.629178992803373
      vertex 2.4 43.85194970290473 14.72836140246614
    endloop
  endfacet
  facet normal 1 0 0
    outer loop
      vertex 2.4 2.4 2
      vertex 2.4 43.85194970290473 14.72836140246614
      vertex 2.4 43.58580978952201 14.854236206954935
    endloop
  endfacet
  facet normal 1 0 0
    outer loop
      vertex 2.4 2.4 2
      vertex 2.4 43.333289300941196 15.005591163092365
      vertex 2.4 43.096820147509064 15.18096863991179
    endloop
  endfacet
  facet normal 1 0 0
    outer loop
      vertex 2.4 2.4 2
      vertex 2.4 44.414729033951616 14.557644158790309
      vertex 2.4 44.129145968236614 14.629178992803373
    endloop
  endfacet
  facet normal 1 0 0
    outer loop
      vertex 2.4 2.4 2
      vertex 2.4 45.585270966048384 14.557644158790309
      vertex 2.4 45.29405142098868 14.51444581998341
    endloop
  endfacet
  facet normal 1 0 0
    outer loop
      vertex 2.4 2.4 2
      vertex 2.4 45.870854031763386 14.629178992803373
      vertex 2.4 45.585270966048384 14.557644158790309
    endloop
  endfacet
  facet normal 1 0 0
    outer loop
      vertex 2.4 2.4 2
      vertex 2.4 42.878679656440355 15.378679656440358
      vertex 2.4 42.68096863991179 15.596820147509064
    endloop
  endfacet
  facet normal 1 0 0
    outer loop
      vertex 2.4 2.4 2
      vertex 2.4 42.68096863991179 15.596820147509064
      vertex 2.4 42.50559116309236 15.833289300941193
    endloop
  endfacet
  facet normal 1 0 0
    outer loop
      vertex 2.4 2.4 2
      vertex 2.4 42.50559116309236 15.833289300941193
      vertex 2.4 42.35423620695494 16.085809789522006
    endloop
  endfacet
  facet normal 1 0 0
    outer loop
      vertex 2.4 2.4 2
      vertex 2.4 42.35423620695494 16.085809789522006
      vertex 2.4 42.22836140246614 16.35194970290473
    endloop
  endfacet
  facet normal 1 0 0
    outer loop
      vertex 2.4 2.4 2
      vertex 2.4 42.22836140246614 16.35194970290473
      vertex 2.4 42.129178992803375 16.629145968236614
    endloop
  endfacet
  facet normal 1 0 0
    outer loop
      vertex 2.4 2.4 2
      vertex 2.4 42.129178992803375 16.629145968236614
      vertex 2.4 42.05764415879031 16.914729033951616
    endloop
  endfacet
  facet normal 1 0 0
    outer loop
      vertex 2.4 2.4 2
      vertex 2.4 42.05764415879031 16.914729033951616
      vertex 2.4 42.01444581998341 17.205948579011316
    endloop
  endfacet
  facet normal 1 0 0
    outer loop
      vertex 2.4 2.4 2
      vertex 2.4 42.01444581998341 17.205948579011316
      vertex 2.4 42 17.5
    endloop
  endfacet
  facet normal 0 0 1
    outer loop
      vertex 2.4 2.4 2
      vertex 74.3732893009412 23.125591163092366 2
      vertex 74.13682014750907 23.30096863991179 2
    endloop
  endfacet
  facet normal 0 0 1
    outer loop
      vertex 2.4 2.4 2
      vertex 74.13682014750907 23.30096863991179 2
      vertex 73.91867965644036 23.49867965644036 2
    endloop
  endfacet
  facet normal 0 0 1
    outer loop
      vertex 2.4 2.4 2
      vertex 73.91867965644036 23.49867965644036 2
      vertex 73.72096863991179 23.716820147509065 2
    endloop
  endfacet
  facet normal 0 0 1
    outer loop
      vertex 2.4 2.4 2
      vertex 74.62580978952201 22.974236206954934 2
      vertex 74.3732893009412 23.125591163092366 2
    endloop
  endfacet
  facet normal 0 0 1
    outer loop
      vertex 2.4 2.4 2
      vertex 74.89194970290474 22.84836140246614 2
      vertex 74.62580978952201 22.974236206954934 2
    endloop
  endfacet
  facet normal 0 0 1
    outer loop
      vertex 2.4 2.4 2
      vertex 75.16914596823662 22.749178992803373 2
      vertex 74.89194970290474 22.84836140246614 2
    endloop
  endfacet
  facet normal 0 0 1
    outer loop
      vertex 2.4 2.4 2
      vertex 75.45472903395162 22.677644158790308 2
      vertex 75.16914596823662 22.749178992803373 2
    endloop
  endfacet
  facet normal 0 0 1
    outer loop
      vertex 2.4 2.4 2
      vertex 75.74594857901133 22.634445819983412 2
      vertex 75.45472903395162 22.677644158790308 2
    endloop
  endfacet
  facet normal 0 0 1
    outer loop
      vertex 2.4 2.4 2
      vertex 76.04 22.62 2
      vertex 75.74594857901133 22.634445819983412 2
    endloop
  endfacet
  facet normal 0 0 1
    outer loop
      vertex 2.4 2.4 2
      vertex 76.33405142098869 22.634445819983412 2
      vertex 76.04 22.62 2
    endloop
  endfacet
  facet normal 0 0 1
    outer loop
      vertex 2.4 2.4 2
      vertex 76.62527096604839 22.677644158790308 2
      vertex 76.33405142098869 22.634445819983412 2
    endloop
  endfacet
  facet normal 0 0 1
    outer loop
      vertex 2.4 2.4 2
      vertex 76.91085403176339 22.749178992803373 2
      vertex 76.62527096604839 22.677644158790308 2
    endloop
  endfacet
  facet normal 0 0 1
    outer loop
      vertex 73.39423620695494 24.205809789522007 2
      vertex 11.951685505061958 5.288214384192438 2
      vertex 73.54559116309237 23.953289300941194 2
    endloop
  endfacet
  facet normal 0 0 1
    outer loop
      vertex 73.72096863991179 23.716820147509065 2
      vertex 73.54559116309237 23.953289300941194 2
      vertex 11.951685505061958 5.288214384192438 2
    endloop
  endfacet
  facet normal 0 0 1
    outer loop
      vertex 73.39423620695494 24.205809789522007 2
      vertex 73.26836140246614 24.47194970290473 2
      vertex 12.404123357812587 5.50220155182339 2
    endloop
  endfacet
  facet normal 0 0 1
    outer loop
      vertex 73.26836140246614 24.47194970290473 2
      vertex 73.16917899280338 24.749145968236615 2
      vertex 12.404123357812587 5.50220155182339 2
    endloop
  endfacet
  facet normal 0 0 1
    outer loop
      vertex 73.16917899280338 24.749145968236615 2
      vertex 73.09764415879032 25.034729033951617 2
      vertex 12.404123357812587 5.50220155182339 2
    endloop
  endfacet
  facet normal 0 0 1
    outer loop
      vertex 73.09764415879032 25.034729033951617 2
      vertex 73.05444581998341 25.325948579011317 2
      vertex 12.833408188399972 5.75950497725702 2
    endloop
  endfacet
  facet normal 0 0 1
    outer loop
      vertex 73.05444581998341 25.325948579011317 2
      vertex 73.04 25.62 2
      vertex 12.833408188399972 5.75950497725702 2
    endloop
  endfacet
  facet normal 0 0 1
    outer loop
      vertex 73.04 25.62 2
      vertex 73.05444581998341 25.914051420988685 2
      vertex 12.833408188399972 5.75950497725702 2
    endloop
  endfacet
  facet normal 0 0 1
    outer loop
      vertex 73.05444581998341 25.914051420988685 2
      vertex 73.09764415879032 26.205270966048385 2
      vertex 12.833408188399972 5.75950497725702 2
    endloop
  endfacet
  facet normal 0 0 1
    outer loop
      vertex 73.09764415879032 26.205270966048385 2
      vertex 73.16917899280338 26.490854031763387 2
      vertex 13.235405749234591 6.057646687850042 2
    endloop
  endfacet
  facet normal 0 0 1
    outer loop
      vertex 73.16917899280338 26.490854031763387 2
      vertex 73.26836140246614 26.76805029709527 2
      vertex 13.235405749234591 6.057646687850042 2
    endloop
  endfacet
  facet normal 0 0 1
    outer loop
      vertex 73.26836140246614 26.76805029709527 2
      vertex 73.39423620695494 27.034190210477995 2
      vertex 13.235405749234591 6.057646687850042 2
    endloop
  endfacet
  facet normal 0 0 1
    outer loop
      vertex 73.39423620695494 27.034190210477995 2
      vertex 73.54559116309237 27.28671069905881 2
      vertex 13.235405749234591 6.057646687850042 2
    endloop
  endfacet
  facet normal 0 0 1
    outer loop
      vertex 73.54559116309237 27.28671069905881 2
      vertex 73.72096863991179 27.523179852490937 2
      vertex 13.235405749234591 6.057646687850042 2
    endloop
  endfacet
  facet normal 0 0 1
    outer loop
      vertex 73.72096863991179 27.523179852490937 2
      vertex 73.91867965644036 27.741320343559643 2
      vertex 13.235405749234591 6.057646687850042 2
    endloop
  endfacet
  facet normal 0 0 1
    outer loop
      vertex 73.91867965644036 27.741320343559643 2
      vertex 74.13682014750907 27.93903136008821 2
      vertex 13.235405749234591 6.057646687850042 2
    endloop
  endfacet
  facet normal 0 0 1
    outer loop
      vertex 74.13682014750907 27.93903136008821 2
      vertex 74.3732893009412 28.114408836907636 2
      vertex 13.606244584051392 6.393755415948608 2
    endloop
  endfacet
  facet normal 0 0 1
    outer loop
      vertex 74.3732893009412 28.114408836907636 2
      vertex 74.62580978952201 28.265763793045068 2
      vertex 13.606244584051392 6.393755415948608 2
    endloop
  endfacet
  facet normal 0 0 1
    outer loop
      vertex 74.62580978952201 28.265763793045068 2
      vertex 74.89194970290474 28.391638597533863 2
      vertex 13.606244584051392 6.393755415948608 2
    endloop
  endfacet
  facet normal 0 0 1
    outer loop
      vertex 2.4 2.4 2
      vertex 93.4 19.15 2
      vertex 76.91085403176339 22.749178992803373 2
    endloop
  endfacet
  facet normal 0 0 1
    outer loop
      vertex 2.4 2.4 2
      vertex 95 19.15 2
      vertex 93.4 19.15 2
    endloop
  endfacet
  facet normal 0 1 0
    outer loop
      vertex 2.4 2.4 2
      vertex 6.150645244622179 2.4 31.3
      vertex 147.6 2.4 2
    endloop
  endfacet
  facet normal 0 0 1
    outer loop
      vertex 26.90671069905881 18.045591163092364 2
      vertex 15.075442106028204 9.500112584319242 2
      vertex 93.4 55.79669421487604 2
    endloop
  endfacet
  facet normal 0 0 1
    outer loop
      vertex 26.90671069905881 18.045591163092364 2
      vertex 93.4 55.79669421487604 2
      vertex 27.14317985249094 18.22096863991179 2
    endloop
  endfacet
  facet normal 0 0 1
    outer loop
      vertex 27.14317985249094 18.22096863991179 2
      vertex 93.4 55.79669421487604 2
      vertex 27.361320343559644 18.418679656440357 2
    endloop
  endfacet
  facet normal 0 0 1
    outer loop
      vertex 27.361320343559644 18.418679656440357 2
      vertex 93.4 55.79669421487604 2
      vertex 27.559031360088213 18.636820147509063 2
    endloop
  endfacet
  facet normal 0 0 1
    outer loop
      vertex 27.559031360088213 18.636820147509063 2
      vertex 93.4 55.79669421487604 2
      vertex 27.734408836907637 18.87328930094119 2
    endloop
  endfacet
  facet normal 0 0 1
    outer loop
      vertex 27.734408836907637 18.87328930094119 2
      vertex 93.4 55.79669421487604 2
      vertex 27.88576379304507 19.125809789522005 2
    endloop
  endfacet
  facet normal 0 0 1
    outer loop
      vertex 27.88576379304507 19.125809789522005 2
      vertex 93.4 55.79669421487604 2
      vertex 28.01163859753386 19.39194970290473 2
    endloop
  endfacet
  facet normal 0 0 1
    outer loop
      vertex 28.01163859753386 19.39194970290473 2
      vertex 93.4 55.79669421487604 2
      vertex 28.110821007196627 19.669145968236613 2
    endloop
  endfacet
  facet normal 0 0 1
    outer loop
      vertex 28.110821007196627 19.669145968236613 2
      vertex 93.4 55.79669421487604 2
      vertex 28.18235584120969 19.954729033951615 2
    endloop
  endfacet
  facet normal 0 0 1
    outer loop
      vertex 28.18235584120969 19.954729033951615 2
      vertex 93.4 55.79669421487604 2
      vertex 28.225554180016594 20.245948579011316 2
    endloop
  endfacet
  facet normal 0 0 1
    outer loop
      vertex 28.225554180016594 20.245948579011316 2
      vertex 93.4 55.79669421487604 2
      vertex 28.240000000000002 20.54 2
    endloop
  endfacet
  facet normal 0 0 1
    outer loop
      vertex 28.240000000000002 20.54 2
      vertex 93.4 55.79669421487604 2
      vertex 28.225554180016594 20.834051420988683 2
    endloop
  endfacet
  facet normal 0 0 1
    outer loop
      vertex 28.225554180016594 20.834051420988683 2
      vertex 93.4 55.79669421487604 2
      vertex 28.18235584120969 21.125270966048383 2
    endloop
  endfacet
  facet normal 0 0 1
    outer loop
      vertex 28.110821007196627 21.410854031763385 2
      vertex 28.18235584120969 21.125270966048383 2
      vertex 93.4 55.79669421487604 2
    endloop
  endfacet
  facet normal 0 0 1
    outer loop
      vertex 28.110821007196627 21.410854031763385 2
      vertex 93.4 55.79669421487604 2
      vertex 28.01163859753386 21.68805029709527 2
    endloop
  endfacet
  facet normal 0 0 1
    outer loop
      vertex 28.01163859753386 21.68805029709527 2
      vertex 93.4 55.79669421487604 2
      vertex 27.88576379304507 21.954190210477993 2
    endloop
  endfacet
  facet normal 0 0 1
    outer loop
      vertex 27.88576379304507 21.954190210477993 2
      vertex 93.4 55.79669421487604 2
      vertex 27.734408836907637 22.206710699058807 2
    endloop
  endfacet
  facet normal 0 0 1
    outer loop
      vertex 27.559031360088213 22.443179852490935 2
      vertex 93.4 55.79669421487604 2
      vertex 27.361320343559644 22.66132034355964 2
    endloop
  endfacet
  facet normal 0 0 1
    outer loop
      vertex 27.734408836907637 22.206710699058807 2
      vertex 93.4 55.79669421487604 2
      vertex 27.559031360088213 22.443179852490935 2
    endloop
  endfacet
  facet normal 0 0 1
    outer loop
      vertex 24.654729033951618 23.48235584120969 2
      vertex 24.94594857901132 23.52555418001659 2
      vertex 93.4 55.79669421487604 2
    endloop
  endfacet
  facet normal 0 0 1
    outer loop
      vertex 24.94594857901132 23.52555418001659 2
      vertex 25.240000000000002 23.54 2
      vertex 93.4 55.79669421487604 2
    endloop
  endfacet
  facet normal 0 0 1
    outer loop
      vertex 25.534051420988686 23.52555418001659 2
      vertex 25.825270966048386 23.48235584120969 2
      vertex 93.4 55.79669421487604 2
    endloop
  endfacet
  facet normal 0 0 1
    outer loop
      vertex 25.240000000000002 23.54 2
      vertex 25.534051420988686 23.52555418001659 2
      vertex 93.4 55.79669421487604 2
    endloop
  endfacet
  facet normal 0 0 1
    outer loop
      vertex 25.825270966048386 23.48235584120969 2
      vertex 26.110854031763388 23.410821007196624 2
      vertex 93.4 55.79669421487604 2
    endloop
  endfacet
  facet normal 0 0 1
    outer loop
      vertex 26.654190210477996 23.185763793045066 2
      vertex 93.4 55.79669421487604 2
      vertex 26.388050297095273 23.311638597533857 2
    endloop
  endfacet
  facet normal 0 0 1
    outer loop
      vertex 26.90671069905881 23.034408836907634 2
      vertex 27.14317985249094 22.85903136008821 2
      vertex 93.4 55.79669421487604 2
    endloop
  endfacet
  facet normal 0 0 1
    outer loop
      vertex 26.654190210477996 23.185763793045066 2
      vertex 26.90671069905881 23.034408836907634 2
      vertex 93.4 55.79669421487604 2
    endloop
  endfacet
  facet normal 0 0 1
    outer loop
      vertex 26.110854031763388 23.410821007196624 2
      vertex 26.388050297095273 23.311638597533857 2
      vertex 93.4 55.79669421487604 2
    endloop
  endfacet
  facet normal 0 0 1
    outer loop
      vertex 27.361320343559644 22.66132034355964 2
      vertex 93.4 55.79669421487604 2
      vertex 27.14317985249094 22.85903136008821 2
    endloop
  endfacet
  facet normal 0 0 1
    outer loop
      vertex 74.89194970290474 28.391638597533863 2
      vertex 93.4 55.79669421487604 2
      vertex 15.075442106028204 9.500112584319242 2
    endloop
  endfacet
  facet normal 0 0 1
    outer loop
      vertex 24.654729033951618 23.48235584120969 2
      vertex 76.62527096604839 50.61764415879031 2
      vertex 76.33405142098869 50.57444581998341 2
    endloop
  endfacet
  facet normal 0 0 1
    outer loop
      vertex 24.654729033951618 23.48235584120969 2
      vertex 76.91085403176339 50.68917899280338 2
      vertex 76.62527096604839 50.61764415879031 2
    endloop
  endfacet
  facet normal 0 0 1
    outer loop
      vertex 24.654729033951618 23.48235584120969 2
      vertex 77.18805029709527 50.788361402466144 2
      vertex 76.91085403176339 50.68917899280338 2
    endloop
  endfacet
  facet normal 0 0 1
    outer loop
      vertex 24.654729033951618 23.48235584120969 2
      vertex 77.454190210478 50.91423620695494 2
      vertex 77.18805029709527 50.788361402466144 2
    endloop
  endfacet
  facet normal 0 0 1
    outer loop
      vertex 24.654729033951618 23.48235584120969 2
      vertex 93.4 55.79669421487604 2
      vertex 77.454190210478 50.91423620695494 2
    endloop
  endfacet
  facet normal 0 1 0
    outer loop
      vertex 2.4 2.4 2
      vertex 2.4 2.4 31.3
      vertex 6.150645244622179 2.4 31.3
    endloop
  endfacet
  facet normal 1 0 0
    outer loop
      vertex 2.4 2.4 2
      vertex 2.4 6.150645244622179 31.3
      vertex 2.4 2.4 31.3
    endloop
  endfacet
  facet normal 0 1 0
    outer loop
      vertex 2.4 2.4 35
      vertex 6.150645244622179 2.4 34.5
      vertex 2.4 2.4 34.5
    endloop
  endfacet
  facet normal 1 0 0
    outer loop
      vertex 2.4 2.4 35
      vertex 2.4 2.4 34.5
      vertex 2.4 6.150645244622179 34.5
    endloop
  endfacet
  facet normal 1 0 0
    outer loop
      vertex 2.4 6.150645244622179 31.3
      vertex 2.4 42.68096863991179 19.403179852490936
      vertex 2.4 6.150645244622179 34.5
    endloop
  endfacet
  facet normal 0 1 0
    outer loop
      vertex 2.4 2.4 35
      vertex 70.04935475537782 2.4 31.3
      vertex 6.150645244622179 2.4 34.5
    endloop
  endfacet
  facet normal 1 0 0
    outer loop
      vertex 2.4 6.150645244622179 31.3
      vertex 2.4 42 17.5
      vertex 2.4 42.01444581998341 17.794051420988684
    endloop
  endfacet
  facet normal 1 0 0
    outer loop
      vertex 2.4 6.150645244622179 31.3
      vertex 2.4 42.01444581998341 17.794051420988684
      vertex 2.4 42.05764415879031 18.085270966048384
    endloop
  endfacet
  facet normal 1 0 0
    outer loop
      vertex 2.4 6.150645244622179 31.3
      vertex 2.4 42.05764415879031 18.085270966048384
      vertex 2.4 42.129178992803375 18.370854031763386
    endloop
  endfacet
  facet normal 1 0 0
    outer loop
      vertex 2.4 6.150645244622179 31.3
      vertex 2.4 42.129178992803375 18.370854031763386
      vertex 2.4 42.22836140246614 18.64805029709527
    endloop
  endfacet
  facet normal 1 0 0
    outer loop
      vertex 2.4 6.150645244622179 31.3
      vertex 2.4 42.22836140246614 18.64805029709527
      vertex 2.4 42.35423620695494 18.914190210477994
    endloop
  endfacet
  facet normal 1 0 0
    outer loop
      vertex 2.4 6.150645244622179 31.3
      vertex 2.4 42.35423620695494 18.914190210477994
      vertex 2.4 42.50559116309236 19.166710699058807
    endloop
  endfacet
  facet normal 1 0 0
    outer loop
      vertex 2.4 6.150645244622179 31.3
      vertex 2.4 42.50559116309236 19.166710699058807
      vertex 2.4 42.68096863991179 19.403179852490936
    endloop
  endfacet
  facet normal 1 0 0
    outer loop
      vertex 2.4 6.150645244622179 34.5
      vertex 2.4 42.68096863991179 19.403179852490936
      vertex 2.4 42.878679656440355 19.621320343559642
    endloop
  endfacet
  facet normal 1 0 0
    outer loop
      vertex 2.4 6.150645244622179 34.5
      vertex 2.4 42.878679656440355 19.621320343559642
      vertex 2.4 43.096820147509064 19.81903136008821
    endloop
  endfacet
  facet normal 1 0 0
    outer loop
      vertex 2.4 6.150645244622179 34.5
      vertex 2.4 43.096820147509064 19.81903136008821
      vertex 2.4 43.333289300941196 19.994408836907635
    endloop
  endfacet
  facet normal 1 0 0
    outer loop
      vertex 2.4 6.150645244622179 34.5
      vertex 2.4 43.333289300941196 19.994408836907635
      vertex 2.4 43.58580978952201 20.145763793045067
    endloop
  endfacet
  facet normal 1 0 0
    outer loop
      vertex 2.4 6.150645244622179 34.5
      vertex 2.4 43.58580978952201 20.145763793045067
      vertex 2.4 43.85194970290473 20.271638597533858
    endloop
  endfacet
  facet normal 1 0 0
    outer loop
      vertex 2.4 6.150645244622179 34.5
      vertex 2.4 43.85194970290473 20.271638597533858
      vertex 2.4 44.129145968236614 20.370821007196625
    endloop
  endfacet
  facet normal 1 0 0
    outer loop
      vertex 2.4 6.150645244622179 34.5
      vertex 2.4 44.129145968236614 20.370821007196625
      vertex 2.4 44.414729033951616 20.44235584120969
    endloop
  endfacet
  facet normal 1 0 0
    outer loop
      vertex 2.4 6.150645244622179 34.5
      vertex 2.4 44.414729033951616 20.44235584120969
      vertex 2.4 44.70594857901132 20.485554180016592
    endloop
  endfacet
  facet normal 1 0 0
    outer loop
      vertex 2.4 6.150645244622179 34.5
      vertex 2.4 44.70594857901132 20.485554180016592
      vertex 2.4 45 20.5
    endloop
  endfacet
  facet normal 1 0 0
    outer loop
      vertex 2.4 2.4 35
      vertex 2.4 6.150645244622179 34.5
      vertex 2.4 87.60000000000001 35
    endloop
  endfacet
  facet normal 0 1 0
    outer loop
      vertex 147.6 2.4 2
      vertex 6.150645244622179 2.4 31.3
      vertex 6.150645244622179 2.4 34.5
    endloop
  endfacet
  facet normal 0 1 0
    outer loop
      vertex 147.6 2.4 2
      vertex 6.150645244622179 2.4 34.5
      vertex 70.04935475537782 2.4 31.3
    endloop
  endfacet
  facet normal 0 1 0
    outer loop
      vertex 2.4 2.4 35
      vertex 70.04935475537782 2.4 34.5
      vertex 70.04935475537782 2.4 31.3
    endloop
  endfacet
  facet normal 0 1 0
    outer loop
      vertex 2.4 2.4 35
      vertex 79.95064524462218 2.4 34.5
      vertex 70.04935475537782 2.4 34.5
    endloop
  endfacet
  facet normal 0 0 1
    outer loop
      vertex 2.4 2.4 2
      vertex 4.15 49 2
      vertex 2.4 87.60000000000001 2
    endloop
  endfacet
  facet normal 0 0 1
    outer loop
      vertex 4.433736933296579 41.792991605204556 2
      vertex 4.516116523516816 48.116116523516816 2
      vertex 4.433736933296579 48.207008394795444 2
    endloop
  endfacet
  facet normal 0 0 1
    outer loop
      vertex 4.607008394795443 41.96626306670342 2
      vertex 4.705537208725498 47.96066298462182 2
      vertex 4.607008394795443 48.03373693329658 2
    endloop
  endfacet
  facet normal 0 0 1
    outer loop
      vertex 4.516116523516816 41.883883476483184 2
      vertex 4.607008394795443 48.03373693329658 2
      vertex 4.516116523516816 48.116116523516816 2
    endloop
  endfacet
  facet normal 0 0 1
    outer loop
      vertex 4.203824580334739 41.36285584656808 2
      vertex 4.245150584360892 48.52164570954364 2
      vertex 4.203824580334739 48.63714415343192 2
    endloop
  endfacet
  facet normal 0 0 1
    outer loop
      vertex 4.174018399495962 41.24386290252016 2
      vertex 4.203824580334739 48.63714415343192 2
      vertex 4.174018399495962 48.75613709747984 2
    endloop
  endfacet
  facet normal 0 0 1
    outer loop
      vertex 4.360662984621818 41.6944627912745 2
      vertex 4.433736933296579 48.207008394795444 2
      vertex 4.360662984621818 48.3055372087255 2
    endloop
  endfacet
  facet normal 0 0 1
    outer loop
      vertex 4.297598419564556 41.5892459210325 2
      vertex 4.360662984621818 48.3055372087255 2
      vertex 4.297598419564556 48.4107540789675 2
    endloop
  endfacet
  facet normal 0 0 1
    outer loop
      vertex 4.245150584360892 41.47835429045636 2
      vertex 4.297598419564556 48.4107540789675 2
      vertex 4.245150584360892 48.52164570954364 2
    endloop
  endfacet
  facet normal 0 0 1
    outer loop
      vertex 4.156019091659754 41.12252142541195 2
      vertex 4.174018399495962 48.75613709747984 2
      vertex 4.156019091659754 48.87747857458805 2
    endloop
  endfacet
  facet normal 0 0 1
    outer loop
      vertex 4.705537208725498 42.03933701537818 2
      vertex 4.810754078967503 47.89759841956456 2
      vertex 4.705537208725498 47.96066298462182 2
    endloop
  endfacet
  facet normal 0 0 1
    outer loop
      vertex 4.921645709543638 42.154849415639106 2
      vertex 5.037144153431923 47.80382458033474 2
      vertex 4.921645709543638 47.845150584360894 2
    endloop
  endfacet
  facet normal 0 0 1
    outer loop
      vertex 4.810754078967503 42.10240158043544 2
      vertex 4.921645709543638 47.845150584360894 2
      vertex 4.810754078967503 47.89759841956456 2
    endloop
  endfacet
  facet normal 0 0 1
    outer loop
      vertex 5.037144153431923 42.19617541966526 2
      vertex 5.15613709747984 47.774018399495965 2
      vertex 5.037144153431923 47.80382458033474 2
    endloop
  endfacet
  facet normal 0 0 1
    outer loop
      vertex 5.15613709747984 42.225981600504035 2
      vertex 5.2774785745880495 47.75601909165975 2
      vertex 5.15613709747984 47.774018399495965 2
    endloop
  endfacet
  facet normal 0 0 1
    outer loop
      vertex 5.2774785745880495 42.24398090834025 2
      vertex 5.4 47.75 2
      vertex 5.2774785745880495 47.75601909165975 2
    endloop
  endfacet
  facet normal 0 0 1
    outer loop
      vertex 5.522521425411951 42.24398090834025 2
      vertex 5.64386290252016 47.774018399495965 2
      vertex 5.522521425411951 47.75601909165975 2
    endloop
  endfacet
  facet normal 0 0 1
    outer loop
      vertex 5.4 42.25 2
      vertex 5.522521425411951 47.75601909165975 2
      vertex 5.4 47.75 2
    endloop
  endfacet
  facet normal 0 0 1
    outer loop
      vertex 5.64386290252016 42.225981600504035 2
      vertex 5.762855846568078 47.80382458033474 2
      vertex 5.64386290252016 47.774018399495965 2
    endloop
  endfacet
  facet normal 0 0 1
    outer loop
      vertex 5.762855846568078 42.19617541966526 2
      vertex 5.878354290456363 47.845150584360894 2
      vertex 5.762855846568078 47.80382458033474 2
    endloop
  endfacet
  facet normal 0 0 1
    outer loop
      vertex 5.878354290456363 42.154849415639106 2
      vertex 5.989245921032498 47.89759841956456 2
      vertex 5.878354290456363 47.845150584360894 2
    endloop
  endfacet
  facet normal 0 0 1
    outer loop
      vertex 6.094462791274503 42.03933701537818 2
      vertex 6.192991605204558 48.03373693329658 2
      vertex 6.094462791274503 47.96066298462182 2
    endloop
  endfacet
  facet normal 0 0 1
    outer loop
      vertex 5.989245921032498 42.10240158043544 2
      vertex 6.094462791274503 47.96066298462182 2
      vertex 5.989245921032498 47.89759841956456 2
    endloop
  endfacet
  facet normal 0 0 1
    outer loop
      vertex 6.192991605204558 41.96626306670342 2
      vertex 6.283883476483185 48.116116523516816 2
      vertex 6.192991605204558 48.03373693329658 2
    endloop
  endfacet
  facet normal 0 0 1
    outer loop
      vertex 6.3662630667034215 41.792991605204556 2
      vertex 6.439337015378182 48.3055372087255 2
      vertex 6.3662630667034215 48.207008394795444 2
    endloop
  endfacet
  facet normal 0 0 1
    outer loop
      vertex 6.283883476483185 41.883883476483184 2
      vertex 6.3662630667034215 48.207008394795444 2
      vertex 6.283883476483185 48.116116523516816 2
    endloop
  endfacet
  facet normal 0 0 1
    outer loop
      vertex 6.439337015378182 41.6944627912745 2
      vertex 6.5024015804354445 48.4107540789675 2
      vertex 6.439337015378182 48.3055372087255 2
    endloop
  endfacet
  facet normal 0 0 1
    outer loop
      vertex 6.554849415639109 41.47835429045636 2
      vertex 6.596175419665261 48.63714415343192 2
      vertex 6.554849415639109 48.52164570954364 2
    endloop
  endfacet
  facet normal 0 0 1
    outer loop
      vertex 6.5024015804354445 41.5892459210325 2
      vertex 6.554849415639109 48.52164570954364 2
      vertex 6.5024015804354445 48.4107540789675 2
    endloop
  endfacet
  facet normal 0 0 1
    outer loop
      vertex 6.625981600504039 41.24386290252016 2
      vertex 6.643980908340247 48.87747857458805 2
      vertex 6.625981600504039 48.75613709747984 2
    endloop
  endfacet
  facet normal 0 0 1
    outer loop
      vertex 6.596175419665261 41.36285584656808 2
      vertex 6.625981600504039 48.75613709747984 2
      vertex 6.596175419665261 48.63714415343192 2
    endloop
  endfacet
  facet normal 0 0 1
    outer loop
      vertex 6.643980908340247 41.12252142541195 2
      vertex 6.65 49 2
      vertex 6.643980908340247 48.87747857458805 2
    endloop
  endfacet
  facet normal 0 0 1
    outer loop
      vertex 5.878354290456363 50.154849415639106 2
      vertex 5.989245921032498 50.10240158043544 2
      vertex 22.594236206954935 67.385809789522 2
    endloop
  endfacet
  facet normal 0 0 1
    outer loop
      vertex 6.094462791274503 50.03933701537818 2
      vertex 22.745591163092367 67.13328930094119 2
      vertex 5.989245921032498 50.10240158043544 2
    endloop
  endfacet
  facet normal 0 0 1
    outer loop
      vertex 5.762855846568078 50.19617541966526 2
      vertex 5.878354290456363 50.154849415639106 2
      vertex 22.468361402466144 67.65194970290473 2
    endloop
  endfacet
  facet normal 0 0 1
    outer loop
      vertex 5.64386290252016 50.225981600504035 2
      vertex 5.762855846568078 50.19617541966526 2
      vertex 22.369178992803377 67.92914596823661 2
    endloop
  endfacet
  facet normal 0 0 1
    outer loop
      vertex 5.522521425411951 50.24398090834025 2
      vertex 5.64386290252016 50.225981600504035 2
      vertex 22.297644158790312 68.21472903395161 2
    endloop
  endfacet
  facet normal 0 0 1
    outer loop
      vertex 6.283883476483185 49.883883476483184 2
      vertex 6.3662630667034215 49.792991605204556 2
      vertex 23.11867965644036 66.67867965644035 2
    endloop
  endfacet
  facet normal 0 0 1
    outer loop
      vertex 6.283883476483185 49.883883476483184 2
      vertex 22.92096863991179 66.89682014750906 2
      vertex 6.192991605204558 49.96626306670342 2
    endloop
  endfacet
  facet normal 0 0 1
    outer loop
      vertex 6.094462791274503 50.03933701537818 2
      vertex 6.192991605204558 49.96626306670342 2
      vertex 22.92096863991179 66.89682014750906 2
    endloop
  endfacet
  facet normal 1 0 0
    outer loop
      vertex 2.4 2.4 2
      vertex 2.4 87.60000000000001 2
      vertex 2.4 45.870854031763386 14.629178992803373
    endloop
  endfacet
  facet normal 0 0 1
    outer loop
      vertex 4.15 49 2
      vertex 4.156019091659754 49.12252142541195 2
      vertex 2.4 87.60000000000001 2
    endloop
  endfacet
  facet normal 0 0 1
    outer loop
      vertex 4.156019091659754 49.12252142541195 2
      vertex 4.174018399495962 49.24386290252016 2
      vertex 2.4 87.60000000000001 2
    endloop
  endfacet
  facet normal 0 0 1
    outer loop
      vertex 4.174018399495962 49.24386290252016 2
      vertex 4.203824580334739 49.36285584656808 2
      vertex 2.4 87.60000000000001 2
    endloop
  endfacet
  facet normal 0 0 1
    outer loop
      vertex 4.245150584360892 49.47835429045636 2
      vertex 4.297598419564556 49.5892459210325 2
      vertex 2.4 87.60000000000001 2
    endloop
  endfacet
  facet normal 0 0 1
    outer loop
      vertex 4.203824580334739 49.36285584656808 2
      vertex 4.245150584360892 49.47835429045636 2
      vertex 2.4 87.60000000000001 2
    endloop
  endfacet
  facet normal 0 0 1
    outer loop
      vertex 4.297598419564556 49.5892459210325 2
      vertex 4.360662984621818 49.6944627912745 2
      vertex 2.4 87.60000000000001 2
    endloop
  endfacet
  facet normal 0 0 1
    outer loop
      vertex 4.360662984621818 49.6944627912745 2
      vertex 4.433736933296579 49.792991605204556 2
      vertex 2.4 87.60000000000001 2
    endloop
  endfacet
  facet normal 0 0 1
    outer loop
      vertex 4.433736933296579 49.792991605204556 2
      vertex 4.516116523516816 49.883883476483184 2
      vertex 2.4 87.60000000000001 2
    endloop
  endfacet
  facet normal 0 0 1
    outer loop
      vertex 4.516116523516816 49.883883476483184 2
      vertex 4.607008394795443 49.96626306670342 2
      vertex 2.4 87.60000000000001 2
    endloop
  endfacet
  facet normal 0 0 1
    outer loop
      vertex 4.607008394795443 49.96626306670342 2
      vertex 4.705537208725498 50.03933701537818 2
      vertex 2.4 87.60000000000001 2
    endloop
  endfacet
  facet normal 0 0 1
    outer loop
      vertex 4.810754078967503 50.10240158043544 2
      vertex 4.921645709543638 50.154849415639106 2
      vertex 2.4 87.60000000000001 2
    endloop
  endfacet
  facet normal 0 0 1
    outer loop
      vertex 4.705537208725498 50.03933701537818 2
      vertex 4.810754078967503 50.10240158043544 2
      vertex 2.4 87.60000000000001 2
    endloop
  endfacet
  facet normal 0 0 1
    outer loop
      vertex 4.921645709543638 50.154849415639106 2
      vertex 5.037144153431923 50.19617541966526 2
      vertex 2.4 87.60000000000001 2
    endloop
  endfacet
  facet normal 0 0 1
    outer loop
      vertex 5.037144153431923 50.19617541966526 2
      vertex 5.15613709747984 50.225981600504035 2
      vertex 2.4 87.60000000000001 2
    endloop
  endfacet
  facet normal 0 0 1
    outer loop
      vertex 5.15613709747984 50.225981600504035 2
      vertex 7.1665918116000284 75.75950497725702 2
      vertex 6.764594250765408 76.05764668785004 2
    endloop
  endfacet
  facet normal 0 0 1
    outer loop
      vertex 5.15613709747984 50.225981600504035 2
      vertex 8.048314494938042 75.28821438419244 2
      vertex 7.595876642187412 75.50220155182339 2
    endloop
  endfacet
  facet normal 0 0 1
    outer loop
      vertex 5.15613709747984 50.225981600504035 2
      vertex 7.595876642187412 75.50220155182339 2
      vertex 7.1665918116000284 75.75950497725702 2
    endloop
  endfacet
  facet normal 0 0 1
    outer loop
      vertex 5.15613709747984 50.225981600504035 2
      vertex 9.005039357717745 74.99799506994353 2
      vertex 8.519548146002242 75.11960428776574 2
    endloop
  endfacet
  facet normal 0 0 1
    outer loop
      vertex 5.15613709747984 50.225981600504035 2
      vertex 9.500112584319242 74.9245578939718 2
      vertex 9.005039357717745 74.99799506994353 2
    endloop
  endfacet
  facet normal 0 0 1
    outer loop
      vertex 5.15613709747984 50.225981600504035 2
      vertex 8.519548146002242 75.11960428776574 2
      vertex 8.048314494938042 75.28821438419244 2
    endloop
  endfacet
  facet normal 0 0 1
    outer loop
      vertex 5.15613709747984 50.225981600504035 2
      vertex 10 74.9 2
      vertex 9.500112584319242 74.9245578939718 2
    endloop
  endfacet
  facet normal 0 0 1
    outer loop
      vertex 5.15613709747984 50.225981600504035 2
      vertex 10.499887415680758 74.9245578939718 2
      vertex 10 74.9 2
    endloop
  endfacet
  facet normal 0 0 1
    outer loop
      vertex 5.15613709747984 50.225981600504035 2
      vertex 10.994960642282255 74.99799506994353 2
      vertex 10.499887415680758 74.9245578939718 2
    endloop
  endfacet
  facet normal 0 0 1
    outer loop
      vertex 5.15613709747984 50.225981600504035 2
      vertex 11.480451853997758 75.11960428776574 2
      vertex 10.994960642282255 74.99799506994353 2
    endloop
  endfacet
  facet normal 0 0 1
    outer loop
      vertex 5.4 50.25 2
      vertex 5.522521425411951 50.24398090834025 2
      vertex 22.25444581998341 68.50594857901132 2
    endloop
  endfacet
  facet normal 0 0 1
    outer loop
      vertex 5.2774785745880495 50.24398090834025 2
      vertex 5.4 50.25 2
      vertex 22.240000000000002 68.8 2
    endloop
  endfacet
  facet normal 0 0 1
    outer loop
      vertex 5.15613709747984 50.225981600504035 2
      vertex 5.2774785745880495 50.24398090834025 2
      vertex 22.25444581998341 69.09405142098868 2
    endloop
  endfacet
  facet normal 0 0 1
    outer loop
      vertex 6.283883476483185 49.883883476483184 2
      vertex 23.11867965644036 66.67867965644035 2
      vertex 22.92096863991179 66.89682014750906 2
    endloop
  endfacet
  facet normal 0 0 1
    outer loop
      vertex 5.878354290456363 50.154849415639106 2
      vertex 22.594236206954935 67.385809789522 2
      vertex 22.468361402466144 67.65194970290473 2
    endloop
  endfacet
  facet normal 0 0 1
    outer loop
      vertex 6.094462791274503 50.03933701537818 2
      vertex 22.92096863991179 66.89682014750906 2
      vertex 22.745591163092367 67.13328930094119 2
    endloop
  endfacet
  facet normal 0 0 1
    outer loop
      vertex 5.989245921032498 50.10240158043544 2
      vertex 22.745591163092367 67.13328930094119 2
      vertex 22.594236206954935 67.385809789522 2
    endloop
  endfacet
  facet normal 0 0 1
    outer loop
      vertex 6.3662630667034215 49.792991605204556 2
      vertex 23.82580978952201 66.15423620695493 2
      vertex 23.573289300941195 66.30559116309236 2
    endloop
  endfacet
  facet normal 0 0 1
    outer loop
      vertex 6.3662630667034215 49.792991605204556 2
      vertex 24.09194970290473 66.02836140246613 2
      vertex 23.82580978952201 66.15423620695493 2
    endloop
  endfacet
  facet normal 0 0 1
    outer loop
      vertex 6.3662630667034215 49.792991605204556 2
      vertex 23.336820147509066 66.48096863991178 2
      vertex 23.11867965644036 66.67867965644035 2
    endloop
  endfacet
  facet normal 0 0 1
    outer loop
      vertex 6.3662630667034215 49.792991605204556 2
      vertex 23.573289300941195 66.30559116309236 2
      vertex 23.336820147509066 66.48096863991178 2
    endloop
  endfacet
  facet normal 0 0 1
    outer loop
      vertex 6.3662630667034215 49.792991605204556 2
      vertex 24.369145968236616 65.92917899280337 2
      vertex 24.09194970290473 66.02836140246613 2
    endloop
  endfacet
  facet normal 0 0 1
    outer loop
      vertex 6.3662630667034215 49.792991605204556 2
      vertex 24.654729033951618 65.85764415879031 2
      vertex 24.369145968236616 65.92917899280337 2
    endloop
  endfacet
  facet normal 0 0 1
    outer loop
      vertex 6.3662630667034215 49.792991605204556 2
      vertex 24.94594857901132 65.8144458199834 2
      vertex 24.654729033951618 65.85764415879031 2
    endloop
  endfacet
  facet normal 0 0 1
    outer loop
      vertex 5.15613709747984 50.225981600504035 2
      vertex 11.951685505061958 75.28821438419244 2
      vertex 11.480451853997758 75.11960428776574 2
    endloop
  endfacet
  facet normal 0 0 1
    outer loop
      vertex 5.15613709747984 50.225981600504035 2
      vertex 12.404123357812587 75.50220155182339 2
      vertex 11.951685505061958 75.28821438419244 2
    endloop
  endfacet
  facet normal 0 0 1
    outer loop
      vertex 5.15613709747984 50.225981600504035 2
      vertex 12.833408188399972 75.75950497725702 2
      vertex 12.404123357812587 75.50220155182339 2
    endloop
  endfacet
  facet normal 0 0 1
    outer loop
      vertex 5.15613709747984 50.225981600504035 2
      vertex 13.235405749234591 76.05764668785004 2
      vertex 12.833408188399972 75.75950497725702 2
    endloop
  endfacet
  facet normal 0 0 1
    outer loop
      vertex 5.15613709747984 50.225981600504035 2
      vertex 22.25444581998341 69.09405142098868 2
      vertex 13.235405749234591 76.05764668785004 2
    endloop
  endfacet
  facet normal 0 0 1
    outer loop
      vertex 5.762855846568078 50.19617541966526 2
      vertex 22.468361402466144 67.65194970290473 2
      vertex 22.369178992803377 67.92914596823661 2
    endloop
  endfacet
  facet normal 0 0 1
    outer loop
      vertex 5.64386290252016 50.225981600504035 2
      vertex 22.369178992803377 67.92914596823661 2
      vertex 22.297644158790312 68.21472903395161 2
    endloop
  endfacet
  facet normal 0 0 1
    outer loop
      vertex 5.522521425411951 50.24398090834025 2
      vertex 22.297644158790312 68.21472903395161 2
      vertex 22.25444581998341 68.50594857901132 2
    endloop
  endfacet
  facet normal 0 0 1
    outer loop
      vertex 5.4 50.25 2
      vertex 22.25444581998341 68.50594857901132 2
      vertex 22.240000000000002 68.8 2
    endloop
  endfacet
  facet normal 0 0 1
    outer loop
      vertex 5.2774785745880495 50.24398090834025 2
      vertex 22.240000000000002 68.8 2
      vertex 22.25444581998341 69.09405142098868 2
    endloop
  endfacet
  facet normal 0 0 1
    outer loop
      vertex 6.65 41 2
      vertex 76.04 50.56 2
      vertex 6.65 49 2
    endloop
  endfacet
  facet normal 0 0 1
    outer loop
      vertex 6.625981600504039 49.24386290252016 2
      vertex 74.3732893009412 51.065591163092364 2
      vertex 6.596175419665261 49.36285584656808 2
    endloop
  endfacet
  facet normal 0 0 1
    outer loop
      vertex 6.596175419665261 49.36285584656808 2
      vertex 74.3732893009412 51.065591163092364 2
      vertex 6.554849415639109 49.47835429045636 2
    endloop
  endfacet
  facet normal 0 0 1
    outer loop
      vertex 6.554849415639109 49.47835429045636 2
      vertex 74.13682014750907 51.24096863991179 2
      vertex 6.5024015804354445 49.5892459210325 2
    endloop
  endfacet
  facet normal 0 0 1
    outer loop
      vertex 6.439337015378182 49.6944627912745 2
      vertex 6.5024015804354445 49.5892459210325 2
      vertex 74.13682014750907 51.24096863991179 2
    endloop
  endfacet
  facet normal 0 0 1
    outer loop
      vertex 6.439337015378182 49.6944627912745 2
      vertex 73.91867965644036 51.43867965644036 2
      vertex 6.3662630667034215 49.792991605204556 2
    endloop
  endfacet
  facet normal 0 0 1
    outer loop
      vertex 6.65 49 2
      vertex 74.89194970290474 50.788361402466144 2
      vertex 6.643980908340247 49.12252142541195 2
    endloop
  endfacet
  facet normal 0 0 1
    outer loop
      vertex 6.643980908340247 49.12252142541195 2
      vertex 74.62580978952201 50.91423620695494 2
      vertex 6.625981600504039 49.24386290252016 2
    endloop
  endfacet
  facet normal 0 0 1
    outer loop
      vertex 6.3662630667034215 49.792991605204556 2
      vertex 73.26836140246614 52.411949702904735 2
      vertex 26.90671069905881 66.30559116309236 2
    endloop
  endfacet
  facet normal 0 0 1
    outer loop
      vertex 6.3662630667034215 49.792991605204556 2
      vertex 25.240000000000002 65.8 2
      vertex 24.94594857901132 65.8144458199834 2
    endloop
  endfacet
  facet normal 0 0 1
    outer loop
      vertex 6.3662630667034215 49.792991605204556 2
      vertex 25.534051420988686 65.8144458199834 2
      vertex 25.240000000000002 65.8 2
    endloop
  endfacet
  facet normal 0 0 1
    outer loop
      vertex 6.3662630667034215 49.792991605204556 2
      vertex 25.825270966048386 65.85764415879031 2
      vertex 25.534051420988686 65.8144458199834 2
    endloop
  endfacet
  facet normal 0 0 1
    outer loop
      vertex 6.3662630667034215 49.792991605204556 2
      vertex 26.110854031763388 65.92917899280337 2
      vertex 25.825270966048386 65.85764415879031 2
    endloop
  endfacet
  facet normal 0 0 1
    outer loop
      vertex 6.3662630667034215 49.792991605204556 2
      vertex 26.388050297095273 66.02836140246613 2
      vertex 26.110854031763388 65.92917899280337 2
    endloop
  endfacet
  facet normal 0 0 1
    outer loop
      vertex 6.3662630667034215 49.792991605204556 2
      vertex 26.654190210477996 66.15423620695493 2
      vertex 26.388050297095273 66.02836140246613 2
    endloop
  endfacet
  facet normal 0 0 1
    outer loop
      vertex 6.3662630667034215 49.792991605204556 2
      vertex 26.90671069905881 66.30559116309236 2
      vertex 26.654190210477996 66.15423620695493 2
    endloop
  endfacet
  facet normal 1 0 0
    outer loop
      vertex 2.4 87.60000000000001 2
      vertex 2.4 46.14805029709527 14.72836140246614
      vertex 2.4 45.870854031763386 14.629178992803373
    endloop
  endfacet
  facet normal 1 0 0
    outer loop
      vertex 2.4 87.60000000000001 2
      vertex 2.4 46.41419021047799 14.854236206954935
      vertex 2.4 46.14805029709527 14.72836140246614
    endloop
  endfacet
  facet normal 1 0 0
    outer loop
      vertex 2.4 87.60000000000001 2
      vertex 2.4 46.666710699058804 15.005591163092365
      vertex 2.4 46.41419021047799 14.854236206954935
    endloop
  endfacet
  facet normal 1 0 0
    outer loop
      vertex 2.4 87.60000000000001 2
      vertex 2.4 46.903179852490936 15.18096863991179
      vertex 2.4 46.666710699058804 15.005591163092365
    endloop
  endfacet
  facet normal 1 0 0
    outer loop
      vertex 2.4 87.60000000000001 2
      vertex 2.4 47.121320343559645 15.378679656440358
      vertex 2.4 46.903179852490936 15.18096863991179
    endloop
  endfacet
  facet normal 1 0 0
    outer loop
      vertex 2.4 87.60000000000001 2
      vertex 2.4 47.31903136008821 15.596820147509064
      vertex 2.4 47.121320343559645 15.378679656440358
    endloop
  endfacet
  facet normal 1 0 0
    outer loop
      vertex 2.4 87.60000000000001 2
      vertex 2.4 47.49440883690764 15.833289300941193
      vertex 2.4 47.31903136008821 15.596820147509064
    endloop
  endfacet
  facet normal 1 0 0
    outer loop
      vertex 2.4 87.60000000000001 2
      vertex 2.4 47.64576379304506 16.085809789522006
      vertex 2.4 47.49440883690764 15.833289300941193
    endloop
  endfacet
  facet normal 1 0 0
    outer loop
      vertex 2.4 87.60000000000001 2
      vertex 2.4 47.77163859753386 16.35194970290473
      vertex 2.4 47.64576379304506 16.085809789522006
    endloop
  endfacet
  facet normal 1 0 0
    outer loop
      vertex 2.4 87.60000000000001 2
      vertex 2.4 47.870821007196625 16.629145968236614
      vertex 2.4 47.77163859753386 16.35194970290473
    endloop
  endfacet
  facet normal 1 0 0
    outer loop
      vertex 2.4 87.60000000000001 2
      vertex 2.4 47.94235584120969 16.914729033951616
      vertex 2.4 47.870821007196625 16.629145968236614
    endloop
  endfacet
  facet normal 1 0 0
    outer loop
      vertex 2.4 87.60000000000001 2
      vertex 2.4 47.98555418001659 17.205948579011316
      vertex 2.4 47.94235584120969 16.914729033951616
    endloop
  endfacet
  facet normal 1 0 0
    outer loop
      vertex 2.4 87.60000000000001 2
      vertex 2.4 48 17.5
      vertex 2.4 47.98555418001659 17.205948579011316
    endloop
  endfacet
  facet normal 1 0 0
    outer loop
      vertex 2.4 87.60000000000001 2
      vertex 2.4 47.98555418001659 17.794051420988684
      vertex 2.4 48 17.5
    endloop
  endfacet
  facet normal 1 0 0
    outer loop
      vertex 2.4 87.60000000000001 2
      vertex 2.4 47.870821007196625 18.370854031763386
      vertex 2.4 47.94235584120969 18.085270966048384
    endloop
  endfacet
  facet normal 1 0 0
    outer loop
      vertex 2.4 87.60000000000001 2
      vertex 2.4 47.94235584120969 18.085270966048384
      vertex 2.4 47.98555418001659 17.794051420988684
    endloop
  endfacet
  facet normal 0 0 1
    outer loop
      vertex 5.15613709747984 50.225981600504035 2
      vertex 4.9 80 2
      vertex 2.4 87.60000000000001 2
    endloop
  endfacet
  facet normal 0 0 1
    outer loop
      vertex 5.15613709747984 50.225981600504035 2
      vertex 6.057646687850042 76.76459425076541 2
      vertex 5.75950497725702 77.16659181160003 2
    endloop
  endfacet
  facet normal 0 0 1
    outer loop
      vertex 5.15613709747984 50.225981600504035 2
      vertex 5.75950497725702 77.16659181160003 2
      vertex 5.50220155182339 77.5958766421874 2
    endloop
  endfacet
  facet normal 0 0 1
    outer loop
      vertex 5.15613709747984 50.225981600504035 2
      vertex 5.50220155182339 77.5958766421874 2
      vertex 5.288214384192438 78.04831449493804 2
    endloop
  endfacet
  facet normal 0 0 1
    outer loop
      vertex 5.15613709747984 50.225981600504035 2
      vertex 6.764594250765408 76.05764668785004 2
      vertex 6.393755415948608 76.3937554159486 2
    endloop
  endfacet
  facet normal 0 0 1
    outer loop
      vertex 5.15613709747984 50.225981600504035 2
      vertex 6.393755415948608 76.3937554159486 2
      vertex 6.057646687850042 76.76459425076541 2
    endloop
  endfacet
  facet normal 0 0 1
    outer loop
      vertex 5.15613709747984 50.225981600504035 2
      vertex 5.288214384192438 78.04831449493804 2
      vertex 5.1196042877657355 78.51954814600224 2
    endloop
  endfacet
  facet normal 0 0 1
    outer loop
      vertex 5.15613709747984 50.225981600504035 2
      vertex 5.1196042877657355 78.51954814600224 2
      vertex 4.997995069943525 79.00503935771775 2
    endloop
  endfacet
  facet normal 0 0 1
    outer loop
      vertex 5.15613709747984 50.225981600504035 2
      vertex 4.997995069943525 79.00503935771775 2
      vertex 4.924557893971796 79.50011258431924 2
    endloop
  endfacet
  facet normal 0 0 1
    outer loop
      vertex 5.15613709747984 50.225981600504035 2
      vertex 4.924557893971796 79.50011258431924 2
      vertex 4.9 80 2
    endloop
  endfacet
  facet normal 0 0 1
    outer loop
      vertex 22.25444581998341 69.09405142098868 2
      vertex 13.606244584051392 76.3937554159486 2
      vertex 13.235405749234591 76.05764668785004 2
    endloop
  endfacet
  facet normal 0 0 1
    outer loop
      vertex 22.25444581998341 69.09405142098868 2
      vertex 13.942353312149958 76.76459425076541 2
      vertex 13.606244584051392 76.3937554159486 2
    endloop
  endfacet
  facet normal 0 0 1
    outer loop
      vertex 22.468361402466144 69.94805029709526 2
      vertex 14.24049502274298 77.16659181160003 2
      vertex 13.942353312149958 76.76459425076541 2
    endloop
  endfacet
  facet normal 0 0 1
    outer loop
      vertex 22.92096863991179 70.70317985249093 2
      vertex 14.49779844817661 77.5958766421874 2
      vertex 14.24049502274298 77.16659181160003 2
    endloop
  endfacet
  facet normal 0 0 1
    outer loop
      vertex 23.336820147509066 71.11903136008821 2
      vertex 14.711785615807562 78.04831449493804 2
      vertex 14.49779844817661 77.5958766421874 2
    endloop
  endfacet
  facet normal 0 0 1
    outer loop
      vertex 24.09194970290473 71.57163859753386 2
      vertex 14.880395712234264 78.51954814600224 2
      vertex 14.711785615807562 78.04831449493804 2
    endloop
  endfacet
  facet normal 0 0 1
    outer loop
      vertex 25.534051420988686 71.78555418001659 2
      vertex 15.002004930056476 79.00503935771775 2
      vertex 14.880395712234264 78.51954814600224 2
    endloop
  endfacet
  facet normal 0 0 1
    outer loop
      vertex 2.4 87.60000000000001 2
      vertex 4.9 80 2
      vertex 4.924557893971796 80.49988741568076 2
    endloop
  endfacet
  facet normal 0 0 1
    outer loop
      vertex 2.4 87.60000000000001 2
      vertex 4.924557893971796 80.49988741568076 2
      vertex 4.997995069943525 80.99496064228225 2
    endloop
  endfacet
  facet normal 0 0 1
    outer loop
      vertex 2.4 87.60000000000001 2
      vertex 4.997995069943525 80.99496064228225 2
      vertex 5.1196042877657355 81.48045185399776 2
    endloop
  endfacet
  facet normal 0 0 1
    outer loop
      vertex 2.4 87.60000000000001 2
      vertex 5.1196042877657355 81.48045185399776 2
      vertex 5.288214384192438 81.95168550506196 2
    endloop
  endfacet
  facet normal 0 0 1
    outer loop
      vertex 2.4 87.60000000000001 2
      vertex 5.288214384192438 81.95168550506196 2
      vertex 5.50220155182339 82.4041233578126 2
    endloop
  endfacet
  facet normal 0 0 1
    outer loop
      vertex 2.4 87.60000000000001 2
      vertex 5.50220155182339 82.4041233578126 2
      vertex 5.75950497725702 82.83340818839997 2
    endloop
  endfacet
  facet normal 0 0 1
    outer loop
      vertex 2.4 87.60000000000001 2
      vertex 5.75950497725702 82.83340818839997 2
      vertex 6.057646687850042 83.23540574923459 2
    endloop
  endfacet
  facet normal 0 0 1
    outer loop
      vertex 2.4 87.60000000000001 2
      vertex 6.057646687850042 83.23540574923459 2
      vertex 6.393755415948608 83.6062445840514 2
    endloop
  endfacet
  facet normal 0 0 1
    outer loop
      vertex 2.4 87.60000000000001 2
      vertex 6.393755415948608 83.6062445840514 2
      vertex 6.764594250765408 83.94235331214996 2
    endloop
  endfacet
  facet normal 0 0 1
    outer loop
      vertex 2.4 87.60000000000001 2
      vertex 6.764594250765408 83.94235331214996 2
      vertex 7.1665918116000284 84.24049502274298 2
    endloop
  endfacet
  facet normal 0 0 1
    outer loop
      vertex 2.4 87.60000000000001 2
      vertex 7.1665918116000284 84.24049502274298 2
      vertex 7.595876642187412 84.49779844817661 2
    endloop
  endfacet
  facet normal 0 0 1
    outer loop
      vertex 2.4 87.60000000000001 2
      vertex 7.595876642187412 84.49779844817661 2
      vertex 8.048314494938042 84.71178561580756 2
    endloop
  endfacet
  facet normal 0 0 1
    outer loop
      vertex 2.4 87.60000000000001 2
      vertex 8.048314494938042 84.71178561580756 2
      vertex 8.519548146002242 84.88039571223426 2
    endloop
  endfacet
  facet normal 0 0 1
    outer loop
      vertex 2.4 87.60000000000001 2
      vertex 8.519548146002242 84.88039571223426 2
      vertex 9.005039357717745 85.00200493005647 2
    endloop
  endfacet
  facet normal 0 0 1
    outer loop
      vertex 2.4 87.60000000000001 2
      vertex 9.005039357717745 85.00200493005647 2
      vertex 9.500112584319242 85.0754421060282 2
    endloop
  endfacet
  facet normal 0 0 1
    outer loop
      vertex 2.4 87.60000000000001 2
      vertex 9.500112584319242 85.0754421060282 2
      vertex 10 85.1 2
    endloop
  endfacet
  facet normal 0 0 1
    outer loop
      vertex 2.4 87.60000000000001 2
      vertex 10 85.1 2
      vertex 10.499887415680758 85.0754421060282 2
    endloop
  endfacet
  facet normal 0 0 1
    outer loop
      vertex 2.4 87.60000000000001 2
      vertex 10.499887415680758 85.0754421060282 2
      vertex 10.994960642282255 85.00200493005647 2
    endloop
  endfacet
  facet normal 0 0 1
    outer loop
      vertex 2.4 87.60000000000001 2
      vertex 10.994960642282255 85.00200493005647 2
      vertex 11.480451853997758 84.88039571223426 2
    endloop
  endfacet
  facet normal 0 0 1
    outer loop
      vertex 22.25444581998341 69.09405142098868 2
      vertex 22.297644158790312 69.38527096604838 2
      vertex 13.942353312149958 76.76459425076541 2
    endloop
  endfacet
  facet normal 0 0 1
    outer loop
      vertex 22.297644158790312 69.38527096604838 2
      vertex 22.369178992803377 69.67085403176338 2
      vertex 13.942353312149958 76.76459425076541 2
    endloop
  endfacet
  facet normal 0 0 1
    outer loop
      vertex 22.369178992803377 69.67085403176338 2
      vertex 22.468361402466144 69.94805029709526 2
      vertex 13.942353312149958 76.76459425076541 2
    endloop
  endfacet
  facet normal 0 0 1
    outer loop
      vertex 22.468361402466144 69.94805029709526 2
      vertex 22.594236206954935 70.214190210478 2
      vertex 14.24049502274298 77.16659181160003 2
    endloop
  endfacet
  facet normal 0 0 1
    outer loop
      vertex 22.594236206954935 70.214190210478 2
      vertex 22.745591163092367 70.46671069905881 2
      vertex 14.24049502274298 77.16659181160003 2
    endloop
  endfacet
  facet normal 0 0 1
    outer loop
      vertex 22.745591163092367 70.46671069905881 2
      vertex 22.92096863991179 70.70317985249093 2
      vertex 14.24049502274298 77.16659181160003 2
    endloop
  endfacet
  facet normal 0 0 1
    outer loop
      vertex 22.92096863991179 70.70317985249093 2
      vertex 23.11867965644036 70.92132034355964 2
      vertex 14.49779844817661 77.5958766421874 2
    endloop
  endfacet
  facet normal 0 0 1
    outer loop
      vertex 24.137598419564558 68.2107540789675 2
      vertex 25.483862902520162 70.02598160050404 2
      vertex 24.085150584360893 68.32164570954363 2
    endloop
  endfacet
  facet normal 0 0 1
    outer loop
      vertex 24.76164570954364 67.64515058436089 2
      vertex 25.718354290456364 69.9548494156391 2
      vertex 24.650754078967505 67.69759841956456 2
    endloop
  endfacet
  facet normal 0 0 1
    outer loop
      vertex 24.5455372087255 67.76066298462182 2
      vertex 24.650754078967505 67.69759841956456 2
      vertex 25.718354290456364 69.9548494156391 2
    endloop
  endfacet
  facet normal 0 0 1
    outer loop
      vertex 24.447008394795446 67.83373693329658 2
      vertex 24.5455372087255 67.76066298462182 2
      vertex 25.718354290456364 69.9548494156391 2
    endloop
  endfacet
  facet normal 0 0 1
    outer loop
      vertex 24.76164570954364 67.64515058436089 2
      vertex 24.877144153431924 67.60382458033473 2
      vertex 25.718354290456364 69.9548494156391 2
    endloop
  endfacet
  facet normal 0 0 1
    outer loop
      vertex 24.27373693329658 68.00700839479543 2
      vertex 25.718354290456364 69.9548494156391 2
      vertex 24.20066298462182 68.1055372087255 2
    endloop
  endfacet
  facet normal 0 0 1
    outer loop
      vertex 24.447008394795446 67.83373693329658 2
      vertex 25.718354290456364 69.9548494156391 2
      vertex 24.356116523516818 67.91611652351682 2
    endloop
  endfacet
  facet normal 0 0 1
    outer loop
      vertex 24.27373693329658 68.00700839479543 2
      vertex 24.356116523516818 67.91611652351682 2
      vertex 25.718354290456364 69.9548494156391 2
    endloop
  endfacet
  facet normal 0 0 1
    outer loop
      vertex 24.20066298462182 68.1055372087255 2
      vertex 25.60285584656808 69.99617541966526 2
      vertex 24.137598419564558 68.2107540789675 2
    endloop
  endfacet
  facet normal 0 0 1
    outer loop
      vertex 24.996137097479842 67.57401839949596 2
      vertex 25.117478574588052 67.55601909165975 2
      vertex 25.718354290456364 69.9548494156391 2
    endloop
  endfacet
  facet normal 0 0 1
    outer loop
      vertex 24.877144153431924 67.60382458033473 2
      vertex 24.996137097479842 67.57401839949596 2
      vertex 25.718354290456364 69.9548494156391 2
    endloop
  endfacet
  facet normal 0 0 1
    outer loop
      vertex 25.240000000000002 67.55 2
      vertex 25.362521425411952 67.55601909165975 2
      vertex 25.718354290456364 69.9548494156391 2
    endloop
  endfacet
  facet normal 0 0 1
    outer loop
      vertex 25.117478574588052 67.55601909165975 2
      vertex 25.240000000000002 67.55 2
      vertex 25.718354290456364 69.9548494156391 2
    endloop
  endfacet
  facet normal 0 0 1
    outer loop
      vertex 25.483862902520162 67.57401839949596 2
      vertex 25.60285584656808 67.60382458033473 2
      vertex 25.718354290456364 69.9548494156391 2
    endloop
  endfacet
  facet normal 0 0 1
    outer loop
      vertex 25.362521425411952 67.55601909165975 2
      vertex 25.483862902520162 67.57401839949596 2
      vertex 25.718354290456364 69.9548494156391 2
    endloop
  endfacet
  facet normal 0 0 1
    outer loop
      vertex 25.60285584656808 67.60382458033473 2
      vertex 25.718354290456364 67.64515058436089 2
      vertex 25.718354290456364 69.9548494156391 2
    endloop
  endfacet
  facet normal 0 0 1
    outer loop
      vertex 23.990000000000002 68.8 2
      vertex 24.877144153431924 69.99617541966526 2
      vertex 23.996019091659754 68.92252142541194 2
    endloop
  endfacet
  facet normal 0 0 1
    outer loop
      vertex 24.014018399495964 68.55613709747983 2
      vertex 24.043824580334743 68.43714415343192 2
      vertex 25.240000000000002 70.05 2
    endloop
  endfacet
  facet normal 0 0 1
    outer loop
      vertex 24.085150584360893 68.32164570954363 2
      vertex 25.362521425411952 70.04398090834025 2
      vertex 24.043824580334743 68.43714415343192 2
    endloop
  endfacet
  facet normal 0 0 1
    outer loop
      vertex 24.014018399495964 68.55613709747983 2
      vertex 25.117478574588052 70.04398090834025 2
      vertex 23.996019091659754 68.67747857458805 2
    endloop
  endfacet
  facet normal 0 0 1
    outer loop
      vertex 23.996019091659754 68.67747857458805 2
      vertex 24.996137097479842 70.02598160050404 2
      vertex 23.990000000000002 68.8 2
    endloop
  endfacet
  facet normal 0 0 1
    outer loop
      vertex 23.996019091659754 68.92252142541194 2
      vertex 24.877144153431924 69.99617541966526 2
      vertex 24.014018399495964 69.04386290252016 2
    endloop
  endfacet
  facet normal 0 0 1
    outer loop
      vertex 24.014018399495964 69.04386290252016 2
      vertex 24.650754078967505 69.90240158043544 2
      vertex 24.043824580334743 69.16285584656808 2
    endloop
  endfacet
  facet normal 0 0 1
    outer loop
      vertex 24.043824580334743 69.16285584656808 2
      vertex 24.5455372087255 69.83933701537818 2
      vertex 24.085150584360893 69.27835429045636 2
    endloop
  endfacet
  facet normal 0 0 1
    outer loop
      vertex 24.085150584360893 69.27835429045636 2
      vertex 24.447008394795446 69.76626306670342 2
      vertex 24.137598419564558 69.3892459210325 2
    endloop
  endfacet
  facet normal 0 0 1
    outer loop
      vertex 24.20066298462182 69.4944627912745 2
      vertex 24.356116523516818 69.68388347648317 2
      vertex 24.27373693329658 69.59299160520456 2
    endloop
  endfacet
  facet normal 0 0 1
    outer loop
      vertex 24.137598419564558 69.3892459210325 2
      vertex 24.356116523516818 69.68388347648317 2
      vertex 24.20066298462182 69.4944627912745 2
    endloop
  endfacet
  facet normal 0 0 1
    outer loop
      vertex 24.137598419564558 69.3892459210325 2
      vertex 24.447008394795446 69.76626306670342 2
      vertex 24.356116523516818 69.68388347648317 2
    endloop
  endfacet
  facet normal 0 0 1
    outer loop
      vertex 24.043824580334743 69.16285584656808 2
      vertex 24.650754078967505 69.90240158043544 2
      vertex 24.5455372087255 69.83933701537818 2
    endloop
  endfacet
  facet normal 0 0 1
    outer loop
      vertex 24.085150584360893 69.27835429045636 2
      vertex 24.5455372087255 69.83933701537818 2
      vertex 24.447008394795446 69.76626306670342 2
    endloop
  endfacet
  facet normal 0 0 1
    outer loop
      vertex 24.014018399495964 69.04386290252016 2
      vertex 24.877144153431924 69.99617541966526 2
      vertex 24.76164570954364 69.9548494156391 2
    endloop
  endfacet
  facet normal 0 0 1
    outer loop
      vertex 24.014018399495964 69.04386290252016 2
      vertex 24.76164570954364 69.9548494156391 2
      vertex 24.650754078967505 69.90240158043544 2
    endloop
  endfacet
  facet normal 0 0 1
    outer loop
      vertex 23.996019091659754 68.67747857458805 2
      vertex 25.117478574588052 70.04398090834025 2
      vertex 24.996137097479842 70.02598160050404 2
    endloop
  endfacet
  facet normal 0 0 1
    outer loop
      vertex 23.990000000000002 68.8 2
      vertex 24.996137097479842 70.02598160050404 2
      vertex 24.877144153431924 69.99617541966526 2
    endloop
  endfacet
  facet normal 0 0 1
    outer loop
      vertex 24.043824580334743 68.43714415343192 2
      vertex 25.362521425411952 70.04398090834025 2
      vertex 25.240000000000002 70.05 2
    endloop
  endfacet
  facet normal 0 0 1
    outer loop
      vertex 24.014018399495964 68.55613709747983 2
      vertex 25.240000000000002 70.05 2
      vertex 25.117478574588052 70.04398090834025 2
    endloop
  endfacet
  facet normal 0 0 1
    outer loop
      vertex 24.20066298462182 68.1055372087255 2
      vertex 25.718354290456364 69.9548494156391 2
      vertex 25.60285584656808 69.99617541966526 2
    endloop
  endfacet
  facet normal 0 0 1
    outer loop
      vertex 24.137598419564558 68.2107540789675 2
      vertex 25.60285584656808 69.99617541966526 2
      vertex 25.483862902520162 70.02598160050404 2
    endloop
  endfacet
  facet normal 0 0 1
    outer loop
      vertex 24.085150584360893 68.32164570954363 2
      vertex 25.483862902520162 70.02598160050404 2
      vertex 25.362521425411952 70.04398090834025 2
    endloop
  endfacet
  facet normal 0 0 1
    outer loop
      vertex 25.718354290456364 67.64515058436089 2
      vertex 25.8292459210325 69.90240158043544 2
      vertex 25.718354290456364 69.9548494156391 2
    endloop
  endfacet
  facet normal 0 0 1
    outer loop
      vertex 25.718354290456364 67.64515058436089 2
      vertex 25.8292459210325 67.69759841956456 2
      vertex 26.43617541966526 69.16285584656808 2
    endloop
  endfacet
  facet normal 0 0 1
    outer loop
      vertex 26.123883476483186 67.91611652351682 2
      vertex 26.206263066703425 68.00700839479543 2
      vertex 26.279337015378182 68.1055372087255 2
    endloop
  endfacet
  facet normal 0 0 1
    outer loop
      vertex 26.123883476483186 67.91611652351682 2
      vertex 26.279337015378182 68.1055372087255 2
      vertex 26.342401580435446 68.2107540789675 2
    endloop
  endfacet
  facet normal 0 0 1
    outer loop
      vertex 26.123883476483186 67.91611652351682 2
      vertex 26.342401580435446 68.2107540789675 2
      vertex 26.39484941563911 68.32164570954363 2
    endloop
  endfacet
  facet normal 0 0 1
    outer loop
      vertex 25.8292459210325 67.69759841956456 2
      vertex 25.934462791274505 67.76066298462182 2
      vertex 26.43617541966526 69.16285584656808 2
    endloop
  endfacet
  facet normal 0 0 1
    outer loop
      vertex 25.934462791274505 67.76066298462182 2
      vertex 26.032991605204558 67.83373693329658 2
      vertex 26.43617541966526 69.16285584656808 2
    endloop
  endfacet
  facet normal 0 0 1
    outer loop
      vertex 26.032991605204558 67.83373693329658 2
      vertex 26.123883476483186 67.91611652351682 2
      vertex 26.43617541966526 69.16285584656808 2
    endloop
  endfacet
  facet normal 0 0 1
    outer loop
      vertex 26.123883476483186 67.91611652351682 2
      vertex 26.39484941563911 68.32164570954363 2
      vertex 26.43617541966526 68.43714415343192 2
    endloop
  endfacet
  facet normal 0 0 1
    outer loop
      vertex 26.123883476483186 67.91611652351682 2
      vertex 26.43617541966526 68.43714415343192 2
      vertex 26.46598160050404 68.55613709747983 2
    endloop
  endfacet
  facet normal 0 0 1
    outer loop
      vertex 26.123883476483186 67.91611652351682 2
      vertex 26.46598160050404 68.55613709747983 2
      vertex 26.48398090834025 68.67747857458805 2
    endloop
  endfacet
  facet normal 0 0 1
    outer loop
      vertex 26.123883476483186 67.91611652351682 2
      vertex 26.48398090834025 68.67747857458805 2
      vertex 26.490000000000002 68.8 2
    endloop
  endfacet
  facet normal 0 0 1
    outer loop
      vertex 26.123883476483186 67.91611652351682 2
      vertex 26.490000000000002 68.8 2
      vertex 26.48398090834025 68.92252142541194 2
    endloop
  endfacet
  facet normal 0 0 1
    outer loop
      vertex 25.718354290456364 67.64515058436089 2
      vertex 26.43617541966526 69.16285584656808 2
      vertex 26.39484941563911 69.27835429045636 2
    endloop
  endfacet
  facet normal 0 0 1
    outer loop
      vertex 26.123883476483186 67.91611652351682 2
      vertex 26.48398090834025 68.92252142541194 2
      vertex 26.46598160050404 69.04386290252016 2
    endloop
  endfacet
  facet normal 0 0 1
    outer loop
      vertex 26.123883476483186 67.91611652351682 2
      vertex 26.46598160050404 69.04386290252016 2
      vertex 26.43617541966526 69.16285584656808 2
    endloop
  endfacet
  facet normal 0 0 1
    outer loop
      vertex 25.718354290456364 67.64515058436089 2
      vertex 26.39484941563911 69.27835429045636 2
      vertex 26.342401580435446 69.3892459210325 2
    endloop
  endfacet
  facet normal 0 0 1
    outer loop
      vertex 25.718354290456364 67.64515058436089 2
      vertex 26.342401580435446 69.3892459210325 2
      vertex 26.279337015378182 69.4944627912745 2
    endloop
  endfacet
  facet normal 0 0 1
    outer loop
      vertex 25.718354290456364 67.64515058436089 2
      vertex 26.279337015378182 69.4944627912745 2
      vertex 26.206263066703425 69.59299160520456 2
    endloop
  endfacet
  facet normal 0 0 1
    outer loop
      vertex 25.718354290456364 67.64515058436089 2
      vertex 26.206263066703425 69.59299160520456 2
      vertex 26.123883476483186 69.68388347648317 2
    endloop
  endfacet
  facet normal 0 0 1
    outer loop
      vertex 25.718354290456364 67.64515058436089 2
      vertex 26.123883476483186 69.68388347648317 2
      vertex 26.032991605204558 69.76626306670342 2
    endloop
  endfacet
  facet normal 0 0 1
    outer loop
      vertex 25.718354290456364 67.64515058436089 2
      vertex 26.032991605204558 69.76626306670342 2
      vertex 25.934462791274505 69.83933701537818 2
    endloop
  endfacet
  facet normal 0 0 1
    outer loop
      vertex 25.718354290456364 67.64515058436089 2
      vertex 25.934462791274505 69.83933701537818 2
      vertex 25.8292459210325 69.90240158043544 2
    endloop
  endfacet
  facet normal 0 0 1
    outer loop
      vertex 23.11867965644036 70.92132034355964 2
      vertex 23.336820147509066 71.11903136008821 2
      vertex 14.49779844817661 77.5958766421874 2
    endloop
  endfacet
  facet normal 0 0 1
    outer loop
      vertex 23.336820147509066 71.11903136008821 2
      vertex 23.573289300941195 71.29440883690764 2
      vertex 14.711785615807562 78.04831449493804 2
    endloop
  endfacet
  facet normal 0 0 1
    outer loop
      vertex 23.573289300941195 71.29440883690764 2
      vertex 23.82580978952201 71.44576379304506 2
      vertex 14.711785615807562 78.04831449493804 2
    endloop
  endfacet
  facet normal 0 0 1
    outer loop
      vertex 23.82580978952201 71.44576379304506 2
      vertex 24.09194970290473 71.57163859753386 2
      vertex 14.711785615807562 78.04831449493804 2
    endloop
  endfacet
  facet normal 0 0 1
    outer loop
      vertex 24.09194970290473 71.57163859753386 2
      vertex 24.369145968236616 71.67082100719662 2
      vertex 14.880395712234264 78.51954814600224 2
    endloop
  endfacet
  facet normal 0 0 1
    outer loop
      vertex 24.369145968236616 71.67082100719662 2
      vertex 24.654729033951618 71.74235584120969 2
      vertex 14.880395712234264 78.51954814600224 2
    endloop
  endfacet
  facet normal 0 0 1
    outer loop
      vertex 24.654729033951618 71.74235584120969 2
      vertex 24.94594857901132 71.78555418001659 2
      vertex 14.880395712234264 78.51954814600224 2
    endloop
  endfacet
  facet normal 0 0 1
    outer loop
      vertex 24.94594857901132 71.78555418001659 2
      vertex 25.240000000000002 71.8 2
      vertex 14.880395712234264 78.51954814600224 2
    endloop
  endfacet
  facet normal 0 0 1
    outer loop
      vertex 25.240000000000002 71.8 2
      vertex 25.534051420988686 71.78555418001659 2
      vertex 14.880395712234264 78.51954814600224 2
    endloop
  endfacet
  facet normal 0 0 1
    outer loop
      vertex 25.534051420988686 71.78555418001659 2
      vertex 25.825270966048386 71.74235584120969 2
      vertex 15.002004930056476 79.00503935771775 2
    endloop
  endfacet
  facet normal 0 0 1
    outer loop
      vertex 26.110854031763388 71.67082100719662 2
      vertex 15.002004930056476 79.00503935771775 2
      vertex 25.825270966048386 71.74235584120969 2
    endloop
  endfacet
  facet normal 0 0 1
    outer loop
      vertex 26.110854031763388 71.67082100719662 2
      vertex 26.388050297095273 71.57163859753386 2
      vertex 15.002004930056476 79.00503935771775 2
    endloop
  endfacet
  facet normal 0 0 1
    outer loop
      vertex 26.654190210477996 71.44576379304506 2
      vertex 15.002004930056476 79.00503935771775 2
      vertex 26.388050297095273 71.57163859753386 2
    endloop
  endfacet
  facet normal 0 0 1
    outer loop
      vertex 26.90671069905881 71.29440883690764 2
      vertex 15.002004930056476 79.00503935771775 2
      vertex 26.654190210477996 71.44576379304506 2
    endloop
  endfacet
  facet normal 0 0 1
    outer loop
      vertex 26.90671069905881 71.29440883690764 2
      vertex 15.075442106028204 79.50011258431924 2
      vertex 15.002004930056476 79.00503935771775 2
    endloop
  endfacet
  facet normal 0 0 1
    outer loop
      vertex 26.90671069905881 71.29440883690764 2
      vertex 15.1 80 2
      vertex 15.075442106028204 79.50011258431924 2
    endloop
  endfacet
  facet normal 0 0 1
    outer loop
      vertex 26.90671069905881 71.29440883690764 2
      vertex 15.075442106028204 80.49988741568076 2
      vertex 15.1 80 2
    endloop
  endfacet
  facet normal 0 0 1
    outer loop
      vertex 26.90671069905881 71.29440883690764 2
      vertex 15.002004930056476 80.99496064228225 2
      vertex 15.075442106028204 80.49988741568076 2
    endloop
  endfacet
  facet normal 0 0 1
    outer loop
      vertex 2.4 87.60000000000001 2
      vertex 11.480451853997758 84.88039571223426 2
      vertex 93.4 71.85 2
    endloop
  endfacet
  facet normal 1 0 0
    outer loop
      vertex 2.4 87.60000000000001 2
      vertex 2.4 83.84935475537782 31.3
      vertex 2.4 47.870821007196625 18.370854031763386
    endloop
  endfacet
  facet normal 0 0 1
    outer loop
      vertex 6.65 41 2
      vertex 76.33405142098869 50.57444581998341 2
      vertex 76.04 50.56 2
    endloop
  endfacet
  facet normal 0 0 1
    outer loop
      vertex 6.554849415639109 49.47835429045636 2
      vertex 74.3732893009412 51.065591163092364 2
      vertex 74.13682014750907 51.24096863991179 2
    endloop
  endfacet
  facet normal 0 0 1
    outer loop
      vertex 6.625981600504039 49.24386290252016 2
      vertex 74.62580978952201 50.91423620695494 2
      vertex 74.3732893009412 51.065591163092364 2
    endloop
  endfacet
  facet normal 0 0 1
    outer loop
      vertex 6.643980908340247 49.12252142541195 2
      vertex 74.89194970290474 50.788361402466144 2
      vertex 74.62580978952201 50.91423620695494 2
    endloop
  endfacet
  facet normal 0 0 1
    outer loop
      vertex 6.65 49 2
      vertex 75.16914596823662 50.68917899280338 2
      vertex 74.89194970290474 50.788361402466144 2
    endloop
  endfacet
  facet normal 0 0 1
    outer loop
      vertex 6.65 49 2
      vertex 75.45472903395162 50.61764415879031 2
      vertex 75.16914596823662 50.68917899280338 2
    endloop
  endfacet
  facet normal 0 0 1
    outer loop
      vertex 6.65 49 2
      vertex 75.74594857901133 50.57444581998341 2
      vertex 75.45472903395162 50.61764415879031 2
    endloop
  endfacet
  facet normal 0 0 1
    outer loop
      vertex 6.65 49 2
      vertex 76.04 50.56 2
      vertex 75.74594857901133 50.57444581998341 2
    endloop
  endfacet
  facet normal 0 0 1
    outer loop
      vertex 6.439337015378182 49.6944627912745 2
      vertex 74.13682014750907 51.24096863991179 2
      vertex 73.91867965644036 51.43867965644036 2
    endloop
  endfacet
  facet normal 0 0 1
    outer loop
      vertex 6.3662630667034215 49.792991605204556 2
      vertex 73.91867965644036 51.43867965644036 2
      vertex 73.72096863991179 51.656820147509066 2
    endloop
  endfacet
  facet normal 0 0 1
    outer loop
      vertex 6.3662630667034215 49.792991605204556 2
      vertex 73.72096863991179 51.656820147509066 2
      vertex 73.54559116309237 51.8932893009412 2
    endloop
  endfacet
  facet normal 0 0 1
    outer loop
      vertex 6.3662630667034215 49.792991605204556 2
      vertex 73.54559116309237 51.8932893009412 2
      vertex 73.39423620695494 52.14580978952201 2
    endloop
  endfacet
  facet normal 0 0 1
    outer loop
      vertex 6.3662630667034215 49.792991605204556 2
      vertex 73.39423620695494 52.14580978952201 2
      vertex 73.26836140246614 52.411949702904735 2
    endloop
  endfacet
  facet normal 0 0 1
    outer loop
      vertex 26.90671069905881 66.30559116309236 2
      vertex 73.26836140246614 52.411949702904735 2
      vertex 27.14317985249094 66.48096863991178 2
    endloop
  endfacet
  facet normal 0 0 1
    outer loop
      vertex 27.14317985249094 66.48096863991178 2
      vertex 73.16917899280338 52.689145968236616 2
      vertex 27.361320343559644 66.67867965644035 2
    endloop
  endfacet
  facet normal 0 0 1
    outer loop
      vertex 27.361320343559644 66.67867965644035 2
      vertex 73.09764415879032 52.97472903395162 2
      vertex 27.559031360088213 66.89682014750906 2
    endloop
  endfacet
  facet normal 0 0 1
    outer loop
      vertex 27.559031360088213 66.89682014750906 2
      vertex 73.05444581998341 53.26594857901132 2
      vertex 27.734408836907637 67.13328930094119 2
    endloop
  endfacet
  facet normal 0 0 1
    outer loop
      vertex 27.734408836907637 67.13328930094119 2
      vertex 73.04 53.56 2
      vertex 27.88576379304507 67.385809789522 2
    endloop
  endfacet
  facet normal 0 0 1
    outer loop
      vertex 27.88576379304507 67.385809789522 2
      vertex 73.05444581998341 53.85405142098868 2
      vertex 28.01163859753386 67.65194970290473 2
    endloop
  endfacet
  facet normal 0 0 1
    outer loop
      vertex 28.01163859753386 67.65194970290473 2
      vertex 73.09764415879032 54.145270966048386 2
      vertex 28.110821007196627 67.92914596823661 2
    endloop
  endfacet
  facet normal 0 0 1
    outer loop
      vertex 28.110821007196627 67.92914596823661 2
      vertex 73.16917899280338 54.43085403176339 2
      vertex 28.18235584120969 68.21472903395161 2
    endloop
  endfacet
  facet normal 0 0 1
    outer loop
      vertex 28.18235584120969 68.21472903395161 2
      vertex 73.26836140246614 54.70805029709527 2
      vertex 28.225554180016594 68.50594857901132 2
    endloop
  endfacet
  facet normal 0 0 1
    outer loop
      vertex 28.225554180016594 68.50594857901132 2
      vertex 73.39423620695494 54.97419021047799 2
      vertex 28.240000000000002 68.8 2
    endloop
  endfacet
  facet normal 0 0 1
    outer loop
      vertex 74.79 53.56 2
      vertex 75.3455372087255 54.59933701537818 2
      vertex 74.79601909165976 53.682521425411956 2
    endloop
  endfacet
  facet normal 0 0 1
    outer loop
      vertex 74.79601909165976 53.682521425411956 2
      vertex 75.07373693329659 54.35299160520456 2
      vertex 74.81401839949596 53.803862902520166 2
    endloop
  endfacet
  facet normal 0 0 1
    outer loop
      vertex 74.81401839949596 53.803862902520166 2
      vertex 75.00066298462183 54.254462791274506 2
      vertex 74.84382458033474 53.92285584656808 2
    endloop
  endfacet
  facet normal 0 0 1
    outer loop
      vertex 74.81401839949596 53.803862902520166 2
      vertex 75.07373693329659 54.35299160520456 2
      vertex 75.00066298462183 54.254462791274506 2
    endloop
  endfacet
  facet normal 0 0 1
    outer loop
      vertex 74.84382458033474 53.92285584656808 2
      vertex 75.00066298462183 54.254462791274506 2
      vertex 74.8851505843609 54.03835429045636 2
    endloop
  endfacet
  facet normal 0 0 1
    outer loop
      vertex 74.8851505843609 54.03835429045636 2
      vertex 75.00066298462183 54.254462791274506 2
      vertex 74.93759841956457 54.1492459210325 2
    endloop
  endfacet
  facet normal 0 0 1
    outer loop
      vertex 27.14317985249094 66.48096863991178 2
      vertex 73.26836140246614 52.411949702904735 2
      vertex 73.16917899280338 52.689145968236616 2
    endloop
  endfacet
  facet normal 0 0 1
    outer loop
      vertex 27.361320343559644 66.67867965644035 2
      vertex 73.16917899280338 52.689145968236616 2
      vertex 73.09764415879032 52.97472903395162 2
    endloop
  endfacet
  facet normal 0 0 1
    outer loop
      vertex 27.559031360088213 66.89682014750906 2
      vertex 73.09764415879032 52.97472903395162 2
      vertex 73.05444581998341 53.26594857901132 2
    endloop
  endfacet
  facet normal 0 0 1
    outer loop
      vertex 27.734408836907637 67.13328930094119 2
      vertex 73.05444581998341 53.26594857901132 2
      vertex 73.04 53.56 2
    endloop
  endfacet
  facet normal 0 0 1
    outer loop
      vertex 27.88576379304507 67.385809789522 2
      vertex 73.04 53.56 2
      vertex 73.05444581998341 53.85405142098868 2
    endloop
  endfacet
  facet normal 0 0 1
    outer loop
      vertex 28.01163859753386 67.65194970290473 2
      vertex 73.05444581998341 53.85405142098868 2
      vertex 73.09764415879032 54.145270966048386 2
    endloop
  endfacet
  facet normal 0 0 1
    outer loop
      vertex 28.110821007196627 67.92914596823661 2
      vertex 73.09764415879032 54.145270966048386 2
      vertex 73.16917899280338 54.43085403176339 2
    endloop
  endfacet
  facet normal 0 0 1
    outer loop
      vertex 28.18235584120969 68.21472903395161 2
      vertex 73.16917899280338 54.43085403176339 2
      vertex 73.26836140246614 54.70805029709527 2
    endloop
  endfacet
  facet normal 0 0 1
    outer loop
      vertex 28.225554180016594 68.50594857901132 2
      vertex 73.26836140246614 54.70805029709527 2
      vertex 73.39423620695494 54.97419021047799 2
    endloop
  endfacet
  facet normal 0 0 1
    outer loop
      vertex 28.240000000000002 68.8 2
      vertex 73.39423620695494 54.97419021047799 2
      vertex 73.54559116309237 55.226710699058806 2
    endloop
  endfacet
  facet normal 0 0 1
    outer loop
      vertex 28.240000000000002 68.8 2
      vertex 73.54559116309237 55.226710699058806 2
      vertex 73.72096863991179 55.46317985249094 2
    endloop
  endfacet
  facet normal 0 0 1
    outer loop
      vertex 28.240000000000002 68.8 2
      vertex 73.72096863991179 55.46317985249094 2
      vertex 73.91867965644036 55.68132034355965 2
    endloop
  endfacet
  facet normal 0 0 1
    outer loop
      vertex 28.240000000000002 68.8 2
      vertex 73.91867965644036 55.68132034355965 2
      vertex 74.13682014750907 55.87903136008821 2
    endloop
  endfacet
  facet normal 0 0 1
    outer loop
      vertex 28.240000000000002 68.8 2
      vertex 74.13682014750907 55.87903136008821 2
      vertex 74.3732893009412 56.05440883690764 2
    endloop
  endfacet
  facet normal 0 0 1
    outer loop
      vertex 28.240000000000002 68.8 2
      vertex 74.3732893009412 56.05440883690764 2
      vertex 74.62580978952201 56.205763793045065 2
    endloop
  endfacet
  facet normal 0 0 1
    outer loop
      vertex 28.240000000000002 68.8 2
      vertex 74.62580978952201 56.205763793045065 2
      vertex 74.89194970290474 56.33163859753386 2
    endloop
  endfacet
  facet normal 0 0 1
    outer loop
      vertex 28.240000000000002 68.8 2
      vertex 74.89194970290474 56.33163859753386 2
      vertex 75.16914596823662 56.43082100719663 2
    endloop
  endfacet
  facet normal 0 0 1
    outer loop
      vertex 28.240000000000002 68.8 2
      vertex 75.16914596823662 56.43082100719663 2
      vertex 75.45472903395162 56.50235584120969 2
    endloop
  endfacet
  facet normal 0 0 1
    outer loop
      vertex 28.240000000000002 68.8 2
      vertex 75.45472903395162 56.50235584120969 2
      vertex 75.74594857901133 56.545554180016595 2
    endloop
  endfacet
  facet normal 0 0 1
    outer loop
      vertex 28.240000000000002 68.8 2
      vertex 75.74594857901133 56.545554180016595 2
      vertex 76.04 56.56 2
    endloop
  endfacet
  facet normal 0 0 1
    outer loop
      vertex 28.240000000000002 68.8 2
      vertex 76.04 56.56 2
      vertex 76.33405142098869 56.545554180016595 2
    endloop
  endfacet
  facet normal 0 0 1
    outer loop
      vertex 28.240000000000002 68.8 2
      vertex 76.33405142098869 56.545554180016595 2
      vertex 76.62527096604839 56.50235584120969 2
    endloop
  endfacet
  facet normal 0 0 1
    outer loop
      vertex 28.240000000000002 68.8 2
      vertex 76.62527096604839 56.50235584120969 2
      vertex 76.91085403176339 56.43082100719663 2
    endloop
  endfacet
  facet normal 0 0 1
    outer loop
      vertex 28.240000000000002 68.8 2
      vertex 76.91085403176339 56.43082100719663 2
      vertex 93.4 71.85 2
    endloop
  endfacet
  facet normal 0 0 1
    outer loop
      vertex 93.4 71.85 2
      vertex 14.711785615807562 81.95168550506196 2
      vertex 14.880395712234264 81.48045185399776 2
    endloop
  endfacet
  facet normal 0 0 1
    outer loop
      vertex 93.4 71.85 2
      vertex 14.49779844817661 82.4041233578126 2
      vertex 14.711785615807562 81.95168550506196 2
    endloop
  endfacet
  facet normal 0 0 1
    outer loop
      vertex 93.4 71.85 2
      vertex 14.880395712234264 81.48045185399776 2
      vertex 15.002004930056476 80.99496064228225 2
    endloop
  endfacet
  facet normal 0 0 1
    outer loop
      vertex 26.90671069905881 71.29440883690764 2
      vertex 93.4 71.85 2
      vertex 15.002004930056476 80.99496064228225 2
    endloop
  endfacet
  facet normal 0 0 1
    outer loop
      vertex 28.240000000000002 68.8 2
      vertex 93.4 71.85 2
      vertex 28.225554180016594 69.09405142098868 2
    endloop
  endfacet
  facet normal 0 0 1
    outer loop
      vertex 28.225554180016594 69.09405142098868 2
      vertex 93.4 71.85 2
      vertex 28.18235584120969 69.38527096604838 2
    endloop
  endfacet
  facet normal 0 0 1
    outer loop
      vertex 28.110821007196627 69.67085403176338 2
      vertex 28.18235584120969 69.38527096604838 2
      vertex 93.4 71.85 2
    endloop
  endfacet
  facet normal 0 0 1
    outer loop
      vertex 26.90671069905881 71.29440883690764 2
      vertex 27.14317985249094 71.11903136008821 2
      vertex 93.4 71.85 2
    endloop
  endfacet
  facet normal 0 0 1
    outer loop
      vertex 28.01163859753386 69.94805029709526 2
      vertex 93.4 71.85 2
      vertex 27.88576379304507 70.214190210478 2
    endloop
  endfacet
  facet normal 0 0 1
    outer loop
      vertex 27.734408836907637 70.46671069905881 2
      vertex 93.4 71.85 2
      vertex 27.559031360088213 70.70317985249093 2
    endloop
  endfacet
  facet normal 0 0 1
    outer loop
      vertex 27.88576379304507 70.214190210478 2
      vertex 93.4 71.85 2
      vertex 27.734408836907637 70.46671069905881 2
    endloop
  endfacet
  facet normal 0 0 1
    outer loop
      vertex 28.110821007196627 69.67085403176338 2
      vertex 93.4 71.85 2
      vertex 28.01163859753386 69.94805029709526 2
    endloop
  endfacet
  facet normal 0 0 1
    outer loop
      vertex 27.361320343559644 70.92132034355964 2
      vertex 27.559031360088213 70.70317985249093 2
      vertex 93.4 71.85 2
    endloop
  endfacet
  facet normal 0 0 1
    outer loop
      vertex 27.361320343559644 70.92132034355964 2
      vertex 93.4 71.85 2
      vertex 27.14317985249094 71.11903136008821 2
    endloop
  endfacet
  facet normal 0 0 1
    outer loop
      vertex 93.4 71.85 2
      vertex 12.833408188399972 84.24049502274298 2
      vertex 13.235405749234591 83.94235331214996 2
    endloop
  endfacet
  facet normal 0 0 1
    outer loop
      vertex 93.4 71.85 2
      vertex 11.480451853997758 84.88039571223426 2
      vertex 11.951685505061958 84.71178561580756 2
    endloop
  endfacet
  facet normal 0 0 1
    outer loop
      vertex 93.4 71.85 2
      vertex 11.951685505061958 84.71178561580756 2
      vertex 12.404123357812587 84.49779844817661 2
    endloop
  endfacet
  facet normal 0 0 1
    outer loop
      vertex 93.4 71.85 2
      vertex 12.404123357812587 84.49779844817661 2
      vertex 12.833408188399972 84.24049502274298 2
    endloop
  endfacet
  facet normal 0 0 1
    outer loop
      vertex 93.4 71.85 2
      vertex 14.24049502274298 82.83340818839997 2
      vertex 14.49779844817661 82.4041233578126 2
    endloop
  endfacet
  facet normal 0 0 1
    outer loop
      vertex 93.4 71.85 2
      vertex 13.942353312149958 83.23540574923459 2
      vertex 14.24049502274298 82.83340818839997 2
    endloop
  endfacet
  facet normal 0 0 1
    outer loop
      vertex 93.4 71.85 2
      vertex 13.235405749234591 83.94235331214996 2
      vertex 13.606244584051392 83.6062445840514 2
    endloop
  endfacet
  facet normal 0 0 1
    outer loop
      vertex 93.4 71.85 2
      vertex 13.606244584051392 83.6062445840514 2
      vertex 13.942353312149958 83.23540574923459 2
    endloop
  endfacet
  facet normal 0 0 1
    outer loop
      vertex 2.4 87.60000000000001 2
      vertex 93.4 71.85 2
      vertex 95 71.85 2
    endloop
  endfacet
  facet normal 1 0 0
    outer loop
      vertex 2.4 47.77163859753386 18.64805029709527
      vertex 2.4 83.84935475537782 31.3
      vertex 2.4 47.64576379304506 18.914190210477994
    endloop
  endfacet
  facet normal 1 0 0
    outer loop
      vertex 2.4 47.870821007196625 18.370854031763386
      vertex 2.4 83.84935475537782 31.3
      vertex 2.4 47.77163859753386 18.64805029709527
    endloop
  endfacet
  facet normal 1 0 0
    outer loop
      vertex 2.4 47.64576379304506 18.914190210477994
      vertex 2.4 83.84935475537782 31.3
      vertex 2.4 47.49440883690764 19.166710699058807
    endloop
  endfacet
  facet normal 1 0 0
    outer loop
      vertex 2.4 45.29405142098868 20.485554180016592
      vertex 2.4 45.585270966048384 20.44235584120969
      vertex 2.4 83.84935475537782 34.5
    endloop
  endfacet
  facet normal 1 0 0
    outer loop
      vertex 2.4 46.41419021047799 20.145763793045067
      vertex 2.4 46.666710699058804 19.994408836907635
      vertex 2.4 83.84935475537782 34.5
    endloop
  endfacet
  facet normal 1 0 0
    outer loop
      vertex 2.4 45.585270966048384 20.44235584120969
      vertex 2.4 45.870854031763386 20.370821007196625
      vertex 2.4 83.84935475537782 34.5
    endloop
  endfacet
  facet normal 1 0 0
    outer loop
      vertex 2.4 45.870854031763386 20.370821007196625
      vertex 2.4 46.14805029709527 20.271638597533858
      vertex 2.4 83.84935475537782 34.5
    endloop
  endfacet
  facet normal 1 0 0
    outer loop
      vertex 2.4 46.14805029709527 20.271638597533858
      vertex 2.4 46.41419021047799 20.145763793045067
      vertex 2.4 83.84935475537782 34.5
    endloop
  endfacet
  facet normal 1 0 0
    outer loop
      vertex 2.4 45 20.5
      vertex 2.4 45.29405142098868 20.485554180016592
      vertex 2.4 83.84935475537782 34.5
    endloop
  endfacet
  facet normal 1 0 0
    outer loop
      vertex 2.4 47.49440883690764 19.166710699058807
      vertex 2.4 83.84935475537782 34.5
      vertex 2.4 47.31903136008821 19.403179852490936
    endloop
  endfacet
  facet normal 1 0 0
    outer loop
      vertex 2.4 83.84935475537782 34.5
      vertex 2.4 47.121320343559645 19.621320343559642
      vertex 2.4 47.31903136008821 19.403179852490936
    endloop
  endfacet
  facet normal 1 0 0
    outer loop
      vertex 2.4 46.903179852490936 19.81903136008821
      vertex 2.4 47.121320343559645 19.621320343559642
      vertex 2.4 83.84935475537782 34.5
    endloop
  endfacet
  facet normal 1 0 0
    outer loop
      vertex 2.4 46.666710699058804 19.994408836907635
      vertex 2.4 46.903179852490936 19.81903136008821
      vertex 2.4 83.84935475537782 34.5
    endloop
  endfacet
  facet normal 1 0 0
    outer loop
      vertex 2.4 6.150645244622179 34.5
      vertex 2.4 45 20.5
      vertex 2.4 83.84935475537782 34.5
    endloop
  endfacet
  facet normal 1 0 0
    outer loop
      vertex 2.4 87.60000000000001 35
      vertex 2.4 6.150645244622179 34.5
      vertex 2.4 83.84935475537782 34.5
    endloop
  endfacet
  facet normal 1 0 0
    outer loop
      vertex 2.4 87.60000000000001 2
      vertex 2.4 87.60000000000001 31.3
      vertex 2.4 83.84935475537782 31.3
    endloop
  endfacet
  facet normal 0 -1 0
    outer loop
      vertex 2.4 87.60000000000001 2
      vertex 6.150645244622182 87.60000000000001 31.3
      vertex 2.4 87.60000000000001 31.3
    endloop
  endfacet
  facet normal 0 -1 0
    outer loop
      vertex 2.4 87.60000000000001 2
      vertex 70.04935475537782 87.60000000000001 31.3
      vertex 6.150645244622182 87.60000000000001 31.3
    endloop
  endfacet
  facet normal 1 0 0
    outer loop
      vertex 2.4 47.49440883690764 19.166710699058807
      vertex 2.4 83.84935475537782 31.3
      vertex 2.4 83.84935475537782 34.5
    endloop
  endfacet
  facet normal 1 0 0
    outer loop
      vertex 2.4 87.60000000000001 35
      vertex 2.4 83.84935475537782 34.5
      vertex 2.4 87.60000000000001 34.5
    endloop
  endfacet
  facet normal 0 -1 0
    outer loop
      vertex 2.4 87.60000000000001 35
      vertex 2.4 87.60000000000001 34.5
      vertex 6.150645244622182 87.60000000000001 34.5
    endloop
  endfacet
  facet normal 0 -1 0
    outer loop
      vertex 6.150645244622182 87.60000000000001 31.3
      vertex 70.04935475537782 87.60000000000001 34.5
      vertex 6.150645244622182 87.60000000000001 34.5
    endloop
  endfacet
  facet normal 0 -1 0
    outer loop
      vertex 2.4 87.60000000000001 35
      vertex 6.150645244622182 87.60000000000001 34.5
      vertex 70.04935475537782 87.60000000000001 34.5
    endloop
  endfacet
  facet normal 0 -1 0
    outer loop
      vertex 2.4 87.60000000000001 2
      vertex 79.95064524462218 87.60000000000001 31.3
      vertex 70.04935475537782 87.60000000000001 31.3
    endloop
  endfacet
  facet normal 0 -1 0
    outer loop
      vertex 6.150645244622182 87.60000000000001 31.3
      vertex 70.04935475537782 87.60000000000001 31.3
      vertex 70.04935475537782 87.60000000000001 34.5
    endloop
  endfacet
  facet normal 0 -1 0
    outer loop
      vertex 2.4 87.60000000000001 35
      vertex 70.04935475537782 87.60000000000001 34.5
      vertex 147.6 87.60000000000001 35
    endloop
  endfacet
  facet normal 0 0 1
    outer loop
      vertex 2.4 2.4 2
      vertex 138.51954814600225 5.1196042877657355 2
      vertex 95 19.15 2
    endloop
  endfacet
  facet normal 0 0 1
    outer loop
      vertex 2.4 2.4 2
      vertex 139.00503935771775 4.997995069943525 2
      vertex 138.51954814600225 5.1196042877657355 2
    endloop
  endfacet
  facet normal 0 0 1
    outer loop
      vertex 2.4 2.4 2
      vertex 139.50011258431925 4.924557893971796 2
      vertex 139.00503935771775 4.997995069943525 2
    endloop
  endfacet
  facet normal 0 0 1
    outer loop
      vertex 93.4 19.15 2
      vertex 77.18805029709527 22.84836140246614 2
      vertex 76.91085403176339 22.749178992803373 2
    endloop
  endfacet
  facet normal 0 0 1
    outer loop
      vertex 93.4 19.15 2
      vertex 77.454190210478 22.974236206954934 2
      vertex 77.18805029709527 22.84836140246614 2
    endloop
  endfacet
  facet normal 0 0 1
    outer loop
      vertex 93.4 19.15 2
      vertex 77.70671069905882 23.125591163092366 2
      vertex 77.454190210478 22.974236206954934 2
    endloop
  endfacet
  facet normal 0 0 1
    outer loop
      vertex 93.4 19.15 2
      vertex 77.94317985249094 23.30096863991179 2
      vertex 77.70671069905882 23.125591163092366 2
    endloop
  endfacet
  facet normal 0 0 1
    outer loop
      vertex 93.4 19.15 2
      vertex 78.16132034355965 23.49867965644036 2
      vertex 77.94317985249094 23.30096863991179 2
    endloop
  endfacet
  facet normal 0 0 1
    outer loop
      vertex 93.4 19.15 2
      vertex 78.35903136008822 23.716820147509065 2
      vertex 78.16132034355965 23.49867965644036 2
    endloop
  endfacet
  facet normal 0 0 1
    outer loop
      vertex 93.4 19.15 2
      vertex 78.53440883690764 23.953289300941194 2
      vertex 78.35903136008822 23.716820147509065 2
    endloop
  endfacet
  facet normal 0 0 1
    outer loop
      vertex 93.4 19.15 2
      vertex 78.68576379304507 24.205809789522007 2
      vertex 78.53440883690764 23.953289300941194 2
    endloop
  endfacet
  facet normal 0 0 1
    outer loop
      vertex 2.4 2.4 2
      vertex 147.6 2.4 2
      vertex 139.50011258431925 4.924557893971796 2
    endloop
  endfacet
  facet normal 0 0 1
    outer loop
      vertex 75.4507540789675 24.517598419564557 2
      vertex 75.56164570954364 24.46515058436089 2
      vertex 75.15611652351683 24.736116523516817 2
    endloop
  endfacet
  facet normal 0 0 1
    outer loop
      vertex 75.67714415343193 24.42382458033474 2
      vertex 75.79613709747984 24.394018399495963 2
      vertex 75.15611652351683 24.736116523516817 2
    endloop
  endfacet
  facet normal 0 0 1
    outer loop
      vertex 75.56164570954364 24.46515058436089 2
      vertex 75.67714415343193 24.42382458033474 2
      vertex 75.15611652351683 24.736116523516817 2
    endloop
  endfacet
  facet normal 0 0 1
    outer loop
      vertex 75.79613709747984 24.394018399495963 2
      vertex 75.91747857458806 24.376019091659757 2
      vertex 75.15611652351683 24.736116523516817 2
    endloop
  endfacet
  facet normal 0 0 1
    outer loop
      vertex 75.91747857458806 24.376019091659757 2
      vertex 76.04 24.37 2
      vertex 75.15611652351683 24.736116523516817 2
    endloop
  endfacet
  facet normal 0 0 1
    outer loop
      vertex 76.04 24.37 2
      vertex 76.16252142541195 24.376019091659757 2
      vertex 75.15611652351683 24.736116523516817 2
    endloop
  endfacet
  facet normal 0 0 1
    outer loop
      vertex 76.16252142541195 24.376019091659757 2
      vertex 76.28386290252017 24.394018399495963 2
      vertex 75.15611652351683 24.736116523516817 2
    endloop
  endfacet
  facet normal 0 0 1
    outer loop
      vertex 75.15611652351683 24.736116523516817 2
      vertex 76.28386290252017 24.394018399495963 2
      vertex 76.40285584656809 24.42382458033474 2
    endloop
  endfacet
  facet normal 0 0 1
    outer loop
      vertex 75.15611652351683 24.736116523516817 2
      vertex 76.40285584656809 24.42382458033474 2
      vertex 76.51835429045637 24.46515058436089 2
    endloop
  endfacet
  facet normal 0 0 1
    outer loop
      vertex 75.15611652351683 24.736116523516817 2
      vertex 76.51835429045637 24.46515058436089 2
      vertex 76.6292459210325 24.517598419564557 2
    endloop
  endfacet
  facet normal 0 0 1
    outer loop
      vertex 75.3455372087255 24.58066298462182 2
      vertex 75.15611652351683 24.736116523516817 2
      vertex 75.24700839479544 24.653736933296578 2
    endloop
  endfacet
  facet normal 0 0 1
    outer loop
      vertex 75.3455372087255 24.58066298462182 2
      vertex 75.4507540789675 24.517598419564557 2
      vertex 75.15611652351683 24.736116523516817 2
    endloop
  endfacet
  facet normal 0 0 1
    outer loop
      vertex 74.93759841956457 25.030754078967504 2
      vertex 75.00066298462183 24.925537208725498 2
      vertex 76.73446279127451 24.58066298462182 2
    endloop
  endfacet
  facet normal 0 0 1
    outer loop
      vertex 74.93759841956457 25.030754078967504 2
      vertex 76.73446279127451 24.58066298462182 2
      vertex 74.8851505843609 25.14164570954364 2
    endloop
  endfacet
  facet normal 0 0 1
    outer loop
      vertex 75.15611652351683 24.736116523516817 2
      vertex 76.73446279127451 24.58066298462182 2
      vertex 75.07373693329659 24.827008394795445 2
    endloop
  endfacet
  facet normal 0 0 1
    outer loop
      vertex 75.07373693329659 24.827008394795445 2
      vertex 76.73446279127451 24.58066298462182 2
      vertex 75.00066298462183 24.925537208725498 2
    endloop
  endfacet
  facet normal 0 0 1
    outer loop
      vertex 74.8851505843609 25.14164570954364 2
      vertex 76.73446279127451 24.58066298462182 2
      vertex 76.83299160520457 24.653736933296578 2
    endloop
  endfacet
  facet normal 0 0 1
    outer loop
      vertex 74.84382458033474 25.257144153431923 2
      vertex 74.8851505843609 25.14164570954364 2
      vertex 77.19484941563911 25.14164570954364 2
    endloop
  endfacet
  facet normal 0 0 1
    outer loop
      vertex 74.84382458033474 25.257144153431923 2
      vertex 77.19484941563911 25.14164570954364 2
      vertex 74.81401839949596 25.37613709747984 2
    endloop
  endfacet
  facet normal 0 0 1
    outer loop
      vertex 75.15611652351683 24.736116523516817 2
      vertex 76.6292459210325 24.517598419564557 2
      vertex 76.73446279127451 24.58066298462182 2
    endloop
  endfacet
  facet normal 0 0 1
    outer loop
      vertex 74.8851505843609 25.14164570954364 2
      vertex 76.83299160520457 24.653736933296578 2
      vertex 76.92388347648318 24.736116523516817 2
    endloop
  endfacet
  facet normal 0 0 1
    outer loop
      vertex 74.8851505843609 25.14164570954364 2
      vertex 76.92388347648318 24.736116523516817 2
      vertex 77.00626306670343 24.827008394795445 2
    endloop
  endfacet
  facet normal 0 0 1
    outer loop
      vertex 74.8851505843609 25.14164570954364 2
      vertex 77.00626306670343 24.827008394795445 2
      vertex 77.07933701537819 24.925537208725498 2
    endloop
  endfacet
  facet normal 0 0 1
    outer loop
      vertex 74.8851505843609 25.14164570954364 2
      vertex 77.07933701537819 24.925537208725498 2
      vertex 77.14240158043545 25.030754078967504 2
    endloop
  endfacet
  facet normal 0 0 1
    outer loop
      vertex 74.8851505843609 25.14164570954364 2
      vertex 77.14240158043545 25.030754078967504 2
      vertex 77.19484941563911 25.14164570954364 2
    endloop
  endfacet
  facet normal 0 0 1
    outer loop
      vertex 74.81401839949596 25.37613709747984 2
      vertex 77.19484941563911 25.14164570954364 2
      vertex 74.79601909165976 25.49747857458805 2
    endloop
  endfacet
  facet normal 0 0 1
    outer loop
      vertex 74.79601909165976 25.49747857458805 2
      vertex 77.19484941563911 25.14164570954364 2
      vertex 74.79 25.62 2
    endloop
  endfacet
  facet normal 0 0 1
    outer loop
      vertex 74.79 25.62 2
      vertex 77.19484941563911 25.14164570954364 2
      vertex 74.79601909165976 25.74252142541195 2
    endloop
  endfacet
  facet normal 0 0 1
    outer loop
      vertex 74.79601909165976 25.74252142541195 2
      vertex 77.19484941563911 25.14164570954364 2
      vertex 74.81401839949596 25.86386290252016 2
    endloop
  endfacet
  facet normal 0 0 1
    outer loop
      vertex 74.81401839949596 25.86386290252016 2
      vertex 77.19484941563911 25.14164570954364 2
      vertex 74.84382458033474 25.98285584656808 2
    endloop
  endfacet
  facet normal 0 0 1
    outer loop
      vertex 74.84382458033474 25.98285584656808 2
      vertex 77.19484941563911 25.14164570954364 2
      vertex 74.8851505843609 26.098354290456363 2
    endloop
  endfacet
  facet normal 0 0 1
    outer loop
      vertex 74.8851505843609 26.098354290456363 2
      vertex 77.19484941563911 25.14164570954364 2
      vertex 74.93759841956457 26.209245921032498 2
    endloop
  endfacet
  facet normal 0 0 1
    outer loop
      vertex 74.93759841956457 26.209245921032498 2
      vertex 77.19484941563911 25.14164570954364 2
      vertex 75.00066298462183 26.314462791274504 2
    endloop
  endfacet
  facet normal 0 0 1
    outer loop
      vertex 77.19484941563911 25.14164570954364 2
      vertex 75.07373693329659 26.412991605204557 2
      vertex 75.00066298462183 26.314462791274504 2
    endloop
  endfacet
  facet normal 0 0 1
    outer loop
      vertex 77.19484941563911 25.14164570954364 2
      vertex 75.15611652351683 26.503883476483185 2
      vertex 75.07373693329659 26.412991605204557 2
    endloop
  endfacet
  facet normal 0 0 1
    outer loop
      vertex 77.19484941563911 25.14164570954364 2
      vertex 75.24700839479544 26.586263066703424 2
      vertex 75.15611652351683 26.503883476483185 2
    endloop
  endfacet
  facet normal 0 0 1
    outer loop
      vertex 77.19484941563911 25.14164570954364 2
      vertex 75.3455372087255 26.65933701537818 2
      vertex 75.24700839479544 26.586263066703424 2
    endloop
  endfacet
  facet normal 0 0 1
    outer loop
      vertex 77.23617541966527 25.257144153431923 2
      vertex 75.4507540789675 26.722401580435445 2
      vertex 75.3455372087255 26.65933701537818 2
    endloop
  endfacet
  facet normal 0 0 1
    outer loop
      vertex 77.26598160050405 25.37613709747984 2
      vertex 75.56164570954364 26.77484941563911 2
      vertex 75.4507540789675 26.722401580435445 2
    endloop
  endfacet
  facet normal 0 0 1
    outer loop
      vertex 77.19484941563911 25.14164570954364 2
      vertex 77.23617541966527 25.257144153431923 2
      vertex 75.3455372087255 26.65933701537818 2
    endloop
  endfacet
  facet normal 0 0 1
    outer loop
      vertex 77.23617541966527 25.257144153431923 2
      vertex 77.26598160050405 25.37613709747984 2
      vertex 75.4507540789675 26.722401580435445 2
    endloop
  endfacet
  facet normal 0 0 1
    outer loop
      vertex 77.26598160050405 25.37613709747984 2
      vertex 77.28398090834025 25.49747857458805 2
      vertex 75.56164570954364 26.77484941563911 2
    endloop
  endfacet
  facet normal 0 0 1
    outer loop
      vertex 77.28398090834025 25.49747857458805 2
      vertex 77.29 25.62 2
      vertex 75.67714415343193 26.816175419665264 2
    endloop
  endfacet
  facet normal 0 0 1
    outer loop
      vertex 77.28398090834025 25.49747857458805 2
      vertex 75.67714415343193 26.816175419665264 2
      vertex 75.56164570954364 26.77484941563911 2
    endloop
  endfacet
  facet normal 0 0 1
    outer loop
      vertex 77.29 25.62 2
      vertex 75.79613709747984 26.84598160050404 2
      vertex 75.67714415343193 26.816175419665264 2
    endloop
  endfacet
  facet normal 0 0 1
    outer loop
      vertex 77.29 25.62 2
      vertex 75.91747857458806 26.863980908340245 2
      vertex 75.79613709747984 26.84598160050404 2
    endloop
  endfacet
  facet normal 0 0 1
    outer loop
      vertex 77.26598160050405 25.86386290252016 2
      vertex 76.04 26.87 2
      vertex 75.91747857458806 26.863980908340245 2
    endloop
  endfacet
  facet normal 0 0 1
    outer loop
      vertex 77.07933701537819 26.314462791274504 2
      vertex 77.00626306670343 26.412991605204557 2
      vertex 76.16252142541195 26.863980908340245 2
    endloop
  endfacet
  facet normal 0 0 1
    outer loop
      vertex 77.23617541966527 25.98285584656808 2
      vertex 76.16252142541195 26.863980908340245 2
      vertex 76.04 26.87 2
    endloop
  endfacet
  facet normal 0 0 1
    outer loop
      vertex 76.73446279127451 26.65933701537818 2
      vertex 76.16252142541195 26.863980908340245 2
      vertex 76.83299160520457 26.586263066703424 2
    endloop
  endfacet
  facet normal 0 0 1
    outer loop
      vertex 77.00626306670343 26.412991605204557 2
      vertex 76.92388347648318 26.503883476483185 2
      vertex 76.16252142541195 26.863980908340245 2
    endloop
  endfacet
  facet normal 0 0 1
    outer loop
      vertex 76.92388347648318 26.503883476483185 2
      vertex 76.83299160520457 26.586263066703424 2
      vertex 76.16252142541195 26.863980908340245 2
    endloop
  endfacet
  facet normal 0 0 1
    outer loop
      vertex 77.29 25.62 2
      vertex 77.28398090834025 25.74252142541195 2
      vertex 75.91747857458806 26.863980908340245 2
    endloop
  endfacet
  facet normal 0 0 1
    outer loop
      vertex 77.28398090834025 25.74252142541195 2
      vertex 77.26598160050405 25.86386290252016 2
      vertex 75.91747857458806 26.863980908340245 2
    endloop
  endfacet
  facet normal 0 0 1
    outer loop
      vertex 77.26598160050405 25.86386290252016 2
      vertex 77.23617541966527 25.98285584656808 2
      vertex 76.04 26.87 2
    endloop
  endfacet
  facet normal 0 0 1
    outer loop
      vertex 77.23617541966527 25.98285584656808 2
      vertex 77.19484941563911 26.098354290456363 2
      vertex 76.16252142541195 26.863980908340245 2
    endloop
  endfacet
  facet normal 0 0 1
    outer loop
      vertex 77.19484941563911 26.098354290456363 2
      vertex 77.14240158043545 26.209245921032498 2
      vertex 76.16252142541195 26.863980908340245 2
    endloop
  endfacet
  facet normal 0 0 1
    outer loop
      vertex 77.14240158043545 26.209245921032498 2
      vertex 77.07933701537819 26.314462791274504 2
      vertex 76.16252142541195 26.863980908340245 2
    endloop
  endfacet
  facet normal 0 0 1
    outer loop
      vertex 76.73446279127451 26.65933701537818 2
      vertex 76.28386290252017 26.84598160050404 2
      vertex 76.16252142541195 26.863980908340245 2
    endloop
  endfacet
  facet normal 0 0 1
    outer loop
      vertex 76.28386290252017 26.84598160050404 2
      vertex 76.51835429045637 26.77484941563911 2
      vertex 76.40285584656809 26.816175419665264 2
    endloop
  endfacet
  facet normal 0 0 1
    outer loop
      vertex 76.73446279127451 26.65933701537818 2
      vertex 76.6292459210325 26.722401580435445 2
      vertex 76.28386290252017 26.84598160050404 2
    endloop
  endfacet
  facet normal 0 0 1
    outer loop
      vertex 76.28386290252017 26.84598160050404 2
      vertex 76.6292459210325 26.722401580435445 2
      vertex 76.51835429045637 26.77484941563911 2
    endloop
  endfacet
  facet normal 0 0 1
    outer loop
      vertex 93.4 19.15 2
      vertex 78.81163859753387 24.47194970290473 2
      vertex 78.68576379304507 24.205809789522007 2
    endloop
  endfacet
  facet normal 0 0 1
    outer loop
      vertex 93.4 19.15 2
      vertex 78.91082100719663 24.749145968236615 2
      vertex 78.81163859753387 24.47194970290473 2
    endloop
  endfacet
  facet normal 0 0 1
    outer loop
      vertex 93.4 19.15 2
      vertex 78.9823558412097 25.034729033951617 2
      vertex 78.91082100719663 24.749145968236615 2
    endloop
  endfacet
  facet normal 0 0 1
    outer loop
      vertex 93.4 19.15 2
      vertex 79.0255541800166 25.325948579011317 2
      vertex 78.9823558412097 25.034729033951617 2
    endloop
  endfacet
  facet normal 0 0 1
    outer loop
      vertex 93.4 19.15 2
      vertex 79.04 25.62 2
      vertex 79.0255541800166 25.325948579011317 2
    endloop
  endfacet
  facet normal 0 0 1
    outer loop
      vertex 93.4 19.15 2
      vertex 93.4 55.79669421487604 2
      vertex 79.04 25.62 2
    endloop
  endfacet
  facet normal 0 0 1
    outer loop
      vertex 79.04 25.62 2
      vertex 93.4 55.79669421487604 2
      vertex 79.0255541800166 25.914051420988685 2
    endloop
  endfacet
  facet normal 0 0 1
    outer loop
      vertex 78.9823558412097 26.205270966048385 2
      vertex 93.4 55.79669421487604 2
      vertex 78.91082100719663 26.490854031763387 2
    endloop
  endfacet
  facet normal 0 0 1
    outer loop
      vertex 78.91082100719663 26.490854031763387 2
      vertex 93.4 55.79669421487604 2
      vertex 78.81163859753387 26.76805029709527 2
    endloop
  endfacet
  facet normal 0 0 1
    outer loop
      vertex 78.68576379304507 27.034190210477995 2
      vertex 78.81163859753387 26.76805029709527 2
      vertex 93.4 55.79669421487604 2
    endloop
  endfacet
  facet normal 0 0 1
    outer loop
      vertex 79.0255541800166 25.914051420988685 2
      vertex 93.4 55.79669421487604 2
      vertex 78.9823558412097 26.205270966048385 2
    endloop
  endfacet
  facet normal 0 0 1
    outer loop
      vertex 74.89194970290474 28.391638597533863 2
      vertex 75.16914596823662 28.49082100719663 2
      vertex 93.4 55.79669421487604 2
    endloop
  endfacet
  facet normal 0 0 1
    outer loop
      vertex 75.16914596823662 28.49082100719663 2
      vertex 75.45472903395162 28.562355841209694 2
      vertex 93.4 55.79669421487604 2
    endloop
  endfacet
  facet normal 0 0 1
    outer loop
      vertex 75.45472903395162 28.562355841209694 2
      vertex 75.74594857901133 28.60555418001659 2
      vertex 93.4 55.79669421487604 2
    endloop
  endfacet
  facet normal 0 0 1
    outer loop
      vertex 75.74594857901133 28.60555418001659 2
      vertex 76.04 28.62 2
      vertex 93.4 55.79669421487604 2
    endloop
  endfacet
  facet normal 0 0 1
    outer loop
      vertex 76.04 28.62 2
      vertex 76.33405142098869 28.60555418001659 2
      vertex 93.4 55.79669421487604 2
    endloop
  endfacet
  facet normal 0 0 1
    outer loop
      vertex 78.16132034355965 27.741320343559643 2
      vertex 93.4 55.79669421487604 2
      vertex 77.94317985249094 27.93903136008821 2
    endloop
  endfacet
  facet normal 0 0 1
    outer loop
      vertex 76.62527096604839 28.562355841209694 2
      vertex 76.91085403176339 28.49082100719663 2
      vertex 93.4 55.79669421487604 2
    endloop
  endfacet
  facet normal 0 0 1
    outer loop
      vertex 77.18805029709527 28.391638597533863 2
      vertex 93.4 55.79669421487604 2
      vertex 76.91085403176339 28.49082100719663 2
    endloop
  endfacet
  facet normal 0 0 1
    outer loop
      vertex 76.33405142098869 28.60555418001659 2
      vertex 76.62527096604839 28.562355841209694 2
      vertex 93.4 55.79669421487604 2
    endloop
  endfacet
  facet normal 0 0 1
    outer loop
      vertex 77.70671069905882 28.114408836907636 2
      vertex 93.4 55.79669421487604 2
      vertex 77.454190210478 28.265763793045068 2
    endloop
  endfacet
  facet normal 0 0 1
    outer loop
      vertex 77.18805029709527 28.391638597533863 2
      vertex 77.454190210478 28.265763793045068 2
      vertex 93.4 55.79669421487604 2
    endloop
  endfacet
  facet normal 0 0 1
    outer loop
      vertex 77.70671069905882 28.114408836907636 2
      vertex 77.94317985249094 27.93903136008821 2
      vertex 93.4 55.79669421487604 2
    endloop
  endfacet
  facet normal 0 0 1
    outer loop
      vertex 78.35903136008822 27.523179852490937 2
      vertex 78.53440883690764 27.28671069905881 2
      vertex 93.4 55.79669421487604 2
    endloop
  endfacet
  facet normal 0 0 1
    outer loop
      vertex 78.68576379304507 27.034190210477995 2
      vertex 93.4 55.79669421487604 2
      vertex 78.53440883690764 27.28671069905881 2
    endloop
  endfacet
  facet normal 0 0 1
    outer loop
      vertex 78.16132034355965 27.741320343559643 2
      vertex 78.35903136008822 27.523179852490937 2
      vertex 93.4 55.79669421487604 2
    endloop
  endfacet
  facet normal 0 0 1
    outer loop
      vertex 95 20.75 2
      vertex 122.5 20.75 2
      vertex 95 70.25 2
    endloop
  endfacet
  facet normal 0 0 1
    outer loop
      vertex 95 19.15 2
      vertex 136.7645942507654 6.057646687850042 2
      vertex 136.39375541594862 6.393755415948608 2
    endloop
  endfacet
  facet normal 0 0 1
    outer loop
      vertex 95 19.15 2
      vertex 137.16659181160003 5.75950497725702 2
      vertex 136.7645942507654 6.057646687850042 2
    endloop
  endfacet
  facet normal 0 0 1
    outer loop
      vertex 95 19.15 2
      vertex 136.05764668785005 6.764594250765408 2
      vertex 135.75950497725702 7.1665918116000284 2
    endloop
  endfacet
  facet normal 0 0 1
    outer loop
      vertex 95 19.15 2
      vertex 136.39375541594862 6.393755415948608 2
      vertex 136.05764668785005 6.764594250765408 2
    endloop
  endfacet
  facet normal 0 0 1
    outer loop
      vertex 95 19.15 2
      vertex 137.59587664218742 5.50220155182339 2
      vertex 137.16659181160003 5.75950497725702 2
    endloop
  endfacet
  facet normal 0 0 1
    outer loop
      vertex 95 19.15 2
      vertex 138.04831449493804 5.288214384192438 2
      vertex 137.59587664218742 5.50220155182339 2
    endloop
  endfacet
  facet normal 0 0 1
    outer loop
      vertex 95 19.15 2
      vertex 138.51954814600225 5.1196042877657355 2
      vertex 138.04831449493804 5.288214384192438 2
    endloop
  endfacet
  facet normal 0 0 1
    outer loop
      vertex 95 19.15 2
      vertex 135.28821438419243 8.048314494938042 2
      vertex 135.11960428776572 8.519548146002242 2
    endloop
  endfacet
  facet normal 0 0 1
    outer loop
      vertex 95 19.15 2
      vertex 135.11960428776572 8.519548146002242 2
      vertex 134.99799506994353 9.005039357717745 2
    endloop
  endfacet
  facet normal 0 0 1
    outer loop
      vertex 95 19.15 2
      vertex 134.99799506994353 9.005039357717745 2
      vertex 134.9245578939718 9.500112584319242 2
    endloop
  endfacet
  facet normal 0 0 1
    outer loop
      vertex 95 19.15 2
      vertex 134.9245578939718 9.500112584319242 2
      vertex 122.5 20.66661237785016 2
    endloop
  endfacet
  facet normal 0 0 1
    outer loop
      vertex 95 19.15 2
      vertex 135.75950497725702 7.1665918116000284 2
      vertex 135.5022015518234 7.595876642187412 2
    endloop
  endfacet
  facet normal 0 0 1
    outer loop
      vertex 95 19.15 2
      vertex 135.5022015518234 7.595876642187412 2
      vertex 135.28821438419243 8.048314494938042 2
    endloop
  endfacet
  facet normal 0 0 1
    outer loop
      vertex 122.5 20.66661237785016 2
      vertex 134.9245578939718 9.500112584319242 2
      vertex 134.9 10 2
    endloop
  endfacet
  facet normal 0 0 1
    outer loop
      vertex 122.5 20.66661237785016 2
      vertex 134.9 10 2
      vertex 134.9245578939718 10.499887415680758 2
    endloop
  endfacet
  facet normal 0 0 1
    outer loop
      vertex 122.5 20.66661237785016 2
      vertex 134.9245578939718 10.499887415680758 2
      vertex 134.99799506994353 10.994960642282255 2
    endloop
  endfacet
  facet normal 0 0 1
    outer loop
      vertex 122.5 20.66661237785016 2
      vertex 134.99799506994353 10.994960642282255 2
      vertex 135.11960428776572 11.480451853997758 2
    endloop
  endfacet
  facet normal 0 0 1
    outer loop
      vertex 122.5 20.66661237785016 2
      vertex 135.11960428776572 11.480451853997758 2
      vertex 135.28821438419243 11.951685505061958 2
    endloop
  endfacet
  facet normal 0 0 1
    outer loop
      vertex 122.5 20.66661237785016 2
      vertex 135.28821438419243 11.951685505061958 2
      vertex 135.5022015518234 12.404123357812587 2
    endloop
  endfacet
  facet normal 0 0 1
    outer loop
      vertex 147.6 2.4 2
      vertex 140 4.9 2
      vertex 139.50011258431925 4.924557893971796 2
    endloop
  endfacet
  facet normal 0 0 1
    outer loop
      vertex 147.6 2.4 2
      vertex 140.49988741568075 4.924557893971796 2
      vertex 140 4.9 2
    endloop
  endfacet
  facet normal 0 0 1
    outer loop
      vertex 147.6 2.4 2
      vertex 140.99496064228225 4.997995069943525 2
      vertex 140.49988741568075 4.924557893971796 2
    endloop
  endfacet
  facet normal 0 0 1
    outer loop
      vertex 147.6 2.4 2
      vertex 141.48045185399775 5.1196042877657355 2
      vertex 140.99496064228225 4.997995069943525 2
    endloop
  endfacet
  facet normal 0 0 1
    outer loop
      vertex 147.6 2.4 2
      vertex 141.95168550506196 5.288214384192438 2
      vertex 141.48045185399775 5.1196042877657355 2
    endloop
  endfacet
  facet normal 0 0 1
    outer loop
      vertex 147.6 2.4 2
      vertex 142.40412335781258 5.50220155182339 2
      vertex 141.95168550506196 5.288214384192438 2
    endloop
  endfacet
  facet normal 0 0 1
    outer loop
      vertex 147.6 2.4 2
      vertex 142.83340818839997 5.75950497725702 2
      vertex 142.40412335781258 5.50220155182339 2
    endloop
  endfacet
  facet normal 0 0 1
    outer loop
      vertex 147.6 2.4 2
      vertex 143.2354057492346 6.057646687850042 2
      vertex 142.83340818839997 5.75950497725702 2
    endloop
  endfacet
  facet normal 0 0 1
    outer loop
      vertex 147.6 2.4 2
      vertex 143.60624458405138 6.393755415948608 2
      vertex 143.2354057492346 6.057646687850042 2
    endloop
  endfacet
  facet normal 0 0 1
    outer loop
      vertex 147.6 2.4 2
      vertex 143.94235331214995 6.764594250765408 2
      vertex 143.60624458405138 6.393755415948608 2
    endloop
  endfacet
  facet normal 0 0 1
    outer loop
      vertex 147.6 2.4 2
      vertex 144.24049502274298 7.1665918116000284 2
      vertex 143.94235331214995 6.764594250765408 2
    endloop
  endfacet
  facet normal 0 0 1
    outer loop
      vertex 147.6 2.4 2
      vertex 144.4977984481766 7.595876642187412 2
      vertex 144.24049502274298 7.1665918116000284 2
    endloop
  endfacet
  facet normal 0 0 1
    outer loop
      vertex 147.6 2.4 2
      vertex 144.71178561580757 8.048314494938042 2
      vertex 144.4977984481766 7.595876642187412 2
    endloop
  endfacet
  facet normal 0 0 1
    outer loop
      vertex 147.6 2.4 2
      vertex 144.88039571223428 8.519548146002242 2
      vertex 144.71178561580757 8.048314494938042 2
    endloop
  endfacet
  facet normal 0 0 1
    outer loop
      vertex 147.6 2.4 2
      vertex 145.00200493005647 9.005039357717745 2
      vertex 144.88039571223428 8.519548146002242 2
    endloop
  endfacet
  facet normal 0 0 1
    outer loop
      vertex 147.6 2.4 2
      vertex 145.0754421060282 9.500112584319242 2
      vertex 145.00200493005647 9.005039357717745 2
    endloop
  endfacet
  facet normal 0 0 1
    outer loop
      vertex 147.6 2.4 2
      vertex 145.1 10 2
      vertex 145.0754421060282 9.500112584319242 2
    endloop
  endfacet
  facet normal 0 0 1
    outer loop
      vertex 122.5 20.66661237785016 2
      vertex 135.5022015518234 12.404123357812587 2
      vertex 135.75950497725702 12.833408188399972 2
    endloop
  endfacet
  facet normal 0 0 1
    outer loop
      vertex 122.5 20.66661237785016 2
      vertex 135.75950497725702 12.833408188399972 2
      vertex 136.05764668785005 13.235405749234591 2
    endloop
  endfacet
  facet normal -1 0 0
    outer loop
      vertex 147.6 2.4 2
      vertex 147.6 6.150645244622173 31.3
      vertex 147.6 38.4 12.9
    endloop
  endfacet
  facet normal 0 0 1
    outer loop
      vertex 147.6 2.4 2
      vertex 147.6 87.60000000000001 2
      vertex 145.1 10 2
    endloop
  endfacet
  facet normal 0 0 1
    outer loop
      vertex 122.5 20.66661237785016 2
      vertex 136.05764668785005 13.235405749234591 2
      vertex 143.2354057492346 76.05764668785004 2
    endloop
  endfacet
  facet normal 0 0 1
    outer loop
      vertex 143.2354057492346 76.05764668785004 2
      vertex 136.05764668785005 13.235405749234591 2
      vertex 136.39375541594862 13.606244584051392 2
    endloop
  endfacet
  facet normal 0 0 1
    outer loop
      vertex 143.2354057492346 76.05764668785004 2
      vertex 136.39375541594862 13.606244584051392 2
      vertex 136.7645942507654 13.942353312149958 2
    endloop
  endfacet
  facet normal 0 0 1
    outer loop
      vertex 143.2354057492346 76.05764668785004 2
      vertex 136.7645942507654 13.942353312149958 2
      vertex 137.16659181160003 14.24049502274298 2
    endloop
  endfacet
  facet normal 0 0 1
    outer loop
      vertex 143.2354057492346 76.05764668785004 2
      vertex 137.16659181160003 14.24049502274298 2
      vertex 137.59587664218742 14.49779844817661 2
    endloop
  endfacet
  facet normal 0 0 1
    outer loop
      vertex 143.2354057492346 76.05764668785004 2
      vertex 137.59587664218742 14.49779844817661 2
      vertex 138.04831449493804 14.711785615807562 2
    endloop
  endfacet
  facet normal 0 0 1
    outer loop
      vertex 143.2354057492346 76.05764668785004 2
      vertex 138.04831449493804 14.711785615807562 2
      vertex 138.51954814600225 14.880395712234264 2
    endloop
  endfacet
  facet normal 0 0 1
    outer loop
      vertex 143.2354057492346 76.05764668785004 2
      vertex 138.51954814600225 14.880395712234264 2
      vertex 139.00503935771775 15.002004930056476 2
    endloop
  endfacet
  facet normal 0 0 1
    outer loop
      vertex 143.2354057492346 76.05764668785004 2
      vertex 139.00503935771775 15.002004930056476 2
      vertex 139.50011258431925 15.075442106028204 2
    endloop
  endfacet
  facet normal 0 0 1
    outer loop
      vertex 143.2354057492346 76.05764668785004 2
      vertex 141.95168550506196 14.711785615807562 2
      vertex 142.40412335781258 14.49779844817661 2
    endloop
  endfacet
  facet normal 0 0 1
    outer loop
      vertex 143.2354057492346 76.05764668785004 2
      vertex 142.40412335781258 14.49779844817661 2
      vertex 142.83340818839997 14.24049502274298 2
    endloop
  endfacet
  facet normal 0 0 1
    outer loop
      vertex 143.2354057492346 76.05764668785004 2
      vertex 139.50011258431925 15.075442106028204 2
      vertex 140 15.1 2
    endloop
  endfacet
  facet normal 0 0 1
    outer loop
      vertex 143.2354057492346 76.05764668785004 2
      vertex 140 15.1 2
      vertex 140.49988741568075 15.075442106028204 2
    endloop
  endfacet
  facet normal 0 0 1
    outer loop
      vertex 143.2354057492346 76.05764668785004 2
      vertex 140.49988741568075 15.075442106028204 2
      vertex 140.99496064228225 15.002004930056476 2
    endloop
  endfacet
  facet normal 0 0 1
    outer loop
      vertex 143.2354057492346 76.05764668785004 2
      vertex 140.99496064228225 15.002004930056476 2
      vertex 141.48045185399775 14.880395712234264 2
    endloop
  endfacet
  facet normal 0 0 1
    outer loop
      vertex 143.2354057492346 76.05764668785004 2
      vertex 141.48045185399775 14.880395712234264 2
      vertex 141.95168550506196 14.711785615807562 2
    endloop
  endfacet
  facet normal 0 0 1
    outer loop
      vertex 143.94235331214995 13.235405749234591 2
      vertex 143.60624458405138 76.3937554159486 2
      vertex 143.60624458405138 13.606244584051392 2
    endloop
  endfacet
  facet normal 0 0 1
    outer loop
      vertex 144.24049502274298 12.833408188399972 2
      vertex 143.94235331214995 76.76459425076541 2
      vertex 143.94235331214995 13.235405749234591 2
    endloop
  endfacet
  facet normal 0 0 1
    outer loop
      vertex 143.2354057492346 76.05764668785004 2
      vertex 142.83340818839997 14.24049502274298 2
      vertex 143.2354057492346 13.942353312149958 2
    endloop
  endfacet
  facet normal 0 0 1
    outer loop
      vertex 143.2354057492346 76.05764668785004 2
      vertex 143.2354057492346 13.942353312149958 2
      vertex 143.60624458405138 13.606244584051392 2
    endloop
  endfacet
  facet normal 0 0 1
    outer loop
      vertex 144.71178561580757 11.951685505061958 2
      vertex 144.4977984481766 77.5958766421874 2
      vertex 144.4977984481766 12.404123357812587 2
    endloop
  endfacet
  facet normal 0 0 1
    outer loop
      vertex 144.4977984481766 12.404123357812587 2
      vertex 144.24049502274298 77.16659181160003 2
      vertex 144.24049502274298 12.833408188399972 2
    endloop
  endfacet
  facet normal 0 0 1
    outer loop
      vertex 147.6 87.60000000000001 2
      vertex 145.00200493005647 10.994960642282255 2
      vertex 145.0754421060282 10.499887415680758 2
    endloop
  endfacet
  facet normal 0 0 1
    outer loop
      vertex 147.6 87.60000000000001 2
      vertex 145.0754421060282 10.499887415680758 2
      vertex 145.1 10 2
    endloop
  endfacet
  facet normal 0 0 1
    outer loop
      vertex 147.6 87.60000000000001 2
      vertex 144.88039571223428 11.480451853997758 2
      vertex 145.00200493005647 10.994960642282255 2
    endloop
  endfacet
  facet normal 0 0 1
    outer loop
      vertex 147.6 87.60000000000001 2
      vertex 144.71178561580757 11.951685505061958 2
      vertex 144.88039571223428 11.480451853997758 2
    endloop
  endfacet
  facet normal -1 0 0
    outer loop
      vertex 147.6 2.4 2
      vertex 147.6 38.4 12.9
      vertex 147.6 51.599999999999994 12.9
    endloop
  endfacet
  facet normal 0 1 0
    outer loop
      vertex 147.6 2.4 2
      vertex 70.04935475537782 2.4 31.3
      vertex 79.95064524462218 2.4 31.3
    endloop
  endfacet
  facet normal 0 1 0
    outer loop
      vertex 2.4 2.4 35
      vertex 147.6 2.4 35
      vertex 79.95064524462218 2.4 34.5
    endloop
  endfacet
  facet normal 0 1 0
    outer loop
      vertex 147.6 2.4 35
      vertex 79.95064524462218 2.4 31.3
      vertex 79.95064524462218 2.4 34.5
    endloop
  endfacet
  facet normal 0 1 0
    outer loop
      vertex 147.6 2.4 2
      vertex 79.95064524462218 2.4 31.3
      vertex 143.84935475537782 2.4 31.3
    endloop
  endfacet
  facet normal 0 1 0
    outer loop
      vertex 147.6 2.4 2
      vertex 143.84935475537782 2.4 31.3
      vertex 147.6 2.4 31.3
    endloop
  endfacet
  facet normal -1 0 0
    outer loop
      vertex 147.6 2.4 2
      vertex 147.6 2.4 31.3
      vertex 147.6 6.150645244622173 31.3
    endloop
  endfacet
  facet normal -1 0 0
    outer loop
      vertex 147.6 38.4 12.9
      vertex 147.6 6.150645244622173 31.3
      vertex 147.6 6.150645244622173 34.5
    endloop
  endfacet
  facet normal 0 1 0
    outer loop
      vertex 79.95064524462218 2.4 31.3
      vertex 143.84935475537782 2.4 34.5
      vertex 143.84935475537782 2.4 31.3
    endloop
  endfacet
  facet normal 0 1 0
    outer loop
      vertex 147.6 2.4 35
      vertex 143.84935475537782 2.4 34.5
      vertex 79.95064524462218 2.4 31.3
    endloop
  endfacet
  facet normal 0 1 0
    outer loop
      vertex 147.6 2.4 35
      vertex 147.6 2.4 34.5
      vertex 143.84935475537782 2.4 34.5
    endloop
  endfacet
  facet normal -1 0 0
    outer loop
      vertex 147.6 2.4 35
      vertex 147.6 6.150645244622173 34.5
      vertex 147.6 2.4 34.5
    endloop
  endfacet
  facet normal -1 0 0
    outer loop
      vertex 147.6 6.150645244622173 34.5
      vertex 147.6 38.4 21.1
      vertex 147.6 38.4 12.9
    endloop
  endfacet
  facet normal -1 0 0
    outer loop
      vertex 147.6 2.4 35
      vertex 147.6 83.84935475537783 34.5
      vertex 147.6 6.150645244622173 34.5
    endloop
  endfacet
  facet normal -1 0 0
    outer loop
      vertex 147.6 6.150645244622173 34.5
      vertex 147.6 83.84935475537783 34.5
      vertex 147.6 38.4 21.1
    endloop
  endfacet
  facet normal 0 0 1
    outer loop
      vertex 75.67714415343193 52.36382458033474 2
      vertex 75.79613709747984 52.33401839949597 2
      vertex 76.92388347648318 54.44388347648319 2
    endloop
  endfacet
  facet normal 0 0 1
    outer loop
      vertex 75.56164570954364 52.4051505843609 2
      vertex 75.67714415343193 52.36382458033474 2
      vertex 76.92388347648318 54.44388347648319 2
    endloop
  endfacet
  facet normal 0 0 1
    outer loop
      vertex 75.24700839479544 52.59373693329658 2
      vertex 75.3455372087255 52.52066298462182 2
      vertex 76.92388347648318 54.44388347648319 2
    endloop
  endfacet
  facet normal 0 0 1
    outer loop
      vertex 75.24700839479544 52.59373693329658 2
      vertex 76.92388347648318 54.44388347648319 2
      vertex 75.15611652351683 52.67611652351682 2
    endloop
  endfacet
  facet normal 0 0 1
    outer loop
      vertex 75.15611652351683 52.67611652351682 2
      vertex 76.6292459210325 54.66240158043544 2
      vertex 75.07373693329659 52.76700839479545 2
    endloop
  endfacet
  facet normal 0 0 1
    outer loop
      vertex 75.56164570954364 52.4051505843609 2
      vertex 76.92388347648318 54.44388347648319 2
      vertex 75.4507540789675 52.45759841956456 2
    endloop
  endfacet
  facet normal 0 0 1
    outer loop
      vertex 75.3455372087255 52.52066298462182 2
      vertex 75.4507540789675 52.45759841956456 2
      vertex 76.92388347648318 54.44388347648319 2
    endloop
  endfacet
  facet normal 0 0 1
    outer loop
      vertex 75.91747857458806 52.316019091659754 2
      vertex 76.04 52.31 2
      vertex 76.92388347648318 54.44388347648319 2
    endloop
  endfacet
  facet normal 0 0 1
    outer loop
      vertex 75.79613709747984 52.33401839949597 2
      vertex 75.91747857458806 52.316019091659754 2
      vertex 76.92388347648318 54.44388347648319 2
    endloop
  endfacet
  facet normal 0 0 1
    outer loop
      vertex 76.16252142541195 52.316019091659754 2
      vertex 76.28386290252017 52.33401839949597 2
      vertex 76.92388347648318 54.44388347648319 2
    endloop
  endfacet
  facet normal 0 0 1
    outer loop
      vertex 76.04 52.31 2
      vertex 76.16252142541195 52.316019091659754 2
      vertex 76.92388347648318 54.44388347648319 2
    endloop
  endfacet
  facet normal 0 0 1
    outer loop
      vertex 76.28386290252017 52.33401839949597 2
      vertex 76.40285584656809 52.36382458033474 2
      vertex 76.92388347648318 54.44388347648319 2
    endloop
  endfacet
  facet normal 0 0 1
    outer loop
      vertex 76.40285584656809 52.36382458033474 2
      vertex 76.51835429045637 52.4051505843609 2
      vertex 76.92388347648318 54.44388347648319 2
    endloop
  endfacet
  facet normal 0 0 1
    outer loop
      vertex 76.51835429045637 52.4051505843609 2
      vertex 76.6292459210325 52.45759841956456 2
      vertex 76.92388347648318 54.44388347648319 2
    endloop
  endfacet
  facet normal 0 0 1
    outer loop
      vertex 76.6292459210325 52.45759841956456 2
      vertex 76.73446279127451 52.52066298462182 2
      vertex 76.92388347648318 54.44388347648319 2
    endloop
  endfacet
  facet normal 0 0 1
    outer loop
      vertex 76.83299160520457 52.59373693329658 2
      vertex 76.92388347648318 52.67611652351682 2
      vertex 76.92388347648318 54.44388347648319 2
    endloop
  endfacet
  facet normal 0 0 1
    outer loop
      vertex 76.73446279127451 52.52066298462182 2
      vertex 76.83299160520457 52.59373693329658 2
      vertex 76.92388347648318 54.44388347648319 2
    endloop
  endfacet
  facet normal 0 0 1
    outer loop
      vertex 76.92388347648318 52.67611652351682 2
      vertex 77.00626306670343 52.76700839479545 2
      vertex 77.19484941563911 54.03835429045636 2
    endloop
  endfacet
  facet normal 0 0 1
    outer loop
      vertex 77.00626306670343 52.76700839479545 2
      vertex 77.07933701537819 52.8655372087255 2
      vertex 77.19484941563911 54.03835429045636 2
    endloop
  endfacet
  facet normal 0 0 1
    outer loop
      vertex 77.19484941563911 53.08164570954364 2
      vertex 77.23617541966527 53.19714415343192 2
      vertex 77.26598160050405 53.31613709747984 2
    endloop
  endfacet
  facet normal 0 0 1
    outer loop
      vertex 77.07933701537819 52.8655372087255 2
      vertex 77.14240158043545 52.9707540789675 2
      vertex 77.19484941563911 54.03835429045636 2
    endloop
  endfacet
  facet normal 0 0 1
    outer loop
      vertex 77.14240158043545 52.9707540789675 2
      vertex 77.19484941563911 53.08164570954364 2
      vertex 77.19484941563911 54.03835429045636 2
    endloop
  endfacet
  facet normal 0 0 1
    outer loop
      vertex 77.19484941563911 53.08164570954364 2
      vertex 77.26598160050405 53.31613709747984 2
      vertex 77.28398090834025 53.43747857458805 2
    endloop
  endfacet
  facet normal 0 0 1
    outer loop
      vertex 77.19484941563911 53.08164570954364 2
      vertex 77.28398090834025 53.43747857458805 2
      vertex 77.29 53.56 2
    endloop
  endfacet
  facet normal 0 0 1
    outer loop
      vertex 74.93759841956457 52.9707540789675 2
      vertex 75.79613709747984 54.78598160050404 2
      vertex 74.8851505843609 53.08164570954364 2
    endloop
  endfacet
  facet normal 0 0 1
    outer loop
      vertex 74.8851505843609 53.08164570954364 2
      vertex 75.79613709747984 54.78598160050404 2
      vertex 74.84382458033474 53.19714415343192 2
    endloop
  endfacet
  facet normal 0 0 1
    outer loop
      vertex 74.84382458033474 53.19714415343192 2
      vertex 75.79613709747984 54.78598160050404 2
      vertex 74.81401839949596 53.31613709747984 2
    endloop
  endfacet
  facet normal 0 0 1
    outer loop
      vertex 74.93759841956457 52.9707540789675 2
      vertex 75.00066298462183 52.8655372087255 2
      vertex 76.28386290252017 54.78598160050404 2
    endloop
  endfacet
  facet normal 0 0 1
    outer loop
      vertex 75.07373693329659 52.76700839479545 2
      vertex 76.28386290252017 54.78598160050404 2
      vertex 75.00066298462183 52.8655372087255 2
    endloop
  endfacet
  facet normal 0 0 1
    outer loop
      vertex 74.81401839949596 53.31613709747984 2
      vertex 75.67714415343193 54.75617541966526 2
      vertex 74.79601909165976 53.43747857458805 2
    endloop
  endfacet
  facet normal 0 0 1
    outer loop
      vertex 74.79601909165976 53.43747857458805 2
      vertex 75.67714415343193 54.75617541966526 2
      vertex 74.79 53.56 2
    endloop
  endfacet
  facet normal 0 0 1
    outer loop
      vertex 75.07373693329659 52.76700839479545 2
      vertex 76.51835429045637 54.71484941563911 2
      vertex 76.40285584656809 54.75617541966526 2
    endloop
  endfacet
  facet normal 0 0 1
    outer loop
      vertex 75.07373693329659 52.76700839479545 2
      vertex 76.40285584656809 54.75617541966526 2
      vertex 76.28386290252017 54.78598160050404 2
    endloop
  endfacet
  facet normal 0 0 1
    outer loop
      vertex 75.07373693329659 52.76700839479545 2
      vertex 76.6292459210325 54.66240158043544 2
      vertex 76.51835429045637 54.71484941563911 2
    endloop
  endfacet
  facet normal 0 0 1
    outer loop
      vertex 74.79601909165976 53.682521425411956 2
      vertex 75.24700839479544 54.52626306670342 2
      vertex 75.15611652351683 54.44388347648319 2
    endloop
  endfacet
  facet normal 0 0 1
    outer loop
      vertex 74.79601909165976 53.682521425411956 2
      vertex 75.15611652351683 54.44388347648319 2
      vertex 75.07373693329659 54.35299160520456 2
    endloop
  endfacet
  facet normal 0 0 1
    outer loop
      vertex 74.79601909165976 53.682521425411956 2
      vertex 75.3455372087255 54.59933701537818 2
      vertex 75.24700839479544 54.52626306670342 2
    endloop
  endfacet
  facet normal 0 0 1
    outer loop
      vertex 74.79 53.56 2
      vertex 75.56164570954364 54.71484941563911 2
      vertex 75.4507540789675 54.66240158043544 2
    endloop
  endfacet
  facet normal 0 0 1
    outer loop
      vertex 74.79 53.56 2
      vertex 75.4507540789675 54.66240158043544 2
      vertex 75.3455372087255 54.59933701537818 2
    endloop
  endfacet
  facet normal 0 0 1
    outer loop
      vertex 74.81401839949596 53.31613709747984 2
      vertex 75.79613709747984 54.78598160050404 2
      vertex 75.67714415343193 54.75617541966526 2
    endloop
  endfacet
  facet normal 0 0 1
    outer loop
      vertex 74.93759841956457 52.9707540789675 2
      vertex 75.91747857458806 54.80398090834025 2
      vertex 75.79613709747984 54.78598160050404 2
    endloop
  endfacet
  facet normal 0 0 1
    outer loop
      vertex 74.79 53.56 2
      vertex 75.67714415343193 54.75617541966526 2
      vertex 75.56164570954364 54.71484941563911 2
    endloop
  endfacet
  facet normal 0 0 1
    outer loop
      vertex 74.93759841956457 52.9707540789675 2
      vertex 76.16252142541195 54.80398090834025 2
      vertex 76.04 54.81 2
    endloop
  endfacet
  facet normal 0 0 1
    outer loop
      vertex 74.93759841956457 52.9707540789675 2
      vertex 76.04 54.81 2
      vertex 75.91747857458806 54.80398090834025 2
    endloop
  endfacet
  facet normal 0 0 1
    outer loop
      vertex 74.93759841956457 52.9707540789675 2
      vertex 76.28386290252017 54.78598160050404 2
      vertex 76.16252142541195 54.80398090834025 2
    endloop
  endfacet
  facet normal 0 0 1
    outer loop
      vertex 75.15611652351683 52.67611652351682 2
      vertex 76.92388347648318 54.44388347648319 2
      vertex 76.83299160520457 54.52626306670342 2
    endloop
  endfacet
  facet normal 0 0 1
    outer loop
      vertex 75.15611652351683 52.67611652351682 2
      vertex 76.83299160520457 54.52626306670342 2
      vertex 76.73446279127451 54.59933701537818 2
    endloop
  endfacet
  facet normal 0 0 1
    outer loop
      vertex 75.15611652351683 52.67611652351682 2
      vertex 76.73446279127451 54.59933701537818 2
      vertex 76.6292459210325 54.66240158043544 2
    endloop
  endfacet
  facet normal 0 0 1
    outer loop
      vertex 76.92388347648318 52.67611652351682 2
      vertex 77.14240158043545 54.1492459210325 2
      vertex 77.07933701537819 54.254462791274506 2
    endloop
  endfacet
  facet normal 0 0 1
    outer loop
      vertex 76.92388347648318 52.67611652351682 2
      vertex 77.07933701537819 54.254462791274506 2
      vertex 77.00626306670343 54.35299160520456 2
    endloop
  endfacet
  facet normal 0 0 1
    outer loop
      vertex 77.19484941563911 53.08164570954364 2
      vertex 77.29 53.56 2
      vertex 77.28398090834025 53.682521425411956 2
    endloop
  endfacet
  facet normal 0 0 1
    outer loop
      vertex 77.19484941563911 53.08164570954364 2
      vertex 77.28398090834025 53.682521425411956 2
      vertex 77.26598160050405 53.803862902520166 2
    endloop
  endfacet
  facet normal 0 0 1
    outer loop
      vertex 77.19484941563911 53.08164570954364 2
      vertex 77.26598160050405 53.803862902520166 2
      vertex 77.23617541966527 53.92285584656808 2
    endloop
  endfacet
  facet normal 0 0 1
    outer loop
      vertex 76.92388347648318 52.67611652351682 2
      vertex 77.19484941563911 54.03835429045636 2
      vertex 77.14240158043545 54.1492459210325 2
    endloop
  endfacet
  facet normal 0 0 1
    outer loop
      vertex 77.19484941563911 53.08164570954364 2
      vertex 77.23617541966527 53.92285584656808 2
      vertex 77.19484941563911 54.03835429045636 2
    endloop
  endfacet
  facet normal 0 0 1
    outer loop
      vertex 76.92388347648318 52.67611652351682 2
      vertex 77.00626306670343 54.35299160520456 2
      vertex 76.92388347648318 54.44388347648319 2
    endloop
  endfacet
  facet normal 0 0 1
    outer loop
      vertex 77.454190210478 50.91423620695494 2
      vertex 93.4 55.79669421487604 2
      vertex 77.70671069905882 51.065591163092364 2
    endloop
  endfacet
  facet normal 0 0 1
    outer loop
      vertex 77.70671069905882 51.065591163092364 2
      vertex 93.4 55.79669421487604 2
      vertex 77.94317985249094 51.24096863991179 2
    endloop
  endfacet
  facet normal 0 0 1
    outer loop
      vertex 77.94317985249094 51.24096863991179 2
      vertex 93.4 55.79669421487604 2
      vertex 78.16132034355965 51.43867965644036 2
    endloop
  endfacet
  facet normal 0 0 1
    outer loop
      vertex 78.16132034355965 51.43867965644036 2
      vertex 93.4 55.79669421487604 2
      vertex 78.35903136008822 51.656820147509066 2
    endloop
  endfacet
  facet normal 0 0 1
    outer loop
      vertex 78.35903136008822 51.656820147509066 2
      vertex 93.4 55.79669421487604 2
      vertex 78.53440883690764 51.8932893009412 2
    endloop
  endfacet
  facet normal 0 0 1
    outer loop
      vertex 78.53440883690764 51.8932893009412 2
      vertex 93.4 55.79669421487604 2
      vertex 78.68576379304507 52.14580978952201 2
    endloop
  endfacet
  facet normal 0 0 1
    outer loop
      vertex 78.68576379304507 52.14580978952201 2
      vertex 93.4 55.79669421487604 2
      vertex 78.81163859753387 52.411949702904735 2
    endloop
  endfacet
  facet normal 0 0 1
    outer loop
      vertex 78.81163859753387 52.411949702904735 2
      vertex 93.4 55.79669421487604 2
      vertex 78.91082100719663 52.689145968236616 2
    endloop
  endfacet
  facet normal 0 0 1
    outer loop
      vertex 78.91082100719663 52.689145968236616 2
      vertex 93.4 55.79669421487604 2
      vertex 78.9823558412097 52.97472903395162 2
    endloop
  endfacet
  facet normal 0 0 1
    outer loop
      vertex 78.9823558412097 52.97472903395162 2
      vertex 93.4 55.79669421487604 2
      vertex 79.0255541800166 53.26594857901132 2
    endloop
  endfacet
  facet normal 0 0 1
    outer loop
      vertex 79.0255541800166 53.26594857901132 2
      vertex 93.4 55.79669421487604 2
      vertex 79.04 53.56 2
    endloop
  endfacet
  facet normal 0 0 1
    outer loop
      vertex 79.04 53.56 2
      vertex 93.4 55.79669421487604 2
      vertex 79.0255541800166 53.85405142098868 2
    endloop
  endfacet
  facet normal 0 0 1
    outer loop
      vertex 79.0255541800166 53.85405142098868 2
      vertex 93.4 55.79669421487604 2
      vertex 78.9823558412097 54.145270966048386 2
    endloop
  endfacet
  facet normal 0 0 1
    outer loop
      vertex 78.9823558412097 54.145270966048386 2
      vertex 93.4 71.85 2
      vertex 78.91082100719663 54.43085403176339 2
    endloop
  endfacet
  facet normal 0 0 1
    outer loop
      vertex 78.91082100719663 54.43085403176339 2
      vertex 93.4 71.85 2
      vertex 78.81163859753387 54.70805029709527 2
    endloop
  endfacet
  facet normal 0 0 1
    outer loop
      vertex 78.16132034355965 55.68132034355965 2
      vertex 93.4 71.85 2
      vertex 77.94317985249094 55.87903136008821 2
    endloop
  endfacet
  facet normal 0 0 1
    outer loop
      vertex 76.91085403176339 56.43082100719663 2
      vertex 77.18805029709527 56.33163859753386 2
      vertex 93.4 71.85 2
    endloop
  endfacet
  facet normal 0 0 1
    outer loop
      vertex 77.454190210478 56.205763793045065 2
      vertex 93.4 71.85 2
      vertex 77.18805029709527 56.33163859753386 2
    endloop
  endfacet
  facet normal 0 0 1
    outer loop
      vertex 77.454190210478 56.205763793045065 2
      vertex 77.70671069905882 56.05440883690764 2
      vertex 93.4 71.85 2
    endloop
  endfacet
  facet normal 0 0 1
    outer loop
      vertex 77.70671069905882 56.05440883690764 2
      vertex 77.94317985249094 55.87903136008821 2
      vertex 93.4 71.85 2
    endloop
  endfacet
  facet normal 0 0 1
    outer loop
      vertex 78.81163859753387 54.70805029709527 2
      vertex 93.4 71.85 2
      vertex 78.68576379304507 54.97419021047799 2
    endloop
  endfacet
  facet normal 0 0 1
    outer loop
      vertex 78.68576379304507 54.97419021047799 2
      vertex 93.4 71.85 2
      vertex 78.53440883690764 55.226710699058806 2
    endloop
  endfacet
  facet normal 0 0 1
    outer loop
      vertex 78.35903136008822 55.46317985249094 2
      vertex 78.53440883690764 55.226710699058806 2
      vertex 93.4 71.85 2
    endloop
  endfacet
  facet normal 0 0 1
    outer loop
      vertex 78.35903136008822 55.46317985249094 2
      vertex 93.4 71.85 2
      vertex 78.16132034355965 55.68132034355965 2
    endloop
  endfacet
  facet normal 0 0 1
    outer loop
      vertex 78.9823558412097 54.145270966048386 2
      vertex 93.4 55.79669421487604 2
      vertex 93.4 71.85 2
    endloop
  endfacet
  facet normal 0 0 1
    outer loop
      vertex 2.4 87.60000000000001 2
      vertex 95 71.85 2
      vertex 147.6 87.60000000000001 2
    endloop
  endfacet
  facet normal 0 -1 0
    outer loop
      vertex 2.4 87.60000000000001 2
      vertex 147.6 87.60000000000001 2
      vertex 143.84935475537782 87.60000000000001 31.3
    endloop
  endfacet
  facet normal 0 0 1
    outer loop
      vertex 122.5 20.75 2
      vertex 122.5 70.25 2
      vertex 95 70.25 2
    endloop
  endfacet
  facet normal 0 0 1
    outer loop
      vertex 122.5 20.66661237785016 2
      vertex 124.1 70.25 2
      vertex 122.5 70.25 2
    endloop
  endfacet
  facet normal 0 0 1
    outer loop
      vertex 122.5 20.66661237785016 2
      vertex 138.51954814600225 75.11960428776574 2
      vertex 124.1 70.25 2
    endloop
  endfacet
  facet normal 0 0 1
    outer loop
      vertex 143.60624458405138 13.606244584051392 2
      vertex 143.60624458405138 76.3937554159486 2
      vertex 143.2354057492346 76.05764668785004 2
    endloop
  endfacet
  facet normal 0 0 1
    outer loop
      vertex 143.94235331214995 13.235405749234591 2
      vertex 143.94235331214995 76.76459425076541 2
      vertex 143.60624458405138 76.3937554159486 2
    endloop
  endfacet
  facet normal 0 0 1
    outer loop
      vertex 144.24049502274298 12.833408188399972 2
      vertex 144.24049502274298 77.16659181160003 2
      vertex 143.94235331214995 76.76459425076541 2
    endloop
  endfacet
  facet normal 0 0 1
    outer loop
      vertex 144.4977984481766 12.404123357812587 2
      vertex 144.4977984481766 77.5958766421874 2
      vertex 144.24049502274298 77.16659181160003 2
    endloop
  endfacet
  facet normal 0 0 1
    outer loop
      vertex 144.71178561580757 11.951685505061958 2
      vertex 144.71178561580757 78.04831449493804 2
      vertex 144.4977984481766 77.5958766421874 2
    endloop
  endfacet
  facet normal 0 0 1
    outer loop
      vertex 144.71178561580757 11.951685505061958 2
      vertex 144.88039571223428 78.51954814600224 2
      vertex 144.71178561580757 78.04831449493804 2
    endloop
  endfacet
  facet normal -1 0 0
    outer loop
      vertex 147.6 2.4 2
      vertex 147.6 51.599999999999994 12.9
      vertex 147.6 87.60000000000001 2
    endloop
  endfacet
  facet normal 0 0 1
    outer loop
      vertex 122.5 20.66661237785016 2
      vertex 139.00503935771775 74.99799506994353 2
      vertex 138.51954814600225 75.11960428776574 2
    endloop
  endfacet
  facet normal 0 0 1
    outer loop
      vertex 122.5 20.66661237785016 2
      vertex 139.50011258431925 74.9245578939718 2
      vertex 139.00503935771775 74.99799506994353 2
    endloop
  endfacet
  facet normal 0 0 1
    outer loop
      vertex 122.5 20.66661237785016 2
      vertex 140 74.9 2
      vertex 139.50011258431925 74.9245578939718 2
    endloop
  endfacet
  facet normal 0 0 1
    outer loop
      vertex 122.5 20.66661237785016 2
      vertex 140.49988741568075 74.9245578939718 2
      vertex 140 74.9 2
    endloop
  endfacet
  facet normal 0 0 1
    outer loop
      vertex 122.5 20.66661237785016 2
      vertex 140.99496064228225 74.99799506994353 2
      vertex 140.49988741568075 74.9245578939718 2
    endloop
  endfacet
  facet normal 0 0 1
    outer loop
      vertex 122.5 20.66661237785016 2
      vertex 141.48045185399775 75.11960428776574 2
      vertex 140.99496064228225 74.99799506994353 2
    endloop
  endfacet
  facet normal 0 0 1
    outer loop
      vertex 122.5 20.66661237785016 2
      vertex 141.95168550506196 75.28821438419244 2
      vertex 141.48045185399775 75.11960428776574 2
    endloop
  endfacet
  facet normal 0 0 1
    outer loop
      vertex 122.5 20.66661237785016 2
      vertex 142.40412335781258 75.50220155182339 2
      vertex 141.95168550506196 75.28821438419244 2
    endloop
  endfacet
  facet normal 0 0 1
    outer loop
      vertex 122.5 20.66661237785016 2
      vertex 142.83340818839997 75.75950497725702 2
      vertex 142.40412335781258 75.50220155182339 2
    endloop
  endfacet
  facet normal 0 0 1
    outer loop
      vertex 122.5 20.66661237785016 2
      vertex 143.2354057492346 76.05764668785004 2
      vertex 142.83340818839997 75.75950497725702 2
    endloop
  endfacet
  facet normal 0 0 1
    outer loop
      vertex 144.71178561580757 11.951685505061958 2
      vertex 145.00200493005647 79.00503935771775 2
      vertex 144.88039571223428 78.51954814600224 2
    endloop
  endfacet
  facet normal 0 0 1
    outer loop
      vertex 144.71178561580757 11.951685505061958 2
      vertex 145.0754421060282 79.50011258431924 2
      vertex 145.00200493005647 79.00503935771775 2
    endloop
  endfacet
  facet normal 0 0 1
    outer loop
      vertex 144.71178561580757 11.951685505061958 2
      vertex 145.1 80 2
      vertex 145.0754421060282 79.50011258431924 2
    endloop
  endfacet
  facet normal 0 0 1
    outer loop
      vertex 147.6 87.60000000000001 2
      vertex 145.1 80 2
      vertex 144.71178561580757 11.951685505061958 2
    endloop
  endfacet
  facet normal -1 0 0
    outer loop
      vertex 147.6 87.60000000000001 2
      vertex 147.6 51.599999999999994 12.9
      vertex 147.6 51.599999999999994 21.1
    endloop
  endfacet
  facet normal 0 0 1
    outer loop
      vertex 95 71.85 2
      vertex 124.10000000000001 71.85 2
      vertex 134.99799506994353 80.99496064228225 2
    endloop
  endfacet
  facet normal 0 0 1
    outer loop
      vertex 95 71.85 2
      vertex 134.99799506994353 80.99496064228225 2
      vertex 135.11960428776572 81.48045185399776 2
    endloop
  endfacet
  facet normal 0 0 1
    outer loop
      vertex 95 71.85 2
      vertex 135.11960428776572 81.48045185399776 2
      vertex 135.28821438419243 81.95168550506196 2
    endloop
  endfacet
  facet normal 0 0 1
    outer loop
      vertex 95 71.85 2
      vertex 135.28821438419243 81.95168550506196 2
      vertex 135.5022015518234 82.4041233578126 2
    endloop
  endfacet
  facet normal 0 0 1
    outer loop
      vertex 124.1 70.25 2
      vertex 135.11960428776572 78.51954814600224 2
      vertex 124.10000000000001 71.85 2
    endloop
  endfacet
  facet normal 0 0 1
    outer loop
      vertex 95 71.85 2
      vertex 135.5022015518234 82.4041233578126 2
      vertex 135.75950497725702 82.83340818839997 2
    endloop
  endfacet
  facet normal 0 0 1
    outer loop
      vertex 95 71.85 2
      vertex 135.75950497725702 82.83340818839997 2
      vertex 136.05764668785005 83.23540574923459 2
    endloop
  endfacet
  facet normal 0 0 1
    outer loop
      vertex 95 71.85 2
      vertex 136.05764668785005 83.23540574923459 2
      vertex 136.39375541594862 83.6062445840514 2
    endloop
  endfacet
  facet normal 0 0 1
    outer loop
      vertex 95 71.85 2
      vertex 136.39375541594862 83.6062445840514 2
      vertex 136.7645942507654 83.94235331214996 2
    endloop
  endfacet
  facet normal 0 0 1
    outer loop
      vertex 95 71.85 2
      vertex 136.7645942507654 83.94235331214996 2
      vertex 137.16659181160003 84.24049502274298 2
    endloop
  endfacet
  facet normal 0 0 1
    outer loop
      vertex 95 71.85 2
      vertex 137.16659181160003 84.24049502274298 2
      vertex 137.59587664218742 84.49779844817661 2
    endloop
  endfacet
  facet normal 0 0 1
    outer loop
      vertex 95 71.85 2
      vertex 137.59587664218742 84.49779844817661 2
      vertex 138.04831449493804 84.71178561580756 2
    endloop
  endfacet
  facet normal 0 0 1
    outer loop
      vertex 95 71.85 2
      vertex 138.04831449493804 84.71178561580756 2
      vertex 138.51954814600225 84.88039571223426 2
    endloop
  endfacet
  facet normal 0 0 1
    outer loop
      vertex 95 71.85 2
      vertex 138.51954814600225 84.88039571223426 2
      vertex 147.6 87.60000000000001 2
    endloop
  endfacet
  facet normal 0 0 1
    outer loop
      vertex 124.1 70.25 2
      vertex 136.7645942507654 76.05764668785004 2
      vertex 136.39375541594862 76.3937554159486 2
    endloop
  endfacet
  facet normal 0 0 1
    outer loop
      vertex 124.1 70.25 2
      vertex 136.39375541594862 76.3937554159486 2
      vertex 136.05764668785005 76.76459425076541 2
    endloop
  endfacet
  facet normal 0 0 1
    outer loop
      vertex 124.1 70.25 2
      vertex 138.04831449493804 75.28821438419244 2
      vertex 137.59587664218742 75.50220155182339 2
    endloop
  endfacet
  facet normal 0 0 1
    outer loop
      vertex 124.1 70.25 2
      vertex 138.51954814600225 75.11960428776574 2
      vertex 138.04831449493804 75.28821438419244 2
    endloop
  endfacet
  facet normal 0 0 1
    outer loop
      vertex 124.1 70.25 2
      vertex 137.16659181160003 75.75950497725702 2
      vertex 136.7645942507654 76.05764668785004 2
    endloop
  endfacet
  facet normal 0 0 1
    outer loop
      vertex 124.1 70.25 2
      vertex 137.59587664218742 75.50220155182339 2
      vertex 137.16659181160003 75.75950497725702 2
    endloop
  endfacet
  facet normal 0 0 1
    outer loop
      vertex 124.1 70.25 2
      vertex 135.75950497725702 77.16659181160003 2
      vertex 135.5022015518234 77.5958766421874 2
    endloop
  endfacet
  facet normal 0 0 1
    outer loop
      vertex 124.1 70.25 2
      vertex 136.05764668785005 76.76459425076541 2
      vertex 135.75950497725702 77.16659181160003 2
    endloop
  endfacet
  facet normal 0 0 1
    outer loop
      vertex 124.1 70.25 2
      vertex 135.5022015518234 77.5958766421874 2
      vertex 135.28821438419243 78.04831449493804 2
    endloop
  endfacet
  facet normal 0 0 1
    outer loop
      vertex 124.1 70.25 2
      vertex 135.28821438419243 78.04831449493804 2
      vertex 135.11960428776572 78.51954814600224 2
    endloop
  endfacet
  facet normal 0 0 1
    outer loop
      vertex 124.10000000000001 71.85 2
      vertex 135.11960428776572 78.51954814600224 2
      vertex 134.99799506994353 79.00503935771775 2
    endloop
  endfacet
  facet normal 0 0 1
    outer loop
      vertex 124.10000000000001 71.85 2
      vertex 134.99799506994353 79.00503935771775 2
      vertex 134.9245578939718 79.50011258431924 2
    endloop
  endfacet
  facet normal 0 0 1
    outer loop
      vertex 124.10000000000001 71.85 2
      vertex 134.9245578939718 79.50011258431924 2
      vertex 134.9 80 2
    endloop
  endfacet
  facet normal 0 0 1
    outer loop
      vertex 124.10000000000001 71.85 2
      vertex 134.9 80 2
      vertex 134.9245578939718 80.49988741568076 2
    endloop
  endfacet
  facet normal 0 0 1
    outer loop
      vertex 124.10000000000001 71.85 2
      vertex 134.9245578939718 80.49988741568076 2
      vertex 134.99799506994353 80.99496064228225 2
    endloop
  endfacet
  facet normal 0 0 1
    outer loop
      vertex 147.6 87.60000000000001 2
      vertex 145.0754421060282 80.49988741568076 2
      vertex 145.1 80 2
    endloop
  endfacet
  facet normal 0 0 1
    outer loop
      vertex 147.6 87.60000000000001 2
      vertex 145.00200493005647 80.99496064228225 2
      vertex 145.0754421060282 80.49988741568076 2
    endloop
  endfacet
  facet normal 0 0 1
    outer loop
      vertex 147.6 87.60000000000001 2
      vertex 144.88039571223428 81.48045185399776 2
      vertex 145.00200493005647 80.99496064228225 2
    endloop
  endfacet
  facet normal 0 0 1
    outer loop
      vertex 147.6 87.60000000000001 2
      vertex 144.4977984481766 82.4041233578126 2
      vertex 144.71178561580757 81.95168550506196 2
    endloop
  endfacet
  facet normal 0 0 1
    outer loop
      vertex 147.6 87.60000000000001 2
      vertex 144.71178561580757 81.95168550506196 2
      vertex 144.88039571223428 81.48045185399776 2
    endloop
  endfacet
  facet normal 0 0 1
    outer loop
      vertex 147.6 87.60000000000001 2
      vertex 144.24049502274298 82.83340818839997 2
      vertex 144.4977984481766 82.4041233578126 2
    endloop
  endfacet
  facet normal 0 0 1
    outer loop
      vertex 147.6 87.60000000000001 2
      vertex 138.51954814600225 84.88039571223426 2
      vertex 139.00503935771775 85.00200493005647 2
    endloop
  endfacet
  facet normal 0 0 1
    outer loop
      vertex 147.6 87.60000000000001 2
      vertex 139.00503935771775 85.00200493005647 2
      vertex 139.50011258431925 85.0754421060282 2
    endloop
  endfacet
  facet normal 0 0 1
    outer loop
      vertex 147.6 87.60000000000001 2
      vertex 139.50011258431925 85.0754421060282 2
      vertex 140 85.1 2
    endloop
  endfacet
  facet normal 0 0 1
    outer loop
      vertex 147.6 87.60000000000001 2
      vertex 140 85.1 2
      vertex 140.49988741568075 85.0754421060282 2
    endloop
  endfacet
  facet normal 0 0 1
    outer loop
      vertex 147.6 87.60000000000001 2
      vertex 141.48045185399775 84.88039571223426 2
      vertex 141.95168550506196 84.71178561580756 2
    endloop
  endfacet
  facet normal 0 0 1
    outer loop
      vertex 147.6 87.60000000000001 2
      vertex 141.95168550506196 84.71178561580756 2
      vertex 142.40412335781258 84.49779844817661 2
    endloop
  endfacet
  facet normal 0 0 1
    outer loop
      vertex 147.6 87.60000000000001 2
      vertex 143.94235331214995 83.23540574923459 2
      vertex 144.24049502274298 82.83340818839997 2
    endloop
  endfacet
  facet normal 0 0 1
    outer loop
      vertex 147.6 87.60000000000001 2
      vertex 143.2354057492346 83.94235331214996 2
      vertex 143.60624458405138 83.6062445840514 2
    endloop
  endfacet
  facet normal 0 0 1
    outer loop
      vertex 147.6 87.60000000000001 2
      vertex 143.60624458405138 83.6062445840514 2
      vertex 143.94235331214995 83.23540574923459 2
    endloop
  endfacet
  facet normal 0 0 1
    outer loop
      vertex 147.6 87.60000000000001 2
      vertex 142.83340818839997 84.24049502274298 2
      vertex 143.2354057492346 83.94235331214996 2
    endloop
  endfacet
  facet normal 0 0 1
    outer loop
      vertex 147.6 87.60000000000001 2
      vertex 142.40412335781258 84.49779844817661 2
      vertex 142.83340818839997 84.24049502274298 2
    endloop
  endfacet
  facet normal 0 0 1
    outer loop
      vertex 147.6 87.60000000000001 2
      vertex 140.49988741568075 85.0754421060282 2
      vertex 140.99496064228225 85.00200493005647 2
    endloop
  endfacet
  facet normal 0 0 1
    outer loop
      vertex 147.6 87.60000000000001 2
      vertex 140.99496064228225 85.00200493005647 2
      vertex 141.48045185399775 84.88039571223426 2
    endloop
  endfacet
  facet normal 0 -1 0
    outer loop
      vertex 2.4 87.60000000000001 2
      vertex 143.84935475537782 87.60000000000001 34.5
      vertex 79.95064524462218 87.60000000000001 31.3
    endloop
  endfacet
  facet normal 0 -1 0
    outer loop
      vertex 2.4 87.60000000000001 2
      vertex 143.84935475537782 87.60000000000001 31.3
      vertex 143.84935475537782 87.60000000000001 34.5
    endloop
  endfacet
  facet normal 0 -1 0
    outer loop
      vertex 143.84935475537782 87.60000000000001 34.5
      vertex 79.95064524462218 87.60000000000001 34.5
      vertex 79.95064524462218 87.60000000000001 31.3
    endloop
  endfacet
  facet normal 0 -1 0
    outer loop
      vertex 147.6 87.60000000000001 35
      vertex 70.04935475537782 87.60000000000001 34.5
      vertex 79.95064524462218 87.60000000000001 34.5
    endloop
  endfacet
  facet normal -1 0 0
    outer loop
      vertex 147.6 38.4 21.1
      vertex 147.6 83.84935475537783 34.5
      vertex 147.6 51.599999999999994 21.1
    endloop
  endfacet
  facet normal -1 0 0
    outer loop
      vertex 147.6 2.4 35
      vertex 147.6 87.60000000000001 35
      vertex 147.6 83.84935475537783 34.5
    endloop
  endfacet
  facet normal -1 0 0
    outer loop
      vertex 147.6 87.60000000000001 2
      vertex 147.6 51.599999999999994 21.1
      vertex 147.6 83.84935475537783 31.3
    endloop
  endfacet
  facet normal -1 0 0
    outer loop
      vertex 147.6 87.60000000000001 2
      vertex 147.6 83.84935475537783 31.3
      vertex 147.6 87.60000000000001 31.3
    endloop
  endfacet
  facet normal 0 -1 0
    outer loop
      vertex 147.6 87.60000000000001 2
      vertex 147.6 87.60000000000001 31.3
      vertex 143.84935475537782 87.60000000000001 31.3
    endloop
  endfacet
  facet normal 0 -1 0
    outer loop
      vertex 147.6 87.60000000000001 35
      vertex 79.95064524462218 87.60000000000001 34.5
      vertex 143.84935475537782 87.60000000000001 34.5
    endloop
  endfacet
  facet normal -1 0 0
    outer loop
      vertex 147.6 51.599999999999994 21.1
      vertex 147.6 83.84935475537783 34.5
      vertex 147.6 83.84935475537783 31.3
    endloop
  endfacet
  facet normal -1 0 0
    outer loop
      vertex 147.6 87.60000000000001 35
      vertex 147.6 87.60000000000001 34.5
      vertex 147.6 83.84935475537783 34.5
    endloop
  endfacet
  facet normal 0 -1 0
    outer loop
      vertex 147.6 87.60000000000001 35
      vertex 143.84935475537782 87.60000000000001 34.5
      vertex 147.6 87.60000000000001 34.5
    endloop
  endfacet
  facet normal -0.7409511253549573 -0.6715589548470204 0
    outer loop
      vertex 73.72096863991179 51.656820147509066 2
      vertex 73.91867965644036 51.43867965644036 2
      vertex 73.72096863991179 51.656820147509066 7
    endloop
  endfacet
  facet normal -0.8032075314806552 -0.5956993044924198 -1.865292525210826e-18
    outer loop
      vertex 73.72096863991179 51.656820147509066 2
      vertex 73.54559116309237 51.8932893009412 7
      vertex 73.54559116309237 51.8932893009412 2
    endloop
  endfacet
  facet normal -0.6715589548470071 -0.7409511253549693 0
    outer loop
      vertex 74.13682014750907 51.24096863991179 2
      vertex 74.13682014750907 51.24096863991179 7
      vertex 73.91867965644036 51.43867965644036 2
    endloop
  endfacet
  facet normal -0.5956993044924468 -0.8032075314806348 0
    outer loop
      vertex 74.3732893009412 51.065591163092364 2
      vertex 74.3732893009412 51.065591163092364 7
      vertex 74.13682014750907 51.24096863991179 2
    endloop
  endfacet
  facet normal -0.5141027441932103 -0.8577286100002789 -4.1749397540850306e-19
    outer loop
      vertex 74.3732893009412 51.065591163092364 2
      vertex 74.62580978952201 50.91423620695494 2
      vertex 74.62580978952201 50.91423620695494 7
    endloop
  endfacet
  facet normal -0.4275550934302734 -0.9039892931234474 -3.6792239005439733e-19
    outer loop
      vertex 74.62580978952201 50.91423620695494 2
      vertex 74.89194970290474 50.788361402466144 2
      vertex 74.89194970290474 50.788361402466144 7
    endloop
  endfacet
  facet normal -0.9415440651830275 -0.3368898533922012 0
    outer loop
      vertex 73.16917899280338 52.689145968236616 2
      vertex 73.26836140246614 52.411949702904735 2
      vertex 73.16917899280338 52.689145968236616 7
    endloop
  endfacet
  facet normal -0.8577286100002789 -0.5141027441932103 -4.1749397540850306e-19
    outer loop
      vertex 73.54559116309237 51.8932893009412 2
      vertex 73.39423620695494 52.14580978952201 7
      vertex 73.39423620695494 52.14580978952201 2
    endloop
  endfacet
  facet normal -0.9039892931234337 -0.42755509343030246 1.3692566834689876e-18
    outer loop
      vertex 73.39423620695494 52.14580978952201 2
      vertex 73.26836140246614 52.411949702904735 7
      vertex 73.26836140246614 52.411949702904735 2
    endloop
  endfacet
  facet normal -0.9700312531945441 -0.24298017990326343 5.904920773670925e-20
    outer loop
      vertex 73.16917899280338 52.689145968236616 2
      vertex 73.09764415879032 52.97472903395162 7
      vertex 73.09764415879032 52.97472903395162 2
    endloop
  endfacet
  facet normal -0.9891765099647793 -0.14673047445537296 2.7770206631722197e-19
    outer loop
      vertex 73.09764415879032 52.97472903395162 2
      vertex 73.05444581998341 53.26594857901132 7
      vertex 73.05444581998341 53.26594857901132 2
    endloop
  endfacet
  facet normal -0.9987954562051726 -0.049067674327412616 4.8065710102280466e-20
    outer loop
      vertex 73.05444581998341 53.26594857901132 2
      vertex 73.04 53.56 7
      vertex 73.04 53.56 2
    endloop
  endfacet
  facet normal -0.9987954562051726 0.049067674327412616 -4.8065710102280466e-20
    outer loop
      vertex 73.04 53.56 2
      vertex 73.05444581998341 53.85405142098868 7
      vertex 73.05444581998341 53.85405142098868 2
    endloop
  endfacet
  facet normal -0.9891765099647793 0.14673047445537296 -2.7770206631722197e-19
    outer loop
      vertex 73.05444581998341 53.85405142098868 2
      vertex 73.09764415879032 54.145270966048386 7
      vertex 73.09764415879032 54.145270966048386 2
    endloop
  endfacet
  facet normal -0.9700312531945441 0.24298017990326343 -5.904920773670925e-20
    outer loop
      vertex 73.09764415879032 54.145270966048386 2
      vertex 73.16917899280338 54.43085403176339 7
      vertex 73.16917899280338 54.43085403176339 2
    endloop
  endfacet
  facet normal -0.9415440651830275 0.3368898533922012 -7.643788573356297e-19
    outer loop
      vertex 73.16917899280338 54.43085403176339 2
      vertex 73.26836140246614 54.70805029709527 7
      vertex 73.26836140246614 54.70805029709527 2
    endloop
  endfacet
  facet normal -0.9039892931234337 0.42755509343030246 -1.3692566834689876e-18
    outer loop
      vertex 73.26836140246614 54.70805029709527 2
      vertex 73.39423620695494 54.97419021047799 7
      vertex 73.39423620695494 54.97419021047799 2
    endloop
  endfacet
  facet normal -0.8577286100002789 0.5141027441932103 4.1749397540850306e-19
    outer loop
      vertex 73.39423620695494 54.97419021047799 2
      vertex 73.54559116309237 55.226710699058806 7
      vertex 73.54559116309237 55.226710699058806 2
    endloop
  endfacet
  facet normal -0.8032075314806552 0.5956993044924198 1.865292525210826e-18
    outer loop
      vertex 73.54559116309237 55.226710699058806 2
      vertex 73.72096863991179 55.46317985249094 7
      vertex 73.72096863991179 55.46317985249094 2
    endloop
  endfacet
  facet normal -0.7409511253549573 0.6715589548470204 2.169115582238379e-18
    outer loop
      vertex 73.72096863991179 55.46317985249094 2
      vertex 73.91867965644036 55.68132034355965 7
      vertex 73.91867965644036 55.68132034355965 2
    endloop
  endfacet
  facet normal -0.6715589548470071 0.7409511253549693 0
    outer loop
      vertex 73.91867965644036 55.68132034355965 2
      vertex 73.91867965644036 55.68132034355965 7
      vertex 74.13682014750907 55.87903136008821 2
    endloop
  endfacet
  facet normal -0.5956993044924468 0.8032075314806348 0
    outer loop
      vertex 74.13682014750907 55.87903136008821 2
      vertex 74.13682014750907 55.87903136008821 7
      vertex 74.3732893009412 56.05440883690764 2
    endloop
  endfacet
  facet normal -0.5141027441932103 0.8577286100002789 0
    outer loop
      vertex 74.3732893009412 56.05440883690764 2
      vertex 74.3732893009412 56.05440883690764 7
      vertex 74.62580978952201 56.205763793045065 2
    endloop
  endfacet
  facet normal -0.4275550934302734 0.9039892931234474 0
    outer loop
      vertex 74.62580978952201 56.205763793045065 2
      vertex 74.62580978952201 56.205763793045065 7
      vertex 74.89194970290474 56.33163859753386 2
    endloop
  endfacet
  facet normal -0.8577286100002789 -0.5141027441932103 0
    outer loop
      vertex 73.54559116309237 51.8932893009412 2
      vertex 73.54559116309237 51.8932893009412 7
      vertex 73.39423620695494 52.14580978952201 7
    endloop
  endfacet
  facet normal -0.8032075314806552 -0.5956993044924198 0
    outer loop
      vertex 73.72096863991179 51.656820147509066 2
      vertex 73.72096863991179 51.656820147509066 7
      vertex 73.54559116309237 51.8932893009412 7
    endloop
  endfacet
  facet normal -0.5956993044924468 -0.8032075314806348 0
    outer loop
      vertex 74.13682014750907 51.24096863991179 2
      vertex 74.3732893009412 51.065591163092364 7
      vertex 74.13682014750907 51.24096863991179 7
    endloop
  endfacet
  facet normal -0.3368898533922226 -0.9415440651830198 0
    outer loop
      vertex 74.89194970290474 50.788361402466144 2
      vertex 75.16914596823662 50.68917899280338 7
      vertex 74.89194970290474 50.788361402466144 7
    endloop
  endfacet
  facet normal -0.4275550934302734 -0.9039892931234474 0
    outer loop
      vertex 74.62580978952201 50.91423620695494 2
      vertex 74.89194970290474 50.788361402466144 7
      vertex 74.62580978952201 50.91423620695494 7
    endloop
  endfacet
  facet normal -0.5141027441932103 -0.8577286100002789 0
    outer loop
      vertex 74.3732893009412 51.065591163092364 2
      vertex 74.62580978952201 50.91423620695494 7
      vertex 74.3732893009412 51.065591163092364 7
    endloop
  endfacet
  facet normal -0.6715589548470071 -0.7409511253549693 0
    outer loop
      vertex 73.91867965644036 51.43867965644036 2
      vertex 74.13682014750907 51.24096863991179 7
      vertex 73.91867965644036 51.43867965644036 7
    endloop
  endfacet
  facet normal -0.7409511253549573 -0.6715589548470204 0
    outer loop
      vertex 73.91867965644036 51.43867965644036 2
      vertex 73.91867965644036 51.43867965644036 7
      vertex 73.72096863991179 51.656820147509066 7
    endloop
  endfacet
  facet normal -0.9415440651830275 -0.3368898533922012 0
    outer loop
      vertex 73.26836140246614 52.411949702904735 2
      vertex 73.26836140246614 52.411949702904735 7
      vertex 73.16917899280338 52.689145968236616 7
    endloop
  endfacet
  facet normal -0.9039892931234337 -0.42755509343030246 0
    outer loop
      vertex 73.39423620695494 52.14580978952201 2
      vertex 73.39423620695494 52.14580978952201 7
      vertex 73.26836140246614 52.411949702904735 7
    endloop
  endfacet
  facet normal -0.9700312531945441 -0.24298017990326343 0
    outer loop
      vertex 73.16917899280338 52.689145968236616 2
      vertex 73.16917899280338 52.689145968236616 7
      vertex 73.09764415879032 52.97472903395162 7
    endloop
  endfacet
  facet normal -0.9891765099647793 -0.14673047445537296 0
    outer loop
      vertex 73.09764415879032 52.97472903395162 2
      vertex 73.09764415879032 52.97472903395162 7
      vertex 73.05444581998341 53.26594857901132 7
    endloop
  endfacet
  facet normal -0.9987954562051726 -0.049067674327412616 0
    outer loop
      vertex 73.05444581998341 53.26594857901132 2
      vertex 73.05444581998341 53.26594857901132 7
      vertex 73.04 53.56 7
    endloop
  endfacet
  facet normal -0.9987954562051726 0.049067674327412616 0
    outer loop
      vertex 73.04 53.56 2
      vertex 73.04 53.56 7
      vertex 73.05444581998341 53.85405142098868 7
    endloop
  endfacet
  facet normal -0.9891765099647793 0.14673047445537296 0
    outer loop
      vertex 73.05444581998341 53.85405142098868 2
      vertex 73.05444581998341 53.85405142098868 7
      vertex 73.09764415879032 54.145270966048386 7
    endloop
  endfacet
  facet normal -0.9700312531945441 0.24298017990326343 0
    outer loop
      vertex 73.09764415879032 54.145270966048386 2
      vertex 73.09764415879032 54.145270966048386 7
      vertex 73.16917899280338 54.43085403176339 7
    endloop
  endfacet
  facet normal -0.9415440651830275 0.3368898533922012 0
    outer loop
      vertex 73.16917899280338 54.43085403176339 2
      vertex 73.16917899280338 54.43085403176339 7
      vertex 73.26836140246614 54.70805029709527 7
    endloop
  endfacet
  facet normal -0.9039892931234337 0.42755509343030246 0
    outer loop
      vertex 73.26836140246614 54.70805029709527 2
      vertex 73.26836140246614 54.70805029709527 7
      vertex 73.39423620695494 54.97419021047799 7
    endloop
  endfacet
  facet normal -0.8577286100002789 0.5141027441932103 0
    outer loop
      vertex 73.39423620695494 54.97419021047799 2
      vertex 73.39423620695494 54.97419021047799 7
      vertex 73.54559116309237 55.226710699058806 7
    endloop
  endfacet
  facet normal -0.8032075314806552 0.5956993044924198 0
    outer loop
      vertex 73.54559116309237 55.226710699058806 2
      vertex 73.54559116309237 55.226710699058806 7
      vertex 73.72096863991179 55.46317985249094 7
    endloop
  endfacet
  facet normal -0.7409511253549573 0.6715589548470204 0
    outer loop
      vertex 73.72096863991179 55.46317985249094 2
      vertex 73.72096863991179 55.46317985249094 7
      vertex 73.91867965644036 55.68132034355965 7
    endloop
  endfacet
  facet normal -0.6715589548470071 0.7409511253549693 0
    outer loop
      vertex 74.13682014750907 55.87903136008821 2
      vertex 73.91867965644036 55.68132034355965 7
      vertex 74.13682014750907 55.87903136008821 7
    endloop
  endfacet
  facet normal -0.5956993044924468 0.8032075314806348 0
    outer loop
      vertex 74.3732893009412 56.05440883690764 2
      vertex 74.13682014750907 55.87903136008821 7
      vertex 74.3732893009412 56.05440883690764 7
    endloop
  endfacet
  facet normal -0.5141027441932103 0.8577286100002789 0
    outer loop
      vertex 74.62580978952201 56.205763793045065 2
      vertex 74.3732893009412 56.05440883690764 7
      vertex 74.62580978952201 56.205763793045065 7
    endloop
  endfacet
  facet normal 0 0 1
    outer loop
      vertex 73.16917899280338 52.689145968236616 7
      vertex 73.26836140246614 52.411949702904735 7
      vertex 73.16917899280338 54.43085403176339 7
    endloop
  endfacet
  facet normal 0 0 1
    outer loop
      vertex 73.09764415879032 52.97472903395162 7
      vertex 73.05444581998341 53.85405142098868 7
      vertex 73.05444581998341 53.26594857901132 7
    endloop
  endfacet
  facet normal 0 0 1
    outer loop
      vertex 73.16917899280338 52.689145968236616 7
      vertex 73.09764415879032 54.145270966048386 7
      vertex 73.09764415879032 52.97472903395162 7
    endloop
  endfacet
  facet normal 0 0 1
    outer loop
      vertex 73.54559116309237 51.8932893009412 7
      vertex 73.39423620695494 54.97419021047799 7
      vertex 73.39423620695494 52.14580978952201 7
    endloop
  endfacet
  facet normal 0 0 1
    outer loop
      vertex 73.72096863991179 51.656820147509066 7
      vertex 73.91867965644036 51.43867965644036 7
      vertex 73.72096863991179 55.46317985249094 7
    endloop
  endfacet
  facet normal 0 0 1
    outer loop
      vertex 73.72096863991179 51.656820147509066 7
      vertex 73.54559116309237 55.226710699058806 7
      vertex 73.54559116309237 51.8932893009412 7
    endloop
  endfacet
  facet normal 0 0 1
    outer loop
      vertex 73.39423620695494 52.14580978952201 7
      vertex 73.26836140246614 54.70805029709527 7
      vertex 73.26836140246614 52.411949702904735 7
    endloop
  endfacet
  facet normal 0 0 1
    outer loop
      vertex 74.3732893009412 51.065591163092364 7
      vertex 74.13682014750907 55.87903136008821 7
      vertex 74.13682014750907 51.24096863991179 7
    endloop
  endfacet
  facet normal 0 0 1
    outer loop
      vertex 74.89194970290474 50.788361402466144 7
      vertex 75.00066298462183 52.8655372087255 7
      vertex 74.93759841956457 52.9707540789675 7
    endloop
  endfacet
  facet normal 0 0 1
    outer loop
      vertex 74.89194970290474 50.788361402466144 7
      vertex 74.93759841956457 52.9707540789675 7
      vertex 74.8851505843609 53.08164570954364 7
    endloop
  endfacet
  facet normal 0 0 1
    outer loop
      vertex 74.89194970290474 50.788361402466144 7
      vertex 74.8851505843609 53.08164570954364 7
      vertex 74.84382458033474 53.19714415343192 7
    endloop
  endfacet
  facet normal 0 0 1
    outer loop
      vertex 74.3732893009412 51.065591163092364 7
      vertex 74.62580978952201 50.91423620695494 7
      vertex 74.3732893009412 56.05440883690764 7
    endloop
  endfacet
  facet normal 0 0 1
    outer loop
      vertex 74.89194970290474 50.788361402466144 7
      vertex 74.84382458033474 53.19714415343192 7
      vertex 74.81401839949596 53.31613709747984 7
    endloop
  endfacet
  facet normal 0 0 1
    outer loop
      vertex 74.89194970290474 50.788361402466144 7
      vertex 74.81401839949596 53.31613709747984 7
      vertex 74.79601909165976 53.43747857458805 7
    endloop
  endfacet
  facet normal 0 0 1
    outer loop
      vertex 74.62580978952201 50.91423620695494 7
      vertex 74.89194970290474 50.788361402466144 7
      vertex 74.62580978952201 56.205763793045065 7
    endloop
  endfacet
  facet normal 0 0 1
    outer loop
      vertex 74.89194970290474 50.788361402466144 7
      vertex 74.79601909165976 53.43747857458805 7
      vertex 74.79 53.56 7
    endloop
  endfacet
  facet normal 0 0 1
    outer loop
      vertex 74.13682014750907 51.24096863991179 7
      vertex 73.91867965644036 55.68132034355965 7
      vertex 73.91867965644036 51.43867965644036 7
    endloop
  endfacet
  facet normal 0 0 1
    outer loop
      vertex 73.05444581998341 53.26594857901132 7
      vertex 73.05444581998341 53.85405142098868 7
      vertex 73.04 53.56 7
    endloop
  endfacet
  facet normal 0 0 1
    outer loop
      vertex 73.09764415879032 52.97472903395162 7
      vertex 73.09764415879032 54.145270966048386 7
      vertex 73.05444581998341 53.85405142098868 7
    endloop
  endfacet
  facet normal 0 0 1
    outer loop
      vertex 73.16917899280338 52.689145968236616 7
      vertex 73.16917899280338 54.43085403176339 7
      vertex 73.09764415879032 54.145270966048386 7
    endloop
  endfacet
  facet normal 0 0 1
    outer loop
      vertex 73.26836140246614 52.411949702904735 7
      vertex 73.26836140246614 54.70805029709527 7
      vertex 73.16917899280338 54.43085403176339 7
    endloop
  endfacet
  facet normal 0 0 1
    outer loop
      vertex 73.39423620695494 52.14580978952201 7
      vertex 73.39423620695494 54.97419021047799 7
      vertex 73.26836140246614 54.70805029709527 7
    endloop
  endfacet
  facet normal 0 0 1
    outer loop
      vertex 73.54559116309237 51.8932893009412 7
      vertex 73.54559116309237 55.226710699058806 7
      vertex 73.39423620695494 54.97419021047799 7
    endloop
  endfacet
  facet normal 0 0 1
    outer loop
      vertex 73.72096863991179 51.656820147509066 7
      vertex 73.72096863991179 55.46317985249094 7
      vertex 73.54559116309237 55.226710699058806 7
    endloop
  endfacet
  facet normal 0 0 1
    outer loop
      vertex 74.89194970290474 50.788361402466144 7
      vertex 74.79 53.56 7
      vertex 74.62580978952201 56.205763793045065 7
    endloop
  endfacet
  facet normal 0 0 1
    outer loop
      vertex 73.91867965644036 51.43867965644036 7
      vertex 73.91867965644036 55.68132034355965 7
      vertex 73.72096863991179 55.46317985249094 7
    endloop
  endfacet
  facet normal 0 0 1
    outer loop
      vertex 74.13682014750907 51.24096863991179 7
      vertex 74.13682014750907 55.87903136008821 7
      vertex 73.91867965644036 55.68132034355965 7
    endloop
  endfacet
  facet normal 0 0 1
    outer loop
      vertex 74.3732893009412 51.065591163092364 7
      vertex 74.3732893009412 56.05440883690764 7
      vertex 74.13682014750907 55.87903136008821 7
    endloop
  endfacet
  facet normal 0 0 1
    outer loop
      vertex 74.62580978952201 50.91423620695494 7
      vertex 74.62580978952201 56.205763793045065 7
      vertex 74.3732893009412 56.05440883690764 7
    endloop
  endfacet
  facet normal 0 0 1
    outer loop
      vertex 74.79 53.56 7
      vertex 74.79601909165976 53.682521425411956 7
      vertex 74.62580978952201 56.205763793045065 7
    endloop
  endfacet
  facet normal 0 0 1
    outer loop
      vertex 74.79601909165976 53.682521425411956 7
      vertex 74.81401839949596 53.803862902520166 7
      vertex 74.62580978952201 56.205763793045065 7
    endloop
  endfacet
  facet normal 0 0 1
    outer loop
      vertex 74.81401839949596 53.803862902520166 7
      vertex 74.84382458033474 53.92285584656808 7
      vertex 74.62580978952201 56.205763793045065 7
    endloop
  endfacet
  facet normal 0 0 1
    outer loop
      vertex 74.84382458033474 53.92285584656808 7
      vertex 74.8851505843609 54.03835429045636 7
      vertex 74.62580978952201 56.205763793045065 7
    endloop
  endfacet
  facet normal 0 0 1
    outer loop
      vertex 74.8851505843609 54.03835429045636 7
      vertex 74.93759841956457 54.1492459210325 7
      vertex 74.62580978952201 56.205763793045065 7
    endloop
  endfacet
  facet normal 0 0 1
    outer loop
      vertex 74.93759841956457 54.1492459210325 7
      vertex 75.00066298462183 54.254462791274506 7
      vertex 74.89194970290474 56.33163859753386 7
    endloop
  endfacet
  facet normal 0 0 1
    outer loop
      vertex 74.89194970290474 56.33163859753386 7
      vertex 75.00066298462183 54.254462791274506 7
      vertex 75.07373693329659 54.35299160520456 7
    endloop
  endfacet
  facet normal 0 0 1
    outer loop
      vertex 74.93759841956457 54.1492459210325 7
      vertex 74.89194970290474 56.33163859753386 7
      vertex 74.62580978952201 56.205763793045065 7
    endloop
  endfacet
  facet normal -0.3368898533922226 0.9415440651830198 0
    outer loop
      vertex 74.89194970290474 56.33163859753386 2
      vertex 74.89194970290474 56.33163859753386 7
      vertex 75.16914596823662 56.43082100719663 2
    endloop
  endfacet
  facet normal -0.4275550934302734 0.9039892931234474 3.6792239005439733e-19
    outer loop
      vertex 74.62580978952201 56.205763793045065 7
      vertex 74.89194970290474 56.33163859753386 7
      vertex 74.89194970290474 56.33163859753386 2
    endloop
  endfacet
  facet normal -0.14673047445537296 -0.9891765099647793 2.7770206631722197e-19
    outer loop
      vertex 75.45472903395162 50.61764415879031 2
      vertex 75.74594857901133 50.57444581998341 2
      vertex 75.74594857901133 50.57444581998341 7
    endloop
  endfacet
  facet normal -0.049067674327412616 -0.9987954562051726 4.8065710102280466e-20
    outer loop
      vertex 75.74594857901133 50.57444581998341 2
      vertex 76.04 50.56 2
      vertex 76.04 50.56 7
    endloop
  endfacet
  facet normal 0.049067674327412616 -0.9987954562051726 -4.8065710102280466e-20
    outer loop
      vertex 76.04 50.56 2
      vertex 76.33405142098869 50.57444581998341 2
      vertex 76.33405142098869 50.57444581998341 7
    endloop
  endfacet
  facet normal 0.14673047445537296 -0.9891765099647793 -2.7770206631722197e-19
    outer loop
      vertex 76.33405142098869 50.57444581998341 2
      vertex 76.62527096604839 50.61764415879031 2
      vertex 76.62527096604839 50.61764415879031 7
    endloop
  endfacet
  facet normal -0.3368898533922226 -0.9415440651830198 -8.806317594405358e-19
    outer loop
      vertex 74.89194970290474 50.788361402466144 2
      vertex 75.16914596823662 50.68917899280338 2
      vertex 75.16914596823662 50.68917899280338 7
    endloop
  endfacet
  facet normal -0.24298017990326343 -0.9700312531945441 0
    outer loop
      vertex 75.45472903395162 50.61764415879031 2
      vertex 75.45472903395162 50.61764415879031 7
      vertex 75.16914596823662 50.68917899280338 2
    endloop
  endfacet
  facet normal 0.24298017990326343 -0.9700312531945441 -5.904920773670925e-20
    outer loop
      vertex 76.62527096604839 50.61764415879031 2
      vertex 76.91085403176339 50.68917899280338 2
      vertex 76.91085403176339 50.68917899280338 7
    endloop
  endfacet
  facet normal 0.3368898533922226 -0.9415440651830198 8.806317594405358e-19
    outer loop
      vertex 76.91085403176339 50.68917899280338 2
      vertex 77.18805029709527 50.788361402466144 2
      vertex 77.18805029709527 50.788361402466144 7
    endloop
  endfacet
  facet normal 0.4275550934302734 -0.9039892931234474 3.6792239005439733e-19
    outer loop
      vertex 77.18805029709527 50.788361402466144 2
      vertex 77.454190210478 50.91423620695494 2
      vertex 77.454190210478 50.91423620695494 7
    endloop
  endfacet
  facet normal 0.5141027441932103 -0.8577286100002789 4.1749397540850306e-19
    outer loop
      vertex 77.454190210478 50.91423620695494 2
      vertex 77.70671069905882 51.065591163092364 2
      vertex 77.70671069905882 51.065591163092364 7
    endloop
  endfacet
  facet normal 0.5956993044924468 -0.8032075314806348 -2.187989277884335e-19
    outer loop
      vertex 77.70671069905882 51.065591163092364 2
      vertex 77.94317985249094 51.24096863991179 2
      vertex 77.94317985249094 51.24096863991179 7
    endloop
  endfacet
  facet normal 0.6715589548470071 -0.7409511253549693 3.973636059721294e-19
    outer loop
      vertex 77.94317985249094 51.24096863991179 2
      vertex 78.16132034355965 51.43867965644036 2
      vertex 78.16132034355965 51.43867965644036 7
    endloop
  endfacet
  facet normal 0.7409511253549573 -0.6715589548470204 0
    outer loop
      vertex 78.16132034355965 51.43867965644036 2
      vertex 78.35903136008822 51.656820147509066 2
      vertex 78.16132034355965 51.43867965644036 7
    endloop
  endfacet
  facet normal 0.8032075314806552 -0.5956993044924198 0
    outer loop
      vertex 78.35903136008822 51.656820147509066 2
      vertex 78.53440883690764 51.8932893009412 2
      vertex 78.35903136008822 51.656820147509066 7
    endloop
  endfacet
  facet normal 0.8577286100002789 -0.5141027441932103 0
    outer loop
      vertex 78.53440883690764 51.8932893009412 2
      vertex 78.68576379304507 52.14580978952201 2
      vertex 78.53440883690764 51.8932893009412 7
    endloop
  endfacet
  facet normal 0.9039892931234337 -0.42755509343030246 0
    outer loop
      vertex 78.68576379304507 52.14580978952201 2
      vertex 78.81163859753387 52.411949702904735 2
      vertex 78.68576379304507 52.14580978952201 7
    endloop
  endfacet
  facet normal 0.9415440651830275 -0.3368898533922012 0
    outer loop
      vertex 78.81163859753387 52.411949702904735 2
      vertex 78.91082100719663 52.689145968236616 2
      vertex 78.81163859753387 52.411949702904735 7
    endloop
  endfacet
  facet normal 0.9700312531945441 -0.24298017990326343 0
    outer loop
      vertex 78.91082100719663 52.689145968236616 2
      vertex 78.9823558412097 52.97472903395162 2
      vertex 78.91082100719663 52.689145968236616 7
    endloop
  endfacet
  facet normal 0.9891765099647793 -0.14673047445537296 0
    outer loop
      vertex 78.9823558412097 52.97472903395162 2
      vertex 79.0255541800166 53.26594857901132 2
      vertex 78.9823558412097 52.97472903395162 7
    endloop
  endfacet
  facet normal 0.9987954562051726 -0.049067674327412616 0
    outer loop
      vertex 79.0255541800166 53.26594857901132 2
      vertex 79.04 53.56 2
      vertex 79.0255541800166 53.26594857901132 7
    endloop
  endfacet
  facet normal 0.9987954562051726 0.049067674327412616 0
    outer loop
      vertex 79.04 53.56 2
      vertex 79.0255541800166 53.85405142098868 2
      vertex 79.04 53.56 7
    endloop
  endfacet
  facet normal 0.9891765099647793 0.14673047445537296 0
    outer loop
      vertex 79.0255541800166 53.85405142098868 2
      vertex 78.9823558412097 54.145270966048386 2
      vertex 79.0255541800166 53.85405142098868 7
    endloop
  endfacet
  facet normal 0.9700312531945441 0.24298017990326343 0
    outer loop
      vertex 78.9823558412097 54.145270966048386 2
      vertex 78.91082100719663 54.43085403176339 2
      vertex 78.9823558412097 54.145270966048386 7
    endloop
  endfacet
  facet normal 0.9039892931234337 0.42755509343030246 0
    outer loop
      vertex 78.81163859753387 54.70805029709527 2
      vertex 78.68576379304507 54.97419021047799 2
      vertex 78.81163859753387 54.70805029709527 7
    endloop
  endfacet
  facet normal 0.9415440651830275 0.3368898533922012 0
    outer loop
      vertex 78.91082100719663 54.43085403176339 2
      vertex 78.81163859753387 54.70805029709527 2
      vertex 78.91082100719663 54.43085403176339 7
    endloop
  endfacet
  facet normal 0.8032075314806552 0.5956993044924198 -1.865292525210826e-18
    outer loop
      vertex 78.35903136008822 55.46317985249094 2
      vertex 78.53440883690764 55.226710699058806 7
      vertex 78.53440883690764 55.226710699058806 2
    endloop
  endfacet
  facet normal 0.7409511253549573 0.6715589548470204 0
    outer loop
      vertex 78.35903136008822 55.46317985249094 2
      vertex 78.16132034355965 55.68132034355965 2
      vertex 78.35903136008822 55.46317985249094 7
    endloop
  endfacet
  facet normal 0.5141027441932103 0.8577286100002789 0
    outer loop
      vertex 77.454190210478 56.205763793045065 2
      vertex 77.454190210478 56.205763793045065 7
      vertex 77.70671069905882 56.05440883690764 2
    endloop
  endfacet
  facet normal 0.5956993044924468 0.8032075314806348 0
    outer loop
      vertex 77.70671069905882 56.05440883690764 2
      vertex 77.70671069905882 56.05440883690764 7
      vertex 77.94317985249094 55.87903136008821 2
    endloop
  endfacet
  facet normal 0.6715589548470071 0.7409511253549693 -3.973636059721294e-19
    outer loop
      vertex 78.16132034355965 55.68132034355965 2
      vertex 77.94317985249094 55.87903136008821 2
      vertex 77.94317985249094 55.87903136008821 7
    endloop
  endfacet
  facet normal 0.8577286100002789 0.5141027441932103 0
    outer loop
      vertex 78.68576379304507 54.97419021047799 2
      vertex 78.53440883690764 55.226710699058806 2
      vertex 78.68576379304507 54.97419021047799 7
    endloop
  endfacet
  facet normal -0.14673047445537296 -0.9891765099647793 0
    outer loop
      vertex 75.45472903395162 50.61764415879031 2
      vertex 75.74594857901133 50.57444581998341 7
      vertex 75.45472903395162 50.61764415879031 7
    endloop
  endfacet
  facet normal -0.049067674327412616 -0.9987954562051726 0
    outer loop
      vertex 75.74594857901133 50.57444581998341 2
      vertex 76.04 50.56 7
      vertex 75.74594857901133 50.57444581998341 7
    endloop
  endfacet
  facet normal 0.049067674327412616 -0.9987954562051726 0
    outer loop
      vertex 76.04 50.56 2
      vertex 76.33405142098869 50.57444581998341 7
      vertex 76.04 50.56 7
    endloop
  endfacet
  facet normal 0.14673047445537296 -0.9891765099647793 0
    outer loop
      vertex 76.33405142098869 50.57444581998341 2
      vertex 76.62527096604839 50.61764415879031 7
      vertex 76.33405142098869 50.57444581998341 7
    endloop
  endfacet
  facet normal -0.24298017990326343 -0.9700312531945441 0
    outer loop
      vertex 75.16914596823662 50.68917899280338 2
      vertex 75.45472903395162 50.61764415879031 7
      vertex 75.16914596823662 50.68917899280338 7
    endloop
  endfacet
  facet normal 0.24298017990326343 -0.9700312531945441 0
    outer loop
      vertex 76.62527096604839 50.61764415879031 2
      vertex 76.91085403176339 50.68917899280338 7
      vertex 76.62527096604839 50.61764415879031 7
    endloop
  endfacet
  facet normal 0.3368898533922226 -0.9415440651830198 0
    outer loop
      vertex 76.91085403176339 50.68917899280338 2
      vertex 77.18805029709527 50.788361402466144 7
      vertex 76.91085403176339 50.68917899280338 7
    endloop
  endfacet
  facet normal 0.4275550934302734 -0.9039892931234474 0
    outer loop
      vertex 77.18805029709527 50.788361402466144 2
      vertex 77.454190210478 50.91423620695494 7
      vertex 77.18805029709527 50.788361402466144 7
    endloop
  endfacet
  facet normal 0.5141027441932103 -0.8577286100002789 0
    outer loop
      vertex 77.454190210478 50.91423620695494 2
      vertex 77.70671069905882 51.065591163092364 7
      vertex 77.454190210478 50.91423620695494 7
    endloop
  endfacet
  facet normal 0.5956993044924468 -0.8032075314806348 0
    outer loop
      vertex 77.70671069905882 51.065591163092364 2
      vertex 77.94317985249094 51.24096863991179 7
      vertex 77.70671069905882 51.065591163092364 7
    endloop
  endfacet
  facet normal 0.6715589548470071 -0.7409511253549693 0
    outer loop
      vertex 77.94317985249094 51.24096863991179 2
      vertex 78.16132034355965 51.43867965644036 7
      vertex 77.94317985249094 51.24096863991179 7
    endloop
  endfacet
  facet normal 0.7409511253549573 -0.6715589548470204 0
    outer loop
      vertex 78.35903136008822 51.656820147509066 2
      vertex 78.35903136008822 51.656820147509066 7
      vertex 78.16132034355965 51.43867965644036 7
    endloop
  endfacet
  facet normal 0.8032075314806552 -0.5956993044924198 0
    outer loop
      vertex 78.53440883690764 51.8932893009412 2
      vertex 78.53440883690764 51.8932893009412 7
      vertex 78.35903136008822 51.656820147509066 7
    endloop
  endfacet
  facet normal 0.8577286100002789 -0.5141027441932103 0
    outer loop
      vertex 78.68576379304507 52.14580978952201 2
      vertex 78.68576379304507 52.14580978952201 7
      vertex 78.53440883690764 51.8932893009412 7
    endloop
  endfacet
  facet normal 0.9039892931234337 -0.42755509343030246 0
    outer loop
      vertex 78.81163859753387 52.411949702904735 2
      vertex 78.81163859753387 52.411949702904735 7
      vertex 78.68576379304507 52.14580978952201 7
    endloop
  endfacet
  facet normal 0.9415440651830275 -0.3368898533922012 0
    outer loop
      vertex 78.91082100719663 52.689145968236616 2
      vertex 78.91082100719663 52.689145968236616 7
      vertex 78.81163859753387 52.411949702904735 7
    endloop
  endfacet
  facet normal 0.9700312531945441 -0.24298017990326343 0
    outer loop
      vertex 78.9823558412097 52.97472903395162 2
      vertex 78.9823558412097 52.97472903395162 7
      vertex 78.91082100719663 52.689145968236616 7
    endloop
  endfacet
  facet normal 0.9891765099647793 -0.14673047445537296 0
    outer loop
      vertex 79.0255541800166 53.26594857901132 2
      vertex 79.0255541800166 53.26594857901132 7
      vertex 78.9823558412097 52.97472903395162 7
    endloop
  endfacet
  facet normal 0.9987954562051726 -0.049067674327412616 0
    outer loop
      vertex 79.04 53.56 2
      vertex 79.04 53.56 7
      vertex 79.0255541800166 53.26594857901132 7
    endloop
  endfacet
  facet normal 0.9987954562051726 0.049067674327412616 0
    outer loop
      vertex 79.0255541800166 53.85405142098868 2
      vertex 79.0255541800166 53.85405142098868 7
      vertex 79.04 53.56 7
    endloop
  endfacet
  facet normal 0.9891765099647793 0.14673047445537296 0
    outer loop
      vertex 78.9823558412097 54.145270966048386 2
      vertex 78.9823558412097 54.145270966048386 7
      vertex 79.0255541800166 53.85405142098868 7
    endloop
  endfacet
  facet normal 0.9700312531945441 0.24298017990326343 0
    outer loop
      vertex 78.91082100719663 54.43085403176339 2
      vertex 78.91082100719663 54.43085403176339 7
      vertex 78.9823558412097 54.145270966048386 7
    endloop
  endfacet
  facet normal 0.9415440651830275 0.3368898533922012 0
    outer loop
      vertex 78.81163859753387 54.70805029709527 2
      vertex 78.81163859753387 54.70805029709527 7
      vertex 78.91082100719663 54.43085403176339 7
    endloop
  endfacet
  facet normal 0.8032075314806552 0.5956993044924198 0
    outer loop
      vertex 78.35903136008822 55.46317985249094 2
      vertex 78.35903136008822 55.46317985249094 7
      vertex 78.53440883690764 55.226710699058806 7
    endloop
  endfacet
  facet normal 0.4275550934302734 0.9039892931234474 0
    outer loop
      vertex 77.454190210478 56.205763793045065 2
      vertex 77.18805029709527 56.33163859753386 7
      vertex 77.454190210478 56.205763793045065 7
    endloop
  endfacet
  facet normal 0.5141027441932103 0.8577286100002789 0
    outer loop
      vertex 77.70671069905882 56.05440883690764 2
      vertex 77.454190210478 56.205763793045065 7
      vertex 77.70671069905882 56.05440883690764 7
    endloop
  endfacet
  facet normal 0.5956993044924468 0.8032075314806348 0
    outer loop
      vertex 77.94317985249094 55.87903136008821 2
      vertex 77.70671069905882 56.05440883690764 7
      vertex 77.94317985249094 55.87903136008821 7
    endloop
  endfacet
  facet normal 0.6715589548470071 0.7409511253549693 0
    outer loop
      vertex 78.16132034355965 55.68132034355965 2
      vertex 77.94317985249094 55.87903136008821 7
      vertex 78.16132034355965 55.68132034355965 7
    endloop
  endfacet
  facet normal 0.7409511253549573 0.6715589548470204 0
    outer loop
      vertex 78.16132034355965 55.68132034355965 2
      vertex 78.16132034355965 55.68132034355965 7
      vertex 78.35903136008822 55.46317985249094 7
    endloop
  endfacet
  facet normal 0.9039892931234337 0.42755509343030246 0
    outer loop
      vertex 78.68576379304507 54.97419021047799 2
      vertex 78.68576379304507 54.97419021047799 7
      vertex 78.81163859753387 54.70805029709527 7
    endloop
  endfacet
  facet normal 0.8577286100002789 0.5141027441932103 0
    outer loop
      vertex 78.53440883690764 55.226710699058806 2
      vertex 78.53440883690764 55.226710699058806 7
      vertex 78.68576379304507 54.97419021047799 7
    endloop
  endfacet
  facet normal 0 0 1
    outer loop
      vertex 75.45472903395162 50.61764415879031 7
      vertex 75.3455372087255 52.52066298462182 7
      vertex 75.16914596823662 50.68917899280338 7
    endloop
  endfacet
  facet normal 0 0 1
    outer loop
      vertex 75.45472903395162 50.61764415879031 7
      vertex 75.74594857901133 50.57444581998341 7
      vertex 75.56164570954364 52.4051505843609 7
    endloop
  endfacet
  facet normal 0 0 1
    outer loop
      vertex 75.74594857901133 50.57444581998341 7
      vertex 76.04 50.56 7
      vertex 75.91747857458806 52.316019091659754 7
    endloop
  endfacet
  facet normal 0 0 1
    outer loop
      vertex 74.89194970290474 50.788361402466144 7
      vertex 75.16914596823662 50.68917899280338 7
      vertex 75.00066298462183 52.8655372087255 7
    endloop
  endfacet
  facet normal 0 0 1
    outer loop
      vertex 75.16914596823662 50.68917899280338 7
      vertex 75.3455372087255 52.52066298462182 7
      vertex 75.24700839479544 52.59373693329658 7
    endloop
  endfacet
  facet normal 0 0 1
    outer loop
      vertex 75.16914596823662 50.68917899280338 7
      vertex 75.24700839479544 52.59373693329658 7
      vertex 75.15611652351683 52.67611652351682 7
    endloop
  endfacet
  facet normal 0 0 1
    outer loop
      vertex 75.45472903395162 50.61764415879031 7
      vertex 75.56164570954364 52.4051505843609 7
      vertex 75.4507540789675 52.45759841956456 7
    endloop
  endfacet
  facet normal 0 0 1
    outer loop
      vertex 75.45472903395162 50.61764415879031 7
      vertex 75.4507540789675 52.45759841956456 7
      vertex 75.3455372087255 52.52066298462182 7
    endloop
  endfacet
  facet normal 0 0 1
    outer loop
      vertex 75.74594857901133 50.57444581998341 7
      vertex 75.67714415343193 52.36382458033474 7
      vertex 75.56164570954364 52.4051505843609 7
    endloop
  endfacet
  facet normal 0 0 1
    outer loop
      vertex 75.74594857901133 50.57444581998341 7
      vertex 75.91747857458806 52.316019091659754 7
      vertex 75.79613709747984 52.33401839949597 7
    endloop
  endfacet
  facet normal 0 0 1
    outer loop
      vertex 75.74594857901133 50.57444581998341 7
      vertex 75.79613709747984 52.33401839949597 7
      vertex 75.67714415343193 52.36382458033474 7
    endloop
  endfacet
  facet normal 0 0 1
    outer loop
      vertex 76.04 50.56 7
      vertex 76.04 52.31 7
      vertex 75.91747857458806 52.316019091659754 7
    endloop
  endfacet
  facet normal 0 0 1
    outer loop
      vertex 76.04 50.56 7
      vertex 76.16252142541195 52.316019091659754 7
      vertex 76.04 52.31 7
    endloop
  endfacet
  facet normal 0 0 1
    outer loop
      vertex 76.04 50.56 7
      vertex 76.33405142098869 50.57444581998341 7
      vertex 76.16252142541195 52.316019091659754 7
    endloop
  endfacet
  facet normal 0 0 1
    outer loop
      vertex 76.33405142098869 50.57444581998341 7
      vertex 76.62527096604839 50.61764415879031 7
      vertex 76.28386290252017 52.33401839949597 7
    endloop
  endfacet
  facet normal 0 0 1
    outer loop
      vertex 76.62527096604839 50.61764415879031 7
      vertex 76.91085403176339 50.68917899280338 7
      vertex 76.51835429045637 52.4051505843609 7
    endloop
  endfacet
  facet normal 0 0 1
    outer loop
      vertex 76.33405142098869 50.57444581998341 7
      vertex 76.28386290252017 52.33401839949597 7
      vertex 76.16252142541195 52.316019091659754 7
    endloop
  endfacet
  facet normal 0 0 1
    outer loop
      vertex 76.62527096604839 50.61764415879031 7
      vertex 76.40285584656809 52.36382458033474 7
      vertex 76.28386290252017 52.33401839949597 7
    endloop
  endfacet
  facet normal 0 0 1
    outer loop
      vertex 76.62527096604839 50.61764415879031 7
      vertex 76.51835429045637 52.4051505843609 7
      vertex 76.40285584656809 52.36382458033474 7
    endloop
  endfacet
  facet normal 0 0 1
    outer loop
      vertex 76.91085403176339 50.68917899280338 7
      vertex 76.6292459210325 52.45759841956456 7
      vertex 76.51835429045637 52.4051505843609 7
    endloop
  endfacet
  facet normal 0 0 1
    outer loop
      vertex 76.91085403176339 50.68917899280338 7
      vertex 77.18805029709527 50.788361402466144 7
      vertex 76.83299160520457 52.59373693329658 7
    endloop
  endfacet
  facet normal 0 0 1
    outer loop
      vertex 77.18805029709527 50.788361402466144 7
      vertex 77.454190210478 50.91423620695494 7
      vertex 77.14240158043545 52.9707540789675 7
    endloop
  endfacet
  facet normal 0 0 1
    outer loop
      vertex 76.91085403176339 50.68917899280338 7
      vertex 76.73446279127451 52.52066298462182 7
      vertex 76.6292459210325 52.45759841956456 7
    endloop
  endfacet
  facet normal 0 0 1
    outer loop
      vertex 76.91085403176339 50.68917899280338 7
      vertex 76.83299160520457 52.59373693329658 7
      vertex 76.73446279127451 52.52066298462182 7
    endloop
  endfacet
  facet normal 0 0 1
    outer loop
      vertex 77.18805029709527 50.788361402466144 7
      vertex 76.92388347648318 52.67611652351682 7
      vertex 76.83299160520457 52.59373693329658 7
    endloop
  endfacet
  facet normal 0 0 1
    outer loop
      vertex 75.16914596823662 50.68917899280338 7
      vertex 75.15611652351683 52.67611652351682 7
      vertex 75.07373693329659 52.76700839479545 7
    endloop
  endfacet
  facet normal 0 0 1
    outer loop
      vertex 75.16914596823662 50.68917899280338 7
      vertex 75.07373693329659 52.76700839479545 7
      vertex 75.00066298462183 52.8655372087255 7
    endloop
  endfacet
  facet normal 0 0 1
    outer loop
      vertex 77.18805029709527 50.788361402466144 7
      vertex 77.00626306670343 52.76700839479545 7
      vertex 76.92388347648318 52.67611652351682 7
    endloop
  endfacet
  facet normal 0 0 1
    outer loop
      vertex 77.18805029709527 50.788361402466144 7
      vertex 77.07933701537819 52.8655372087255 7
      vertex 77.00626306670343 52.76700839479545 7
    endloop
  endfacet
  facet normal 0 0 1
    outer loop
      vertex 77.18805029709527 50.788361402466144 7
      vertex 77.14240158043545 52.9707540789675 7
      vertex 77.07933701537819 52.8655372087255 7
    endloop
  endfacet
  facet normal 0 0 1
    outer loop
      vertex 77.14240158043545 52.9707540789675 7
      vertex 77.454190210478 50.91423620695494 7
      vertex 77.19484941563911 53.08164570954364 7
    endloop
  endfacet
  facet normal 0 0 1
    outer loop
      vertex 77.19484941563911 53.08164570954364 7
      vertex 77.454190210478 50.91423620695494 7
      vertex 77.23617541966527 53.19714415343192 7
    endloop
  endfacet
  facet normal 0 0 1
    outer loop
      vertex 77.23617541966527 53.19714415343192 7
      vertex 77.454190210478 50.91423620695494 7
      vertex 77.26598160050405 53.31613709747984 7
    endloop
  endfacet
  facet normal 0 0 1
    outer loop
      vertex 77.26598160050405 53.31613709747984 7
      vertex 77.454190210478 50.91423620695494 7
      vertex 77.28398090834025 53.43747857458805 7
    endloop
  endfacet
  facet normal 0 0 1
    outer loop
      vertex 77.28398090834025 53.43747857458805 7
      vertex 77.454190210478 50.91423620695494 7
      vertex 77.29 53.56 7
    endloop
  endfacet
  facet normal 0 0 1
    outer loop
      vertex 77.454190210478 50.91423620695494 7
      vertex 77.70671069905882 51.065591163092364 7
      vertex 77.454190210478 56.205763793045065 7
    endloop
  endfacet
  facet normal 0 0 1
    outer loop
      vertex 77.70671069905882 51.065591163092364 7
      vertex 77.94317985249094 51.24096863991179 7
      vertex 77.70671069905882 56.05440883690764 7
    endloop
  endfacet
  facet normal 0 0 1
    outer loop
      vertex 77.94317985249094 51.24096863991179 7
      vertex 78.16132034355965 51.43867965644036 7
      vertex 77.94317985249094 55.87903136008821 7
    endloop
  endfacet
  facet normal 0 0 1
    outer loop
      vertex 78.16132034355965 51.43867965644036 7
      vertex 78.35903136008822 51.656820147509066 7
      vertex 78.16132034355965 55.68132034355965 7
    endloop
  endfacet
  facet normal 0 0 1
    outer loop
      vertex 78.35903136008822 51.656820147509066 7
      vertex 78.53440883690764 51.8932893009412 7
      vertex 78.35903136008822 55.46317985249094 7
    endloop
  endfacet
  facet normal 0 0 1
    outer loop
      vertex 78.53440883690764 51.8932893009412 7
      vertex 78.68576379304507 52.14580978952201 7
      vertex 78.53440883690764 55.226710699058806 7
    endloop
  endfacet
  facet normal 0 0 1
    outer loop
      vertex 78.68576379304507 52.14580978952201 7
      vertex 78.81163859753387 52.411949702904735 7
      vertex 78.68576379304507 54.97419021047799 7
    endloop
  endfacet
  facet normal 0 0 1
    outer loop
      vertex 78.81163859753387 52.411949702904735 7
      vertex 78.91082100719663 52.689145968236616 7
      vertex 78.81163859753387 54.70805029709527 7
    endloop
  endfacet
  facet normal 0 0 1
    outer loop
      vertex 78.91082100719663 52.689145968236616 7
      vertex 78.9823558412097 52.97472903395162 7
      vertex 78.91082100719663 54.43085403176339 7
    endloop
  endfacet
  facet normal 0 0 1
    outer loop
      vertex 77.454190210478 50.91423620695494 7
      vertex 77.18805029709527 56.33163859753386 7
      vertex 77.29 53.56 7
    endloop
  endfacet
  facet normal 0 0 1
    outer loop
      vertex 77.29 53.56 7
      vertex 77.18805029709527 56.33163859753386 7
      vertex 77.28398090834025 53.682521425411956 7
    endloop
  endfacet
  facet normal 0 0 1
    outer loop
      vertex 77.28398090834025 53.682521425411956 7
      vertex 77.18805029709527 56.33163859753386 7
      vertex 77.26598160050405 53.803862902520166 7
    endloop
  endfacet
  facet normal 0 0 1
    outer loop
      vertex 77.19484941563911 54.03835429045636 7
      vertex 77.18805029709527 56.33163859753386 7
      vertex 77.14240158043545 54.1492459210325 7
    endloop
  endfacet
  facet normal 0 0 1
    outer loop
      vertex 77.26598160050405 53.803862902520166 7
      vertex 77.18805029709527 56.33163859753386 7
      vertex 77.23617541966527 53.92285584656808 7
    endloop
  endfacet
  facet normal 0 0 1
    outer loop
      vertex 77.23617541966527 53.92285584656808 7
      vertex 77.18805029709527 56.33163859753386 7
      vertex 77.19484941563911 54.03835429045636 7
    endloop
  endfacet
  facet normal 0 0 1
    outer loop
      vertex 74.89194970290474 56.33163859753386 7
      vertex 75.07373693329659 54.35299160520456 7
      vertex 75.15611652351683 54.44388347648319 7
    endloop
  endfacet
  facet normal 0 0 1
    outer loop
      vertex 74.89194970290474 56.33163859753386 7
      vertex 75.15611652351683 54.44388347648319 7
      vertex 75.24700839479544 54.52626306670342 7
    endloop
  endfacet
  facet normal 0 0 1
    outer loop
      vertex 75.24700839479544 54.52626306670342 7
      vertex 75.3455372087255 54.59933701537818 7
      vertex 75.16914596823662 56.43082100719663 7
    endloop
  endfacet
  facet normal 0 0 1
    outer loop
      vertex 75.3455372087255 54.59933701537818 7
      vertex 75.4507540789675 54.66240158043544 7
      vertex 75.16914596823662 56.43082100719663 7
    endloop
  endfacet
  facet normal 0 0 1
    outer loop
      vertex 75.4507540789675 54.66240158043544 7
      vertex 75.56164570954364 54.71484941563911 7
      vertex 75.16914596823662 56.43082100719663 7
    endloop
  endfacet
  facet normal 0 0 1
    outer loop
      vertex 75.56164570954364 54.71484941563911 7
      vertex 75.67714415343193 54.75617541966526 7
      vertex 75.45472903395162 56.50235584120969 7
    endloop
  endfacet
  facet normal 0 0 1
    outer loop
      vertex 75.67714415343193 54.75617541966526 7
      vertex 75.79613709747984 54.78598160050404 7
      vertex 75.45472903395162 56.50235584120969 7
    endloop
  endfacet
  facet normal 0 0 1
    outer loop
      vertex 75.79613709747984 54.78598160050404 7
      vertex 75.91747857458806 54.80398090834025 7
      vertex 75.74594857901133 56.545554180016595 7
    endloop
  endfacet
  facet normal 0 0 1
    outer loop
      vertex 75.91747857458806 54.80398090834025 7
      vertex 76.04 54.81 7
      vertex 76.04 56.56 7
    endloop
  endfacet
  facet normal 0 0 1
    outer loop
      vertex 76.04 54.81 7
      vertex 76.16252142541195 54.80398090834025 7
      vertex 76.04 56.56 7
    endloop
  endfacet
  facet normal 0 0 1
    outer loop
      vertex 74.89194970290474 56.33163859753386 7
      vertex 75.24700839479544 54.52626306670342 7
      vertex 75.16914596823662 56.43082100719663 7
    endloop
  endfacet
  facet normal 0 0 1
    outer loop
      vertex 75.56164570954364 54.71484941563911 7
      vertex 75.45472903395162 56.50235584120969 7
      vertex 75.16914596823662 56.43082100719663 7
    endloop
  endfacet
  facet normal 0 0 1
    outer loop
      vertex 75.79613709747984 54.78598160050404 7
      vertex 75.74594857901133 56.545554180016595 7
      vertex 75.45472903395162 56.50235584120969 7
    endloop
  endfacet
  facet normal 0 0 1
    outer loop
      vertex 75.91747857458806 54.80398090834025 7
      vertex 76.04 56.56 7
      vertex 75.74594857901133 56.545554180016595 7
    endloop
  endfacet
  facet normal 0 0 1
    outer loop
      vertex 76.40285584656809 54.75617541966526 7
      vertex 76.51835429045637 54.71484941563911 7
      vertex 76.33405142098869 56.545554180016595 7
    endloop
  endfacet
  facet normal 0 0 1
    outer loop
      vertex 76.28386290252017 54.78598160050404 7
      vertex 76.40285584656809 54.75617541966526 7
      vertex 76.33405142098869 56.545554180016595 7
    endloop
  endfacet
  facet normal 0 0 1
    outer loop
      vertex 76.16252142541195 54.80398090834025 7
      vertex 76.28386290252017 54.78598160050404 7
      vertex 76.33405142098869 56.545554180016595 7
    endloop
  endfacet
  facet normal 0 0 1
    outer loop
      vertex 76.6292459210325 54.66240158043544 7
      vertex 76.62527096604839 56.50235584120969 7
      vertex 76.51835429045637 54.71484941563911 7
    endloop
  endfacet
  facet normal 0 0 1
    outer loop
      vertex 76.6292459210325 54.66240158043544 7
      vertex 76.73446279127451 54.59933701537818 7
      vertex 76.62527096604839 56.50235584120969 7
    endloop
  endfacet
  facet normal 0 0 1
    outer loop
      vertex 77.00626306670343 54.35299160520456 7
      vertex 77.07933701537819 54.254462791274506 7
      vertex 76.91085403176339 56.43082100719663 7
    endloop
  endfacet
  facet normal 0 0 1
    outer loop
      vertex 76.92388347648318 54.44388347648319 7
      vertex 76.91085403176339 56.43082100719663 7
      vertex 76.83299160520457 54.52626306670342 7
    endloop
  endfacet
  facet normal 0 0 1
    outer loop
      vertex 76.73446279127451 54.59933701537818 7
      vertex 76.83299160520457 54.52626306670342 7
      vertex 76.91085403176339 56.43082100719663 7
    endloop
  endfacet
  facet normal 0 0 1
    outer loop
      vertex 77.00626306670343 54.35299160520456 7
      vertex 76.91085403176339 56.43082100719663 7
      vertex 76.92388347648318 54.44388347648319 7
    endloop
  endfacet
  facet normal 0 0 1
    outer loop
      vertex 77.14240158043545 54.1492459210325 7
      vertex 77.18805029709527 56.33163859753386 7
      vertex 77.07933701537819 54.254462791274506 7
    endloop
  endfacet
  facet normal 0 0 1
    outer loop
      vertex 76.73446279127451 54.59933701537818 7
      vertex 76.91085403176339 56.43082100719663 7
      vertex 76.62527096604839 56.50235584120969 7
    endloop
  endfacet
  facet normal 0 0 1
    outer loop
      vertex 76.16252142541195 54.80398090834025 7
      vertex 76.33405142098869 56.545554180016595 7
      vertex 76.04 56.56 7
    endloop
  endfacet
  facet normal 0 0 1
    outer loop
      vertex 76.51835429045637 54.71484941563911 7
      vertex 76.62527096604839 56.50235584120969 7
      vertex 76.33405142098869 56.545554180016595 7
    endloop
  endfacet
  facet normal 0 0 1
    outer loop
      vertex 77.07933701537819 54.254462791274506 7
      vertex 77.18805029709527 56.33163859753386 7
      vertex 76.91085403176339 56.43082100719663 7
    endloop
  endfacet
  facet normal 0 0 1
    outer loop
      vertex 77.454190210478 50.91423620695494 7
      vertex 77.454190210478 56.205763793045065 7
      vertex 77.18805029709527 56.33163859753386 7
    endloop
  endfacet
  facet normal 0 0 1
    outer loop
      vertex 77.70671069905882 51.065591163092364 7
      vertex 77.70671069905882 56.05440883690764 7
      vertex 77.454190210478 56.205763793045065 7
    endloop
  endfacet
  facet normal 0 0 1
    outer loop
      vertex 77.94317985249094 51.24096863991179 7
      vertex 77.94317985249094 55.87903136008821 7
      vertex 77.70671069905882 56.05440883690764 7
    endloop
  endfacet
  facet normal 0 0 1
    outer loop
      vertex 78.16132034355965 51.43867965644036 7
      vertex 78.16132034355965 55.68132034355965 7
      vertex 77.94317985249094 55.87903136008821 7
    endloop
  endfacet
  facet normal 0 0 1
    outer loop
      vertex 78.35903136008822 51.656820147509066 7
      vertex 78.35903136008822 55.46317985249094 7
      vertex 78.16132034355965 55.68132034355965 7
    endloop
  endfacet
  facet normal 0 0 1
    outer loop
      vertex 78.53440883690764 51.8932893009412 7
      vertex 78.53440883690764 55.226710699058806 7
      vertex 78.35903136008822 55.46317985249094 7
    endloop
  endfacet
  facet normal 0 0 1
    outer loop
      vertex 78.9823558412097 52.97472903395162 7
      vertex 79.0255541800166 53.26594857901132 7
      vertex 78.9823558412097 54.145270966048386 7
    endloop
  endfacet
  facet normal 0 0 1
    outer loop
      vertex 79.0255541800166 53.26594857901132 7
      vertex 79.04 53.56 7
      vertex 79.0255541800166 53.85405142098868 7
    endloop
  endfacet
  facet normal 0 0 1
    outer loop
      vertex 79.0255541800166 53.26594857901132 7
      vertex 79.0255541800166 53.85405142098868 7
      vertex 78.9823558412097 54.145270966048386 7
    endloop
  endfacet
  facet normal 0 0 1
    outer loop
      vertex 78.68576379304507 52.14580978952201 7
      vertex 78.68576379304507 54.97419021047799 7
      vertex 78.53440883690764 55.226710699058806 7
    endloop
  endfacet
  facet normal 0 0 1
    outer loop
      vertex 78.81163859753387 52.411949702904735 7
      vertex 78.81163859753387 54.70805029709527 7
      vertex 78.68576379304507 54.97419021047799 7
    endloop
  endfacet
  facet normal 0 0 1
    outer loop
      vertex 78.91082100719663 52.689145968236616 7
      vertex 78.91082100719663 54.43085403176339 7
      vertex 78.81163859753387 54.70805029709527 7
    endloop
  endfacet
  facet normal 0 0 1
    outer loop
      vertex 78.9823558412097 52.97472903395162 7
      vertex 78.9823558412097 54.145270966048386 7
      vertex 78.91082100719663 54.43085403176339 7
    endloop
  endfacet
  facet normal -0.24298017990326343 0.9700312531945441 0
    outer loop
      vertex 75.16914596823662 56.43082100719663 2
      vertex 75.16914596823662 56.43082100719663 7
      vertex 75.45472903395162 56.50235584120969 2
    endloop
  endfacet
  facet normal -0.14673047445537296 0.9891765099647793 0
    outer loop
      vertex 75.45472903395162 56.50235584120969 2
      vertex 75.45472903395162 56.50235584120969 7
      vertex 75.74594857901133 56.545554180016595 2
    endloop
  endfacet
  facet normal -0.049067674327412616 0.9987954562051726 0
    outer loop
      vertex 75.74594857901133 56.545554180016595 2
      vertex 75.74594857901133 56.545554180016595 7
      vertex 76.04 56.56 2
    endloop
  endfacet
  facet normal 0.049067674327412616 0.9987954562051726 0
    outer loop
      vertex 76.04 56.56 2
      vertex 76.04 56.56 7
      vertex 76.33405142098869 56.545554180016595 2
    endloop
  endfacet
  facet normal 0.14673047445537296 0.9891765099647793 0
    outer loop
      vertex 76.33405142098869 56.545554180016595 2
      vertex 76.33405142098869 56.545554180016595 7
      vertex 76.62527096604839 56.50235584120969 2
    endloop
  endfacet
  facet normal 0.24298017990326343 0.9700312531945441 0
    outer loop
      vertex 76.62527096604839 56.50235584120969 2
      vertex 76.62527096604839 56.50235584120969 7
      vertex 76.91085403176339 56.43082100719663 2
    endloop
  endfacet
  facet normal 0.3368898533922226 0.9415440651830198 0
    outer loop
      vertex 76.91085403176339 56.43082100719663 2
      vertex 76.91085403176339 56.43082100719663 7
      vertex 77.18805029709527 56.33163859753386 2
    endloop
  endfacet
  facet normal 0.4275550934302734 0.9039892931234474 -3.6792239005439733e-19
    outer loop
      vertex 77.454190210478 56.205763793045065 2
      vertex 77.18805029709527 56.33163859753386 2
      vertex 77.18805029709527 56.33163859753386 7
    endloop
  endfacet
  facet normal -0.3368898533922226 0.9415440651830198 8.806317594405358e-19
    outer loop
      vertex 74.89194970290474 56.33163859753386 7
      vertex 75.16914596823662 56.43082100719663 7
      vertex 75.16914596823662 56.43082100719663 2
    endloop
  endfacet
  facet normal -0.24298017990326343 0.9700312531945441 0
    outer loop
      vertex 75.45472903395162 56.50235584120969 2
      vertex 75.16914596823662 56.43082100719663 7
      vertex 75.45472903395162 56.50235584120969 7
    endloop
  endfacet
  facet normal -0.14673047445537296 0.9891765099647793 0
    outer loop
      vertex 75.74594857901133 56.545554180016595 2
      vertex 75.45472903395162 56.50235584120969 7
      vertex 75.74594857901133 56.545554180016595 7
    endloop
  endfacet
  facet normal -0.049067674327412616 0.9987954562051726 0
    outer loop
      vertex 76.04 56.56 2
      vertex 75.74594857901133 56.545554180016595 7
      vertex 76.04 56.56 7
    endloop
  endfacet
  facet normal 0.049067674327412616 0.9987954562051726 0
    outer loop
      vertex 76.33405142098869 56.545554180016595 2
      vertex 76.04 56.56 7
      vertex 76.33405142098869 56.545554180016595 7
    endloop
  endfacet
  facet normal 0.14673047445537296 0.9891765099647793 0
    outer loop
      vertex 76.62527096604839 56.50235584120969 2
      vertex 76.33405142098869 56.545554180016595 7
      vertex 76.62527096604839 56.50235584120969 7
    endloop
  endfacet
  facet normal 0.24298017990326343 0.9700312531945441 0
    outer loop
      vertex 76.91085403176339 56.43082100719663 2
      vertex 76.62527096604839 56.50235584120969 7
      vertex 76.91085403176339 56.43082100719663 7
    endloop
  endfacet
  facet normal 0.3368898533922226 0.9415440651830198 0
    outer loop
      vertex 77.18805029709527 56.33163859753386 2
      vertex 76.91085403176339 56.43082100719663 7
      vertex 77.18805029709527 56.33163859753386 7
    endloop
  endfacet
  facet normal -0.7409511253549519 -0.6715589548470264 0
    outer loop
      vertex 73.72096863991179 23.716820147509065 2
      vertex 73.91867965644036 23.49867965644036 2
      vertex 73.72096863991179 23.716820147509065 7
    endloop
  endfacet
  facet normal -0.8032075314806507 -0.5956993044924255 1.874035166988334e-18
    outer loop
      vertex 73.72096863991179 23.716820147509065 2
      vertex 73.54559116309237 23.953289300941194 7
      vertex 73.54559116309237 23.953289300941194 2
    endloop
  endfacet
  facet normal -0.595699304492439 -0.8032075314806407 0
    outer loop
      vertex 74.3732893009412 23.125591163092366 2
      vertex 74.3732893009412 23.125591163092366 7
      vertex 74.13682014750907 23.30096863991179 2
    endloop
  endfacet
  facet normal -0.5141027441932281 -0.8577286100002683 1.5576918164198865e-18
    outer loop
      vertex 74.3732893009412 23.125591163092366 2
      vertex 74.62580978952201 22.974236206954934 2
      vertex 74.62580978952201 22.974236206954934 7
    endloop
  endfacet
  facet normal -0.4275550934302734 -0.9039892931234474 0
    outer loop
      vertex 74.89194970290474 22.84836140246614 2
      vertex 74.89194970290474 22.84836140246614 7
      vertex 74.62580978952201 22.974236206954934 2
    endloop
  endfacet
  facet normal -0.6715589548470138 -0.7409511253549632 1.0736732475364759e-18
    outer loop
      vertex 73.91867965644036 23.49867965644036 2
      vertex 74.13682014750907 23.30096863991179 2
      vertex 74.13682014750907 23.30096863991179 7
    endloop
  endfacet
  facet normal -0.8577286100002789 -0.5141027441932103 0
    outer loop
      vertex 73.39423620695494 24.205809789522007 2
      vertex 73.54559116309237 23.953289300941194 2
      vertex 73.39423620695494 24.205809789522007 7
    endloop
  endfacet
  facet normal -0.9039892931234337 -0.42755509343030246 1.3692566834689876e-18
    outer loop
      vertex 73.39423620695494 24.205809789522007 2
      vertex 73.26836140246614 24.47194970290473 7
      vertex 73.26836140246614 24.47194970290473 2
    endloop
  endfacet
  facet normal -0.9415440651830289 -0.3368898533921974 -5.62062215957659e-19
    outer loop
      vertex 73.26836140246614 24.47194970290473 2
      vertex 73.16917899280338 24.749145968236615 7
      vertex 73.16917899280338 24.749145968236615 2
    endloop
  endfacet
  facet normal -0.9700312531945441 -0.24298017990326343 5.904920773670925e-20
    outer loop
      vertex 73.16917899280338 24.749145968236615 2
      vertex 73.09764415879032 25.034729033951617 7
      vertex 73.09764415879032 25.034729033951617 2
    endloop
  endfacet
  facet normal -0.989176509964779 -0.1467304744553747 -3.4664664784230424e-19
    outer loop
      vertex 73.09764415879032 25.034729033951617 2
      vertex 73.05444581998341 25.325948579011317 7
      vertex 73.05444581998341 25.325948579011317 2
    endloop
  endfacet
  facet normal -0.9987954562051727 -0.049067674327412034 -5.214942966695657e-20
    outer loop
      vertex 73.05444581998341 25.325948579011317 2
      vertex 73.04 25.62 7
      vertex 73.04 25.62 2
    endloop
  endfacet
  facet normal -0.9987954562051727 0.049067674327412034 5.214942966695657e-20
    outer loop
      vertex 73.04 25.62 2
      vertex 73.05444581998341 25.914051420988685 7
      vertex 73.05444581998341 25.914051420988685 2
    endloop
  endfacet
  facet normal -0.989176509964779 0.1467304744553747 3.4664664784230424e-19
    outer loop
      vertex 73.05444581998341 25.914051420988685 2
      vertex 73.09764415879032 26.205270966048385 7
      vertex 73.09764415879032 26.205270966048385 2
    endloop
  endfacet
  facet normal -0.9700312531945441 0.24298017990326343 -5.904920773670925e-20
    outer loop
      vertex 73.09764415879032 26.205270966048385 2
      vertex 73.16917899280338 26.490854031763387 7
      vertex 73.16917899280338 26.490854031763387 2
    endloop
  endfacet
  facet normal -0.9415440651830289 0.3368898533921974 5.62062215957659e-19
    outer loop
      vertex 73.16917899280338 26.490854031763387 2
      vertex 73.26836140246614 26.76805029709527 7
      vertex 73.26836140246614 26.76805029709527 2
    endloop
  endfacet
  facet normal -0.9039892931234337 0.42755509343030246 -1.3692566834689876e-18
    outer loop
      vertex 73.26836140246614 26.76805029709527 2
      vertex 73.39423620695494 27.034190210477995 7
      vertex 73.39423620695494 27.034190210477995 2
    endloop
  endfacet
  facet normal -0.8577286100002789 0.5141027441932103 4.1749397540850306e-19
    outer loop
      vertex 73.39423620695494 27.034190210477995 2
      vertex 73.54559116309237 27.28671069905881 7
      vertex 73.54559116309237 27.28671069905881 2
    endloop
  endfacet
  facet normal -0.8032075314806507 0.5956993044924255 -1.874035166988334e-18
    outer loop
      vertex 73.54559116309237 27.28671069905881 2
      vertex 73.72096863991179 27.523179852490937 7
      vertex 73.72096863991179 27.523179852490937 2
    endloop
  endfacet
  facet normal -0.7409511253549519 0.6715589548470264 1.0941725926699885e-18
    outer loop
      vertex 73.72096863991179 27.523179852490937 2
      vertex 73.91867965644036 27.741320343559643 7
      vertex 73.91867965644036 27.741320343559643 2
    endloop
  endfacet
  facet normal -0.6715589548470138 0.7409511253549632 0
    outer loop
      vertex 73.91867965644036 27.741320343559643 2
      vertex 73.91867965644036 27.741320343559643 7
      vertex 74.13682014750907 27.93903136008821 2
    endloop
  endfacet
  facet normal -0.595699304492439 0.8032075314806407 0
    outer loop
      vertex 74.13682014750907 27.93903136008821 2
      vertex 74.13682014750907 27.93903136008821 7
      vertex 74.3732893009412 28.114408836907636 2
    endloop
  endfacet
  facet normal -0.5141027441932281 0.8577286100002683 0
    outer loop
      vertex 74.3732893009412 28.114408836907636 2
      vertex 74.3732893009412 28.114408836907636 7
      vertex 74.62580978952201 28.265763793045068 2
    endloop
  endfacet
  facet normal -0.4275550934302734 0.9039892931234474 0
    outer loop
      vertex 74.62580978952201 28.265763793045068 2
      vertex 74.62580978952201 28.265763793045068 7
      vertex 74.89194970290474 28.391638597533863 2
    endloop
  endfacet
  facet normal -0.3368898533922226 0.9415440651830198 0
    outer loop
      vertex 74.89194970290474 28.391638597533863 2
      vertex 74.89194970290474 28.391638597533863 7
      vertex 75.16914596823662 28.49082100719663 2
    endloop
  endfacet
  facet normal -0.8032075314806507 -0.5956993044924255 0
    outer loop
      vertex 73.72096863991179 23.716820147509065 2
      vertex 73.72096863991179 23.716820147509065 7
      vertex 73.54559116309237 23.953289300941194 7
    endloop
  endfacet
  facet normal -0.3368898533922226 -0.9415440651830198 0
    outer loop
      vertex 74.89194970290474 22.84836140246614 2
      vertex 75.16914596823662 22.749178992803373 7
      vertex 74.89194970290474 22.84836140246614 7
    endloop
  endfacet
  facet normal -0.5141027441932281 -0.8577286100002683 0
    outer loop
      vertex 74.3732893009412 23.125591163092366 2
      vertex 74.62580978952201 22.974236206954934 7
      vertex 74.3732893009412 23.125591163092366 7
    endloop
  endfacet
  facet normal -0.4275550934302734 -0.9039892931234474 0
    outer loop
      vertex 74.62580978952201 22.974236206954934 2
      vertex 74.89194970290474 22.84836140246614 7
      vertex 74.62580978952201 22.974236206954934 7
    endloop
  endfacet
  facet normal -0.6715589548470138 -0.7409511253549632 0
    outer loop
      vertex 73.91867965644036 23.49867965644036 2
      vertex 74.13682014750907 23.30096863991179 7
      vertex 73.91867965644036 23.49867965644036 7
    endloop
  endfacet
  facet normal -0.595699304492439 -0.8032075314806407 0
    outer loop
      vertex 74.13682014750907 23.30096863991179 2
      vertex 74.3732893009412 23.125591163092366 7
      vertex 74.13682014750907 23.30096863991179 7
    endloop
  endfacet
  facet normal -0.7409511253549519 -0.6715589548470264 0
    outer loop
      vertex 73.91867965644036 23.49867965644036 2
      vertex 73.91867965644036 23.49867965644036 7
      vertex 73.72096863991179 23.716820147509065 7
    endloop
  endfacet
  facet normal -0.9415440651830289 -0.3368898533921974 0
    outer loop
      vertex 73.26836140246614 24.47194970290473 2
      vertex 73.26836140246614 24.47194970290473 7
      vertex 73.16917899280338 24.749145968236615 7
    endloop
  endfacet
  facet normal -0.8577286100002789 -0.5141027441932103 0
    outer loop
      vertex 73.54559116309237 23.953289300941194 2
      vertex 73.54559116309237 23.953289300941194 7
      vertex 73.39423620695494 24.205809789522007 7
    endloop
  endfacet
  facet normal -0.9039892931234337 -0.42755509343030246 0
    outer loop
      vertex 73.39423620695494 24.205809789522007 2
      vertex 73.39423620695494 24.205809789522007 7
      vertex 73.26836140246614 24.47194970290473 7
    endloop
  endfacet
  facet normal -0.9700312531945441 -0.24298017990326343 0
    outer loop
      vertex 73.16917899280338 24.749145968236615 2
      vertex 73.16917899280338 24.749145968236615 7
      vertex 73.09764415879032 25.034729033951617 7
    endloop
  endfacet
  facet normal -0.989176509964779 -0.1467304744553747 0
    outer loop
      vertex 73.09764415879032 25.034729033951617 2
      vertex 73.09764415879032 25.034729033951617 7
      vertex 73.05444581998341 25.325948579011317 7
    endloop
  endfacet
  facet normal -0.9987954562051727 -0.049067674327412034 0
    outer loop
      vertex 73.05444581998341 25.325948579011317 2
      vertex 73.05444581998341 25.325948579011317 7
      vertex 73.04 25.62 7
    endloop
  endfacet
  facet normal -0.9987954562051727 0.049067674327412034 0
    outer loop
      vertex 73.04 25.62 2
      vertex 73.04 25.62 7
      vertex 73.05444581998341 25.914051420988685 7
    endloop
  endfacet
  facet normal -0.989176509964779 0.1467304744553747 0
    outer loop
      vertex 73.05444581998341 25.914051420988685 2
      vertex 73.05444581998341 25.914051420988685 7
      vertex 73.09764415879032 26.205270966048385 7
    endloop
  endfacet
  facet normal -0.9700312531945441 0.24298017990326343 0
    outer loop
      vertex 73.09764415879032 26.205270966048385 2
      vertex 73.09764415879032 26.205270966048385 7
      vertex 73.16917899280338 26.490854031763387 7
    endloop
  endfacet
  facet normal -0.9415440651830289 0.3368898533921974 0
    outer loop
      vertex 73.16917899280338 26.490854031763387 2
      vertex 73.16917899280338 26.490854031763387 7
      vertex 73.26836140246614 26.76805029709527 7
    endloop
  endfacet
  facet normal -0.9039892931234337 0.42755509343030246 0
    outer loop
      vertex 73.26836140246614 26.76805029709527 2
      vertex 73.26836140246614 26.76805029709527 7
      vertex 73.39423620695494 27.034190210477995 7
    endloop
  endfacet
  facet normal -0.8577286100002789 0.5141027441932103 0
    outer loop
      vertex 73.39423620695494 27.034190210477995 2
      vertex 73.39423620695494 27.034190210477995 7
      vertex 73.54559116309237 27.28671069905881 7
    endloop
  endfacet
  facet normal -0.8032075314806507 0.5956993044924255 0
    outer loop
      vertex 73.54559116309237 27.28671069905881 2
      vertex 73.54559116309237 27.28671069905881 7
      vertex 73.72096863991179 27.523179852490937 7
    endloop
  endfacet
  facet normal -0.7409511253549519 0.6715589548470264 0
    outer loop
      vertex 73.72096863991179 27.523179852490937 2
      vertex 73.72096863991179 27.523179852490937 7
      vertex 73.91867965644036 27.741320343559643 7
    endloop
  endfacet
  facet normal -0.6715589548470138 0.7409511253549632 0
    outer loop
      vertex 74.13682014750907 27.93903136008821 2
      vertex 73.91867965644036 27.741320343559643 7
      vertex 74.13682014750907 27.93903136008821 7
    endloop
  endfacet
  facet normal -0.595699304492439 0.8032075314806407 0
    outer loop
      vertex 74.3732893009412 28.114408836907636 2
      vertex 74.13682014750907 27.93903136008821 7
      vertex 74.3732893009412 28.114408836907636 7
    endloop
  endfacet
  facet normal 0 0 1
    outer loop
      vertex 73.26836140246614 24.47194970290473 7
      vertex 73.16917899280338 26.490854031763387 7
      vertex 73.16917899280338 24.749145968236615 7
    endloop
  endfacet
  facet normal 0 0 1
    outer loop
      vertex 73.72096863991179 23.716820147509065 7
      vertex 73.91867965644036 23.49867965644036 7
      vertex 73.72096863991179 27.523179852490937 7
    endloop
  endfacet
  facet normal 0 0 1
    outer loop
      vertex 73.39423620695494 24.205809789522007 7
      vertex 73.54559116309237 23.953289300941194 7
      vertex 73.39423620695494 27.034190210477995 7
    endloop
  endfacet
  facet normal 0 0 1
    outer loop
      vertex 73.39423620695494 24.205809789522007 7
      vertex 73.26836140246614 26.76805029709527 7
      vertex 73.26836140246614 24.47194970290473 7
    endloop
  endfacet
  facet normal 0 0 1
    outer loop
      vertex 73.72096863991179 23.716820147509065 7
      vertex 73.54559116309237 27.28671069905881 7
      vertex 73.54559116309237 23.953289300941194 7
    endloop
  endfacet
  facet normal 0 0 1
    outer loop
      vertex 74.89194970290474 22.84836140246614 7
      vertex 75.00066298462183 24.925537208725498 7
      vertex 74.93759841956457 25.030754078967504 7
    endloop
  endfacet
  facet normal 0 0 1
    outer loop
      vertex 74.89194970290474 22.84836140246614 7
      vertex 74.93759841956457 25.030754078967504 7
      vertex 74.8851505843609 25.14164570954364 7
    endloop
  endfacet
  facet normal 0 0 1
    outer loop
      vertex 74.89194970290474 22.84836140246614 7
      vertex 74.8851505843609 25.14164570954364 7
      vertex 74.84382458033474 25.257144153431923 7
    endloop
  endfacet
  facet normal 0 0 1
    outer loop
      vertex 74.89194970290474 22.84836140246614 7
      vertex 74.84382458033474 25.257144153431923 7
      vertex 74.81401839949596 25.37613709747984 7
    endloop
  endfacet
  facet normal 0 0 1
    outer loop
      vertex 74.89194970290474 22.84836140246614 7
      vertex 74.81401839949596 25.37613709747984 7
      vertex 74.79601909165976 25.49747857458805 7
    endloop
  endfacet
  facet normal 0 0 1
    outer loop
      vertex 73.91867965644036 23.49867965644036 7
      vertex 74.13682014750907 23.30096863991179 7
      vertex 73.91867965644036 27.741320343559643 7
    endloop
  endfacet
  facet normal 0 0 1
    outer loop
      vertex 74.3732893009412 23.125591163092366 7
      vertex 74.13682014750907 27.93903136008821 7
      vertex 74.13682014750907 23.30096863991179 7
    endloop
  endfacet
  facet normal 0 0 1
    outer loop
      vertex 74.3732893009412 23.125591163092366 7
      vertex 74.62580978952201 22.974236206954934 7
      vertex 74.3732893009412 28.114408836907636 7
    endloop
  endfacet
  facet normal 0 0 1
    outer loop
      vertex 74.89194970290474 22.84836140246614 7
      vertex 74.62580978952201 28.265763793045068 7
      vertex 74.62580978952201 22.974236206954934 7
    endloop
  endfacet
  facet normal 0 0 1
    outer loop
      vertex 74.89194970290474 22.84836140246614 7
      vertex 74.79601909165976 25.49747857458805 7
      vertex 74.79 25.62 7
    endloop
  endfacet
  facet normal 0 0 1
    outer loop
      vertex 73.09764415879032 25.034729033951617 7
      vertex 73.05444581998341 25.914051420988685 7
      vertex 73.05444581998341 25.325948579011317 7
    endloop
  endfacet
  facet normal 0 0 1
    outer loop
      vertex 73.16917899280338 24.749145968236615 7
      vertex 73.09764415879032 26.205270966048385 7
      vertex 73.09764415879032 25.034729033951617 7
    endloop
  endfacet
  facet normal 0 0 1
    outer loop
      vertex 73.05444581998341 25.325948579011317 7
      vertex 73.05444581998341 25.914051420988685 7
      vertex 73.04 25.62 7
    endloop
  endfacet
  facet normal 0 0 1
    outer loop
      vertex 73.09764415879032 25.034729033951617 7
      vertex 73.09764415879032 26.205270966048385 7
      vertex 73.05444581998341 25.914051420988685 7
    endloop
  endfacet
  facet normal 0 0 1
    outer loop
      vertex 73.16917899280338 24.749145968236615 7
      vertex 73.16917899280338 26.490854031763387 7
      vertex 73.09764415879032 26.205270966048385 7
    endloop
  endfacet
  facet normal 0 0 1
    outer loop
      vertex 73.26836140246614 24.47194970290473 7
      vertex 73.26836140246614 26.76805029709527 7
      vertex 73.16917899280338 26.490854031763387 7
    endloop
  endfacet
  facet normal 0 0 1
    outer loop
      vertex 73.39423620695494 24.205809789522007 7
      vertex 73.39423620695494 27.034190210477995 7
      vertex 73.26836140246614 26.76805029709527 7
    endloop
  endfacet
  facet normal 0 0 1
    outer loop
      vertex 73.54559116309237 23.953289300941194 7
      vertex 73.54559116309237 27.28671069905881 7
      vertex 73.39423620695494 27.034190210477995 7
    endloop
  endfacet
  facet normal 0 0 1
    outer loop
      vertex 73.72096863991179 23.716820147509065 7
      vertex 73.72096863991179 27.523179852490937 7
      vertex 73.54559116309237 27.28671069905881 7
    endloop
  endfacet
  facet normal 0 0 1
    outer loop
      vertex 74.89194970290474 22.84836140246614 7
      vertex 74.79 25.62 7
      vertex 74.62580978952201 28.265763793045068 7
    endloop
  endfacet
  facet normal 0 0 1
    outer loop
      vertex 73.91867965644036 23.49867965644036 7
      vertex 73.91867965644036 27.741320343559643 7
      vertex 73.72096863991179 27.523179852490937 7
    endloop
  endfacet
  facet normal 0 0 1
    outer loop
      vertex 74.13682014750907 23.30096863991179 7
      vertex 74.13682014750907 27.93903136008821 7
      vertex 73.91867965644036 27.741320343559643 7
    endloop
  endfacet
  facet normal 0 0 1
    outer loop
      vertex 74.3732893009412 23.125591163092366 7
      vertex 74.3732893009412 28.114408836907636 7
      vertex 74.13682014750907 27.93903136008821 7
    endloop
  endfacet
  facet normal 0 0 1
    outer loop
      vertex 74.62580978952201 22.974236206954934 7
      vertex 74.62580978952201 28.265763793045068 7
      vertex 74.3732893009412 28.114408836907636 7
    endloop
  endfacet
  facet normal 0 0 1
    outer loop
      vertex 74.79 25.62 7
      vertex 74.79601909165976 25.74252142541195 7
      vertex 74.62580978952201 28.265763793045068 7
    endloop
  endfacet
  facet normal 0 0 1
    outer loop
      vertex 74.79601909165976 25.74252142541195 7
      vertex 74.81401839949596 25.86386290252016 7
      vertex 74.62580978952201 28.265763793045068 7
    endloop
  endfacet
  facet normal 0 0 1
    outer loop
      vertex 74.81401839949596 25.86386290252016 7
      vertex 74.84382458033474 25.98285584656808 7
      vertex 74.62580978952201 28.265763793045068 7
    endloop
  endfacet
  facet normal 0 0 1
    outer loop
      vertex 74.84382458033474 25.98285584656808 7
      vertex 74.8851505843609 26.098354290456363 7
      vertex 74.62580978952201 28.265763793045068 7
    endloop
  endfacet
  facet normal 0 0 1
    outer loop
      vertex 74.8851505843609 26.098354290456363 7
      vertex 74.93759841956457 26.209245921032498 7
      vertex 74.62580978952201 28.265763793045068 7
    endloop
  endfacet
  facet normal 0 0 1
    outer loop
      vertex 74.93759841956457 26.209245921032498 7
      vertex 75.00066298462183 26.314462791274504 7
      vertex 74.89194970290474 28.391638597533863 7
    endloop
  endfacet
  facet normal 0 0 1
    outer loop
      vertex 74.89194970290474 28.391638597533863 7
      vertex 75.00066298462183 26.314462791274504 7
      vertex 75.07373693329659 26.412991605204557 7
    endloop
  endfacet
  facet normal 0 0 1
    outer loop
      vertex 74.93759841956457 26.209245921032498 7
      vertex 74.89194970290474 28.391638597533863 7
      vertex 74.62580978952201 28.265763793045068 7
    endloop
  endfacet
  facet normal -0.5141027441932281 0.8577286100002683 0
    outer loop
      vertex 74.62580978952201 28.265763793045068 2
      vertex 74.3732893009412 28.114408836907636 7
      vertex 74.62580978952201 28.265763793045068 7
    endloop
  endfacet
  facet normal -0.4275550934302734 0.9039892931234474 0
    outer loop
      vertex 74.89194970290474 28.391638597533863 2
      vertex 74.62580978952201 28.265763793045068 7
      vertex 74.89194970290474 28.391638597533863 7
    endloop
  endfacet
  facet normal -0.3368898533922226 -0.9415440651830198 -8.806317594405358e-19
    outer loop
      vertex 74.89194970290474 22.84836140246614 2
      vertex 75.16914596823662 22.749178992803373 2
      vertex 75.16914596823662 22.749178992803373 7
    endloop
  endfacet
  facet normal -0.24298017990326343 -0.9700312531945441 5.904920773670925e-20
    outer loop
      vertex 75.16914596823662 22.749178992803373 2
      vertex 75.45472903395162 22.677644158790308 2
      vertex 75.45472903395162 22.677644158790308 7
    endloop
  endfacet
  facet normal -0.14673047445534937 -0.9891765099647829 8.355910701990804e-20
    outer loop
      vertex 75.45472903395162 22.677644158790308 2
      vertex 75.74594857901133 22.634445819983412 2
      vertex 75.74594857901133 22.634445819983412 7
    endloop
  endfacet
  facet normal -0.049067674327424655 -0.998795456205172 -2.0802487250461175e-19
    outer loop
      vertex 75.74594857901133 22.634445819983412 2
      vertex 76.04 22.62 2
      vertex 76.04 22.62 7
    endloop
  endfacet
  facet normal 0.049067674327424655 -0.998795456205172 2.0802487250461175e-19
    outer loop
      vertex 76.04 22.62 2
      vertex 76.33405142098869 22.634445819983412 2
      vertex 76.33405142098869 22.634445819983412 7
    endloop
  endfacet
  facet normal 0.14673047445534937 -0.9891765099647829 -8.355910701990804e-20
    outer loop
      vertex 76.33405142098869 22.634445819983412 2
      vertex 76.62527096604839 22.677644158790308 2
      vertex 76.62527096604839 22.677644158790308 7
    endloop
  endfacet
  facet normal 0.24298017990326343 -0.9700312531945441 -5.904920773670925e-20
    outer loop
      vertex 76.62527096604839 22.677644158790308 2
      vertex 76.91085403176339 22.749178992803373 2
      vertex 76.91085403176339 22.749178992803373 7
    endloop
  endfacet
  facet normal 0.3368898533922226 -0.9415440651830198 8.806317594405358e-19
    outer loop
      vertex 76.91085403176339 22.749178992803373 2
      vertex 77.18805029709527 22.84836140246614 2
      vertex 77.18805029709527 22.84836140246614 7
    endloop
  endfacet
  facet normal 0.4275550934302734 -0.9039892931234474 3.6792239005439733e-19
    outer loop
      vertex 77.18805029709527 22.84836140246614 2
      vertex 77.454190210478 22.974236206954934 2
      vertex 77.454190210478 22.974236206954934 7
    endloop
  endfacet
  facet normal 0.5141027441932281 -0.8577286100002683 -1.5576918164198865e-18
    outer loop
      vertex 77.454190210478 22.974236206954934 2
      vertex 77.70671069905882 23.125591163092366 2
      vertex 77.70671069905882 23.125591163092366 7
    endloop
  endfacet
  facet normal 0.595699304492439 -0.8032075314806407 -5.591680518461893e-19
    outer loop
      vertex 77.70671069905882 23.125591163092366 2
      vertex 77.94317985249094 23.30096863991179 2
      vertex 77.94317985249094 23.30096863991179 7
    endloop
  endfacet
  facet normal 0.6715589548470138 -0.7409511253549632 -1.0736732475364759e-18
    outer loop
      vertex 77.94317985249094 23.30096863991179 2
      vertex 78.16132034355965 23.49867965644036 2
      vertex 78.16132034355965 23.49867965644036 7
    endloop
  endfacet
  facet normal 0.7409511253549519 -0.6715589548470264 0
    outer loop
      vertex 78.16132034355965 23.49867965644036 2
      vertex 78.35903136008822 23.716820147509065 2
      vertex 78.16132034355965 23.49867965644036 7
    endloop
  endfacet
  facet normal 0.8032075314806507 -0.5956993044924255 0
    outer loop
      vertex 78.35903136008822 23.716820147509065 2
      vertex 78.53440883690764 23.953289300941194 2
      vertex 78.35903136008822 23.716820147509065 7
    endloop
  endfacet
  facet normal 0.8577286100002789 -0.5141027441932103 0
    outer loop
      vertex 78.53440883690764 23.953289300941194 2
      vertex 78.68576379304507 24.205809789522007 2
      vertex 78.53440883690764 23.953289300941194 7
    endloop
  endfacet
  facet normal 0.9039892931234337 -0.42755509343030246 0
    outer loop
      vertex 78.68576379304507 24.205809789522007 2
      vertex 78.81163859753387 24.47194970290473 2
      vertex 78.68576379304507 24.205809789522007 7
    endloop
  endfacet
  facet normal 0.9415440651830289 -0.3368898533921974 0
    outer loop
      vertex 78.81163859753387 24.47194970290473 2
      vertex 78.91082100719663 24.749145968236615 2
      vertex 78.81163859753387 24.47194970290473 7
    endloop
  endfacet
  facet normal 0.9700312531945441 -0.24298017990326343 0
    outer loop
      vertex 78.91082100719663 24.749145968236615 2
      vertex 78.9823558412097 25.034729033951617 2
      vertex 78.91082100719663 24.749145968236615 7
    endloop
  endfacet
  facet normal 0.989176509964779 -0.1467304744553747 0
    outer loop
      vertex 78.9823558412097 25.034729033951617 2
      vertex 79.0255541800166 25.325948579011317 2
      vertex 78.9823558412097 25.034729033951617 7
    endloop
  endfacet
  facet normal 0.9987954562051727 -0.049067674327412034 0
    outer loop
      vertex 79.0255541800166 25.325948579011317 2
      vertex 79.04 25.62 2
      vertex 79.0255541800166 25.325948579011317 7
    endloop
  endfacet
  facet normal 0.9987954562051727 0.049067674327412034 0
    outer loop
      vertex 79.04 25.62 2
      vertex 79.0255541800166 25.914051420988685 2
      vertex 79.04 25.62 7
    endloop
  endfacet
  facet normal 0.989176509964779 0.1467304744553747 0
    outer loop
      vertex 79.0255541800166 25.914051420988685 2
      vertex 78.9823558412097 26.205270966048385 2
      vertex 79.0255541800166 25.914051420988685 7
    endloop
  endfacet
  facet normal 0.9700312531945441 0.24298017990326343 0
    outer loop
      vertex 78.9823558412097 26.205270966048385 2
      vertex 78.91082100719663 26.490854031763387 2
      vertex 78.9823558412097 26.205270966048385 7
    endloop
  endfacet
  facet normal 0.9415440651830289 0.3368898533921974 0
    outer loop
      vertex 78.91082100719663 26.490854031763387 2
      vertex 78.81163859753387 26.76805029709527 2
      vertex 78.91082100719663 26.490854031763387 7
    endloop
  endfacet
  facet normal 0.8032075314806507 0.5956993044924255 1.874035166988334e-18
    outer loop
      vertex 78.35903136008822 27.523179852490937 2
      vertex 78.53440883690764 27.28671069905881 7
      vertex 78.53440883690764 27.28671069905881 2
    endloop
  endfacet
  facet normal 0.595699304492439 0.8032075314806407 0
    outer loop
      vertex 77.70671069905882 28.114408836907636 2
      vertex 77.70671069905882 28.114408836907636 7
      vertex 77.94317985249094 27.93903136008821 2
    endloop
  endfacet
  facet normal 0.7409511253549519 0.6715589548470264 -1.0941725926699885e-18
    outer loop
      vertex 78.16132034355965 27.741320343559643 2
      vertex 78.35903136008822 27.523179852490937 7
      vertex 78.35903136008822 27.523179852490937 2
    endloop
  endfacet
  facet normal 0.6715589548470138 0.7409511253549632 1.0736732475364759e-18
    outer loop
      vertex 78.16132034355965 27.741320343559643 2
      vertex 77.94317985249094 27.93903136008821 2
      vertex 77.94317985249094 27.93903136008821 7
    endloop
  endfacet
  facet normal 0.9039892931234337 0.42755509343030246 1.3692566834689876e-18
    outer loop
      vertex 78.68576379304507 27.034190210477995 2
      vertex 78.81163859753387 26.76805029709527 7
      vertex 78.81163859753387 26.76805029709527 2
    endloop
  endfacet
  facet normal 0.8577286100002789 0.5141027441932103 0
    outer loop
      vertex 78.68576379304507 27.034190210477995 2
      vertex 78.53440883690764 27.28671069905881 2
      vertex 78.68576379304507 27.034190210477995 7
    endloop
  endfacet
  facet normal -0.24298017990326343 0.9700312531945441 0
    outer loop
      vertex 75.16914596823662 28.49082100719663 2
      vertex 75.16914596823662 28.49082100719663 7
      vertex 75.45472903395162 28.562355841209694 2
    endloop
  endfacet
  facet normal -0.14673047445534937 0.9891765099647829 0
    outer loop
      vertex 75.45472903395162 28.562355841209694 2
      vertex 75.45472903395162 28.562355841209694 7
      vertex 75.74594857901133 28.60555418001659 2
    endloop
  endfacet
  facet normal -0.049067674327424655 0.998795456205172 0
    outer loop
      vertex 75.74594857901133 28.60555418001659 2
      vertex 75.74594857901133 28.60555418001659 7
      vertex 76.04 28.62 2
    endloop
  endfacet
  facet normal 0.049067674327424655 0.998795456205172 0
    outer loop
      vertex 76.04 28.62 2
      vertex 76.04 28.62 7
      vertex 76.33405142098869 28.60555418001659 2
    endloop
  endfacet
  facet normal 0.14673047445534937 0.9891765099647829 0
    outer loop
      vertex 76.33405142098869 28.60555418001659 2
      vertex 76.33405142098869 28.60555418001659 7
      vertex 76.62527096604839 28.562355841209694 2
    endloop
  endfacet
  facet normal 0.24298017990326343 0.9700312531945441 0
    outer loop
      vertex 76.62527096604839 28.562355841209694 2
      vertex 76.62527096604839 28.562355841209694 7
      vertex 76.91085403176339 28.49082100719663 2
    endloop
  endfacet
  facet normal 0.3368898533922226 0.9415440651830198 -8.806317594405358e-19
    outer loop
      vertex 77.18805029709527 28.391638597533863 2
      vertex 76.91085403176339 28.49082100719663 2
      vertex 76.91085403176339 28.49082100719663 7
    endloop
  endfacet
  facet normal 0.4275550934302734 0.9039892931234474 0
    outer loop
      vertex 77.18805029709527 28.391638597533863 2
      vertex 77.18805029709527 28.391638597533863 7
      vertex 77.454190210478 28.265763793045068 2
    endloop
  endfacet
  facet normal 0.5141027441932281 0.8577286100002683 1.5576918164198865e-18
    outer loop
      vertex 77.70671069905882 28.114408836907636 2
      vertex 77.454190210478 28.265763793045068 2
      vertex 77.454190210478 28.265763793045068 7
    endloop
  endfacet
  facet normal -0.24298017990326343 -0.9700312531945441 0
    outer loop
      vertex 75.16914596823662 22.749178992803373 2
      vertex 75.45472903395162 22.677644158790308 7
      vertex 75.16914596823662 22.749178992803373 7
    endloop
  endfacet
  facet normal -0.14673047445534937 -0.9891765099647829 0
    outer loop
      vertex 75.45472903395162 22.677644158790308 2
      vertex 75.74594857901133 22.634445819983412 7
      vertex 75.45472903395162 22.677644158790308 7
    endloop
  endfacet
  facet normal -0.049067674327424655 -0.998795456205172 0
    outer loop
      vertex 75.74594857901133 22.634445819983412 2
      vertex 76.04 22.62 7
      vertex 75.74594857901133 22.634445819983412 7
    endloop
  endfacet
  facet normal 0.049067674327424655 -0.998795456205172 0
    outer loop
      vertex 76.04 22.62 2
      vertex 76.33405142098869 22.634445819983412 7
      vertex 76.04 22.62 7
    endloop
  endfacet
  facet normal 0.14673047445534937 -0.9891765099647829 0
    outer loop
      vertex 76.33405142098869 22.634445819983412 2
      vertex 76.62527096604839 22.677644158790308 7
      vertex 76.33405142098869 22.634445819983412 7
    endloop
  endfacet
  facet normal 0.24298017990326343 -0.9700312531945441 0
    outer loop
      vertex 76.62527096604839 22.677644158790308 2
      vertex 76.91085403176339 22.749178992803373 7
      vertex 76.62527096604839 22.677644158790308 7
    endloop
  endfacet
  facet normal 0.3368898533922226 -0.9415440651830198 0
    outer loop
      vertex 76.91085403176339 22.749178992803373 2
      vertex 77.18805029709527 22.84836140246614 7
      vertex 76.91085403176339 22.749178992803373 7
    endloop
  endfacet
  facet normal 0.4275550934302734 -0.9039892931234474 0
    outer loop
      vertex 77.18805029709527 22.84836140246614 2
      vertex 77.454190210478 22.974236206954934 7
      vertex 77.18805029709527 22.84836140246614 7
    endloop
  endfacet
  facet normal 0.5141027441932281 -0.8577286100002683 0
    outer loop
      vertex 77.454190210478 22.974236206954934 2
      vertex 77.70671069905882 23.125591163092366 7
      vertex 77.454190210478 22.974236206954934 7
    endloop
  endfacet
  facet normal 0.595699304492439 -0.8032075314806407 0
    outer loop
      vertex 77.70671069905882 23.125591163092366 2
      vertex 77.94317985249094 23.30096863991179 7
      vertex 77.70671069905882 23.125591163092366 7
    endloop
  endfacet
  facet normal 0.6715589548470138 -0.7409511253549632 0
    outer loop
      vertex 77.94317985249094 23.30096863991179 2
      vertex 78.16132034355965 23.49867965644036 7
      vertex 77.94317985249094 23.30096863991179 7
    endloop
  endfacet
  facet normal 0.7409511253549519 -0.6715589548470264 0
    outer loop
      vertex 78.35903136008822 23.716820147509065 2
      vertex 78.35903136008822 23.716820147509065 7
      vertex 78.16132034355965 23.49867965644036 7
    endloop
  endfacet
  facet normal 0.8032075314806507 -0.5956993044924255 0
    outer loop
      vertex 78.53440883690764 23.953289300941194 2
      vertex 78.53440883690764 23.953289300941194 7
      vertex 78.35903136008822 23.716820147509065 7
    endloop
  endfacet
  facet normal 0.8577286100002789 -0.5141027441932103 0
    outer loop
      vertex 78.68576379304507 24.205809789522007 2
      vertex 78.68576379304507 24.205809789522007 7
      vertex 78.53440883690764 23.953289300941194 7
    endloop
  endfacet
  facet normal 0.9039892931234337 -0.42755509343030246 0
    outer loop
      vertex 78.81163859753387 24.47194970290473 2
      vertex 78.81163859753387 24.47194970290473 7
      vertex 78.68576379304507 24.205809789522007 7
    endloop
  endfacet
  facet normal 0.9415440651830289 -0.3368898533921974 0
    outer loop
      vertex 78.91082100719663 24.749145968236615 2
      vertex 78.91082100719663 24.749145968236615 7
      vertex 78.81163859753387 24.47194970290473 7
    endloop
  endfacet
  facet normal 0.9700312531945441 -0.24298017990326343 0
    outer loop
      vertex 78.9823558412097 25.034729033951617 2
      vertex 78.9823558412097 25.034729033951617 7
      vertex 78.91082100719663 24.749145968236615 7
    endloop
  endfacet
  facet normal 0.989176509964779 -0.1467304744553747 0
    outer loop
      vertex 79.0255541800166 25.325948579011317 2
      vertex 79.0255541800166 25.325948579011317 7
      vertex 78.9823558412097 25.034729033951617 7
    endloop
  endfacet
  facet normal 0.9987954562051727 -0.049067674327412034 0
    outer loop
      vertex 79.04 25.62 2
      vertex 79.04 25.62 7
      vertex 79.0255541800166 25.325948579011317 7
    endloop
  endfacet
  facet normal 0.9987954562051727 0.049067674327412034 0
    outer loop
      vertex 79.0255541800166 25.914051420988685 2
      vertex 79.0255541800166 25.914051420988685 7
      vertex 79.04 25.62 7
    endloop
  endfacet
  facet normal 0.989176509964779 0.1467304744553747 0
    outer loop
      vertex 78.9823558412097 26.205270966048385 2
      vertex 78.9823558412097 26.205270966048385 7
      vertex 79.0255541800166 25.914051420988685 7
    endloop
  endfacet
  facet normal 0.9700312531945441 0.24298017990326343 0
    outer loop
      vertex 78.91082100719663 26.490854031763387 2
      vertex 78.91082100719663 26.490854031763387 7
      vertex 78.9823558412097 26.205270966048385 7
    endloop
  endfacet
  facet normal 0.9415440651830289 0.3368898533921974 0
    outer loop
      vertex 78.81163859753387 26.76805029709527 2
      vertex 78.81163859753387 26.76805029709527 7
      vertex 78.91082100719663 26.490854031763387 7
    endloop
  endfacet
  facet normal 0.595699304492439 0.8032075314806407 0
    outer loop
      vertex 77.94317985249094 27.93903136008821 2
      vertex 77.70671069905882 28.114408836907636 7
      vertex 77.94317985249094 27.93903136008821 7
    endloop
  endfacet
  facet normal 0.8032075314806507 0.5956993044924255 0
    outer loop
      vertex 78.35903136008822 27.523179852490937 2
      vertex 78.35903136008822 27.523179852490937 7
      vertex 78.53440883690764 27.28671069905881 7
    endloop
  endfacet
  facet normal 0.7409511253549519 0.6715589548470264 0
    outer loop
      vertex 78.16132034355965 27.741320343559643 2
      vertex 78.16132034355965 27.741320343559643 7
      vertex 78.35903136008822 27.523179852490937 7
    endloop
  endfacet
  facet normal 0.6715589548470138 0.7409511253549632 0
    outer loop
      vertex 78.16132034355965 27.741320343559643 2
      vertex 77.94317985249094 27.93903136008821 7
      vertex 78.16132034355965 27.741320343559643 7
    endloop
  endfacet
  facet normal 0.9039892931234337 0.42755509343030246 0
    outer loop
      vertex 78.68576379304507 27.034190210477995 2
      vertex 78.68576379304507 27.034190210477995 7
      vertex 78.81163859753387 26.76805029709527 7
    endloop
  endfacet
  facet normal 0.8577286100002789 0.5141027441932103 0
    outer loop
      vertex 78.53440883690764 27.28671069905881 2
      vertex 78.53440883690764 27.28671069905881 7
      vertex 78.68576379304507 27.034190210477995 7
    endloop
  endfacet
  facet normal 0 0 1
    outer loop
      vertex 74.89194970290474 22.84836140246614 7
      vertex 75.16914596823662 22.749178992803373 7
      vertex 75.00066298462183 24.925537208725498 7
    endloop
  endfacet
  facet normal 0 0 1
    outer loop
      vertex 75.16914596823662 22.749178992803373 7
      vertex 75.45472903395162 22.677644158790308 7
      vertex 75.3455372087255 24.58066298462182 7
    endloop
  endfacet
  facet normal 0 0 1
    outer loop
      vertex 75.45472903395162 22.677644158790308 7
      vertex 75.56164570954364 24.46515058436089 7
      vertex 75.4507540789675 24.517598419564557 7
    endloop
  endfacet
  facet normal 0 0 1
    outer loop
      vertex 75.45472903395162 22.677644158790308 7
      vertex 75.74594857901133 22.634445819983412 7
      vertex 75.56164570954364 24.46515058436089 7
    endloop
  endfacet
  facet normal 0 0 1
    outer loop
      vertex 75.74594857901133 22.634445819983412 7
      vertex 76.04 22.62 7
      vertex 75.91747857458806 24.376019091659757 7
    endloop
  endfacet
  facet normal 0 0 1
    outer loop
      vertex 75.74594857901133 22.634445819983412 7
      vertex 75.67714415343193 24.42382458033474 7
      vertex 75.56164570954364 24.46515058436089 7
    endloop
  endfacet
  facet normal 0 0 1
    outer loop
      vertex 75.74594857901133 22.634445819983412 7
      vertex 75.79613709747984 24.394018399495963 7
      vertex 75.67714415343193 24.42382458033474 7
    endloop
  endfacet
  facet normal 0 0 1
    outer loop
      vertex 75.74594857901133 22.634445819983412 7
      vertex 75.91747857458806 24.376019091659757 7
      vertex 75.79613709747984 24.394018399495963 7
    endloop
  endfacet
  facet normal 0 0 1
    outer loop
      vertex 76.04 22.62 7
      vertex 76.04 24.37 7
      vertex 75.91747857458806 24.376019091659757 7
    endloop
  endfacet
  facet normal 0 0 1
    outer loop
      vertex 76.04 22.62 7
      vertex 76.16252142541195 24.376019091659757 7
      vertex 76.04 24.37 7
    endloop
  endfacet
  facet normal 0 0 1
    outer loop
      vertex 76.04 22.62 7
      vertex 76.33405142098869 22.634445819983412 7
      vertex 76.16252142541195 24.376019091659757 7
    endloop
  endfacet
  facet normal 0 0 1
    outer loop
      vertex 76.33405142098869 22.634445819983412 7
      vertex 76.62527096604839 22.677644158790308 7
      vertex 76.28386290252017 24.394018399495963 7
    endloop
  endfacet
  facet normal 0 0 1
    outer loop
      vertex 76.62527096604839 22.677644158790308 7
      vertex 76.91085403176339 22.749178992803373 7
      vertex 76.51835429045637 24.46515058436089 7
    endloop
  endfacet
  facet normal 0 0 1
    outer loop
      vertex 76.33405142098869 22.634445819983412 7
      vertex 76.28386290252017 24.394018399495963 7
      vertex 76.16252142541195 24.376019091659757 7
    endloop
  endfacet
  facet normal 0 0 1
    outer loop
      vertex 76.62527096604839 22.677644158790308 7
      vertex 76.40285584656809 24.42382458033474 7
      vertex 76.28386290252017 24.394018399495963 7
    endloop
  endfacet
  facet normal 0 0 1
    outer loop
      vertex 76.62527096604839 22.677644158790308 7
      vertex 76.51835429045637 24.46515058436089 7
      vertex 76.40285584656809 24.42382458033474 7
    endloop
  endfacet
  facet normal 0 0 1
    outer loop
      vertex 76.91085403176339 22.749178992803373 7
      vertex 77.18805029709527 22.84836140246614 7
      vertex 76.83299160520457 24.653736933296578 7
    endloop
  endfacet
  facet normal 0 0 1
    outer loop
      vertex 77.18805029709527 22.84836140246614 7
      vertex 77.454190210478 22.974236206954934 7
      vertex 77.14240158043545 25.030754078967504 7
    endloop
  endfacet
  facet normal 0 0 1
    outer loop
      vertex 75.16914596823662 22.749178992803373 7
      vertex 75.3455372087255 24.58066298462182 7
      vertex 75.24700839479544 24.653736933296578 7
    endloop
  endfacet
  facet normal 0 0 1
    outer loop
      vertex 75.16914596823662 22.749178992803373 7
      vertex 75.24700839479544 24.653736933296578 7
      vertex 75.15611652351683 24.736116523516817 7
    endloop
  endfacet
  facet normal 0 0 1
    outer loop
      vertex 75.16914596823662 22.749178992803373 7
      vertex 75.15611652351683 24.736116523516817 7
      vertex 75.07373693329659 24.827008394795445 7
    endloop
  endfacet
  facet normal 0 0 1
    outer loop
      vertex 75.16914596823662 22.749178992803373 7
      vertex 75.07373693329659 24.827008394795445 7
      vertex 75.00066298462183 24.925537208725498 7
    endloop
  endfacet
  facet normal 0 0 1
    outer loop
      vertex 75.45472903395162 22.677644158790308 7
      vertex 75.4507540789675 24.517598419564557 7
      vertex 75.3455372087255 24.58066298462182 7
    endloop
  endfacet
  facet normal 0 0 1
    outer loop
      vertex 76.91085403176339 22.749178992803373 7
      vertex 76.6292459210325 24.517598419564557 7
      vertex 76.51835429045637 24.46515058436089 7
    endloop
  endfacet
  facet normal 0 0 1
    outer loop
      vertex 76.91085403176339 22.749178992803373 7
      vertex 76.73446279127451 24.58066298462182 7
      vertex 76.6292459210325 24.517598419564557 7
    endloop
  endfacet
  facet normal 0 0 1
    outer loop
      vertex 76.91085403176339 22.749178992803373 7
      vertex 76.83299160520457 24.653736933296578 7
      vertex 76.73446279127451 24.58066298462182 7
    endloop
  endfacet
  facet normal 0 0 1
    outer loop
      vertex 77.18805029709527 22.84836140246614 7
      vertex 76.92388347648318 24.736116523516817 7
      vertex 76.83299160520457 24.653736933296578 7
    endloop
  endfacet
  facet normal 0 0 1
    outer loop
      vertex 77.18805029709527 22.84836140246614 7
      vertex 77.00626306670343 24.827008394795445 7
      vertex 76.92388347648318 24.736116523516817 7
    endloop
  endfacet
  facet normal 0 0 1
    outer loop
      vertex 77.18805029709527 22.84836140246614 7
      vertex 77.07933701537819 24.925537208725498 7
      vertex 77.00626306670343 24.827008394795445 7
    endloop
  endfacet
  facet normal 0 0 1
    outer loop
      vertex 77.18805029709527 22.84836140246614 7
      vertex 77.14240158043545 25.030754078967504 7
      vertex 77.07933701537819 24.925537208725498 7
    endloop
  endfacet
  facet normal 0 0 1
    outer loop
      vertex 77.14240158043545 25.030754078967504 7
      vertex 77.454190210478 22.974236206954934 7
      vertex 77.19484941563911 25.14164570954364 7
    endloop
  endfacet
  facet normal 0 0 1
    outer loop
      vertex 77.19484941563911 25.14164570954364 7
      vertex 77.454190210478 22.974236206954934 7
      vertex 77.23617541966527 25.257144153431923 7
    endloop
  endfacet
  facet normal 0 0 1
    outer loop
      vertex 77.23617541966527 25.257144153431923 7
      vertex 77.454190210478 22.974236206954934 7
      vertex 77.26598160050405 25.37613709747984 7
    endloop
  endfacet
  facet normal 0 0 1
    outer loop
      vertex 77.454190210478 22.974236206954934 7
      vertex 77.28398090834025 25.49747857458805 7
      vertex 77.26598160050405 25.37613709747984 7
    endloop
  endfacet
  facet normal 0 0 1
    outer loop
      vertex 77.454190210478 22.974236206954934 7
      vertex 77.29 25.62 7
      vertex 77.28398090834025 25.49747857458805 7
    endloop
  endfacet
  facet normal 0 0 1
    outer loop
      vertex 77.454190210478 22.974236206954934 7
      vertex 77.70671069905882 23.125591163092366 7
      vertex 77.454190210478 28.265763793045068 7
    endloop
  endfacet
  facet normal 0 0 1
    outer loop
      vertex 77.70671069905882 23.125591163092366 7
      vertex 77.94317985249094 23.30096863991179 7
      vertex 77.70671069905882 28.114408836907636 7
    endloop
  endfacet
  facet normal 0 0 1
    outer loop
      vertex 77.94317985249094 23.30096863991179 7
      vertex 78.16132034355965 23.49867965644036 7
      vertex 77.94317985249094 27.93903136008821 7
    endloop
  endfacet
  facet normal 0 0 1
    outer loop
      vertex 78.16132034355965 23.49867965644036 7
      vertex 78.35903136008822 23.716820147509065 7
      vertex 78.16132034355965 27.741320343559643 7
    endloop
  endfacet
  facet normal 0 0 1
    outer loop
      vertex 78.35903136008822 23.716820147509065 7
      vertex 78.53440883690764 23.953289300941194 7
      vertex 78.35903136008822 27.523179852490937 7
    endloop
  endfacet
  facet normal 0 0 1
    outer loop
      vertex 78.53440883690764 23.953289300941194 7
      vertex 78.68576379304507 24.205809789522007 7
      vertex 78.53440883690764 27.28671069905881 7
    endloop
  endfacet
  facet normal 0 0 1
    outer loop
      vertex 78.68576379304507 24.205809789522007 7
      vertex 78.81163859753387 24.47194970290473 7
      vertex 78.68576379304507 27.034190210477995 7
    endloop
  endfacet
  facet normal 0 0 1
    outer loop
      vertex 77.454190210478 22.974236206954934 7
      vertex 77.18805029709527 28.391638597533863 7
      vertex 77.29 25.62 7
    endloop
  endfacet
  facet normal 0 0 1
    outer loop
      vertex 77.29 25.62 7
      vertex 77.18805029709527 28.391638597533863 7
      vertex 77.28398090834025 25.74252142541195 7
    endloop
  endfacet
  facet normal 0 0 1
    outer loop
      vertex 77.28398090834025 25.74252142541195 7
      vertex 77.18805029709527 28.391638597533863 7
      vertex 77.26598160050405 25.86386290252016 7
    endloop
  endfacet
  facet normal 0 0 1
    outer loop
      vertex 74.89194970290474 28.391638597533863 7
      vertex 75.07373693329659 26.412991605204557 7
      vertex 75.15611652351683 26.503883476483185 7
    endloop
  endfacet
  facet normal 0 0 1
    outer loop
      vertex 74.89194970290474 28.391638597533863 7
      vertex 75.15611652351683 26.503883476483185 7
      vertex 75.24700839479544 26.586263066703424 7
    endloop
  endfacet
  facet normal 0 0 1
    outer loop
      vertex 75.24700839479544 26.586263066703424 7
      vertex 75.3455372087255 26.65933701537818 7
      vertex 75.16914596823662 28.49082100719663 7
    endloop
  endfacet
  facet normal 0 0 1
    outer loop
      vertex 75.3455372087255 26.65933701537818 7
      vertex 75.4507540789675 26.722401580435445 7
      vertex 75.16914596823662 28.49082100719663 7
    endloop
  endfacet
  facet normal 0 0 1
    outer loop
      vertex 75.4507540789675 26.722401580435445 7
      vertex 75.56164570954364 26.77484941563911 7
      vertex 75.16914596823662 28.49082100719663 7
    endloop
  endfacet
  facet normal 0 0 1
    outer loop
      vertex 75.56164570954364 26.77484941563911 7
      vertex 75.67714415343193 26.816175419665264 7
      vertex 75.45472903395162 28.562355841209694 7
    endloop
  endfacet
  facet normal 0 0 1
    outer loop
      vertex 75.67714415343193 26.816175419665264 7
      vertex 75.79613709747984 26.84598160050404 7
      vertex 75.45472903395162 28.562355841209694 7
    endloop
  endfacet
  facet normal 0 0 1
    outer loop
      vertex 74.89194970290474 28.391638597533863 7
      vertex 75.24700839479544 26.586263066703424 7
      vertex 75.16914596823662 28.49082100719663 7
    endloop
  endfacet
  facet normal 0 0 1
    outer loop
      vertex 75.56164570954364 26.77484941563911 7
      vertex 75.45472903395162 28.562355841209694 7
      vertex 75.16914596823662 28.49082100719663 7
    endloop
  endfacet
  facet normal 0 0 1
    outer loop
      vertex 75.79613709747984 26.84598160050404 7
      vertex 75.91747857458806 26.863980908340245 7
      vertex 75.74594857901133 28.60555418001659 7
    endloop
  endfacet
  facet normal 0 0 1
    outer loop
      vertex 75.91747857458806 26.863980908340245 7
      vertex 76.04 26.87 7
      vertex 76.04 28.62 7
    endloop
  endfacet
  facet normal 0 0 1
    outer loop
      vertex 76.04 26.87 7
      vertex 76.16252142541195 26.863980908340245 7
      vertex 76.04 28.62 7
    endloop
  endfacet
  facet normal 0 0 1
    outer loop
      vertex 75.79613709747984 26.84598160050404 7
      vertex 75.74594857901133 28.60555418001659 7
      vertex 75.45472903395162 28.562355841209694 7
    endloop
  endfacet
  facet normal 0 0 1
    outer loop
      vertex 75.91747857458806 26.863980908340245 7
      vertex 76.04 28.62 7
      vertex 75.74594857901133 28.60555418001659 7
    endloop
  endfacet
  facet normal 0 0 1
    outer loop
      vertex 76.40285584656809 26.816175419665264 7
      vertex 76.51835429045637 26.77484941563911 7
      vertex 76.33405142098869 28.60555418001659 7
    endloop
  endfacet
  facet normal 0 0 1
    outer loop
      vertex 76.51835429045637 26.77484941563911 7
      vertex 76.6292459210325 26.722401580435445 7
      vertex 76.62527096604839 28.562355841209694 7
    endloop
  endfacet
  facet normal 0 0 1
    outer loop
      vertex 76.73446279127451 26.65933701537818 7
      vertex 76.62527096604839 28.562355841209694 7
      vertex 76.6292459210325 26.722401580435445 7
    endloop
  endfacet
  facet normal 0 0 1
    outer loop
      vertex 77.26598160050405 25.86386290252016 7
      vertex 77.18805029709527 28.391638597533863 7
      vertex 77.23617541966527 25.98285584656808 7
    endloop
  endfacet
  facet normal 0 0 1
    outer loop
      vertex 77.23617541966527 25.98285584656808 7
      vertex 77.18805029709527 28.391638597533863 7
      vertex 77.19484941563911 26.098354290456363 7
    endloop
  endfacet
  facet normal 0 0 1
    outer loop
      vertex 77.19484941563911 26.098354290456363 7
      vertex 77.18805029709527 28.391638597533863 7
      vertex 77.14240158043545 26.209245921032498 7
    endloop
  endfacet
  facet normal 0 0 1
    outer loop
      vertex 77.14240158043545 26.209245921032498 7
      vertex 77.18805029709527 28.391638597533863 7
      vertex 77.07933701537819 26.314462791274504 7
    endloop
  endfacet
  facet normal 0 0 1
    outer loop
      vertex 76.73446279127451 26.65933701537818 7
      vertex 76.83299160520457 26.586263066703424 7
      vertex 76.91085403176339 28.49082100719663 7
    endloop
  endfacet
  facet normal 0 0 1
    outer loop
      vertex 76.92388347648318 26.503883476483185 7
      vertex 76.91085403176339 28.49082100719663 7
      vertex 76.83299160520457 26.586263066703424 7
    endloop
  endfacet
  facet normal 0 0 1
    outer loop
      vertex 77.07933701537819 26.314462791274504 7
      vertex 76.91085403176339 28.49082100719663 7
      vertex 77.00626306670343 26.412991605204557 7
    endloop
  endfacet
  facet normal 0 0 1
    outer loop
      vertex 77.00626306670343 26.412991605204557 7
      vertex 76.91085403176339 28.49082100719663 7
      vertex 76.92388347648318 26.503883476483185 7
    endloop
  endfacet
  facet normal 0 0 1
    outer loop
      vertex 76.16252142541195 26.863980908340245 7
      vertex 76.28386290252017 26.84598160050404 7
      vertex 76.33405142098869 28.60555418001659 7
    endloop
  endfacet
  facet normal 0 0 1
    outer loop
      vertex 76.28386290252017 26.84598160050404 7
      vertex 76.40285584656809 26.816175419665264 7
      vertex 76.33405142098869 28.60555418001659 7
    endloop
  endfacet
  facet normal 0 0 1
    outer loop
      vertex 76.16252142541195 26.863980908340245 7
      vertex 76.33405142098869 28.60555418001659 7
      vertex 76.04 28.62 7
    endloop
  endfacet
  facet normal 0 0 1
    outer loop
      vertex 76.73446279127451 26.65933701537818 7
      vertex 76.91085403176339 28.49082100719663 7
      vertex 76.62527096604839 28.562355841209694 7
    endloop
  endfacet
  facet normal 0 0 1
    outer loop
      vertex 76.51835429045637 26.77484941563911 7
      vertex 76.62527096604839 28.562355841209694 7
      vertex 76.33405142098869 28.60555418001659 7
    endloop
  endfacet
  facet normal 0 0 1
    outer loop
      vertex 77.07933701537819 26.314462791274504 7
      vertex 77.18805029709527 28.391638597533863 7
      vertex 76.91085403176339 28.49082100719663 7
    endloop
  endfacet
  facet normal 0 0 1
    outer loop
      vertex 77.70671069905882 23.125591163092366 7
      vertex 77.70671069905882 28.114408836907636 7
      vertex 77.454190210478 28.265763793045068 7
    endloop
  endfacet
  facet normal 0 0 1
    outer loop
      vertex 77.454190210478 22.974236206954934 7
      vertex 77.454190210478 28.265763793045068 7
      vertex 77.18805029709527 28.391638597533863 7
    endloop
  endfacet
  facet normal 0 0 1
    outer loop
      vertex 77.94317985249094 23.30096863991179 7
      vertex 77.94317985249094 27.93903136008821 7
      vertex 77.70671069905882 28.114408836907636 7
    endloop
  endfacet
  facet normal 0 0 1
    outer loop
      vertex 78.35903136008822 23.716820147509065 7
      vertex 78.35903136008822 27.523179852490937 7
      vertex 78.16132034355965 27.741320343559643 7
    endloop
  endfacet
  facet normal 0 0 1
    outer loop
      vertex 78.53440883690764 23.953289300941194 7
      vertex 78.53440883690764 27.28671069905881 7
      vertex 78.35903136008822 27.523179852490937 7
    endloop
  endfacet
  facet normal 0 0 1
    outer loop
      vertex 78.16132034355965 23.49867965644036 7
      vertex 78.16132034355965 27.741320343559643 7
      vertex 77.94317985249094 27.93903136008821 7
    endloop
  endfacet
  facet normal 0 0 1
    outer loop
      vertex 78.81163859753387 24.47194970290473 7
      vertex 78.91082100719663 24.749145968236615 7
      vertex 78.81163859753387 26.76805029709527 7
    endloop
  endfacet
  facet normal 0 0 1
    outer loop
      vertex 78.91082100719663 24.749145968236615 7
      vertex 78.9823558412097 25.034729033951617 7
      vertex 78.91082100719663 26.490854031763387 7
    endloop
  endfacet
  facet normal 0 0 1
    outer loop
      vertex 78.9823558412097 25.034729033951617 7
      vertex 79.0255541800166 25.325948579011317 7
      vertex 78.9823558412097 26.205270966048385 7
    endloop
  endfacet
  facet normal 0 0 1
    outer loop
      vertex 79.0255541800166 25.325948579011317 7
      vertex 79.04 25.62 7
      vertex 79.0255541800166 25.914051420988685 7
    endloop
  endfacet
  facet normal 0 0 1
    outer loop
      vertex 79.0255541800166 25.325948579011317 7
      vertex 79.0255541800166 25.914051420988685 7
      vertex 78.9823558412097 26.205270966048385 7
    endloop
  endfacet
  facet normal 0 0 1
    outer loop
      vertex 78.91082100719663 24.749145968236615 7
      vertex 78.91082100719663 26.490854031763387 7
      vertex 78.81163859753387 26.76805029709527 7
    endloop
  endfacet
  facet normal 0 0 1
    outer loop
      vertex 78.9823558412097 25.034729033951617 7
      vertex 78.9823558412097 26.205270966048385 7
      vertex 78.91082100719663 26.490854031763387 7
    endloop
  endfacet
  facet normal 0 0 1
    outer loop
      vertex 78.68576379304507 24.205809789522007 7
      vertex 78.68576379304507 27.034190210477995 7
      vertex 78.53440883690764 27.28671069905881 7
    endloop
  endfacet
  facet normal 0 0 1
    outer loop
      vertex 78.81163859753387 24.47194970290473 7
      vertex 78.81163859753387 26.76805029709527 7
      vertex 78.68576379304507 27.034190210477995 7
    endloop
  endfacet
  facet normal -0.3368898533922226 0.9415440651830198 8.806317594405358e-19
    outer loop
      vertex 74.89194970290474 28.391638597533863 7
      vertex 75.16914596823662 28.49082100719663 7
      vertex 75.16914596823662 28.49082100719663 2
    endloop
  endfacet
  facet normal -0.24298017990326343 0.9700312531945441 0
    outer loop
      vertex 75.45472903395162 28.562355841209694 2
      vertex 75.16914596823662 28.49082100719663 7
      vertex 75.45472903395162 28.562355841209694 7
    endloop
  endfacet
  facet normal -0.14673047445534937 0.9891765099647829 0
    outer loop
      vertex 75.74594857901133 28.60555418001659 2
      vertex 75.45472903395162 28.562355841209694 7
      vertex 75.74594857901133 28.60555418001659 7
    endloop
  endfacet
  facet normal -0.049067674327424655 0.998795456205172 0
    outer loop
      vertex 76.04 28.62 2
      vertex 75.74594857901133 28.60555418001659 7
      vertex 76.04 28.62 7
    endloop
  endfacet
  facet normal 0.049067674327424655 0.998795456205172 0
    outer loop
      vertex 76.33405142098869 28.60555418001659 2
      vertex 76.04 28.62 7
      vertex 76.33405142098869 28.60555418001659 7
    endloop
  endfacet
  facet normal 0.14673047445534937 0.9891765099647829 0
    outer loop
      vertex 76.62527096604839 28.562355841209694 2
      vertex 76.33405142098869 28.60555418001659 7
      vertex 76.62527096604839 28.562355841209694 7
    endloop
  endfacet
  facet normal 0.3368898533922226 0.9415440651830198 0
    outer loop
      vertex 77.18805029709527 28.391638597533863 2
      vertex 76.91085403176339 28.49082100719663 7
      vertex 77.18805029709527 28.391638597533863 7
    endloop
  endfacet
  facet normal 0.24298017990326343 0.9700312531945441 0
    outer loop
      vertex 76.91085403176339 28.49082100719663 2
      vertex 76.62527096604839 28.562355841209694 7
      vertex 76.91085403176339 28.49082100719663 7
    endloop
  endfacet
  facet normal 0.5141027441932281 0.8577286100002683 0
    outer loop
      vertex 77.70671069905882 28.114408836907636 2
      vertex 77.454190210478 28.265763793045068 7
      vertex 77.70671069905882 28.114408836907636 7
    endloop
  endfacet
  facet normal 0.4275550934302734 0.9039892931234474 0
    outer loop
      vertex 77.454190210478 28.265763793045068 2
      vertex 77.18805029709527 28.391638597533863 7
      vertex 77.454190210478 28.265763793045068 7
    endloop
  endfacet
  facet normal -0.8032075314806449 -0.5956993044924334 0
    outer loop
      vertex 22.745591163092367 18.87328930094119 2
      vertex 22.92096863991179 18.636820147509063 2
      vertex 22.745591163092367 18.87328930094119 7
    endloop
  endfacet
  facet normal -0.7409511253549578 -0.6715589548470197 2.1486162370963295e-18
    outer loop
      vertex 23.11867965644036 18.418679656440357 2
      vertex 22.92096863991179 18.636820147509063 7
      vertex 22.92096863991179 18.636820147509063 2
    endloop
  endfacet
  facet normal -0.6715589548470197 -0.7409511253549578 0
    outer loop
      vertex 23.336820147509066 18.22096863991179 2
      vertex 23.336820147509066 18.22096863991179 7
      vertex 23.11867965644036 18.418679656440357 2
    endloop
  endfacet
  facet normal -0.9039892931234478 -0.4275550934302729 3.836285218188426e-19
    outer loop
      vertex 22.594236206954935 19.125809789522005 2
      vertex 22.468361402466144 19.39194970290473 7
      vertex 22.468361402466144 19.39194970290473 2
    endloop
  endfacet
  facet normal -0.8577286100002683 -0.5141027441932281 1.5576918164198865e-18
    outer loop
      vertex 22.745591163092367 18.87328930094119 2
      vertex 22.594236206954935 19.125809789522005 7
      vertex 22.594236206954935 19.125809789522005 2
    endloop
  endfacet
  facet normal -0.9415440651830211 -0.3368898533922187 1.498400088907963e-19
    outer loop
      vertex 22.468361402466144 19.39194970290473 2
      vertex 22.369178992803377 19.669145968236613 7
      vertex 22.369178992803377 19.669145968236613 2
    endloop
  endfacet
  facet normal -0.9987954562051727 -0.049067674327412034 -5.214942966695657e-20
    outer loop
      vertex 22.25444581998341 20.245948579011316 2
      vertex 22.240000000000002 20.54 7
      vertex 22.240000000000002 20.54 2
    endloop
  endfacet
  facet normal -0.9987954562051727 0.049067674327412034 5.214942966695657e-20
    outer loop
      vertex 22.240000000000002 20.54 2
      vertex 22.25444581998341 20.834051420988683 7
      vertex 22.25444581998341 20.834051420988683 2
    endloop
  endfacet
  facet normal -0.9700312531945441 -0.24298017990326343 5.904920773670925e-20
    outer loop
      vertex 22.369178992803377 19.669145968236613 2
      vertex 22.297644158790312 19.954729033951615 7
      vertex 22.297644158790312 19.954729033951615 2
    endloop
  endfacet
  facet normal -0.989176509964779 -0.1467304744553747 0
    outer loop
      vertex 22.25444581998341 20.245948579011316 2
      vertex 22.297644158790312 19.954729033951615 2
      vertex 22.25444581998341 20.245948579011316 7
    endloop
  endfacet
  facet normal -0.989176509964779 0.1467304744553747 3.4664664784230424e-19
    outer loop
      vertex 22.25444581998341 20.834051420988683 2
      vertex 22.297644158790312 21.125270966048383 7
      vertex 22.297644158790312 21.125270966048383 2
    endloop
  endfacet
  facet normal -0.9700312531945441 0.24298017990326343 -5.904920773670925e-20
    outer loop
      vertex 22.297644158790312 21.125270966048383 2
      vertex 22.369178992803377 21.410854031763385 7
      vertex 22.369178992803377 21.410854031763385 2
    endloop
  endfacet
  facet normal -0.9415440651830211 0.3368898533922187 -1.498400088907963e-19
    outer loop
      vertex 22.369178992803377 21.410854031763385 2
      vertex 22.468361402466144 21.68805029709527 7
      vertex 22.468361402466144 21.68805029709527 2
    endloop
  endfacet
  facet normal -0.9039892931234478 0.4275550934302729 -3.836285218188426e-19
    outer loop
      vertex 22.468361402466144 21.68805029709527 2
      vertex 22.594236206954935 21.954190210477993 7
      vertex 22.594236206954935 21.954190210477993 2
    endloop
  endfacet
  facet normal -0.8577286100002683 0.5141027441932281 -1.5576918164198865e-18
    outer loop
      vertex 22.594236206954935 21.954190210477993 2
      vertex 22.745591163092367 22.206710699058807 7
      vertex 22.745591163092367 22.206710699058807 2
    endloop
  endfacet
  facet normal -0.8032075314806449 0.5956993044924334 -1.5336660429219952e-18
    outer loop
      vertex 22.745591163092367 22.206710699058807 2
      vertex 22.92096863991179 22.443179852490935 7
      vertex 22.92096863991179 22.443179852490935 2
    endloop
  endfacet
  facet normal -0.4275550934302729 -0.9039892931234478 3.836285218188426e-19
    outer loop
      vertex 23.82580978952201 17.894236206954933 2
      vertex 24.09194970290473 17.76836140246614 2
      vertex 24.09194970290473 17.76836140246614 7
    endloop
  endfacet
  facet normal -0.5956993044924334 -0.8032075314806449 1.5336660429219952e-18
    outer loop
      vertex 23.336820147509066 18.22096863991179 2
      vertex 23.573289300941195 18.045591163092364 2
      vertex 23.573289300941195 18.045591163092364 7
    endloop
  endfacet
  facet normal -0.5141027441932281 -0.8577286100002683 0
    outer loop
      vertex 23.82580978952201 17.894236206954933 2
      vertex 23.82580978952201 17.894236206954933 7
      vertex 23.573289300941195 18.045591163092364 2
    endloop
  endfacet
  facet normal -0.3368898533922187 -0.9415440651830211 1.498400088907963e-19
    outer loop
      vertex 24.09194970290473 17.76836140246614 2
      vertex 24.369145968236616 17.669178992803374 2
      vertex 24.369145968236616 17.669178992803374 7
    endloop
  endfacet
  facet normal -0.24298017990326343 -0.9700312531945441 5.904920773670925e-20
    outer loop
      vertex 24.369145968236616 17.669178992803374 2
      vertex 24.654729033951618 17.59764415879031 2
      vertex 24.654729033951618 17.59764415879031 7
    endloop
  endfacet
  facet normal -0.1467304744553747 -0.989176509964779 0
    outer loop
      vertex 24.94594857901132 17.554445819983407 2
      vertex 24.94594857901132 17.554445819983407 7
      vertex 24.654729033951618 17.59764415879031 2
    endloop
  endfacet
  facet normal -0.049067674327412034 -0.9987954562051727 -5.214942966695657e-20
    outer loop
      vertex 24.94594857901132 17.554445819983407 2
      vertex 25.240000000000002 17.54 2
      vertex 25.240000000000002 17.54 7
    endloop
  endfacet
  facet normal 0.049067674327412034 -0.9987954562051727 5.214942966695657e-20
    outer loop
      vertex 25.240000000000002 17.54 2
      vertex 25.534051420988686 17.554445819983407 2
      vertex 25.534051420988686 17.554445819983407 7
    endloop
  endfacet
  facet normal 0.1467304744553747 -0.989176509964779 3.4664664784230424e-19
    outer loop
      vertex 25.534051420988686 17.554445819983407 2
      vertex 25.825270966048386 17.59764415879031 2
      vertex 25.825270966048386 17.59764415879031 7
    endloop
  endfacet
  facet normal 0.24298017990326343 -0.9700312531945441 -5.904920773670925e-20
    outer loop
      vertex 25.825270966048386 17.59764415879031 2
      vertex 26.110854031763388 17.669178992803374 2
      vertex 26.110854031763388 17.669178992803374 7
    endloop
  endfacet
  facet normal 0.3368898533922187 -0.9415440651830211 -1.498400088907963e-19
    outer loop
      vertex 26.110854031763388 17.669178992803374 2
      vertex 26.388050297095273 17.76836140246614 2
      vertex 26.388050297095273 17.76836140246614 7
    endloop
  endfacet
  facet normal 0.4275550934302729 -0.9039892931234478 -3.836285218188426e-19
    outer loop
      vertex 26.388050297095273 17.76836140246614 2
      vertex 26.654190210477996 17.894236206954933 2
      vertex 26.654190210477996 17.894236206954933 7
    endloop
  endfacet
  facet normal 0.5141027441932281 -0.8577286100002683 -1.5576918164198865e-18
    outer loop
      vertex 26.654190210477996 17.894236206954933 2
      vertex 26.90671069905881 18.045591163092364 2
      vertex 26.90671069905881 18.045591163092364 7
    endloop
  endfacet
  facet normal 0.5956993044924334 -0.8032075314806449 -1.5336660429219952e-18
    outer loop
      vertex 26.90671069905881 18.045591163092364 2
      vertex 27.14317985249094 18.22096863991179 2
      vertex 27.14317985249094 18.22096863991179 7
    endloop
  endfacet
  facet normal 0.6715589548470197 -0.7409511253549578 -2.1486162370963295e-18
    outer loop
      vertex 27.14317985249094 18.22096863991179 2
      vertex 27.361320343559644 18.418679656440357 2
      vertex 27.361320343559644 18.418679656440357 7
    endloop
  endfacet
  facet normal 0.7409511253549578 -0.6715589548470197 0
    outer loop
      vertex 27.361320343559644 18.418679656440357 2
      vertex 27.559031360088213 18.636820147509063 2
      vertex 27.361320343559644 18.418679656440357 7
    endloop
  endfacet
  facet normal 0.8032075314806449 -0.5956993044924334 0
    outer loop
      vertex 27.559031360088213 18.636820147509063 2
      vertex 27.734408836907637 18.87328930094119 2
      vertex 27.559031360088213 18.636820147509063 7
    endloop
  endfacet
  facet normal 0.8577286100002683 -0.5141027441932281 0
    outer loop
      vertex 27.734408836907637 18.87328930094119 2
      vertex 27.88576379304507 19.125809789522005 2
      vertex 27.734408836907637 18.87328930094119 7
    endloop
  endfacet
  facet normal 0.9039892931234478 -0.4275550934302729 0
    outer loop
      vertex 27.88576379304507 19.125809789522005 2
      vertex 28.01163859753386 19.39194970290473 2
      vertex 27.88576379304507 19.125809789522005 7
    endloop
  endfacet
  facet normal 0.9415440651830211 -0.3368898533922187 0
    outer loop
      vertex 28.01163859753386 19.39194970290473 2
      vertex 28.110821007196627 19.669145968236613 2
      vertex 28.01163859753386 19.39194970290473 7
    endloop
  endfacet
  facet normal 0.9415440651830211 0.3368898533922187 0
    outer loop
      vertex 28.110821007196627 21.410854031763385 2
      vertex 28.01163859753386 21.68805029709527 2
      vertex 28.110821007196627 21.410854031763385 7
    endloop
  endfacet
  facet normal 0.9039892931234478 0.4275550934302729 0
    outer loop
      vertex 28.01163859753386 21.68805029709527 2
      vertex 27.88576379304507 21.954190210477993 2
      vertex 28.01163859753386 21.68805029709527 7
    endloop
  endfacet
  facet normal 0.8577286100002683 0.5141027441932281 0
    outer loop
      vertex 27.88576379304507 21.954190210477993 2
      vertex 27.734408836907637 22.206710699058807 2
      vertex 27.88576379304507 21.954190210477993 7
    endloop
  endfacet
  facet normal 0.8032075314806449 0.5956993044924334 0
    outer loop
      vertex 27.734408836907637 22.206710699058807 2
      vertex 27.559031360088213 22.443179852490935 2
      vertex 27.734408836907637 22.206710699058807 7
    endloop
  endfacet
  facet normal 0.9700312531945441 -0.24298017990326343 0
    outer loop
      vertex 28.110821007196627 19.669145968236613 2
      vertex 28.18235584120969 19.954729033951615 2
      vertex 28.110821007196627 19.669145968236613 7
    endloop
  endfacet
  facet normal 0.989176509964779 -0.1467304744553747 0
    outer loop
      vertex 28.18235584120969 19.954729033951615 2
      vertex 28.225554180016594 20.245948579011316 2
      vertex 28.18235584120969 19.954729033951615 7
    endloop
  endfacet
  facet normal 0.9987954562051727 -0.049067674327412034 0
    outer loop
      vertex 28.225554180016594 20.245948579011316 2
      vertex 28.240000000000002 20.54 2
      vertex 28.225554180016594 20.245948579011316 7
    endloop
  endfacet
  facet normal 0.9987954562051727 0.049067674327412034 0
    outer loop
      vertex 28.240000000000002 20.54 2
      vertex 28.225554180016594 20.834051420988683 2
      vertex 28.240000000000002 20.54 7
    endloop
  endfacet
  facet normal 0.989176509964779 0.1467304744553747 0
    outer loop
      vertex 28.225554180016594 20.834051420988683 2
      vertex 28.18235584120969 21.125270966048383 2
      vertex 28.225554180016594 20.834051420988683 7
    endloop
  endfacet
  facet normal 0.9700312531945441 0.24298017990326343 5.904920773670925e-20
    outer loop
      vertex 28.110821007196627 21.410854031763385 2
      vertex 28.18235584120969 21.125270966048383 7
      vertex 28.18235584120969 21.125270966048383 2
    endloop
  endfacet
  facet normal -0.5956993044924334 -0.8032075314806449 0
    outer loop
      vertex 23.336820147509066 18.22096863991179 2
      vertex 23.573289300941195 18.045591163092364 7
      vertex 23.336820147509066 18.22096863991179 7
    endloop
  endfacet
  facet normal -0.8577286100002683 -0.5141027441932281 0
    outer loop
      vertex 22.745591163092367 18.87328930094119 2
      vertex 22.745591163092367 18.87328930094119 7
      vertex 22.594236206954935 19.125809789522005 7
    endloop
  endfacet
  facet normal -0.7409511253549578 -0.6715589548470197 0
    outer loop
      vertex 23.11867965644036 18.418679656440357 2
      vertex 23.11867965644036 18.418679656440357 7
      vertex 22.92096863991179 18.636820147509063 7
    endloop
  endfacet
  facet normal -0.6715589548470197 -0.7409511253549578 0
    outer loop
      vertex 23.11867965644036 18.418679656440357 2
      vertex 23.336820147509066 18.22096863991179 7
      vertex 23.11867965644036 18.418679656440357 7
    endloop
  endfacet
  facet normal -0.8032075314806449 -0.5956993044924334 0
    outer loop
      vertex 22.92096863991179 18.636820147509063 2
      vertex 22.92096863991179 18.636820147509063 7
      vertex 22.745591163092367 18.87328930094119 7
    endloop
  endfacet
  facet normal -0.9039892931234478 -0.4275550934302729 0
    outer loop
      vertex 22.594236206954935 19.125809789522005 2
      vertex 22.594236206954935 19.125809789522005 7
      vertex 22.468361402466144 19.39194970290473 7
    endloop
  endfacet
  facet normal -0.9415440651830211 -0.3368898533922187 0
    outer loop
      vertex 22.468361402466144 19.39194970290473 2
      vertex 22.468361402466144 19.39194970290473 7
      vertex 22.369178992803377 19.669145968236613 7
    endloop
  endfacet
  facet normal -0.9987954562051727 -0.049067674327412034 0
    outer loop
      vertex 22.25444581998341 20.245948579011316 2
      vertex 22.25444581998341 20.245948579011316 7
      vertex 22.240000000000002 20.54 7
    endloop
  endfacet
  facet normal -0.9987954562051727 0.049067674327412034 0
    outer loop
      vertex 22.240000000000002 20.54 2
      vertex 22.240000000000002 20.54 7
      vertex 22.25444581998341 20.834051420988683 7
    endloop
  endfacet
  facet normal -0.9700312531945441 -0.24298017990326343 0
    outer loop
      vertex 22.369178992803377 19.669145968236613 2
      vertex 22.369178992803377 19.669145968236613 7
      vertex 22.297644158790312 19.954729033951615 7
    endloop
  endfacet
  facet normal -0.989176509964779 -0.1467304744553747 0
    outer loop
      vertex 22.297644158790312 19.954729033951615 2
      vertex 22.297644158790312 19.954729033951615 7
      vertex 22.25444581998341 20.245948579011316 7
    endloop
  endfacet
  facet normal -0.989176509964779 0.1467304744553747 0
    outer loop
      vertex 22.25444581998341 20.834051420988683 2
      vertex 22.25444581998341 20.834051420988683 7
      vertex 22.297644158790312 21.125270966048383 7
    endloop
  endfacet
  facet normal -0.9700312531945441 0.24298017990326343 0
    outer loop
      vertex 22.297644158790312 21.125270966048383 2
      vertex 22.297644158790312 21.125270966048383 7
      vertex 22.369178992803377 21.410854031763385 7
    endloop
  endfacet
  facet normal -0.9415440651830211 0.3368898533922187 0
    outer loop
      vertex 22.369178992803377 21.410854031763385 2
      vertex 22.369178992803377 21.410854031763385 7
      vertex 22.468361402466144 21.68805029709527 7
    endloop
  endfacet
  facet normal -0.9039892931234478 0.4275550934302729 0
    outer loop
      vertex 22.468361402466144 21.68805029709527 2
      vertex 22.468361402466144 21.68805029709527 7
      vertex 22.594236206954935 21.954190210477993 7
    endloop
  endfacet
  facet normal -0.8577286100002683 0.5141027441932281 0
    outer loop
      vertex 22.594236206954935 21.954190210477993 2
      vertex 22.594236206954935 21.954190210477993 7
      vertex 22.745591163092367 22.206710699058807 7
    endloop
  endfacet
  facet normal -0.8032075314806449 0.5956993044924334 0
    outer loop
      vertex 22.745591163092367 22.206710699058807 2
      vertex 22.745591163092367 22.206710699058807 7
      vertex 22.92096863991179 22.443179852490935 7
    endloop
  endfacet
  facet normal -0.4275550934302729 -0.9039892931234478 0
    outer loop
      vertex 23.82580978952201 17.894236206954933 2
      vertex 24.09194970290473 17.76836140246614 7
      vertex 23.82580978952201 17.894236206954933 7
    endloop
  endfacet
  facet normal -0.5141027441932281 -0.8577286100002683 0
    outer loop
      vertex 23.573289300941195 18.045591163092364 2
      vertex 23.82580978952201 17.894236206954933 7
      vertex 23.573289300941195 18.045591163092364 7
    endloop
  endfacet
  facet normal -0.3368898533922187 -0.9415440651830211 0
    outer loop
      vertex 24.09194970290473 17.76836140246614 2
      vertex 24.369145968236616 17.669178992803374 7
      vertex 24.09194970290473 17.76836140246614 7
    endloop
  endfacet
  facet normal -0.24298017990326343 -0.9700312531945441 0
    outer loop
      vertex 24.369145968236616 17.669178992803374 2
      vertex 24.654729033951618 17.59764415879031 7
      vertex 24.369145968236616 17.669178992803374 7
    endloop
  endfacet
  facet normal -0.049067674327412034 -0.9987954562051727 0
    outer loop
      vertex 24.94594857901132 17.554445819983407 2
      vertex 25.240000000000002 17.54 7
      vertex 24.94594857901132 17.554445819983407 7
    endloop
  endfacet
  facet normal 0.049067674327412034 -0.9987954562051727 0
    outer loop
      vertex 25.240000000000002 17.54 2
      vertex 25.534051420988686 17.554445819983407 7
      vertex 25.240000000000002 17.54 7
    endloop
  endfacet
  facet normal 0.1467304744553747 -0.989176509964779 0
    outer loop
      vertex 25.534051420988686 17.554445819983407 2
      vertex 25.825270966048386 17.59764415879031 7
      vertex 25.534051420988686 17.554445819983407 7
    endloop
  endfacet
  facet normal -0.1467304744553747 -0.989176509964779 0
    outer loop
      vertex 24.654729033951618 17.59764415879031 2
      vertex 24.94594857901132 17.554445819983407 7
      vertex 24.654729033951618 17.59764415879031 7
    endloop
  endfacet
  facet normal 0.24298017990326343 -0.9700312531945441 0
    outer loop
      vertex 25.825270966048386 17.59764415879031 2
      vertex 26.110854031763388 17.669178992803374 7
      vertex 25.825270966048386 17.59764415879031 7
    endloop
  endfacet
  facet normal 0.3368898533922187 -0.9415440651830211 0
    outer loop
      vertex 26.110854031763388 17.669178992803374 2
      vertex 26.388050297095273 17.76836140246614 7
      vertex 26.110854031763388 17.669178992803374 7
    endloop
  endfacet
  facet normal 0.4275550934302729 -0.9039892931234478 0
    outer loop
      vertex 26.388050297095273 17.76836140246614 2
      vertex 26.654190210477996 17.894236206954933 7
      vertex 26.388050297095273 17.76836140246614 7
    endloop
  endfacet
  facet normal 0.5141027441932281 -0.8577286100002683 0
    outer loop
      vertex 26.654190210477996 17.894236206954933 2
      vertex 26.90671069905881 18.045591163092364 7
      vertex 26.654190210477996 17.894236206954933 7
    endloop
  endfacet
  facet normal 0.5956993044924334 -0.8032075314806449 0
    outer loop
      vertex 26.90671069905881 18.045591163092364 2
      vertex 27.14317985249094 18.22096863991179 7
      vertex 26.90671069905881 18.045591163092364 7
    endloop
  endfacet
  facet normal 0.6715589548470197 -0.7409511253549578 0
    outer loop
      vertex 27.14317985249094 18.22096863991179 2
      vertex 27.361320343559644 18.418679656440357 7
      vertex 27.14317985249094 18.22096863991179 7
    endloop
  endfacet
  facet normal 0.7409511253549578 -0.6715589548470197 0
    outer loop
      vertex 27.559031360088213 18.636820147509063 2
      vertex 27.559031360088213 18.636820147509063 7
      vertex 27.361320343559644 18.418679656440357 7
    endloop
  endfacet
  facet normal 0.8032075314806449 -0.5956993044924334 0
    outer loop
      vertex 27.734408836907637 18.87328930094119 2
      vertex 27.734408836907637 18.87328930094119 7
      vertex 27.559031360088213 18.636820147509063 7
    endloop
  endfacet
  facet normal 0.8577286100002683 -0.5141027441932281 0
    outer loop
      vertex 27.88576379304507 19.125809789522005 2
      vertex 27.88576379304507 19.125809789522005 7
      vertex 27.734408836907637 18.87328930094119 7
    endloop
  endfacet
  facet normal 0.9039892931234478 -0.4275550934302729 0
    outer loop
      vertex 28.01163859753386 19.39194970290473 2
      vertex 28.01163859753386 19.39194970290473 7
      vertex 27.88576379304507 19.125809789522005 7
    endloop
  endfacet
  facet normal 0.9415440651830211 -0.3368898533922187 0
    outer loop
      vertex 28.110821007196627 19.669145968236613 2
      vertex 28.110821007196627 19.669145968236613 7
      vertex 28.01163859753386 19.39194970290473 7
    endloop
  endfacet
  facet normal 0.9415440651830211 0.3368898533922187 0
    outer loop
      vertex 28.01163859753386 21.68805029709527 2
      vertex 28.01163859753386 21.68805029709527 7
      vertex 28.110821007196627 21.410854031763385 7
    endloop
  endfacet
  facet normal 0.8577286100002683 0.5141027441932281 0
    outer loop
      vertex 27.734408836907637 22.206710699058807 2
      vertex 27.734408836907637 22.206710699058807 7
      vertex 27.88576379304507 21.954190210477993 7
    endloop
  endfacet
  facet normal 0.9039892931234478 0.4275550934302729 0
    outer loop
      vertex 27.88576379304507 21.954190210477993 2
      vertex 27.88576379304507 21.954190210477993 7
      vertex 28.01163859753386 21.68805029709527 7
    endloop
  endfacet
  facet normal 0.8032075314806449 0.5956993044924334 0
    outer loop
      vertex 27.559031360088213 22.443179852490935 2
      vertex 27.559031360088213 22.443179852490935 7
      vertex 27.734408836907637 22.206710699058807 7
    endloop
  endfacet
  facet normal 0 0 1
    outer loop
      vertex 22.25444581998341 20.245948579011316 7
      vertex 22.25444581998341 20.834051420988683 7
      vertex 22.240000000000002 20.54 7
    endloop
  endfacet
  facet normal 0 0 1
    outer loop
      vertex 22.745591163092367 18.87328930094119 7
      vertex 22.594236206954935 21.954190210477993 7
      vertex 22.594236206954935 19.125809789522005 7
    endloop
  endfacet
  facet normal 0 0 1
    outer loop
      vertex 22.745591163092367 18.87328930094119 7
      vertex 22.92096863991179 18.636820147509063 7
      vertex 22.745591163092367 22.206710699058807 7
    endloop
  endfacet
  facet normal 0 0 1
    outer loop
      vertex 22.468361402466144 19.39194970290473 7
      vertex 22.369178992803377 21.410854031763385 7
      vertex 22.369178992803377 19.669145968236613 7
    endloop
  endfacet
  facet normal 0 0 1
    outer loop
      vertex 22.594236206954935 19.125809789522005 7
      vertex 22.468361402466144 21.68805029709527 7
      vertex 22.468361402466144 19.39194970290473 7
    endloop
  endfacet
  facet normal 0 0 1
    outer loop
      vertex 22.369178992803377 19.669145968236613 7
      vertex 22.297644158790312 21.125270966048383 7
      vertex 22.297644158790312 19.954729033951615 7
    endloop
  endfacet
  facet normal 0 0 1
    outer loop
      vertex 22.25444581998341 20.245948579011316 7
      vertex 22.297644158790312 19.954729033951615 7
      vertex 22.25444581998341 20.834051420988683 7
    endloop
  endfacet
  facet normal 0 0 1
    outer loop
      vertex 23.11867965644036 18.418679656440357 7
      vertex 22.92096863991179 22.443179852490935 7
      vertex 22.92096863991179 18.636820147509063 7
    endloop
  endfacet
  facet normal 0 0 1
    outer loop
      vertex 23.336820147509066 18.22096863991179 7
      vertex 23.11867965644036 22.66132034355964 7
      vertex 23.11867965644036 18.418679656440357 7
    endloop
  endfacet
  facet normal 0 0 1
    outer loop
      vertex 23.336820147509066 18.22096863991179 7
      vertex 23.573289300941195 18.045591163092364 7
      vertex 23.336820147509066 22.85903136008821 7
    endloop
  endfacet
  facet normal 0 0 1
    outer loop
      vertex 22.25444581998341 20.834051420988683 7
      vertex 22.297644158790312 19.954729033951615 7
      vertex 22.297644158790312 21.125270966048383 7
    endloop
  endfacet
  facet normal 0 0 1
    outer loop
      vertex 22.369178992803377 19.669145968236613 7
      vertex 22.369178992803377 21.410854031763385 7
      vertex 22.297644158790312 21.125270966048383 7
    endloop
  endfacet
  facet normal 0 0 1
    outer loop
      vertex 22.468361402466144 19.39194970290473 7
      vertex 22.468361402466144 21.68805029709527 7
      vertex 22.369178992803377 21.410854031763385 7
    endloop
  endfacet
  facet normal 0 0 1
    outer loop
      vertex 22.594236206954935 19.125809789522005 7
      vertex 22.594236206954935 21.954190210477993 7
      vertex 22.468361402466144 21.68805029709527 7
    endloop
  endfacet
  facet normal 0 0 1
    outer loop
      vertex 22.745591163092367 18.87328930094119 7
      vertex 22.745591163092367 22.206710699058807 7
      vertex 22.594236206954935 21.954190210477993 7
    endloop
  endfacet
  facet normal 0 0 1
    outer loop
      vertex 22.92096863991179 18.636820147509063 7
      vertex 22.92096863991179 22.443179852490935 7
      vertex 22.745591163092367 22.206710699058807 7
    endloop
  endfacet
  facet normal 0 0 1
    outer loop
      vertex 23.11867965644036 18.418679656440357 7
      vertex 23.11867965644036 22.66132034355964 7
      vertex 22.92096863991179 22.443179852490935 7
    endloop
  endfacet
  facet normal 0 0 1
    outer loop
      vertex 23.336820147509066 18.22096863991179 7
      vertex 23.336820147509066 22.85903136008821 7
      vertex 23.11867965644036 22.66132034355964 7
    endloop
  endfacet
  facet normal 0 0 1
    outer loop
      vertex 24.369145968236616 17.669178992803374 7
      vertex 24.654729033951618 17.59764415879031 7
      vertex 24.5455372087255 19.50066298462182 7
    endloop
  endfacet
  facet normal 0 0 1
    outer loop
      vertex 24.94594857901132 17.554445819983407 7
      vertex 24.76164570954364 19.38515058436089 7
      vertex 24.654729033951618 17.59764415879031 7
    endloop
  endfacet
  facet normal 0 0 1
    outer loop
      vertex 24.94594857901132 17.554445819983407 7
      vertex 25.240000000000002 17.54 7
      vertex 25.117478574588052 19.29601909165975 7
    endloop
  endfacet
  facet normal 0 0 1
    outer loop
      vertex 25.240000000000002 17.54 7
      vertex 25.534051420988686 17.554445819983407 7
      vertex 25.362521425411952 19.29601909165975 7
    endloop
  endfacet
  facet normal 0 0 1
    outer loop
      vertex 25.534051420988686 17.554445819983407 7
      vertex 25.825270966048386 17.59764415879031 7
      vertex 25.483862902520162 19.31401839949596 7
    endloop
  endfacet
  facet normal 0 0 1
    outer loop
      vertex 24.09194970290473 17.76836140246614 7
      vertex 24.369145968236616 17.669178992803374 7
      vertex 24.20066298462182 19.845537208725496 7
    endloop
  endfacet
  facet normal 0 0 1
    outer loop
      vertex 24.369145968236616 17.669178992803374 7
      vertex 24.5455372087255 19.50066298462182 7
      vertex 24.447008394795446 19.573736933296576 7
    endloop
  endfacet
  facet normal 0 0 1
    outer loop
      vertex 24.369145968236616 17.669178992803374 7
      vertex 24.447008394795446 19.573736933296576 7
      vertex 24.356116523516818 19.656116523516815 7
    endloop
  endfacet
  facet normal 0 0 1
    outer loop
      vertex 23.82580978952201 17.894236206954933 7
      vertex 23.573289300941195 23.034408836907634 7
      vertex 23.573289300941195 18.045591163092364 7
    endloop
  endfacet
  facet normal 0 0 1
    outer loop
      vertex 23.82580978952201 17.894236206954933 7
      vertex 24.09194970290473 17.76836140246614 7
      vertex 23.82580978952201 23.185763793045066 7
    endloop
  endfacet
  facet normal 0 0 1
    outer loop
      vertex 24.369145968236616 17.669178992803374 7
      vertex 24.27373693329658 19.747008394795444 7
      vertex 24.20066298462182 19.845537208725496 7
    endloop
  endfacet
  facet normal 0 0 1
    outer loop
      vertex 24.09194970290473 17.76836140246614 7
      vertex 24.20066298462182 19.845537208725496 7
      vertex 24.137598419564558 19.950754078967503 7
    endloop
  endfacet
  facet normal 0 0 1
    outer loop
      vertex 24.09194970290473 17.76836140246614 7
      vertex 24.137598419564558 19.950754078967503 7
      vertex 24.085150584360893 20.061645709543637 7
    endloop
  endfacet
  facet normal 0 0 1
    outer loop
      vertex 24.09194970290473 17.76836140246614 7
      vertex 24.085150584360893 20.061645709543637 7
      vertex 24.043824580334743 20.17714415343192 7
    endloop
  endfacet
  facet normal 0 0 1
    outer loop
      vertex 24.369145968236616 17.669178992803374 7
      vertex 24.356116523516818 19.656116523516815 7
      vertex 24.27373693329658 19.747008394795444 7
    endloop
  endfacet
  facet normal 0 0 1
    outer loop
      vertex 24.09194970290473 17.76836140246614 7
      vertex 24.043824580334743 20.17714415343192 7
      vertex 24.014018399495964 20.29613709747984 7
    endloop
  endfacet
  facet normal 0 0 1
    outer loop
      vertex 24.09194970290473 17.76836140246614 7
      vertex 24.014018399495964 20.29613709747984 7
      vertex 23.996019091659754 20.41747857458805 7
    endloop
  endfacet
  facet normal 0 0 1
    outer loop
      vertex 24.09194970290473 17.76836140246614 7
      vertex 23.996019091659754 20.41747857458805 7
      vertex 23.990000000000002 20.54 7
    endloop
  endfacet
  facet normal 0 0 1
    outer loop
      vertex 24.654729033951618 17.59764415879031 7
      vertex 24.76164570954364 19.38515058436089 7
      vertex 24.650754078967505 19.437598419564555 7
    endloop
  endfacet
  facet normal 0 0 1
    outer loop
      vertex 24.94594857901132 17.554445819983407 7
      vertex 24.877144153431924 19.34382458033474 7
      vertex 24.76164570954364 19.38515058436089 7
    endloop
  endfacet
  facet normal 0 0 1
    outer loop
      vertex 24.654729033951618 17.59764415879031 7
      vertex 24.650754078967505 19.437598419564555 7
      vertex 24.5455372087255 19.50066298462182 7
    endloop
  endfacet
  facet normal 0 0 1
    outer loop
      vertex 24.94594857901132 17.554445819983407 7
      vertex 24.996137097479842 19.31401839949596 7
      vertex 24.877144153431924 19.34382458033474 7
    endloop
  endfacet
  facet normal 0 0 1
    outer loop
      vertex 24.94594857901132 17.554445819983407 7
      vertex 25.117478574588052 19.29601909165975 7
      vertex 24.996137097479842 19.31401839949596 7
    endloop
  endfacet
  facet normal 0 0 1
    outer loop
      vertex 25.240000000000002 17.54 7
      vertex 25.240000000000002 19.29 7
      vertex 25.117478574588052 19.29601909165975 7
    endloop
  endfacet
  facet normal 0 0 1
    outer loop
      vertex 25.240000000000002 17.54 7
      vertex 25.362521425411952 19.29601909165975 7
      vertex 25.240000000000002 19.29 7
    endloop
  endfacet
  facet normal 0 0 1
    outer loop
      vertex 25.534051420988686 17.554445819983407 7
      vertex 25.483862902520162 19.31401839949596 7
      vertex 25.362521425411952 19.29601909165975 7
    endloop
  endfacet
  facet normal 0 0 1
    outer loop
      vertex 25.483862902520162 19.31401839949596 7
      vertex 25.825270966048386 17.59764415879031 7
      vertex 25.60285584656808 19.34382458033474 7
    endloop
  endfacet
  facet normal 0 0 1
    outer loop
      vertex 25.60285584656808 19.34382458033474 7
      vertex 25.825270966048386 17.59764415879031 7
      vertex 25.718354290456364 19.38515058436089 7
    endloop
  endfacet
  facet normal 0 0 1
    outer loop
      vertex 25.718354290456364 19.38515058436089 7
      vertex 25.825270966048386 17.59764415879031 7
      vertex 26.110854031763388 17.669178992803374 7
    endloop
  endfacet
  facet normal 0 0 1
    outer loop
      vertex 26.110854031763388 17.669178992803374 7
      vertex 26.388050297095273 17.76836140246614 7
      vertex 26.032991605204558 19.573736933296576 7
    endloop
  endfacet
  facet normal 0 0 1
    outer loop
      vertex 25.718354290456364 19.38515058436089 7
      vertex 26.110854031763388 17.669178992803374 7
      vertex 25.8292459210325 19.437598419564555 7
    endloop
  endfacet
  facet normal 0 0 1
    outer loop
      vertex 26.110854031763388 17.669178992803374 7
      vertex 25.934462791274505 19.50066298462182 7
      vertex 25.8292459210325 19.437598419564555 7
    endloop
  endfacet
  facet normal 0 0 1
    outer loop
      vertex 26.110854031763388 17.669178992803374 7
      vertex 26.032991605204558 19.573736933296576 7
      vertex 25.934462791274505 19.50066298462182 7
    endloop
  endfacet
  facet normal 0 0 1
    outer loop
      vertex 26.388050297095273 17.76836140246614 7
      vertex 26.654190210477996 17.894236206954933 7
      vertex 26.342401580435446 19.950754078967503 7
    endloop
  endfacet
  facet normal 0 0 1
    outer loop
      vertex 26.388050297095273 17.76836140246614 7
      vertex 26.123883476483186 19.656116523516815 7
      vertex 26.032991605204558 19.573736933296576 7
    endloop
  endfacet
  facet normal 0 0 1
    outer loop
      vertex 26.388050297095273 17.76836140246614 7
      vertex 26.206263066703425 19.747008394795444 7
      vertex 26.123883476483186 19.656116523516815 7
    endloop
  endfacet
  facet normal 0 0 1
    outer loop
      vertex 26.388050297095273 17.76836140246614 7
      vertex 26.279337015378182 19.845537208725496 7
      vertex 26.206263066703425 19.747008394795444 7
    endloop
  endfacet
  facet normal 0 0 1
    outer loop
      vertex 26.388050297095273 17.76836140246614 7
      vertex 26.342401580435446 19.950754078967503 7
      vertex 26.279337015378182 19.845537208725496 7
    endloop
  endfacet
  facet normal 0 0 1
    outer loop
      vertex 26.654190210477996 17.894236206954933 7
      vertex 26.39484941563911 20.061645709543637 7
      vertex 26.342401580435446 19.950754078967503 7
    endloop
  endfacet
  facet normal 0 0 1
    outer loop
      vertex 26.654190210477996 17.894236206954933 7
      vertex 26.43617541966526 20.17714415343192 7
      vertex 26.39484941563911 20.061645709543637 7
    endloop
  endfacet
  facet normal 0 0 1
    outer loop
      vertex 26.654190210477996 17.894236206954933 7
      vertex 26.46598160050404 20.29613709747984 7
      vertex 26.43617541966526 20.17714415343192 7
    endloop
  endfacet
  facet normal 0 0 1
    outer loop
      vertex 26.654190210477996 17.894236206954933 7
      vertex 26.48398090834025 20.41747857458805 7
      vertex 26.46598160050404 20.29613709747984 7
    endloop
  endfacet
  facet normal 0 0 1
    outer loop
      vertex 26.654190210477996 17.894236206954933 7
      vertex 26.490000000000002 20.54 7
      vertex 26.48398090834025 20.41747857458805 7
    endloop
  endfacet
  facet normal 0 0 1
    outer loop
      vertex 24.09194970290473 17.76836140246614 7
      vertex 23.990000000000002 20.54 7
      vertex 23.82580978952201 23.185763793045066 7
    endloop
  endfacet
  facet normal 0 0 1
    outer loop
      vertex 23.573289300941195 18.045591163092364 7
      vertex 23.573289300941195 23.034408836907634 7
      vertex 23.336820147509066 22.85903136008821 7
    endloop
  endfacet
  facet normal 0 0 1
    outer loop
      vertex 23.82580978952201 17.894236206954933 7
      vertex 23.82580978952201 23.185763793045066 7
      vertex 23.573289300941195 23.034408836907634 7
    endloop
  endfacet
  facet normal 0 0 1
    outer loop
      vertex 23.990000000000002 20.54 7
      vertex 23.996019091659754 20.66252142541195 7
      vertex 23.82580978952201 23.185763793045066 7
    endloop
  endfacet
  facet normal 0 0 1
    outer loop
      vertex 23.996019091659754 20.66252142541195 7
      vertex 24.014018399495964 20.78386290252016 7
      vertex 23.82580978952201 23.185763793045066 7
    endloop
  endfacet
  facet normal 0 0 1
    outer loop
      vertex 24.014018399495964 20.78386290252016 7
      vertex 24.043824580334743 20.902855846568077 7
      vertex 23.82580978952201 23.185763793045066 7
    endloop
  endfacet
  facet normal 0 0 1
    outer loop
      vertex 24.043824580334743 20.902855846568077 7
      vertex 24.085150584360893 21.01835429045636 7
      vertex 23.82580978952201 23.185763793045066 7
    endloop
  endfacet
  facet normal 0 0 1
    outer loop
      vertex 24.085150584360893 21.01835429045636 7
      vertex 24.137598419564558 21.129245921032496 7
      vertex 23.82580978952201 23.185763793045066 7
    endloop
  endfacet
  facet normal 0 0 1
    outer loop
      vertex 24.137598419564558 21.129245921032496 7
      vertex 24.20066298462182 21.234462791274503 7
      vertex 24.09194970290473 23.311638597533857 7
    endloop
  endfacet
  facet normal 0 0 1
    outer loop
      vertex 24.20066298462182 21.234462791274503 7
      vertex 24.27373693329658 21.332991605204555 7
      vertex 24.09194970290473 23.311638597533857 7
    endloop
  endfacet
  facet normal 0 0 1
    outer loop
      vertex 24.27373693329658 21.332991605204555 7
      vertex 24.356116523516818 21.423883476483184 7
      vertex 24.09194970290473 23.311638597533857 7
    endloop
  endfacet
  facet normal 0 0 1
    outer loop
      vertex 24.356116523516818 21.423883476483184 7
      vertex 24.447008394795446 21.506263066703422 7
      vertex 24.09194970290473 23.311638597533857 7
    endloop
  endfacet
  facet normal 0 0 1
    outer loop
      vertex 24.447008394795446 21.506263066703422 7
      vertex 24.5455372087255 21.57933701537818 7
      vertex 24.369145968236616 23.410821007196624 7
    endloop
  endfacet
  facet normal 0 0 1
    outer loop
      vertex 24.5455372087255 21.57933701537818 7
      vertex 24.650754078967505 21.642401580435443 7
      vertex 24.369145968236616 23.410821007196624 7
    endloop
  endfacet
  facet normal 0 0 1
    outer loop
      vertex 24.650754078967505 21.642401580435443 7
      vertex 24.76164570954364 21.69484941563911 7
      vertex 24.369145968236616 23.410821007196624 7
    endloop
  endfacet
  facet normal 0 0 1
    outer loop
      vertex 24.76164570954364 21.69484941563911 7
      vertex 24.877144153431924 21.73617541966526 7
      vertex 24.654729033951618 23.48235584120969 7
    endloop
  endfacet
  facet normal 0 0 1
    outer loop
      vertex 24.877144153431924 21.73617541966526 7
      vertex 24.996137097479842 21.765981600504038 7
      vertex 24.654729033951618 23.48235584120969 7
    endloop
  endfacet
  facet normal 0 0 1
    outer loop
      vertex 24.996137097479842 21.765981600504038 7
      vertex 25.117478574588052 21.783980908340247 7
      vertex 24.94594857901132 23.52555418001659 7
    endloop
  endfacet
  facet normal 0 0 1
    outer loop
      vertex 25.117478574588052 21.783980908340247 7
      vertex 25.240000000000002 21.79 7
      vertex 25.240000000000002 23.54 7
    endloop
  endfacet
  facet normal 0 0 1
    outer loop
      vertex 25.240000000000002 21.79 7
      vertex 25.362521425411952 21.783980908340247 7
      vertex 25.240000000000002 23.54 7
    endloop
  endfacet
  facet normal 0 0 1
    outer loop
      vertex 25.483862902520162 21.765981600504038 7
      vertex 25.534051420988686 23.52555418001659 7
      vertex 25.362521425411952 21.783980908340247 7
    endloop
  endfacet
  facet normal 0 0 1
    outer loop
      vertex 25.60285584656808 21.73617541966526 7
      vertex 25.718354290456364 21.69484941563911 7
      vertex 25.534051420988686 23.52555418001659 7
    endloop
  endfacet
  facet normal 0 0 1
    outer loop
      vertex 25.483862902520162 21.765981600504038 7
      vertex 25.60285584656808 21.73617541966526 7
      vertex 25.534051420988686 23.52555418001659 7
    endloop
  endfacet
  facet normal 0 0 1
    outer loop
      vertex 26.654190210477996 17.894236206954933 7
      vertex 26.90671069905881 18.045591163092364 7
      vertex 26.654190210477996 23.185763793045066 7
    endloop
  endfacet
  facet normal 0 0 1
    outer loop
      vertex 26.654190210477996 17.894236206954933 7
      vertex 26.388050297095273 23.311638597533857 7
      vertex 26.490000000000002 20.54 7
    endloop
  endfacet
  facet normal 0 0 1
    outer loop
      vertex 26.90671069905881 18.045591163092364 7
      vertex 27.14317985249094 18.22096863991179 7
      vertex 26.90671069905881 23.034408836907634 7
    endloop
  endfacet
  facet normal 0 0 1
    outer loop
      vertex 27.14317985249094 18.22096863991179 7
      vertex 27.361320343559644 18.418679656440357 7
      vertex 27.14317985249094 22.85903136008821 7
    endloop
  endfacet
  facet normal 0 0 1
    outer loop
      vertex 27.361320343559644 18.418679656440357 7
      vertex 27.559031360088213 18.636820147509063 7
      vertex 27.361320343559644 22.66132034355964 7
    endloop
  endfacet
  facet normal 0 0 1
    outer loop
      vertex 27.559031360088213 18.636820147509063 7
      vertex 27.734408836907637 18.87328930094119 7
      vertex 27.559031360088213 22.443179852490935 7
    endloop
  endfacet
  facet normal 0 0 1
    outer loop
      vertex 27.734408836907637 18.87328930094119 7
      vertex 27.88576379304507 19.125809789522005 7
      vertex 27.734408836907637 22.206710699058807 7
    endloop
  endfacet
  facet normal 0 0 1
    outer loop
      vertex 27.88576379304507 19.125809789522005 7
      vertex 28.01163859753386 19.39194970290473 7
      vertex 27.88576379304507 21.954190210477993 7
    endloop
  endfacet
  facet normal 0 0 1
    outer loop
      vertex 28.01163859753386 19.39194970290473 7
      vertex 28.110821007196627 19.669145968236613 7
      vertex 28.01163859753386 21.68805029709527 7
    endloop
  endfacet
  facet normal 0 0 1
    outer loop
      vertex 28.01163859753386 19.39194970290473 7
      vertex 28.01163859753386 21.68805029709527 7
      vertex 27.88576379304507 21.954190210477993 7
    endloop
  endfacet
  facet normal 0 0 1
    outer loop
      vertex 28.110821007196627 19.669145968236613 7
      vertex 28.110821007196627 21.410854031763385 7
      vertex 28.01163859753386 21.68805029709527 7
    endloop
  endfacet
  facet normal 0 0 1
    outer loop
      vertex 26.90671069905881 18.045591163092364 7
      vertex 26.90671069905881 23.034408836907634 7
      vertex 26.654190210477996 23.185763793045066 7
    endloop
  endfacet
  facet normal 0 0 1
    outer loop
      vertex 26.490000000000002 20.54 7
      vertex 26.388050297095273 23.311638597533857 7
      vertex 26.48398090834025 20.66252142541195 7
    endloop
  endfacet
  facet normal 0 0 1
    outer loop
      vertex 26.48398090834025 20.66252142541195 7
      vertex 26.388050297095273 23.311638597533857 7
      vertex 26.46598160050404 20.78386290252016 7
    endloop
  endfacet
  facet normal 0 0 1
    outer loop
      vertex 26.654190210477996 17.894236206954933 7
      vertex 26.654190210477996 23.185763793045066 7
      vertex 26.388050297095273 23.311638597533857 7
    endloop
  endfacet
  facet normal 0 0 1
    outer loop
      vertex 26.46598160050404 20.78386290252016 7
      vertex 26.388050297095273 23.311638597533857 7
      vertex 26.43617541966526 20.902855846568077 7
    endloop
  endfacet
  facet normal 0 0 1
    outer loop
      vertex 26.43617541966526 20.902855846568077 7
      vertex 26.388050297095273 23.311638597533857 7
      vertex 26.39484941563911 21.01835429045636 7
    endloop
  endfacet
  facet normal 0 0 1
    outer loop
      vertex 26.342401580435446 21.129245921032496 7
      vertex 26.388050297095273 23.311638597533857 7
      vertex 26.279337015378182 21.234462791274503 7
    endloop
  endfacet
  facet normal 0 0 1
    outer loop
      vertex 26.206263066703425 21.332991605204555 7
      vertex 26.110854031763388 23.410821007196624 7
      vertex 26.123883476483186 21.423883476483184 7
    endloop
  endfacet
  facet normal 0 0 1
    outer loop
      vertex 26.279337015378182 21.234462791274503 7
      vertex 26.110854031763388 23.410821007196624 7
      vertex 26.206263066703425 21.332991605204555 7
    endloop
  endfacet
  facet normal 0 0 1
    outer loop
      vertex 26.123883476483186 21.423883476483184 7
      vertex 26.110854031763388 23.410821007196624 7
      vertex 26.032991605204558 21.506263066703422 7
    endloop
  endfacet
  facet normal 0 0 1
    outer loop
      vertex 25.934462791274505 21.57933701537818 7
      vertex 25.825270966048386 23.48235584120969 7
      vertex 25.8292459210325 21.642401580435443 7
    endloop
  endfacet
  facet normal 0 0 1
    outer loop
      vertex 25.718354290456364 21.69484941563911 7
      vertex 25.8292459210325 21.642401580435443 7
      vertex 25.825270966048386 23.48235584120969 7
    endloop
  endfacet
  facet normal 0 0 1
    outer loop
      vertex 26.032991605204558 21.506263066703422 7
      vertex 26.110854031763388 23.410821007196624 7
      vertex 25.934462791274505 21.57933701537818 7
    endloop
  endfacet
  facet normal 0 0 1
    outer loop
      vertex 26.39484941563911 21.01835429045636 7
      vertex 26.388050297095273 23.311638597533857 7
      vertex 26.342401580435446 21.129245921032496 7
    endloop
  endfacet
  facet normal 0 0 1
    outer loop
      vertex 27.14317985249094 18.22096863991179 7
      vertex 27.14317985249094 22.85903136008821 7
      vertex 26.90671069905881 23.034408836907634 7
    endloop
  endfacet
  facet normal 0 0 1
    outer loop
      vertex 27.559031360088213 18.636820147509063 7
      vertex 27.559031360088213 22.443179852490935 7
      vertex 27.361320343559644 22.66132034355964 7
    endloop
  endfacet
  facet normal 0 0 1
    outer loop
      vertex 27.361320343559644 18.418679656440357 7
      vertex 27.361320343559644 22.66132034355964 7
      vertex 27.14317985249094 22.85903136008821 7
    endloop
  endfacet
  facet normal 0 0 1
    outer loop
      vertex 27.734408836907637 18.87328930094119 7
      vertex 27.734408836907637 22.206710699058807 7
      vertex 27.559031360088213 22.443179852490935 7
    endloop
  endfacet
  facet normal 0 0 1
    outer loop
      vertex 27.88576379304507 19.125809789522005 7
      vertex 27.88576379304507 21.954190210477993 7
      vertex 27.734408836907637 22.206710699058807 7
    endloop
  endfacet
  facet normal 0.9700312531945441 -0.24298017990326343 0
    outer loop
      vertex 28.18235584120969 19.954729033951615 2
      vertex 28.18235584120969 19.954729033951615 7
      vertex 28.110821007196627 19.669145968236613 7
    endloop
  endfacet
  facet normal 0.989176509964779 -0.1467304744553747 0
    outer loop
      vertex 28.225554180016594 20.245948579011316 2
      vertex 28.225554180016594 20.245948579011316 7
      vertex 28.18235584120969 19.954729033951615 7
    endloop
  endfacet
  facet normal 0.9987954562051727 -0.049067674327412034 0
    outer loop
      vertex 28.240000000000002 20.54 2
      vertex 28.240000000000002 20.54 7
      vertex 28.225554180016594 20.245948579011316 7
    endloop
  endfacet
  facet normal 0.9987954562051727 0.049067674327412034 0
    outer loop
      vertex 28.225554180016594 20.834051420988683 2
      vertex 28.225554180016594 20.834051420988683 7
      vertex 28.240000000000002 20.54 7
    endloop
  endfacet
  facet normal 0.989176509964779 0.1467304744553747 0
    outer loop
      vertex 28.18235584120969 21.125270966048383 2
      vertex 28.18235584120969 21.125270966048383 7
      vertex 28.225554180016594 20.834051420988683 7
    endloop
  endfacet
  facet normal 0.9700312531945441 0.24298017990326343 0
    outer loop
      vertex 28.110821007196627 21.410854031763385 2
      vertex 28.110821007196627 21.410854031763385 7
      vertex 28.18235584120969 21.125270966048383 7
    endloop
  endfacet
  facet normal 0 0 1
    outer loop
      vertex 28.110821007196627 19.669145968236613 7
      vertex 28.18235584120969 19.954729033951615 7
      vertex 28.110821007196627 21.410854031763385 7
    endloop
  endfacet
  facet normal 0 0 1
    outer loop
      vertex 28.18235584120969 19.954729033951615 7
      vertex 28.225554180016594 20.245948579011316 7
      vertex 28.18235584120969 21.125270966048383 7
    endloop
  endfacet
  facet normal 0 0 1
    outer loop
      vertex 28.225554180016594 20.245948579011316 7
      vertex 28.240000000000002 20.54 7
      vertex 28.225554180016594 20.834051420988683 7
    endloop
  endfacet
  facet normal 0 0 1
    outer loop
      vertex 28.225554180016594 20.245948579011316 7
      vertex 28.225554180016594 20.834051420988683 7
      vertex 28.18235584120969 21.125270966048383 7
    endloop
  endfacet
  facet normal 0 0 1
    outer loop
      vertex 28.110821007196627 21.410854031763385 7
      vertex 28.18235584120969 19.954729033951615 7
      vertex 28.18235584120969 21.125270966048383 7
    endloop
  endfacet
  facet normal -0.7409511253549578 0.6715589548470197 -2.1486162370963295e-18
    outer loop
      vertex 22.92096863991179 22.443179852490935 2
      vertex 23.11867965644036 22.66132034355964 7
      vertex 23.11867965644036 22.66132034355964 2
    endloop
  endfacet
  facet normal -0.6715589548470197 0.7409511253549578 0
    outer loop
      vertex 23.11867965644036 22.66132034355964 2
      vertex 23.11867965644036 22.66132034355964 7
      vertex 23.336820147509066 22.85903136008821 2
    endloop
  endfacet
  facet normal -0.5956993044924334 0.8032075314806449 0
    outer loop
      vertex 23.336820147509066 22.85903136008821 2
      vertex 23.336820147509066 22.85903136008821 7
      vertex 23.573289300941195 23.034408836907634 2
    endloop
  endfacet
  facet normal -0.5141027441932281 0.8577286100002683 0
    outer loop
      vertex 23.573289300941195 23.034408836907634 2
      vertex 23.573289300941195 23.034408836907634 7
      vertex 23.82580978952201 23.185763793045066 2
    endloop
  endfacet
  facet normal -0.4275550934302729 0.9039892931234478 0
    outer loop
      vertex 23.82580978952201 23.185763793045066 2
      vertex 23.82580978952201 23.185763793045066 7
      vertex 24.09194970290473 23.311638597533857 2
    endloop
  endfacet
  facet normal -0.3368898533922187 0.9415440651830211 0
    outer loop
      vertex 24.09194970290473 23.311638597533857 2
      vertex 24.09194970290473 23.311638597533857 7
      vertex 24.369145968236616 23.410821007196624 2
    endloop
  endfacet
  facet normal -0.24298017990326343 0.9700312531945441 0
    outer loop
      vertex 24.369145968236616 23.410821007196624 2
      vertex 24.369145968236616 23.410821007196624 7
      vertex 24.654729033951618 23.48235584120969 2
    endloop
  endfacet
  facet normal -0.1467304744553747 0.989176509964779 0
    outer loop
      vertex 24.654729033951618 23.48235584120969 2
      vertex 24.654729033951618 23.48235584120969 7
      vertex 24.94594857901132 23.52555418001659 2
    endloop
  endfacet
  facet normal -0.049067674327412034 0.9987954562051727 0
    outer loop
      vertex 24.94594857901132 23.52555418001659 2
      vertex 24.94594857901132 23.52555418001659 7
      vertex 25.240000000000002 23.54 2
    endloop
  endfacet
  facet normal 0.049067674327412034 0.9987954562051727 0
    outer loop
      vertex 25.240000000000002 23.54 2
      vertex 25.240000000000002 23.54 7
      vertex 25.534051420988686 23.52555418001659 2
    endloop
  endfacet
  facet normal 0.1467304744553747 0.989176509964779 0
    outer loop
      vertex 25.534051420988686 23.52555418001659 2
      vertex 25.534051420988686 23.52555418001659 7
      vertex 25.825270966048386 23.48235584120969 2
    endloop
  endfacet
  facet normal 0.5141027441932281 0.8577286100002683 0
    outer loop
      vertex 26.654190210477996 23.185763793045066 2
      vertex 26.654190210477996 23.185763793045066 7
      vertex 26.90671069905881 23.034408836907634 2
    endloop
  endfacet
  facet normal 0.24298017990326343 0.9700312531945441 0
    outer loop
      vertex 25.825270966048386 23.48235584120969 2
      vertex 25.825270966048386 23.48235584120969 7
      vertex 26.110854031763388 23.410821007196624 2
    endloop
  endfacet
  facet normal 0.3368898533922187 0.9415440651830211 0
    outer loop
      vertex 26.110854031763388 23.410821007196624 2
      vertex 26.110854031763388 23.410821007196624 7
      vertex 26.388050297095273 23.311638597533857 2
    endloop
  endfacet
  facet normal 0.4275550934302729 0.9039892931234478 3.836285218188426e-19
    outer loop
      vertex 26.654190210477996 23.185763793045066 2
      vertex 26.388050297095273 23.311638597533857 2
      vertex 26.388050297095273 23.311638597533857 7
    endloop
  endfacet
  facet normal 0.6715589548470197 0.7409511253549578 2.1486162370963295e-18
    outer loop
      vertex 27.361320343559644 22.66132034355964 2
      vertex 27.14317985249094 22.85903136008821 2
      vertex 27.14317985249094 22.85903136008821 7
    endloop
  endfacet
  facet normal 0.7409511253549578 0.6715589548470197 0
    outer loop
      vertex 27.559031360088213 22.443179852490935 2
      vertex 27.361320343559644 22.66132034355964 2
      vertex 27.559031360088213 22.443179852490935 7
    endloop
  endfacet
  facet normal 0.5956993044924334 0.8032075314806449 0
    outer loop
      vertex 26.90671069905881 23.034408836907634 2
      vertex 26.90671069905881 23.034408836907634 7
      vertex 27.14317985249094 22.85903136008821 2
    endloop
  endfacet
  facet normal -0.7409511253549578 0.6715589548470197 0
    outer loop
      vertex 22.92096863991179 22.443179852490935 2
      vertex 22.92096863991179 22.443179852490935 7
      vertex 23.11867965644036 22.66132034355964 7
    endloop
  endfacet
  facet normal -0.6715589548470197 0.7409511253549578 0
    outer loop
      vertex 23.336820147509066 22.85903136008821 2
      vertex 23.11867965644036 22.66132034355964 7
      vertex 23.336820147509066 22.85903136008821 7
    endloop
  endfacet
  facet normal -0.5956993044924334 0.8032075314806449 0
    outer loop
      vertex 23.573289300941195 23.034408836907634 2
      vertex 23.336820147509066 22.85903136008821 7
      vertex 23.573289300941195 23.034408836907634 7
    endloop
  endfacet
  facet normal -0.5141027441932281 0.8577286100002683 0
    outer loop
      vertex 23.82580978952201 23.185763793045066 2
      vertex 23.573289300941195 23.034408836907634 7
      vertex 23.82580978952201 23.185763793045066 7
    endloop
  endfacet
  facet normal -0.4275550934302729 0.9039892931234478 0
    outer loop
      vertex 24.09194970290473 23.311638597533857 2
      vertex 23.82580978952201 23.185763793045066 7
      vertex 24.09194970290473 23.311638597533857 7
    endloop
  endfacet
  facet normal -0.3368898533922187 0.9415440651830211 0
    outer loop
      vertex 24.369145968236616 23.410821007196624 2
      vertex 24.09194970290473 23.311638597533857 7
      vertex 24.369145968236616 23.410821007196624 7
    endloop
  endfacet
  facet normal -0.24298017990326343 0.9700312531945441 0
    outer loop
      vertex 24.654729033951618 23.48235584120969 2
      vertex 24.369145968236616 23.410821007196624 7
      vertex 24.654729033951618 23.48235584120969 7
    endloop
  endfacet
  facet normal -0.1467304744553747 0.989176509964779 0
    outer loop
      vertex 24.94594857901132 23.52555418001659 2
      vertex 24.654729033951618 23.48235584120969 7
      vertex 24.94594857901132 23.52555418001659 7
    endloop
  endfacet
  facet normal -0.049067674327412034 0.9987954562051727 0
    outer loop
      vertex 25.240000000000002 23.54 2
      vertex 24.94594857901132 23.52555418001659 7
      vertex 25.240000000000002 23.54 7
    endloop
  endfacet
  facet normal 0.049067674327412034 0.9987954562051727 0
    outer loop
      vertex 25.534051420988686 23.52555418001659 2
      vertex 25.240000000000002 23.54 7
      vertex 25.534051420988686 23.52555418001659 7
    endloop
  endfacet
  facet normal 0.1467304744553747 0.989176509964779 0
    outer loop
      vertex 25.825270966048386 23.48235584120969 2
      vertex 25.534051420988686 23.52555418001659 7
      vertex 25.825270966048386 23.48235584120969 7
    endloop
  endfacet
  facet normal 0.5141027441932281 0.8577286100002683 0
    outer loop
      vertex 26.90671069905881 23.034408836907634 2
      vertex 26.654190210477996 23.185763793045066 7
      vertex 26.90671069905881 23.034408836907634 7
    endloop
  endfacet
  facet normal 0.24298017990326343 0.9700312531945441 0
    outer loop
      vertex 26.110854031763388 23.410821007196624 2
      vertex 25.825270966048386 23.48235584120969 7
      vertex 26.110854031763388 23.410821007196624 7
    endloop
  endfacet
  facet normal 0.3368898533922187 0.9415440651830211 0
    outer loop
      vertex 26.388050297095273 23.311638597533857 2
      vertex 26.110854031763388 23.410821007196624 7
      vertex 26.388050297095273 23.311638597533857 7
    endloop
  endfacet
  facet normal 0.4275550934302729 0.9039892931234478 0
    outer loop
      vertex 26.654190210477996 23.185763793045066 2
      vertex 26.388050297095273 23.311638597533857 7
      vertex 26.654190210477996 23.185763793045066 7
    endloop
  endfacet
  facet normal 0.7409511253549578 0.6715589548470197 2.1486162370963295e-18
    outer loop
      vertex 27.559031360088213 22.443179852490935 7
      vertex 27.361320343559644 22.66132034355964 2
      vertex 27.361320343559644 22.66132034355964 7
    endloop
  endfacet
  facet normal 0.6715589548470197 0.7409511253549578 0
    outer loop
      vertex 27.361320343559644 22.66132034355964 2
      vertex 27.14317985249094 22.85903136008821 7
      vertex 27.361320343559644 22.66132034355964 7
    endloop
  endfacet
  facet normal 0.5956993044924334 0.8032075314806449 0
    outer loop
      vertex 27.14317985249094 22.85903136008821 2
      vertex 26.90671069905881 23.034408836907634 7
      vertex 27.14317985249094 22.85903136008821 7
    endloop
  endfacet
  facet normal 0 0 1
    outer loop
      vertex 24.137598419564558 21.129245921032496 7
      vertex 24.09194970290473 23.311638597533857 7
      vertex 23.82580978952201 23.185763793045066 7
    endloop
  endfacet
  facet normal 0 0 1
    outer loop
      vertex 24.447008394795446 21.506263066703422 7
      vertex 24.369145968236616 23.410821007196624 7
      vertex 24.09194970290473 23.311638597533857 7
    endloop
  endfacet
  facet normal 0 0 1
    outer loop
      vertex 24.76164570954364 21.69484941563911 7
      vertex 24.654729033951618 23.48235584120969 7
      vertex 24.369145968236616 23.410821007196624 7
    endloop
  endfacet
  facet normal 0 0 1
    outer loop
      vertex 24.996137097479842 21.765981600504038 7
      vertex 24.94594857901132 23.52555418001659 7
      vertex 24.654729033951618 23.48235584120969 7
    endloop
  endfacet
  facet normal 0 0 1
    outer loop
      vertex 25.117478574588052 21.783980908340247 7
      vertex 25.240000000000002 23.54 7
      vertex 24.94594857901132 23.52555418001659 7
    endloop
  endfacet
  facet normal 0 0 1
    outer loop
      vertex 25.362521425411952 21.783980908340247 7
      vertex 25.534051420988686 23.52555418001659 7
      vertex 25.240000000000002 23.54 7
    endloop
  endfacet
  facet normal 0 0 1
    outer loop
      vertex 25.718354290456364 21.69484941563911 7
      vertex 25.825270966048386 23.48235584120969 7
      vertex 25.534051420988686 23.52555418001659 7
    endloop
  endfacet
  facet normal 0 0 1
    outer loop
      vertex 25.934462791274505 21.57933701537818 7
      vertex 26.110854031763388 23.410821007196624 7
      vertex 25.825270966048386 23.48235584120969 7
    endloop
  endfacet
  facet normal 0 0 1
    outer loop
      vertex 26.279337015378182 21.234462791274503 7
      vertex 26.388050297095273 23.311638597533857 7
      vertex 26.110854031763388 23.410821007196624 7
    endloop
  endfacet
  facet normal -0.6715589548470264 -0.7409511253549519 -1.0941725926699885e-18
    outer loop
      vertex 23.11867965644036 66.67867965644035 2
      vertex 23.336820147509066 66.48096863991178 2
      vertex 23.336820147509066 66.48096863991178 7
    endloop
  endfacet
  facet normal -0.8032075314806407 -0.595699304492439 0
    outer loop
      vertex 22.745591163092367 67.13328930094119 2
      vertex 22.92096863991179 66.89682014750906 2
      vertex 22.745591163092367 67.13328930094119 7
    endloop
  endfacet
  facet normal -0.8577286100002683 -0.5141027441932281 1.5576918164198865e-18
    outer loop
      vertex 22.745591163092367 67.13328930094119 2
      vertex 22.594236206954935 67.385809789522 7
      vertex 22.594236206954935 67.385809789522 2
    endloop
  endfacet
  facet normal -0.7409511253549632 -0.6715589548470138 1.0736732475364759e-18
    outer loop
      vertex 23.11867965644036 66.67867965644035 2
      vertex 22.92096863991179 66.89682014750906 7
      vertex 22.92096863991179 66.89682014750906 2
    endloop
  endfacet
  facet normal -0.42755509343030246 -0.9039892931234337 0
    outer loop
      vertex 24.09194970290473 66.02836140246613 2
      vertex 24.09194970290473 66.02836140246613 7
      vertex 23.82580978952201 66.15423620695493 2
    endloop
  endfacet
  facet normal -0.3368898533921974 -0.9415440651830289 -5.62062215957659e-19
    outer loop
      vertex 24.09194970290473 66.02836140246613 2
      vertex 24.369145968236616 65.92917899280337 2
      vertex 24.369145968236616 65.92917899280337 7
    endloop
  endfacet
  facet normal -0.24298017990326343 -0.9700312531945441 5.904920773670925e-20
    outer loop
      vertex 24.369145968236616 65.92917899280337 2
      vertex 24.654729033951618 65.85764415879031 2
      vertex 24.654729033951618 65.85764415879031 7
    endloop
  endfacet
  facet normal -0.1467304744553747 -0.989176509964779 -3.4664664784230424e-19
    outer loop
      vertex 24.654729033951618 65.85764415879031 2
      vertex 24.94594857901132 65.8144458199834 2
      vertex 24.94594857901132 65.8144458199834 7
    endloop
  endfacet
  facet normal -0.049067674327412034 -0.9987954562051727 -5.214942966695657e-20
    outer loop
      vertex 24.94594857901132 65.8144458199834 2
      vertex 25.240000000000002 65.8 2
      vertex 25.240000000000002 65.8 7
    endloop
  endfacet
  facet normal 0.049067674327412034 -0.9987954562051727 5.214942966695657e-20
    outer loop
      vertex 25.240000000000002 65.8 2
      vertex 25.534051420988686 65.8144458199834 2
      vertex 25.534051420988686 65.8144458199834 7
    endloop
  endfacet
  facet normal 0.1467304744553747 -0.989176509964779 3.4664664784230424e-19
    outer loop
      vertex 25.534051420988686 65.8144458199834 2
      vertex 25.825270966048386 65.85764415879031 2
      vertex 25.825270966048386 65.85764415879031 7
    endloop
  endfacet
  facet normal -0.5956993044924255 -0.8032075314806507 1.874035166988334e-18
    outer loop
      vertex 23.336820147509066 66.48096863991178 2
      vertex 23.573289300941195 66.30559116309236 2
      vertex 23.573289300941195 66.30559116309236 7
    endloop
  endfacet
  facet normal -0.5141027441932103 -0.8577286100002789 -4.1749397540850306e-19
    outer loop
      vertex 23.573289300941195 66.30559116309236 2
      vertex 23.82580978952201 66.15423620695493 2
      vertex 23.82580978952201 66.15423620695493 7
    endloop
  endfacet
  facet normal 0.24298017990326343 -0.9700312531945441 -5.904920773670925e-20
    outer loop
      vertex 25.825270966048386 65.85764415879031 2
      vertex 26.110854031763388 65.92917899280337 2
      vertex 26.110854031763388 65.92917899280337 7
    endloop
  endfacet
  facet normal 0.3368898533921974 -0.9415440651830289 5.62062215957659e-19
    outer loop
      vertex 26.110854031763388 65.92917899280337 2
      vertex 26.388050297095273 66.02836140246613 2
      vertex 26.388050297095273 66.02836140246613 7
    endloop
  endfacet
  facet normal 0.42755509343030246 -0.9039892931234337 -1.3692566834689876e-18
    outer loop
      vertex 26.388050297095273 66.02836140246613 2
      vertex 26.654190210477996 66.15423620695493 2
      vertex 26.654190210477996 66.15423620695493 7
    endloop
  endfacet
  facet normal 0.5141027441932103 -0.8577286100002789 4.1749397540850306e-19
    outer loop
      vertex 26.654190210477996 66.15423620695493 2
      vertex 26.90671069905881 66.30559116309236 2
      vertex 26.90671069905881 66.30559116309236 7
    endloop
  endfacet
  facet normal 0.5956993044924255 -0.8032075314806507 -1.874035166988334e-18
    outer loop
      vertex 26.90671069905881 66.30559116309236 2
      vertex 27.14317985249094 66.48096863991178 2
      vertex 27.14317985249094 66.48096863991178 7
    endloop
  endfacet
  facet normal 0.6715589548470264 -0.7409511253549519 1.0941725926699885e-18
    outer loop
      vertex 27.14317985249094 66.48096863991178 2
      vertex 27.361320343559644 66.67867965644035 2
      vertex 27.361320343559644 66.67867965644035 7
    endloop
  endfacet
  facet normal 0.7409511253549632 -0.6715589548470138 0
    outer loop
      vertex 27.361320343559644 66.67867965644035 2
      vertex 27.559031360088213 66.89682014750906 2
      vertex 27.361320343559644 66.67867965644035 7
    endloop
  endfacet
  facet normal 0.8032075314806407 -0.595699304492439 0
    outer loop
      vertex 27.559031360088213 66.89682014750906 2
      vertex 27.734408836907637 67.13328930094119 2
      vertex 27.559031360088213 66.89682014750906 7
    endloop
  endfacet
  facet normal 0.8577286100002683 -0.5141027441932281 0
    outer loop
      vertex 27.734408836907637 67.13328930094119 2
      vertex 27.88576379304507 67.385809789522 2
      vertex 27.734408836907637 67.13328930094119 7
    endloop
  endfacet
  facet normal 0.9039892931234521 -0.42755509343026354 0
    outer loop
      vertex 27.88576379304507 67.385809789522 2
      vertex 28.01163859753386 67.65194970290473 2
      vertex 27.88576379304507 67.385809789522 7
    endloop
  endfacet
  facet normal -0.5956993044924255 -0.8032075314806507 0
    outer loop
      vertex 23.336820147509066 66.48096863991178 2
      vertex 23.573289300941195 66.30559116309236 7
      vertex 23.336820147509066 66.48096863991178 7
    endloop
  endfacet
  facet normal -0.7409511253549632 -0.6715589548470138 0
    outer loop
      vertex 23.11867965644036 66.67867965644035 2
      vertex 23.11867965644036 66.67867965644035 7
      vertex 22.92096863991179 66.89682014750906 7
    endloop
  endfacet
  facet normal -0.6715589548470264 -0.7409511253549519 0
    outer loop
      vertex 23.11867965644036 66.67867965644035 2
      vertex 23.336820147509066 66.48096863991178 7
      vertex 23.11867965644036 66.67867965644035 7
    endloop
  endfacet
  facet normal -0.9039892931234521 -0.42755509343026354 0
    outer loop
      vertex 22.594236206954935 67.385809789522 2
      vertex 22.594236206954935 67.385809789522 7
      vertex 22.468361402466144 67.65194970290473 7
    endloop
  endfacet
  facet normal -0.8577286100002683 -0.5141027441932281 0
    outer loop
      vertex 22.745591163092367 67.13328930094119 2
      vertex 22.745591163092367 67.13328930094119 7
      vertex 22.594236206954935 67.385809789522 7
    endloop
  endfacet
  facet normal -0.8032075314806407 -0.595699304492439 0
    outer loop
      vertex 22.92096863991179 66.89682014750906 2
      vertex 22.92096863991179 66.89682014750906 7
      vertex 22.745591163092367 67.13328930094119 7
    endloop
  endfacet
  facet normal -0.3368898533921974 -0.9415440651830289 0
    outer loop
      vertex 24.09194970290473 66.02836140246613 2
      vertex 24.369145968236616 65.92917899280337 7
      vertex 24.09194970290473 66.02836140246613 7
    endloop
  endfacet
  facet normal -0.24298017990326343 -0.9700312531945441 0
    outer loop
      vertex 24.369145968236616 65.92917899280337 2
      vertex 24.654729033951618 65.85764415879031 7
      vertex 24.369145968236616 65.92917899280337 7
    endloop
  endfacet
  facet normal -0.1467304744553747 -0.989176509964779 0
    outer loop
      vertex 24.654729033951618 65.85764415879031 2
      vertex 24.94594857901132 65.8144458199834 7
      vertex 24.654729033951618 65.85764415879031 7
    endloop
  endfacet
  facet normal -0.049067674327412034 -0.9987954562051727 0
    outer loop
      vertex 24.94594857901132 65.8144458199834 2
      vertex 25.240000000000002 65.8 7
      vertex 24.94594857901132 65.8144458199834 7
    endloop
  endfacet
  facet normal 0.049067674327412034 -0.9987954562051727 0
    outer loop
      vertex 25.240000000000002 65.8 2
      vertex 25.534051420988686 65.8144458199834 7
      vertex 25.240000000000002 65.8 7
    endloop
  endfacet
  facet normal 0.1467304744553747 -0.989176509964779 0
    outer loop
      vertex 25.534051420988686 65.8144458199834 2
      vertex 25.825270966048386 65.85764415879031 7
      vertex 25.534051420988686 65.8144458199834 7
    endloop
  endfacet
  facet normal -0.5141027441932103 -0.8577286100002789 0
    outer loop
      vertex 23.573289300941195 66.30559116309236 2
      vertex 23.82580978952201 66.15423620695493 7
      vertex 23.573289300941195 66.30559116309236 7
    endloop
  endfacet
  facet normal -0.42755509343030246 -0.9039892931234337 0
    outer loop
      vertex 23.82580978952201 66.15423620695493 2
      vertex 24.09194970290473 66.02836140246613 7
      vertex 23.82580978952201 66.15423620695493 7
    endloop
  endfacet
  facet normal 0.24298017990326343 -0.9700312531945441 0
    outer loop
      vertex 25.825270966048386 65.85764415879031 2
      vertex 26.110854031763388 65.92917899280337 7
      vertex 25.825270966048386 65.85764415879031 7
    endloop
  endfacet
  facet normal 0.3368898533921974 -0.9415440651830289 0
    outer loop
      vertex 26.110854031763388 65.92917899280337 2
      vertex 26.388050297095273 66.02836140246613 7
      vertex 26.110854031763388 65.92917899280337 7
    endloop
  endfacet
  facet normal 0.42755509343030246 -0.9039892931234337 0
    outer loop
      vertex 26.388050297095273 66.02836140246613 2
      vertex 26.654190210477996 66.15423620695493 7
      vertex 26.388050297095273 66.02836140246613 7
    endloop
  endfacet
  facet normal 0.5141027441932103 -0.8577286100002789 0
    outer loop
      vertex 26.654190210477996 66.15423620695493 2
      vertex 26.90671069905881 66.30559116309236 7
      vertex 26.654190210477996 66.15423620695493 7
    endloop
  endfacet
  facet normal 0.5956993044924255 -0.8032075314806507 0
    outer loop
      vertex 26.90671069905881 66.30559116309236 2
      vertex 27.14317985249094 66.48096863991178 7
      vertex 26.90671069905881 66.30559116309236 7
    endloop
  endfacet
  facet normal 0.6715589548470264 -0.7409511253549519 0
    outer loop
      vertex 27.14317985249094 66.48096863991178 2
      vertex 27.361320343559644 66.67867965644035 7
      vertex 27.14317985249094 66.48096863991178 7
    endloop
  endfacet
  facet normal 0.7409511253549632 -0.6715589548470138 0
    outer loop
      vertex 27.559031360088213 66.89682014750906 2
      vertex 27.559031360088213 66.89682014750906 7
      vertex 27.361320343559644 66.67867965644035 7
    endloop
  endfacet
  facet normal 0.8032075314806407 -0.595699304492439 0
    outer loop
      vertex 27.734408836907637 67.13328930094119 2
      vertex 27.734408836907637 67.13328930094119 7
      vertex 27.559031360088213 66.89682014750906 7
    endloop
  endfacet
  facet normal 0.8577286100002683 -0.5141027441932281 0
    outer loop
      vertex 27.88576379304507 67.385809789522 2
      vertex 27.88576379304507 67.385809789522 7
      vertex 27.734408836907637 67.13328930094119 7
    endloop
  endfacet
  facet normal 0 0 1
    outer loop
      vertex 24.09194970290473 66.02836140246613 7
      vertex 24.369145968236616 65.92917899280337 7
      vertex 24.20066298462182 68.1055372087255 7
    endloop
  endfacet
  facet normal 0 0 1
    outer loop
      vertex 24.369145968236616 65.92917899280337 7
      vertex 24.654729033951618 65.85764415879031 7
      vertex 24.5455372087255 67.76066298462182 7
    endloop
  endfacet
  facet normal 0 0 1
    outer loop
      vertex 24.09194970290473 66.02836140246613 7
      vertex 24.20066298462182 68.1055372087255 7
      vertex 24.137598419564558 68.2107540789675 7
    endloop
  endfacet
  facet normal 0 0 1
    outer loop
      vertex 24.369145968236616 65.92917899280337 7
      vertex 24.27373693329658 68.00700839479543 7
      vertex 24.20066298462182 68.1055372087255 7
    endloop
  endfacet
  facet normal 0 0 1
    outer loop
      vertex 24.369145968236616 65.92917899280337 7
      vertex 24.5455372087255 67.76066298462182 7
      vertex 24.447008394795446 67.83373693329658 7
    endloop
  endfacet
  facet normal 0 0 1
    outer loop
      vertex 24.369145968236616 65.92917899280337 7
      vertex 24.447008394795446 67.83373693329658 7
      vertex 24.356116523516818 67.91611652351682 7
    endloop
  endfacet
  facet normal 0 0 1
    outer loop
      vertex 24.369145968236616 65.92917899280337 7
      vertex 24.356116523516818 67.91611652351682 7
      vertex 24.27373693329658 68.00700839479543 7
    endloop
  endfacet
  facet normal 0 0 1
    outer loop
      vertex 24.654729033951618 65.85764415879031 7
      vertex 24.94594857901132 65.8144458199834 7
      vertex 24.76164570954364 67.64515058436089 7
    endloop
  endfacet
  facet normal 0 0 1
    outer loop
      vertex 24.94594857901132 65.8144458199834 7
      vertex 25.240000000000002 65.8 7
      vertex 25.117478574588052 67.55601909165975 7
    endloop
  endfacet
  facet normal 0 0 1
    outer loop
      vertex 25.240000000000002 65.8 7
      vertex 25.534051420988686 65.8144458199834 7
      vertex 25.362521425411952 67.55601909165975 7
    endloop
  endfacet
  facet normal 0 0 1
    outer loop
      vertex 25.534051420988686 65.8144458199834 7
      vertex 25.825270966048386 65.85764415879031 7
      vertex 25.483862902520162 67.57401839949596 7
    endloop
  endfacet
  facet normal 0 0 1
    outer loop
      vertex 24.654729033951618 65.85764415879031 7
      vertex 24.76164570954364 67.64515058436089 7
      vertex 24.650754078967505 67.69759841956456 7
    endloop
  endfacet
  facet normal 0 0 1
    outer loop
      vertex 24.654729033951618 65.85764415879031 7
      vertex 24.650754078967505 67.69759841956456 7
      vertex 24.5455372087255 67.76066298462182 7
    endloop
  endfacet
  facet normal 0 0 1
    outer loop
      vertex 24.94594857901132 65.8144458199834 7
      vertex 24.877144153431924 67.60382458033473 7
      vertex 24.76164570954364 67.64515058436089 7
    endloop
  endfacet
  facet normal 0 0 1
    outer loop
      vertex 24.94594857901132 65.8144458199834 7
      vertex 24.996137097479842 67.57401839949596 7
      vertex 24.877144153431924 67.60382458033473 7
    endloop
  endfacet
  facet normal 0 0 1
    outer loop
      vertex 24.94594857901132 65.8144458199834 7
      vertex 25.117478574588052 67.55601909165975 7
      vertex 24.996137097479842 67.57401839949596 7
    endloop
  endfacet
  facet normal 0 0 1
    outer loop
      vertex 25.240000000000002 65.8 7
      vertex 25.240000000000002 67.55 7
      vertex 25.117478574588052 67.55601909165975 7
    endloop
  endfacet
  facet normal 0 0 1
    outer loop
      vertex 25.240000000000002 65.8 7
      vertex 25.362521425411952 67.55601909165975 7
      vertex 25.240000000000002 67.55 7
    endloop
  endfacet
  facet normal 0 0 1
    outer loop
      vertex 25.534051420988686 65.8144458199834 7
      vertex 25.483862902520162 67.57401839949596 7
      vertex 25.362521425411952 67.55601909165975 7
    endloop
  endfacet
  facet normal 0 0 1
    outer loop
      vertex 25.825270966048386 65.85764415879031 7
      vertex 25.60285584656808 67.60382458033473 7
      vertex 25.483862902520162 67.57401839949596 7
    endloop
  endfacet
  facet normal 0 0 1
    outer loop
      vertex 25.825270966048386 65.85764415879031 7
      vertex 25.718354290456364 67.64515058436089 7
      vertex 25.60285584656808 67.60382458033473 7
    endloop
  endfacet
  facet normal 0 0 1
    outer loop
      vertex 25.825270966048386 65.85764415879031 7
      vertex 26.110854031763388 65.92917899280337 7
      vertex 25.718354290456364 67.64515058436089 7
    endloop
  endfacet
  facet normal 0 0 1
    outer loop
      vertex 26.110854031763388 65.92917899280337 7
      vertex 26.388050297095273 66.02836140246613 7
      vertex 26.032991605204558 67.83373693329658 7
    endloop
  endfacet
  facet normal 0 0 1
    outer loop
      vertex 26.110854031763388 65.92917899280337 7
      vertex 25.8292459210325 67.69759841956456 7
      vertex 25.718354290456364 67.64515058436089 7
    endloop
  endfacet
  facet normal 0 0 1
    outer loop
      vertex 26.110854031763388 65.92917899280337 7
      vertex 25.934462791274505 67.76066298462182 7
      vertex 25.8292459210325 67.69759841956456 7
    endloop
  endfacet
  facet normal 0 0 1
    outer loop
      vertex 26.110854031763388 65.92917899280337 7
      vertex 26.032991605204558 67.83373693329658 7
      vertex 25.934462791274505 67.76066298462182 7
    endloop
  endfacet
  facet normal 0 0 1
    outer loop
      vertex 26.388050297095273 66.02836140246613 7
      vertex 26.123883476483186 67.91611652351682 7
      vertex 26.032991605204558 67.83373693329658 7
    endloop
  endfacet
  facet normal 0 0 1
    outer loop
      vertex 26.388050297095273 66.02836140246613 7
      vertex 26.206263066703425 68.00700839479543 7
      vertex 26.123883476483186 67.91611652351682 7
    endloop
  endfacet
  facet normal 0 0 1
    outer loop
      vertex 26.388050297095273 66.02836140246613 7
      vertex 26.279337015378182 68.1055372087255 7
      vertex 26.206263066703425 68.00700839479543 7
    endloop
  endfacet
  facet normal 0 0 1
    outer loop
      vertex 26.388050297095273 66.02836140246613 7
      vertex 26.342401580435446 68.2107540789675 7
      vertex 26.279337015378182 68.1055372087255 7
    endloop
  endfacet
  facet normal 0 0 1
    outer loop
      vertex 26.388050297095273 66.02836140246613 7
      vertex 26.654190210477996 66.15423620695493 7
      vertex 26.342401580435446 68.2107540789675 7
    endloop
  endfacet
  facet normal -0.9987954562051726 -0.049067674327412616 4.8065710102280466e-20
    outer loop
      vertex 22.25444581998341 68.50594857901132 2
      vertex 22.240000000000002 68.8 7
      vertex 22.240000000000002 68.8 2
    endloop
  endfacet
  facet normal -0.9039892931234521 -0.42755509343026354 8.748101171738497e-19
    outer loop
      vertex 22.594236206954935 67.385809789522 2
      vertex 22.468361402466144 67.65194970290473 7
      vertex 22.468361402466144 67.65194970290473 2
    endloop
  endfacet
  facet normal -0.9415440651830198 -0.3368898533922226 -8.806317594405358e-19
    outer loop
      vertex 22.468361402466144 67.65194970290473 2
      vertex 22.369178992803377 67.92914596823661 7
      vertex 22.369178992803377 67.92914596823661 2
    endloop
  endfacet
  facet normal -0.9700312531945441 -0.24298017990326343 5.904920773670925e-20
    outer loop
      vertex 22.369178992803377 67.92914596823661 2
      vertex 22.297644158790312 68.21472903395161 7
      vertex 22.297644158790312 68.21472903395161 2
    endloop
  endfacet
  facet normal -0.9891765099647793 -0.14673047445537296 0
    outer loop
      vertex 22.25444581998341 68.50594857901132 2
      vertex 22.297644158790312 68.21472903395161 2
      vertex 22.25444581998341 68.50594857901132 7
    endloop
  endfacet
  facet normal -0.9987954562051726 0.049067674327412616 -4.8065710102280466e-20
    outer loop
      vertex 22.240000000000002 68.8 2
      vertex 22.25444581998341 69.09405142098868 7
      vertex 22.25444581998341 69.09405142098868 2
    endloop
  endfacet
  facet normal -0.9891765099647793 0.14673047445537296 -2.7770206631722197e-19
    outer loop
      vertex 22.25444581998341 69.09405142098868 2
      vertex 22.297644158790312 69.38527096604838 7
      vertex 22.297644158790312 69.38527096604838 2
    endloop
  endfacet
  facet normal -0.9700312531945441 0.24298017990326343 -5.904920773670925e-20
    outer loop
      vertex 22.297644158790312 69.38527096604838 2
      vertex 22.369178992803377 69.67085403176338 7
      vertex 22.369178992803377 69.67085403176338 2
    endloop
  endfacet
  facet normal -0.9415440651830198 0.3368898533922226 8.806317594405358e-19
    outer loop
      vertex 22.369178992803377 69.67085403176338 2
      vertex 22.468361402466144 69.94805029709526 7
      vertex 22.468361402466144 69.94805029709526 2
    endloop
  endfacet
  facet normal -0.9039892931234521 0.42755509343026354 -8.748101171738497e-19
    outer loop
      vertex 22.468361402466144 69.94805029709526 2
      vertex 22.594236206954935 70.214190210478 7
      vertex 22.594236206954935 70.214190210478 2
    endloop
  endfacet
  facet normal -0.8577286100002683 0.5141027441932281 -1.5576918164198865e-18
    outer loop
      vertex 22.594236206954935 70.214190210478 2
      vertex 22.745591163092367 70.46671069905881 7
      vertex 22.745591163092367 70.46671069905881 2
    endloop
  endfacet
  facet normal -0.8032075314806407 0.595699304492439 -5.591680518461893e-19
    outer loop
      vertex 22.745591163092367 70.46671069905881 2
      vertex 22.92096863991179 70.70317985249093 7
      vertex 22.92096863991179 70.70317985249093 2
    endloop
  endfacet
  facet normal -0.7409511253549632 0.6715589548470138 -1.0736732475364759e-18
    outer loop
      vertex 22.92096863991179 70.70317985249093 2
      vertex 23.11867965644036 70.92132034355964 7
      vertex 23.11867965644036 70.92132034355964 2
    endloop
  endfacet
  facet normal -0.6715589548470264 0.7409511253549519 0
    outer loop
      vertex 23.11867965644036 70.92132034355964 2
      vertex 23.11867965644036 70.92132034355964 7
      vertex 23.336820147509066 71.11903136008821 2
    endloop
  endfacet
  facet normal -0.5956993044924255 0.8032075314806507 0
    outer loop
      vertex 23.336820147509066 71.11903136008821 2
      vertex 23.336820147509066 71.11903136008821 7
      vertex 23.573289300941195 71.29440883690764 2
    endloop
  endfacet
  facet normal 0.9415440651830198 -0.3368898533922226 0
    outer loop
      vertex 28.01163859753386 67.65194970290473 2
      vertex 28.110821007196627 67.92914596823661 2
      vertex 28.01163859753386 67.65194970290473 7
    endloop
  endfacet
  facet normal 0.9415440651830198 0.3368898533922226 0
    outer loop
      vertex 28.110821007196627 69.67085403176338 2
      vertex 28.01163859753386 69.94805029709526 2
      vertex 28.110821007196627 69.67085403176338 7
    endloop
  endfacet
  facet normal 0.9039892931234521 0.42755509343026354 0
    outer loop
      vertex 28.01163859753386 69.94805029709526 2
      vertex 27.88576379304507 70.214190210478 2
      vertex 28.01163859753386 69.94805029709526 7
    endloop
  endfacet
  facet normal 0.8577286100002683 0.5141027441932281 0
    outer loop
      vertex 27.88576379304507 70.214190210478 2
      vertex 27.734408836907637 70.46671069905881 2
      vertex 27.88576379304507 70.214190210478 7
    endloop
  endfacet
  facet normal -0.5141027441932103 0.8577286100002789 0
    outer loop
      vertex 23.573289300941195 71.29440883690764 2
      vertex 23.573289300941195 71.29440883690764 7
      vertex 23.82580978952201 71.44576379304506 2
    endloop
  endfacet
  facet normal -0.42755509343030246 0.9039892931234337 0
    outer loop
      vertex 23.82580978952201 71.44576379304506 2
      vertex 23.82580978952201 71.44576379304506 7
      vertex 24.09194970290473 71.57163859753386 2
    endloop
  endfacet
  facet normal -0.3368898533921974 0.9415440651830289 0
    outer loop
      vertex 24.09194970290473 71.57163859753386 2
      vertex 24.09194970290473 71.57163859753386 7
      vertex 24.369145968236616 71.67082100719662 2
    endloop
  endfacet
  facet normal -0.24298017990326343 0.9700312531945441 0
    outer loop
      vertex 24.369145968236616 71.67082100719662 2
      vertex 24.369145968236616 71.67082100719662 7
      vertex 24.654729033951618 71.74235584120969 2
    endloop
  endfacet
  facet normal -0.1467304744553747 0.989176509964779 0
    outer loop
      vertex 24.654729033951618 71.74235584120969 2
      vertex 24.654729033951618 71.74235584120969 7
      vertex 24.94594857901132 71.78555418001659 2
    endloop
  endfacet
  facet normal -0.049067674327412034 0.9987954562051727 0
    outer loop
      vertex 24.94594857901132 71.78555418001659 2
      vertex 24.94594857901132 71.78555418001659 7
      vertex 25.240000000000002 71.8 2
    endloop
  endfacet
  facet normal 0.049067674327412034 0.9987954562051727 0
    outer loop
      vertex 25.240000000000002 71.8 2
      vertex 25.240000000000002 71.8 7
      vertex 25.534051420988686 71.78555418001659 2
    endloop
  endfacet
  facet normal 0.1467304744553747 0.989176509964779 0
    outer loop
      vertex 25.534051420988686 71.78555418001659 2
      vertex 25.534051420988686 71.78555418001659 7
      vertex 25.825270966048386 71.74235584120969 2
    endloop
  endfacet
  facet normal 0.24298017990326343 0.9700312531945441 5.904920773670925e-20
    outer loop
      vertex 26.110854031763388 71.67082100719662 2
      vertex 25.825270966048386 71.74235584120969 2
      vertex 25.825270966048386 71.74235584120969 7
    endloop
  endfacet
  facet normal 0.3368898533921974 0.9415440651830289 0
    outer loop
      vertex 26.110854031763388 71.67082100719662 2
      vertex 26.110854031763388 71.67082100719662 7
      vertex 26.388050297095273 71.57163859753386 2
    endloop
  endfacet
  facet normal 0.42755509343030246 0.9039892931234337 1.3692566834689876e-18
    outer loop
      vertex 26.654190210477996 71.44576379304506 2
      vertex 26.388050297095273 71.57163859753386 2
      vertex 26.388050297095273 71.57163859753386 7
    endloop
  endfacet
  facet normal 0.5141027441932103 0.8577286100002789 -4.1749397540850306e-19
    outer loop
      vertex 26.90671069905881 71.29440883690764 2
      vertex 26.654190210477996 71.44576379304506 2
      vertex 26.654190210477996 71.44576379304506 7
    endloop
  endfacet
  facet normal 0.7409511253549632 0.6715589548470138 1.0736732475364759e-18
    outer loop
      vertex 27.361320343559644 70.92132034355964 2
      vertex 27.559031360088213 70.70317985249093 7
      vertex 27.559031360088213 70.70317985249093 2
    endloop
  endfacet
  facet normal 0.8032075314806407 0.595699304492439 0
    outer loop
      vertex 27.734408836907637 70.46671069905881 2
      vertex 27.559031360088213 70.70317985249093 2
      vertex 27.734408836907637 70.46671069905881 7
    endloop
  endfacet
  facet normal 0.6715589548470264 0.7409511253549519 -1.0941725926699885e-18
    outer loop
      vertex 27.361320343559644 70.92132034355964 2
      vertex 27.14317985249094 71.11903136008821 2
      vertex 27.14317985249094 71.11903136008821 7
    endloop
  endfacet
  facet normal 0.5956993044924255 0.8032075314806507 0
    outer loop
      vertex 26.90671069905881 71.29440883690764 2
      vertex 26.90671069905881 71.29440883690764 7
      vertex 27.14317985249094 71.11903136008821 2
    endloop
  endfacet
  facet normal 0.9700312531945441 -0.24298017990326343 0
    outer loop
      vertex 28.110821007196627 67.92914596823661 2
      vertex 28.18235584120969 68.21472903395161 2
      vertex 28.110821007196627 67.92914596823661 7
    endloop
  endfacet
  facet normal 0.9891765099647793 -0.14673047445537296 0
    outer loop
      vertex 28.18235584120969 68.21472903395161 2
      vertex 28.225554180016594 68.50594857901132 2
      vertex 28.18235584120969 68.21472903395161 7
    endloop
  endfacet
  facet normal 0.9987954562051726 -0.049067674327412616 0
    outer loop
      vertex 28.225554180016594 68.50594857901132 2
      vertex 28.240000000000002 68.8 2
      vertex 28.225554180016594 68.50594857901132 7
    endloop
  endfacet
  facet normal 0.9987954562051726 0.049067674327412616 0
    outer loop
      vertex 28.240000000000002 68.8 2
      vertex 28.225554180016594 69.09405142098868 2
      vertex 28.240000000000002 68.8 7
    endloop
  endfacet
  facet normal 0.9891765099647793 0.14673047445537296 0
    outer loop
      vertex 28.225554180016594 69.09405142098868 2
      vertex 28.18235584120969 69.38527096604838 2
      vertex 28.225554180016594 69.09405142098868 7
    endloop
  endfacet
  facet normal 0.9700312531945441 0.24298017990326343 5.904920773670925e-20
    outer loop
      vertex 28.110821007196627 69.67085403176338 2
      vertex 28.18235584120969 69.38527096604838 7
      vertex 28.18235584120969 69.38527096604838 2
    endloop
  endfacet
  facet normal -0.9987954562051726 -0.049067674327412616 0
    outer loop
      vertex 22.25444581998341 68.50594857901132 2
      vertex 22.25444581998341 68.50594857901132 7
      vertex 22.240000000000002 68.8 7
    endloop
  endfacet
  facet normal -0.9987954562051726 0.049067674327412616 0
    outer loop
      vertex 22.240000000000002 68.8 2
      vertex 22.240000000000002 68.8 7
      vertex 22.25444581998341 69.09405142098868 7
    endloop
  endfacet
  facet normal -0.9415440651830198 -0.3368898533922226 0
    outer loop
      vertex 22.468361402466144 67.65194970290473 2
      vertex 22.468361402466144 67.65194970290473 7
      vertex 22.369178992803377 67.92914596823661 7
    endloop
  endfacet
  facet normal -0.9700312531945441 -0.24298017990326343 0
    outer loop
      vertex 22.369178992803377 67.92914596823661 2
      vertex 22.369178992803377 67.92914596823661 7
      vertex 22.297644158790312 68.21472903395161 7
    endloop
  endfacet
  facet normal -0.9891765099647793 -0.14673047445537296 0
    outer loop
      vertex 22.297644158790312 68.21472903395161 2
      vertex 22.297644158790312 68.21472903395161 7
      vertex 22.25444581998341 68.50594857901132 7
    endloop
  endfacet
  facet normal -0.9891765099647793 0.14673047445537296 0
    outer loop
      vertex 22.25444581998341 69.09405142098868 2
      vertex 22.25444581998341 69.09405142098868 7
      vertex 22.297644158790312 69.38527096604838 7
    endloop
  endfacet
  facet normal -0.9700312531945441 0.24298017990326343 0
    outer loop
      vertex 22.297644158790312 69.38527096604838 2
      vertex 22.297644158790312 69.38527096604838 7
      vertex 22.369178992803377 69.67085403176338 7
    endloop
  endfacet
  facet normal -0.9415440651830198 0.3368898533922226 0
    outer loop
      vertex 22.369178992803377 69.67085403176338 2
      vertex 22.369178992803377 69.67085403176338 7
      vertex 22.468361402466144 69.94805029709526 7
    endloop
  endfacet
  facet normal -0.9039892931234521 0.42755509343026354 0
    outer loop
      vertex 22.468361402466144 69.94805029709526 2
      vertex 22.468361402466144 69.94805029709526 7
      vertex 22.594236206954935 70.214190210478 7
    endloop
  endfacet
  facet normal -0.8577286100002683 0.5141027441932281 0
    outer loop
      vertex 22.594236206954935 70.214190210478 2
      vertex 22.594236206954935 70.214190210478 7
      vertex 22.745591163092367 70.46671069905881 7
    endloop
  endfacet
  facet normal -0.8032075314806407 0.595699304492439 0
    outer loop
      vertex 22.745591163092367 70.46671069905881 2
      vertex 22.745591163092367 70.46671069905881 7
      vertex 22.92096863991179 70.70317985249093 7
    endloop
  endfacet
  facet normal -0.7409511253549632 0.6715589548470138 0
    outer loop
      vertex 22.92096863991179 70.70317985249093 2
      vertex 22.92096863991179 70.70317985249093 7
      vertex 23.11867965644036 70.92132034355964 7
    endloop
  endfacet
  facet normal -0.6715589548470264 0.7409511253549519 0
    outer loop
      vertex 23.336820147509066 71.11903136008821 2
      vertex 23.11867965644036 70.92132034355964 7
      vertex 23.336820147509066 71.11903136008821 7
    endloop
  endfacet
  facet normal 0.9039892931234521 -0.42755509343026354 -8.748101171738497e-19
    outer loop
      vertex 27.88576379304507 67.385809789522 7
      vertex 28.01163859753386 67.65194970290473 2
      vertex 28.01163859753386 67.65194970290473 7
    endloop
  endfacet
  facet normal 0.9415440651830198 -0.3368898533922226 0
    outer loop
      vertex 28.110821007196627 67.92914596823661 2
      vertex 28.110821007196627 67.92914596823661 7
      vertex 28.01163859753386 67.65194970290473 7
    endloop
  endfacet
  facet normal 0.9415440651830198 0.3368898533922226 0
    outer loop
      vertex 28.01163859753386 69.94805029709526 2
      vertex 28.01163859753386 69.94805029709526 7
      vertex 28.110821007196627 69.67085403176338 7
    endloop
  endfacet
  facet normal 0.9039892931234521 0.42755509343026354 0
    outer loop
      vertex 27.88576379304507 70.214190210478 2
      vertex 27.88576379304507 70.214190210478 7
      vertex 28.01163859753386 69.94805029709526 7
    endloop
  endfacet
  facet normal -0.5956993044924255 0.8032075314806507 0
    outer loop
      vertex 23.573289300941195 71.29440883690764 2
      vertex 23.336820147509066 71.11903136008821 7
      vertex 23.573289300941195 71.29440883690764 7
    endloop
  endfacet
  facet normal -0.5141027441932103 0.8577286100002789 0
    outer loop
      vertex 23.82580978952201 71.44576379304506 2
      vertex 23.573289300941195 71.29440883690764 7
      vertex 23.82580978952201 71.44576379304506 7
    endloop
  endfacet
  facet normal -0.42755509343030246 0.9039892931234337 0
    outer loop
      vertex 24.09194970290473 71.57163859753386 2
      vertex 23.82580978952201 71.44576379304506 7
      vertex 24.09194970290473 71.57163859753386 7
    endloop
  endfacet
  facet normal -0.3368898533921974 0.9415440651830289 0
    outer loop
      vertex 24.369145968236616 71.67082100719662 2
      vertex 24.09194970290473 71.57163859753386 7
      vertex 24.369145968236616 71.67082100719662 7
    endloop
  endfacet
  facet normal -0.24298017990326343 0.9700312531945441 0
    outer loop
      vertex 24.654729033951618 71.74235584120969 2
      vertex 24.369145968236616 71.67082100719662 7
      vertex 24.654729033951618 71.74235584120969 7
    endloop
  endfacet
  facet normal -0.1467304744553747 0.989176509964779 0
    outer loop
      vertex 24.94594857901132 71.78555418001659 2
      vertex 24.654729033951618 71.74235584120969 7
      vertex 24.94594857901132 71.78555418001659 7
    endloop
  endfacet
  facet normal -0.049067674327412034 0.9987954562051727 0
    outer loop
      vertex 25.240000000000002 71.8 2
      vertex 24.94594857901132 71.78555418001659 7
      vertex 25.240000000000002 71.8 7
    endloop
  endfacet
  facet normal 0.049067674327412034 0.9987954562051727 0
    outer loop
      vertex 25.534051420988686 71.78555418001659 2
      vertex 25.240000000000002 71.8 7
      vertex 25.534051420988686 71.78555418001659 7
    endloop
  endfacet
  facet normal 0.1467304744553747 0.989176509964779 0
    outer loop
      vertex 25.825270966048386 71.74235584120969 2
      vertex 25.534051420988686 71.78555418001659 7
      vertex 25.825270966048386 71.74235584120969 7
    endloop
  endfacet
  facet normal 0.24298017990326343 0.9700312531945441 0
    outer loop
      vertex 26.110854031763388 71.67082100719662 2
      vertex 25.825270966048386 71.74235584120969 7
      vertex 26.110854031763388 71.67082100719662 7
    endloop
  endfacet
  facet normal 0.3368898533921974 0.9415440651830289 0
    outer loop
      vertex 26.388050297095273 71.57163859753386 2
      vertex 26.110854031763388 71.67082100719662 7
      vertex 26.388050297095273 71.57163859753386 7
    endloop
  endfacet
  facet normal 0.5141027441932103 0.8577286100002789 0
    outer loop
      vertex 26.90671069905881 71.29440883690764 2
      vertex 26.654190210477996 71.44576379304506 7
      vertex 26.90671069905881 71.29440883690764 7
    endloop
  endfacet
  facet normal 0.42755509343030246 0.9039892931234337 0
    outer loop
      vertex 26.654190210477996 71.44576379304506 2
      vertex 26.388050297095273 71.57163859753386 7
      vertex 26.654190210477996 71.44576379304506 7
    endloop
  endfacet
  facet normal 0.6715589548470264 0.7409511253549519 0
    outer loop
      vertex 27.361320343559644 70.92132034355964 2
      vertex 27.14317985249094 71.11903136008821 7
      vertex 27.361320343559644 70.92132034355964 7
    endloop
  endfacet
  facet normal 0.7409511253549632 0.6715589548470138 0
    outer loop
      vertex 27.361320343559644 70.92132034355964 2
      vertex 27.361320343559644 70.92132034355964 7
      vertex 27.559031360088213 70.70317985249093 7
    endloop
  endfacet
  facet normal 0.8577286100002683 0.5141027441932281 0
    outer loop
      vertex 27.734408836907637 70.46671069905881 2
      vertex 27.734408836907637 70.46671069905881 7
      vertex 27.88576379304507 70.214190210478 7
    endloop
  endfacet
  facet normal 0.8032075314806407 0.595699304492439 0
    outer loop
      vertex 27.559031360088213 70.70317985249093 2
      vertex 27.559031360088213 70.70317985249093 7
      vertex 27.734408836907637 70.46671069905881 7
    endloop
  endfacet
  facet normal 0.5956993044924255 0.8032075314806507 0
    outer loop
      vertex 27.14317985249094 71.11903136008821 2
      vertex 26.90671069905881 71.29440883690764 7
      vertex 27.14317985249094 71.11903136008821 7
    endloop
  endfacet
  facet normal 0 0 1
    outer loop
      vertex 22.25444581998341 68.50594857901132 7
      vertex 22.25444581998341 69.09405142098868 7
      vertex 22.240000000000002 68.8 7
    endloop
  endfacet
  facet normal 0 0 1
    outer loop
      vertex 22.745591163092367 67.13328930094119 7
      vertex 22.92096863991179 66.89682014750906 7
      vertex 22.745591163092367 70.46671069905881 7
    endloop
  endfacet
  facet normal 0 0 1
    outer loop
      vertex 23.11867965644036 66.67867965644035 7
      vertex 22.92096863991179 70.70317985249093 7
      vertex 22.92096863991179 66.89682014750906 7
    endloop
  endfacet
  facet normal 0 0 1
    outer loop
      vertex 23.11867965644036 66.67867965644035 7
      vertex 23.336820147509066 66.48096863991178 7
      vertex 23.11867965644036 70.92132034355964 7
    endloop
  endfacet
  facet normal 0 0 1
    outer loop
      vertex 23.336820147509066 66.48096863991178 7
      vertex 23.573289300941195 66.30559116309236 7
      vertex 23.336820147509066 71.11903136008821 7
    endloop
  endfacet
  facet normal 0 0 1
    outer loop
      vertex 22.594236206954935 67.385809789522 7
      vertex 22.468361402466144 69.94805029709526 7
      vertex 22.468361402466144 67.65194970290473 7
    endloop
  endfacet
  facet normal 0 0 1
    outer loop
      vertex 22.468361402466144 67.65194970290473 7
      vertex 22.369178992803377 69.67085403176338 7
      vertex 22.369178992803377 67.92914596823661 7
    endloop
  endfacet
  facet normal 0 0 1
    outer loop
      vertex 22.369178992803377 67.92914596823661 7
      vertex 22.297644158790312 69.38527096604838 7
      vertex 22.297644158790312 68.21472903395161 7
    endloop
  endfacet
  facet normal 0 0 1
    outer loop
      vertex 22.745591163092367 67.13328930094119 7
      vertex 22.594236206954935 70.214190210478 7
      vertex 22.594236206954935 67.385809789522 7
    endloop
  endfacet
  facet normal 0 0 1
    outer loop
      vertex 22.25444581998341 68.50594857901132 7
      vertex 22.297644158790312 68.21472903395161 7
      vertex 22.25444581998341 69.09405142098868 7
    endloop
  endfacet
  facet normal 0 0 1
    outer loop
      vertex 22.297644158790312 68.21472903395161 7
      vertex 22.297644158790312 69.38527096604838 7
      vertex 22.25444581998341 69.09405142098868 7
    endloop
  endfacet
  facet normal 0 0 1
    outer loop
      vertex 22.369178992803377 67.92914596823661 7
      vertex 22.369178992803377 69.67085403176338 7
      vertex 22.297644158790312 69.38527096604838 7
    endloop
  endfacet
  facet normal 0 0 1
    outer loop
      vertex 22.468361402466144 67.65194970290473 7
      vertex 22.468361402466144 69.94805029709526 7
      vertex 22.369178992803377 69.67085403176338 7
    endloop
  endfacet
  facet normal 0 0 1
    outer loop
      vertex 22.594236206954935 67.385809789522 7
      vertex 22.594236206954935 70.214190210478 7
      vertex 22.468361402466144 69.94805029709526 7
    endloop
  endfacet
  facet normal 0 0 1
    outer loop
      vertex 22.745591163092367 67.13328930094119 7
      vertex 22.745591163092367 70.46671069905881 7
      vertex 22.594236206954935 70.214190210478 7
    endloop
  endfacet
  facet normal 0 0 1
    outer loop
      vertex 22.92096863991179 66.89682014750906 7
      vertex 22.92096863991179 70.70317985249093 7
      vertex 22.745591163092367 70.46671069905881 7
    endloop
  endfacet
  facet normal 0 0 1
    outer loop
      vertex 23.11867965644036 66.67867965644035 7
      vertex 23.11867965644036 70.92132034355964 7
      vertex 22.92096863991179 70.70317985249093 7
    endloop
  endfacet
  facet normal 0 0 1
    outer loop
      vertex 23.336820147509066 66.48096863991178 7
      vertex 23.336820147509066 71.11903136008821 7
      vertex 23.11867965644036 70.92132034355964 7
    endloop
  endfacet
  facet normal 0 0 1
    outer loop
      vertex 23.573289300941195 66.30559116309236 7
      vertex 23.82580978952201 66.15423620695493 7
      vertex 23.573289300941195 71.29440883690764 7
    endloop
  endfacet
  facet normal 0 0 1
    outer loop
      vertex 24.09194970290473 66.02836140246613 7
      vertex 23.82580978952201 71.44576379304506 7
      vertex 23.82580978952201 66.15423620695493 7
    endloop
  endfacet
  facet normal 0 0 1
    outer loop
      vertex 24.09194970290473 66.02836140246613 7
      vertex 24.137598419564558 68.2107540789675 7
      vertex 24.085150584360893 68.32164570954363 7
    endloop
  endfacet
  facet normal 0 0 1
    outer loop
      vertex 24.09194970290473 66.02836140246613 7
      vertex 24.085150584360893 68.32164570954363 7
      vertex 24.043824580334743 68.43714415343192 7
    endloop
  endfacet
  facet normal 0 0 1
    outer loop
      vertex 24.09194970290473 66.02836140246613 7
      vertex 24.043824580334743 68.43714415343192 7
      vertex 24.014018399495964 68.55613709747983 7
    endloop
  endfacet
  facet normal 0 0 1
    outer loop
      vertex 24.09194970290473 66.02836140246613 7
      vertex 24.014018399495964 68.55613709747983 7
      vertex 23.996019091659754 68.67747857458805 7
    endloop
  endfacet
  facet normal 0 0 1
    outer loop
      vertex 24.09194970290473 66.02836140246613 7
      vertex 23.996019091659754 68.67747857458805 7
      vertex 23.990000000000002 68.8 7
    endloop
  endfacet
  facet normal 0 0 1
    outer loop
      vertex 24.09194970290473 66.02836140246613 7
      vertex 23.990000000000002 68.8 7
      vertex 23.82580978952201 71.44576379304506 7
    endloop
  endfacet
  facet normal 0 0 1
    outer loop
      vertex 23.573289300941195 66.30559116309236 7
      vertex 23.573289300941195 71.29440883690764 7
      vertex 23.336820147509066 71.11903136008821 7
    endloop
  endfacet
  facet normal 0 0 1
    outer loop
      vertex 23.82580978952201 66.15423620695493 7
      vertex 23.82580978952201 71.44576379304506 7
      vertex 23.573289300941195 71.29440883690764 7
    endloop
  endfacet
  facet normal 0 0 1
    outer loop
      vertex 23.990000000000002 68.8 7
      vertex 23.996019091659754 68.92252142541194 7
      vertex 23.82580978952201 71.44576379304506 7
    endloop
  endfacet
  facet normal 0 0 1
    outer loop
      vertex 23.996019091659754 68.92252142541194 7
      vertex 24.014018399495964 69.04386290252016 7
      vertex 23.82580978952201 71.44576379304506 7
    endloop
  endfacet
  facet normal 0 0 1
    outer loop
      vertex 24.014018399495964 69.04386290252016 7
      vertex 24.043824580334743 69.16285584656808 7
      vertex 23.82580978952201 71.44576379304506 7
    endloop
  endfacet
  facet normal 0 0 1
    outer loop
      vertex 24.043824580334743 69.16285584656808 7
      vertex 24.085150584360893 69.27835429045636 7
      vertex 23.82580978952201 71.44576379304506 7
    endloop
  endfacet
  facet normal 0 0 1
    outer loop
      vertex 24.085150584360893 69.27835429045636 7
      vertex 24.137598419564558 69.3892459210325 7
      vertex 23.82580978952201 71.44576379304506 7
    endloop
  endfacet
  facet normal 0 0 1
    outer loop
      vertex 24.137598419564558 69.3892459210325 7
      vertex 24.20066298462182 69.4944627912745 7
      vertex 24.09194970290473 71.57163859753386 7
    endloop
  endfacet
  facet normal 0 0 1
    outer loop
      vertex 24.20066298462182 69.4944627912745 7
      vertex 24.27373693329658 69.59299160520456 7
      vertex 24.09194970290473 71.57163859753386 7
    endloop
  endfacet
  facet normal 0 0 1
    outer loop
      vertex 24.27373693329658 69.59299160520456 7
      vertex 24.356116523516818 69.68388347648317 7
      vertex 24.09194970290473 71.57163859753386 7
    endloop
  endfacet
  facet normal 0 0 1
    outer loop
      vertex 26.654190210477996 66.15423620695493 7
      vertex 26.39484941563911 68.32164570954363 7
      vertex 26.342401580435446 68.2107540789675 7
    endloop
  endfacet
  facet normal 0 0 1
    outer loop
      vertex 26.654190210477996 66.15423620695493 7
      vertex 26.43617541966526 68.43714415343192 7
      vertex 26.39484941563911 68.32164570954363 7
    endloop
  endfacet
  facet normal 0 0 1
    outer loop
      vertex 26.654190210477996 66.15423620695493 7
      vertex 26.46598160050404 68.55613709747983 7
      vertex 26.43617541966526 68.43714415343192 7
    endloop
  endfacet
  facet normal 0 0 1
    outer loop
      vertex 26.654190210477996 66.15423620695493 7
      vertex 26.48398090834025 68.67747857458805 7
      vertex 26.46598160050404 68.55613709747983 7
    endloop
  endfacet
  facet normal 0 0 1
    outer loop
      vertex 26.654190210477996 66.15423620695493 7
      vertex 26.490000000000002 68.8 7
      vertex 26.48398090834025 68.67747857458805 7
    endloop
  endfacet
  facet normal 0 0 1
    outer loop
      vertex 26.654190210477996 66.15423620695493 7
      vertex 26.90671069905881 66.30559116309236 7
      vertex 26.654190210477996 71.44576379304506 7
    endloop
  endfacet
  facet normal 0 0 1
    outer loop
      vertex 26.654190210477996 66.15423620695493 7
      vertex 26.388050297095273 71.57163859753386 7
      vertex 26.490000000000002 68.8 7
    endloop
  endfacet
  facet normal 0 0 1
    outer loop
      vertex 26.90671069905881 66.30559116309236 7
      vertex 27.14317985249094 66.48096863991178 7
      vertex 26.90671069905881 71.29440883690764 7
    endloop
  endfacet
  facet normal 0 0 1
    outer loop
      vertex 27.14317985249094 66.48096863991178 7
      vertex 27.361320343559644 66.67867965644035 7
      vertex 27.14317985249094 71.11903136008821 7
    endloop
  endfacet
  facet normal 0 0 1
    outer loop
      vertex 27.361320343559644 66.67867965644035 7
      vertex 27.559031360088213 66.89682014750906 7
      vertex 27.361320343559644 70.92132034355964 7
    endloop
  endfacet
  facet normal 0 0 1
    outer loop
      vertex 27.559031360088213 66.89682014750906 7
      vertex 27.734408836907637 67.13328930094119 7
      vertex 27.559031360088213 70.70317985249093 7
    endloop
  endfacet
  facet normal 0 0 1
    outer loop
      vertex 27.734408836907637 67.13328930094119 7
      vertex 27.88576379304507 67.385809789522 7
      vertex 27.734408836907637 70.46671069905881 7
    endloop
  endfacet
  facet normal 0 0 1
    outer loop
      vertex 27.88576379304507 67.385809789522 7
      vertex 28.01163859753386 67.65194970290473 7
      vertex 27.88576379304507 70.214190210478 7
    endloop
  endfacet
  facet normal 0 0 1
    outer loop
      vertex 28.01163859753386 67.65194970290473 7
      vertex 28.110821007196627 67.92914596823661 7
      vertex 28.01163859753386 69.94805029709526 7
    endloop
  endfacet
  facet normal 0 0 1
    outer loop
      vertex 26.206263066703425 69.59299160520456 7
      vertex 26.279337015378182 69.4944627912745 7
      vertex 26.110854031763388 71.67082100719662 7
    endloop
  endfacet
  facet normal 0 0 1
    outer loop
      vertex 26.342401580435446 69.3892459210325 7
      vertex 26.388050297095273 71.57163859753386 7
      vertex 26.279337015378182 69.4944627912745 7
    endloop
  endfacet
  facet normal 0 0 1
    outer loop
      vertex 26.490000000000002 68.8 7
      vertex 26.388050297095273 71.57163859753386 7
      vertex 26.48398090834025 68.92252142541194 7
    endloop
  endfacet
  facet normal 0 0 1
    outer loop
      vertex 26.654190210477996 66.15423620695493 7
      vertex 26.654190210477996 71.44576379304506 7
      vertex 26.388050297095273 71.57163859753386 7
    endloop
  endfacet
  facet normal 0 0 1
    outer loop
      vertex 26.48398090834025 68.92252142541194 7
      vertex 26.388050297095273 71.57163859753386 7
      vertex 26.46598160050404 69.04386290252016 7
    endloop
  endfacet
  facet normal 0 0 1
    outer loop
      vertex 26.46598160050404 69.04386290252016 7
      vertex 26.388050297095273 71.57163859753386 7
      vertex 26.43617541966526 69.16285584656808 7
    endloop
  endfacet
  facet normal 0 0 1
    outer loop
      vertex 26.90671069905881 66.30559116309236 7
      vertex 26.90671069905881 71.29440883690764 7
      vertex 26.654190210477996 71.44576379304506 7
    endloop
  endfacet
  facet normal 0 0 1
    outer loop
      vertex 26.43617541966526 69.16285584656808 7
      vertex 26.388050297095273 71.57163859753386 7
      vertex 26.39484941563911 69.27835429045636 7
    endloop
  endfacet
  facet normal 0 0 1
    outer loop
      vertex 26.342401580435446 69.3892459210325 7
      vertex 26.39484941563911 69.27835429045636 7
      vertex 26.388050297095273 71.57163859753386 7
    endloop
  endfacet
  facet normal 0 0 1
    outer loop
      vertex 27.361320343559644 66.67867965644035 7
      vertex 27.361320343559644 70.92132034355964 7
      vertex 27.14317985249094 71.11903136008821 7
    endloop
  endfacet
  facet normal 0 0 1
    outer loop
      vertex 27.559031360088213 66.89682014750906 7
      vertex 27.559031360088213 70.70317985249093 7
      vertex 27.361320343559644 70.92132034355964 7
    endloop
  endfacet
  facet normal 0 0 1
    outer loop
      vertex 28.110821007196627 67.92914596823661 7
      vertex 28.110821007196627 69.67085403176338 7
      vertex 28.01163859753386 69.94805029709526 7
    endloop
  endfacet
  facet normal 0 0 1
    outer loop
      vertex 27.734408836907637 67.13328930094119 7
      vertex 27.734408836907637 70.46671069905881 7
      vertex 27.559031360088213 70.70317985249093 7
    endloop
  endfacet
  facet normal 0 0 1
    outer loop
      vertex 28.01163859753386 67.65194970290473 7
      vertex 28.01163859753386 69.94805029709526 7
      vertex 27.88576379304507 70.214190210478 7
    endloop
  endfacet
  facet normal 0 0 1
    outer loop
      vertex 27.88576379304507 67.385809789522 7
      vertex 27.88576379304507 70.214190210478 7
      vertex 27.734408836907637 70.46671069905881 7
    endloop
  endfacet
  facet normal 0 0 1
    outer loop
      vertex 27.14317985249094 66.48096863991178 7
      vertex 27.14317985249094 71.11903136008821 7
      vertex 26.90671069905881 71.29440883690764 7
    endloop
  endfacet
  facet normal 0 0 1
    outer loop
      vertex 24.137598419564558 69.3892459210325 7
      vertex 24.09194970290473 71.57163859753386 7
      vertex 23.82580978952201 71.44576379304506 7
    endloop
  endfacet
  facet normal 0 0 1
    outer loop
      vertex 24.356116523516818 69.68388347648317 7
      vertex 24.447008394795446 69.76626306670342 7
      vertex 24.09194970290473 71.57163859753386 7
    endloop
  endfacet
  facet normal 0 0 1
    outer loop
      vertex 24.447008394795446 69.76626306670342 7
      vertex 24.5455372087255 69.83933701537818 7
      vertex 24.369145968236616 71.67082100719662 7
    endloop
  endfacet
  facet normal 0 0 1
    outer loop
      vertex 24.5455372087255 69.83933701537818 7
      vertex 24.650754078967505 69.90240158043544 7
      vertex 24.369145968236616 71.67082100719662 7
    endloop
  endfacet
  facet normal 0 0 1
    outer loop
      vertex 24.650754078967505 69.90240158043544 7
      vertex 24.76164570954364 69.9548494156391 7
      vertex 24.369145968236616 71.67082100719662 7
    endloop
  endfacet
  facet normal 0 0 1
    outer loop
      vertex 24.447008394795446 69.76626306670342 7
      vertex 24.369145968236616 71.67082100719662 7
      vertex 24.09194970290473 71.57163859753386 7
    endloop
  endfacet
  facet normal 0 0 1
    outer loop
      vertex 24.76164570954364 69.9548494156391 7
      vertex 24.654729033951618 71.74235584120969 7
      vertex 24.369145968236616 71.67082100719662 7
    endloop
  endfacet
  facet normal 0 0 1
    outer loop
      vertex 24.76164570954364 69.9548494156391 7
      vertex 24.877144153431924 69.99617541966526 7
      vertex 24.654729033951618 71.74235584120969 7
    endloop
  endfacet
  facet normal 0 0 1
    outer loop
      vertex 24.877144153431924 69.99617541966526 7
      vertex 24.996137097479842 70.02598160050404 7
      vertex 24.654729033951618 71.74235584120969 7
    endloop
  endfacet
  facet normal 0 0 1
    outer loop
      vertex 24.996137097479842 70.02598160050404 7
      vertex 25.117478574588052 70.04398090834025 7
      vertex 24.94594857901132 71.78555418001659 7
    endloop
  endfacet
  facet normal 0 0 1
    outer loop
      vertex 25.117478574588052 70.04398090834025 7
      vertex 25.240000000000002 70.05 7
      vertex 25.240000000000002 71.8 7
    endloop
  endfacet
  facet normal 0 0 1
    outer loop
      vertex 25.240000000000002 70.05 7
      vertex 25.362521425411952 70.04398090834025 7
      vertex 25.240000000000002 71.8 7
    endloop
  endfacet
  facet normal 0 0 1
    outer loop
      vertex 25.362521425411952 70.04398090834025 7
      vertex 25.483862902520162 70.02598160050404 7
      vertex 25.534051420988686 71.78555418001659 7
    endloop
  endfacet
  facet normal 0 0 1
    outer loop
      vertex 25.483862902520162 70.02598160050404 7
      vertex 25.60285584656808 69.99617541966526 7
      vertex 25.534051420988686 71.78555418001659 7
    endloop
  endfacet
  facet normal 0 0 1
    outer loop
      vertex 25.718354290456364 69.9548494156391 7
      vertex 25.534051420988686 71.78555418001659 7
      vertex 25.60285584656808 69.99617541966526 7
    endloop
  endfacet
  facet normal 0 0 1
    outer loop
      vertex 24.996137097479842 70.02598160050404 7
      vertex 24.94594857901132 71.78555418001659 7
      vertex 24.654729033951618 71.74235584120969 7
    endloop
  endfacet
  facet normal 0 0 1
    outer loop
      vertex 25.117478574588052 70.04398090834025 7
      vertex 25.240000000000002 71.8 7
      vertex 24.94594857901132 71.78555418001659 7
    endloop
  endfacet
  facet normal 0 0 1
    outer loop
      vertex 25.362521425411952 70.04398090834025 7
      vertex 25.534051420988686 71.78555418001659 7
      vertex 25.240000000000002 71.8 7
    endloop
  endfacet
  facet normal 0 0 1
    outer loop
      vertex 25.718354290456364 69.9548494156391 7
      vertex 25.825270966048386 71.74235584120969 7
      vertex 25.534051420988686 71.78555418001659 7
    endloop
  endfacet
  facet normal 0 0 1
    outer loop
      vertex 26.032991605204558 69.76626306670342 7
      vertex 26.110854031763388 71.67082100719662 7
      vertex 25.934462791274505 69.83933701537818 7
    endloop
  endfacet
  facet normal 0 0 1
    outer loop
      vertex 25.718354290456364 69.9548494156391 7
      vertex 25.8292459210325 69.90240158043544 7
      vertex 25.825270966048386 71.74235584120969 7
    endloop
  endfacet
  facet normal 0 0 1
    outer loop
      vertex 25.8292459210325 69.90240158043544 7
      vertex 25.934462791274505 69.83933701537818 7
      vertex 25.825270966048386 71.74235584120969 7
    endloop
  endfacet
  facet normal 0 0 1
    outer loop
      vertex 26.206263066703425 69.59299160520456 7
      vertex 26.110854031763388 71.67082100719662 7
      vertex 26.123883476483186 69.68388347648317 7
    endloop
  endfacet
  facet normal 0 0 1
    outer loop
      vertex 26.032991605204558 69.76626306670342 7
      vertex 26.123883476483186 69.68388347648317 7
      vertex 26.110854031763388 71.67082100719662 7
    endloop
  endfacet
  facet normal 0 0 1
    outer loop
      vertex 26.279337015378182 69.4944627912745 7
      vertex 26.388050297095273 71.57163859753386 7
      vertex 26.110854031763388 71.67082100719662 7
    endloop
  endfacet
  facet normal 0 0 1
    outer loop
      vertex 25.934462791274505 69.83933701537818 7
      vertex 26.110854031763388 71.67082100719662 7
      vertex 25.825270966048386 71.74235584120969 7
    endloop
  endfacet
  facet normal 0.9700312531945441 -0.24298017990326343 0
    outer loop
      vertex 28.18235584120969 68.21472903395161 2
      vertex 28.18235584120969 68.21472903395161 7
      vertex 28.110821007196627 67.92914596823661 7
    endloop
  endfacet
  facet normal 0.9891765099647793 -0.14673047445537296 0
    outer loop
      vertex 28.225554180016594 68.50594857901132 2
      vertex 28.225554180016594 68.50594857901132 7
      vertex 28.18235584120969 68.21472903395161 7
    endloop
  endfacet
  facet normal 0.9987954562051726 -0.049067674327412616 0
    outer loop
      vertex 28.240000000000002 68.8 2
      vertex 28.240000000000002 68.8 7
      vertex 28.225554180016594 68.50594857901132 7
    endloop
  endfacet
  facet normal 0.9987954562051726 0.049067674327412616 0
    outer loop
      vertex 28.225554180016594 69.09405142098868 2
      vertex 28.225554180016594 69.09405142098868 7
      vertex 28.240000000000002 68.8 7
    endloop
  endfacet
  facet normal 0.9891765099647793 0.14673047445537296 0
    outer loop
      vertex 28.18235584120969 69.38527096604838 2
      vertex 28.18235584120969 69.38527096604838 7
      vertex 28.225554180016594 69.09405142098868 7
    endloop
  endfacet
  facet normal 0.9700312531945441 0.24298017990326343 0
    outer loop
      vertex 28.110821007196627 69.67085403176338 2
      vertex 28.110821007196627 69.67085403176338 7
      vertex 28.18235584120969 69.38527096604838 7
    endloop
  endfacet
  facet normal 0 0 1
    outer loop
      vertex 28.110821007196627 67.92914596823661 7
      vertex 28.18235584120969 68.21472903395161 7
      vertex 28.110821007196627 69.67085403176338 7
    endloop
  endfacet
  facet normal 0 0 1
    outer loop
      vertex 28.18235584120969 68.21472903395161 7
      vertex 28.225554180016594 68.50594857901132 7
      vertex 28.18235584120969 69.38527096604838 7
    endloop
  endfacet
  facet normal 0 0 1
    outer loop
      vertex 28.225554180016594 68.50594857901132 7
      vertex 28.240000000000002 68.8 7
      vertex 28.225554180016594 69.09405142098868 7
    endloop
  endfacet
  facet normal 0 0 1
    outer loop
      vertex 28.225554180016594 68.50594857901132 7
      vertex 28.225554180016594 69.09405142098868 7
      vertex 28.18235584120969 69.38527096604838 7
    endloop
  endfacet
  facet normal 0 0 1
    outer loop
      vertex 28.110821007196627 69.67085403176338 7
      vertex 28.18235584120969 68.21472903395161 7
      vertex 28.18235584120969 69.38527096604838 7
    endloop
  endfacet
  facet normal 0.8577286100002739 0.5141027441932189 0
    outer loop
      vertex 74.93759841956457 52.9707540789675 2
      vertex 74.93759841956457 52.9707540789675 7
      vertex 75.00066298462183 52.8655372087255 2
    endloop
  endfacet
  facet normal 0.9039892931234508 0.42755509343026615 5.136778083759046e-19
    outer loop
      vertex 74.93759841956457 52.9707540789675 2
      vertex 74.8851505843609 53.08164570954364 2
      vertex 74.8851505843609 53.08164570954364 7
    endloop
  endfacet
  facet normal 0.9415440651829944 0.3368898533922935 3.759654332028821e-19
    outer loop
      vertex 74.8851505843609 53.08164570954364 2
      vertex 74.84382458033474 53.19714415343192 2
      vertex 74.84382458033474 53.19714415343192 7
    endloop
  endfacet
  facet normal 0.9700312531945464 0.24298017990325435 3.286921752816633e-19
    outer loop
      vertex 74.84382458033474 53.19714415343192 2
      vertex 74.81401839949596 53.31613709747984 2
      vertex 74.81401839949596 53.31613709747984 7
    endloop
  endfacet
  facet normal 0.9891765099647836 0.14673047445534462 -5.992604673787311e-20
    outer loop
      vertex 74.81401839949596 53.31613709747984 2
      vertex 74.79601909165976 53.43747857458805 2
      vertex 74.79601909165976 53.43747857458805 7
    endloop
  endfacet
  facet normal 0.9987954562051732 0.04906767432740157 2.4816707329550242e-20
    outer loop
      vertex 74.79601909165976 53.43747857458805 2
      vertex 74.79 53.56 2
      vertex 74.79 53.56 7
    endloop
  endfacet
  facet normal 0.9987954562051732 -0.04906767432740157 -2.4816707329550242e-20
    outer loop
      vertex 74.79 53.56 2
      vertex 74.79601909165976 53.682521425411956 2
      vertex 74.79601909165976 53.682521425411956 7
    endloop
  endfacet
  facet normal 0.9891765099647836 -0.14673047445534462 5.992604673787311e-20
    outer loop
      vertex 74.79601909165976 53.682521425411956 2
      vertex 74.81401839949596 53.803862902520166 2
      vertex 74.81401839949596 53.803862902520166 7
    endloop
  endfacet
  facet normal 0.9700312531945464 -0.24298017990325435 -3.286921752816633e-19
    outer loop
      vertex 74.81401839949596 53.803862902520166 2
      vertex 74.84382458033474 53.92285584656808 2
      vertex 74.84382458033474 53.92285584656808 7
    endloop
  endfacet
  facet normal 0.9415440651829944 -0.3368898533922935 -3.759654332028821e-19
    outer loop
      vertex 74.84382458033474 53.92285584656808 2
      vertex 74.8851505843609 54.03835429045636 2
      vertex 74.8851505843609 54.03835429045636 7
    endloop
  endfacet
  facet normal 0.9039892931234508 -0.42755509343026615 -5.136778083759046e-19
    outer loop
      vertex 74.8851505843609 54.03835429045636 2
      vertex 74.93759841956457 54.1492459210325 2
      vertex 74.93759841956457 54.1492459210325 7
    endloop
  endfacet
  facet normal 0.8577286100002739 -0.5141027441932189 5.864547191317818e-19
    outer loop
      vertex 74.93759841956457 54.1492459210325 2
      vertex 75.00066298462183 54.254462791274506 2
      vertex 75.00066298462183 54.254462791274506 7
    endloop
  endfacet
  facet normal 0.8577286100002739 0.5141027441932189 -5.864547191317818e-19
    outer loop
      vertex 74.93759841956457 52.9707540789675 7
      vertex 75.00066298462183 52.8655372087255 7
      vertex 75.00066298462183 52.8655372087255 2
    endloop
  endfacet
  facet normal 0.9039892931234508 0.42755509343026615 0
    outer loop
      vertex 74.93759841956457 52.9707540789675 2
      vertex 74.8851505843609 53.08164570954364 7
      vertex 74.93759841956457 52.9707540789675 7
    endloop
  endfacet
  facet normal 0.9700312531945464 0.24298017990325435 0
    outer loop
      vertex 74.84382458033474 53.19714415343192 2
      vertex 74.81401839949596 53.31613709747984 7
      vertex 74.84382458033474 53.19714415343192 7
    endloop
  endfacet
  facet normal 0.9415440651829944 0.3368898533922935 0
    outer loop
      vertex 74.8851505843609 53.08164570954364 2
      vertex 74.84382458033474 53.19714415343192 7
      vertex 74.8851505843609 53.08164570954364 7
    endloop
  endfacet
  facet normal 0.9891765099647836 0.14673047445534462 0
    outer loop
      vertex 74.81401839949596 53.31613709747984 2
      vertex 74.79601909165976 53.43747857458805 7
      vertex 74.81401839949596 53.31613709747984 7
    endloop
  endfacet
  facet normal 0.9987954562051732 0.04906767432740157 0
    outer loop
      vertex 74.79601909165976 53.43747857458805 2
      vertex 74.79 53.56 7
      vertex 74.79601909165976 53.43747857458805 7
    endloop
  endfacet
  facet normal 0.9987954562051732 -0.04906767432740157 0
    outer loop
      vertex 74.79 53.56 2
      vertex 74.79601909165976 53.682521425411956 7
      vertex 74.79 53.56 7
    endloop
  endfacet
  facet normal 0.9891765099647836 -0.14673047445534462 0
    outer loop
      vertex 74.79601909165976 53.682521425411956 2
      vertex 74.81401839949596 53.803862902520166 7
      vertex 74.79601909165976 53.682521425411956 7
    endloop
  endfacet
  facet normal 0.9700312531945464 -0.24298017990325435 0
    outer loop
      vertex 74.81401839949596 53.803862902520166 2
      vertex 74.84382458033474 53.92285584656808 7
      vertex 74.81401839949596 53.803862902520166 7
    endloop
  endfacet
  facet normal 0.9415440651829944 -0.3368898533922935 0
    outer loop
      vertex 74.84382458033474 53.92285584656808 2
      vertex 74.8851505843609 54.03835429045636 7
      vertex 74.84382458033474 53.92285584656808 7
    endloop
  endfacet
  facet normal 0.9039892931234508 -0.42755509343026615 0
    outer loop
      vertex 74.8851505843609 54.03835429045636 2
      vertex 74.93759841956457 54.1492459210325 7
      vertex 74.8851505843609 54.03835429045636 7
    endloop
  endfacet
  facet normal 0.8577286100002739 -0.5141027441932189 0
    outer loop
      vertex 74.93759841956457 54.1492459210325 2
      vertex 75.00066298462183 54.254462791274506 7
      vertex 74.93759841956457 54.1492459210325 7
    endloop
  endfacet
  facet normal 0.595699304492416 0.8032075314806578 0
    outer loop
      vertex 75.24700839479544 52.59373693329658 2
      vertex 75.24700839479544 52.59373693329658 7
      vertex 75.3455372087255 52.52066298462182 2
    endloop
  endfacet
  facet normal 0.6715589548470621 0.7409511253549194 2.7509795626753136e-19
    outer loop
      vertex 75.24700839479544 52.59373693329658 2
      vertex 75.15611652351683 52.67611652351682 2
      vertex 75.15611652351683 52.67611652351682 7
    endloop
  endfacet
  facet normal 0.5141027441932189 0.8577286100002739 0
    outer loop
      vertex 75.3455372087255 52.52066298462182 2
      vertex 75.3455372087255 52.52066298462182 7
      vertex 75.4507540789675 52.45759841956456 2
    endloop
  endfacet
  facet normal 0.4275550934302885 0.9039892931234402 2.2496213044915023e-20
    outer loop
      vertex 75.56164570954364 52.4051505843609 2
      vertex 75.4507540789675 52.45759841956456 2
      vertex 75.4507540789675 52.45759841956456 7
    endloop
  endfacet
  facet normal 0.24298017990325435 0.9700312531945464 0
    outer loop
      vertex 75.67714415343193 52.36382458033474 2
      vertex 75.67714415343193 52.36382458033474 7
      vertex 75.79613709747984 52.33401839949597 2
    endloop
  endfacet
  facet normal 0.1467304744553929 0.9891765099647762 0
    outer loop
      vertex 75.79613709747984 52.33401839949597 2
      vertex 75.79613709747984 52.33401839949597 7
      vertex 75.91747857458806 52.316019091659754 2
    endloop
  endfacet
  facet normal 0.049067674327404415 0.9987954562051731 0
    outer loop
      vertex 75.91747857458806 52.316019091659754 2
      vertex 75.91747857458806 52.316019091659754 7
      vertex 76.04 52.31 2
    endloop
  endfacet
  facet normal -0.049067674327404415 0.9987954562051731 0
    outer loop
      vertex 76.04 52.31 2
      vertex 76.04 52.31 7
      vertex 76.16252142541195 52.316019091659754 2
    endloop
  endfacet
  facet normal 0.3368898533922238 0.9415440651830195 0
    outer loop
      vertex 75.56164570954364 52.4051505843609 2
      vertex 75.56164570954364 52.4051505843609 7
      vertex 75.67714415343193 52.36382458033474 2
    endloop
  endfacet
  facet normal 0.7409511253549429 0.6715589548470363 -1.3983515824991375e-19
    outer loop
      vertex 75.15611652351683 52.67611652351682 2
      vertex 75.07373693329659 52.76700839479545 2
      vertex 75.07373693329659 52.76700839479545 7
    endloop
  endfacet
  facet normal 0.8032075314806373 0.5956993044924438 -2.449243996854905e-19
    outer loop
      vertex 75.07373693329659 52.76700839479545 2
      vertex 75.00066298462183 52.8655372087255 2
      vertex 75.00066298462183 52.8655372087255 7
    endloop
  endfacet
  facet normal -0.1467304744553929 0.9891765099647762 0
    outer loop
      vertex 76.16252142541195 52.316019091659754 2
      vertex 76.16252142541195 52.316019091659754 7
      vertex 76.28386290252017 52.33401839949597 2
    endloop
  endfacet
  facet normal -0.24298017990325435 0.9700312531945464 0
    outer loop
      vertex 76.28386290252017 52.33401839949597 2
      vertex 76.28386290252017 52.33401839949597 7
      vertex 76.40285584656809 52.36382458033474 2
    endloop
  endfacet
  facet normal -0.3368898533922238 0.9415440651830195 0
    outer loop
      vertex 76.40285584656809 52.36382458033474 2
      vertex 76.40285584656809 52.36382458033474 7
      vertex 76.51835429045637 52.4051505843609 2
    endloop
  endfacet
  facet normal -0.4275550934302885 0.9039892931234402 0
    outer loop
      vertex 76.51835429045637 52.4051505843609 2
      vertex 76.51835429045637 52.4051505843609 7
      vertex 76.6292459210325 52.45759841956456 2
    endloop
  endfacet
  facet normal -0.5141027441932189 0.8577286100002739 0
    outer loop
      vertex 76.6292459210325 52.45759841956456 2
      vertex 76.6292459210325 52.45759841956456 7
      vertex 76.73446279127451 52.52066298462182 2
    endloop
  endfacet
  facet normal -0.595699304492416 0.8032075314806578 0
    outer loop
      vertex 76.73446279127451 52.52066298462182 2
      vertex 76.73446279127451 52.52066298462182 7
      vertex 76.83299160520457 52.59373693329658 2
    endloop
  endfacet
  facet normal -0.6715589548470621 0.7409511253549194 0
    outer loop
      vertex 76.83299160520457 52.59373693329658 2
      vertex 76.83299160520457 52.59373693329658 7
      vertex 76.92388347648318 52.67611652351682 2
    endloop
  endfacet
  facet normal -0.7409511253549429 0.6715589548470363 0
    outer loop
      vertex 76.92388347648318 52.67611652351682 2
      vertex 76.92388347648318 52.67611652351682 7
      vertex 77.00626306670343 52.76700839479545 2
    endloop
  endfacet
  facet normal -0.8032075314806373 0.5956993044924438 0
    outer loop
      vertex 77.00626306670343 52.76700839479545 2
      vertex 77.00626306670343 52.76700839479545 7
      vertex 77.07933701537819 52.8655372087255 2
    endloop
  endfacet
  facet normal -0.8577286100002739 0.5141027441932189 0
    outer loop
      vertex 77.07933701537819 52.8655372087255 2
      vertex 77.07933701537819 52.8655372087255 7
      vertex 77.14240158043545 52.9707540789675 2
    endloop
  endfacet
  facet normal -0.9039892931234508 0.42755509343026615 0
    outer loop
      vertex 77.14240158043545 52.9707540789675 2
      vertex 77.14240158043545 52.9707540789675 7
      vertex 77.19484941563911 53.08164570954364 2
    endloop
  endfacet
  facet normal -0.9415440651829944 0.3368898533922935 0
    outer loop
      vertex 77.19484941563911 53.08164570954364 2
      vertex 77.19484941563911 53.08164570954364 7
      vertex 77.23617541966527 53.19714415343192 2
    endloop
  endfacet
  facet normal -0.9700312531945464 0.24298017990325435 0
    outer loop
      vertex 77.23617541966527 53.19714415343192 2
      vertex 77.23617541966527 53.19714415343192 7
      vertex 77.26598160050405 53.31613709747984 2
    endloop
  endfacet
  facet normal -0.9891765099647836 0.14673047445534462 0
    outer loop
      vertex 77.26598160050405 53.31613709747984 2
      vertex 77.26598160050405 53.31613709747984 7
      vertex 77.28398090834025 53.43747857458805 2
    endloop
  endfacet
  facet normal 0.8032075314806373 -0.5956993044924438 2.449243996854905e-19
    outer loop
      vertex 75.00066298462183 54.254462791274506 2
      vertex 75.07373693329659 54.35299160520456 2
      vertex 75.07373693329659 54.35299160520456 7
    endloop
  endfacet
  facet normal 0.7409511253549429 -0.6715589548470363 1.3983515824991375e-19
    outer loop
      vertex 75.07373693329659 54.35299160520456 2
      vertex 75.15611652351683 54.44388347648319 2
      vertex 75.15611652351683 54.44388347648319 7
    endloop
  endfacet
  facet normal 0.6715589548470621 -0.7409511253549194 -2.7509795626753136e-19
    outer loop
      vertex 75.15611652351683 54.44388347648319 2
      vertex 75.24700839479544 54.52626306670342 2
      vertex 75.24700839479544 54.52626306670342 7
    endloop
  endfacet
  facet normal 0.595699304492416 -0.8032075314806578 -2.8992387747077094e-19
    outer loop
      vertex 75.24700839479544 54.52626306670342 2
      vertex 75.3455372087255 54.59933701537818 2
      vertex 75.3455372087255 54.59933701537818 7
    endloop
  endfacet
  facet normal 0.5141027441932189 -0.8577286100002739 5.864547191317818e-19
    outer loop
      vertex 75.3455372087255 54.59933701537818 2
      vertex 75.4507540789675 54.66240158043544 2
      vertex 75.4507540789675 54.66240158043544 7
    endloop
  endfacet
  facet normal 0.4275550934302885 -0.9039892931234402 -2.2496213044915023e-20
    outer loop
      vertex 75.4507540789675 54.66240158043544 2
      vertex 75.56164570954364 54.71484941563911 2
      vertex 75.56164570954364 54.71484941563911 7
    endloop
  endfacet
  facet normal 0.3368898533922238 -0.9415440651830195 1.6052352838893347e-19
    outer loop
      vertex 75.56164570954364 54.71484941563911 2
      vertex 75.67714415343193 54.75617541966526 2
      vertex 75.67714415343193 54.75617541966526 7
    endloop
  endfacet
  facet normal 0.24298017990325435 -0.9700312531945464 -3.286921752816633e-19
    outer loop
      vertex 75.67714415343193 54.75617541966526 2
      vertex 75.79613709747984 54.78598160050404 2
      vertex 75.79613709747984 54.78598160050404 7
    endloop
  endfacet
  facet normal 0.1467304744553929 -0.9891765099647762 3.123336414771764e-20
    outer loop
      vertex 75.79613709747984 54.78598160050404 2
      vertex 75.91747857458806 54.80398090834025 2
      vertex 75.91747857458806 54.80398090834025 7
    endloop
  endfacet
  facet normal 0.049067674327404415 -0.9987954562051731 6.936711835091651e-20
    outer loop
      vertex 75.91747857458806 54.80398090834025 2
      vertex 76.04 54.81 2
      vertex 76.04 54.81 7
    endloop
  endfacet
  facet normal -0.049067674327404415 -0.9987954562051731 -6.936711835091651e-20
    outer loop
      vertex 76.04 54.81 2
      vertex 76.16252142541195 54.80398090834025 2
      vertex 76.16252142541195 54.80398090834025 7
    endloop
  endfacet
  facet normal -0.9987954562051732 0.04906767432740157 0
    outer loop
      vertex 77.28398090834025 53.43747857458805 2
      vertex 77.28398090834025 53.43747857458805 7
      vertex 77.29 53.56 2
    endloop
  endfacet
  facet normal -0.9987954562051732 -0.04906767432740157 0
    outer loop
      vertex 77.29 53.56 2
      vertex 77.29 53.56 7
      vertex 77.28398090834025 53.682521425411956 2
    endloop
  endfacet
  facet normal -0.9891765099647836 -0.14673047445534462 0
    outer loop
      vertex 77.28398090834025 53.682521425411956 2
      vertex 77.28398090834025 53.682521425411956 7
      vertex 77.26598160050405 53.803862902520166 2
    endloop
  endfacet
  facet normal -0.9700312531945464 -0.24298017990325435 0
    outer loop
      vertex 77.26598160050405 53.803862902520166 2
      vertex 77.26598160050405 53.803862902520166 7
      vertex 77.23617541966527 53.92285584656808 2
    endloop
  endfacet
  facet normal -0.9415440651829944 -0.3368898533922935 0
    outer loop
      vertex 77.23617541966527 53.92285584656808 2
      vertex 77.23617541966527 53.92285584656808 7
      vertex 77.19484941563911 54.03835429045636 2
    endloop
  endfacet
  facet normal -0.9039892931234508 -0.42755509343026615 0
    outer loop
      vertex 77.19484941563911 54.03835429045636 2
      vertex 77.19484941563911 54.03835429045636 7
      vertex 77.14240158043545 54.1492459210325 2
    endloop
  endfacet
  facet normal -0.1467304744553929 -0.9891765099647762 -3.123336414771764e-20
    outer loop
      vertex 76.16252142541195 54.80398090834025 2
      vertex 76.28386290252017 54.78598160050404 2
      vertex 76.28386290252017 54.78598160050404 7
    endloop
  endfacet
  facet normal -0.24298017990325435 -0.9700312531945464 3.286921752816633e-19
    outer loop
      vertex 76.28386290252017 54.78598160050404 2
      vertex 76.40285584656809 54.75617541966526 2
      vertex 76.40285584656809 54.75617541966526 7
    endloop
  endfacet
  facet normal -0.5141027441932189 -0.8577286100002739 0
    outer loop
      vertex 76.73446279127451 54.59933701537818 2
      vertex 76.73446279127451 54.59933701537818 7
      vertex 76.6292459210325 54.66240158043544 2
    endloop
  endfacet
  facet normal -0.3368898533922238 -0.9415440651830195 -1.6052352838893347e-19
    outer loop
      vertex 76.40285584656809 54.75617541966526 2
      vertex 76.51835429045637 54.71484941563911 2
      vertex 76.51835429045637 54.71484941563911 7
    endloop
  endfacet
  facet normal -0.4275550934302885 -0.9039892931234402 0
    outer loop
      vertex 76.6292459210325 54.66240158043544 2
      vertex 76.6292459210325 54.66240158043544 7
      vertex 76.51835429045637 54.71484941563911 2
    endloop
  endfacet
  facet normal -0.6715589548470621 -0.7409511253549194 0
    outer loop
      vertex 76.92388347648318 54.44388347648319 2
      vertex 76.92388347648318 54.44388347648319 7
      vertex 76.83299160520457 54.52626306670342 2
    endloop
  endfacet
  facet normal -0.7409511253549429 -0.6715589548470363 0
    outer loop
      vertex 77.00626306670343 54.35299160520456 2
      vertex 77.00626306670343 54.35299160520456 7
      vertex 76.92388347648318 54.44388347648319 2
    endloop
  endfacet
  facet normal -0.8577286100002739 -0.5141027441932189 0
    outer loop
      vertex 77.14240158043545 54.1492459210325 2
      vertex 77.14240158043545 54.1492459210325 7
      vertex 77.07933701537819 54.254462791274506 2
    endloop
  endfacet
  facet normal -0.8032075314806373 -0.5956993044924438 -2.449243996854905e-19
    outer loop
      vertex 77.00626306670343 54.35299160520456 2
      vertex 77.07933701537819 54.254462791274506 2
      vertex 77.07933701537819 54.254462791274506 7
    endloop
  endfacet
  facet normal -0.595699304492416 -0.8032075314806578 2.8992387747077094e-19
    outer loop
      vertex 76.73446279127451 54.59933701537818 2
      vertex 76.83299160520457 54.52626306670342 2
      vertex 76.83299160520457 54.52626306670342 7
    endloop
  endfacet
  facet normal 0.7409511253549429 0.6715589548470363 0
    outer loop
      vertex 75.15611652351683 52.67611652351682 2
      vertex 75.07373693329659 52.76700839479545 7
      vertex 75.15611652351683 52.67611652351682 7
    endloop
  endfacet
  facet normal 0.6715589548470621 0.7409511253549194 0
    outer loop
      vertex 75.24700839479544 52.59373693329658 2
      vertex 75.15611652351683 52.67611652351682 7
      vertex 75.24700839479544 52.59373693329658 7
    endloop
  endfacet
  facet normal 0.595699304492416 0.8032075314806578 0
    outer loop
      vertex 75.3455372087255 52.52066298462182 2
      vertex 75.24700839479544 52.59373693329658 7
      vertex 75.3455372087255 52.52066298462182 7
    endloop
  endfacet
  facet normal 0.5141027441932189 0.8577286100002739 0
    outer loop
      vertex 75.4507540789675 52.45759841956456 2
      vertex 75.3455372087255 52.52066298462182 7
      vertex 75.4507540789675 52.45759841956456 7
    endloop
  endfacet
  facet normal 0.4275550934302885 0.9039892931234402 0
    outer loop
      vertex 75.56164570954364 52.4051505843609 2
      vertex 75.4507540789675 52.45759841956456 7
      vertex 75.56164570954364 52.4051505843609 7
    endloop
  endfacet
  facet normal 0.3368898533922238 0.9415440651830195 0
    outer loop
      vertex 75.67714415343193 52.36382458033474 2
      vertex 75.56164570954364 52.4051505843609 7
      vertex 75.67714415343193 52.36382458033474 7
    endloop
  endfacet
  facet normal 0.1467304744553929 0.9891765099647762 0
    outer loop
      vertex 75.91747857458806 52.316019091659754 2
      vertex 75.79613709747984 52.33401839949597 7
      vertex 75.91747857458806 52.316019091659754 7
    endloop
  endfacet
  facet normal 0.24298017990325435 0.9700312531945464 0
    outer loop
      vertex 75.79613709747984 52.33401839949597 2
      vertex 75.67714415343193 52.36382458033474 7
      vertex 75.79613709747984 52.33401839949597 7
    endloop
  endfacet
  facet normal 0.049067674327404415 0.9987954562051731 0
    outer loop
      vertex 76.04 52.31 2
      vertex 75.91747857458806 52.316019091659754 7
      vertex 76.04 52.31 7
    endloop
  endfacet
  facet normal -0.049067674327404415 0.9987954562051731 0
    outer loop
      vertex 76.16252142541195 52.316019091659754 2
      vertex 76.04 52.31 7
      vertex 76.16252142541195 52.316019091659754 7
    endloop
  endfacet
  facet normal 0.8032075314806373 0.5956993044924438 0
    outer loop
      vertex 75.07373693329659 52.76700839479545 2
      vertex 75.00066298462183 52.8655372087255 7
      vertex 75.07373693329659 52.76700839479545 7
    endloop
  endfacet
  facet normal -0.1467304744553929 0.9891765099647762 0
    outer loop
      vertex 76.28386290252017 52.33401839949597 2
      vertex 76.16252142541195 52.316019091659754 7
      vertex 76.28386290252017 52.33401839949597 7
    endloop
  endfacet
  facet normal -0.24298017990325435 0.9700312531945464 0
    outer loop
      vertex 76.40285584656809 52.36382458033474 2
      vertex 76.28386290252017 52.33401839949597 7
      vertex 76.40285584656809 52.36382458033474 7
    endloop
  endfacet
  facet normal -0.3368898533922238 0.9415440651830195 0
    outer loop
      vertex 76.51835429045637 52.4051505843609 2
      vertex 76.40285584656809 52.36382458033474 7
      vertex 76.51835429045637 52.4051505843609 7
    endloop
  endfacet
  facet normal -0.4275550934302885 0.9039892931234402 0
    outer loop
      vertex 76.6292459210325 52.45759841956456 2
      vertex 76.51835429045637 52.4051505843609 7
      vertex 76.6292459210325 52.45759841956456 7
    endloop
  endfacet
  facet normal -0.5141027441932189 0.8577286100002739 0
    outer loop
      vertex 76.73446279127451 52.52066298462182 2
      vertex 76.6292459210325 52.45759841956456 7
      vertex 76.73446279127451 52.52066298462182 7
    endloop
  endfacet
  facet normal -0.595699304492416 0.8032075314806578 0
    outer loop
      vertex 76.83299160520457 52.59373693329658 2
      vertex 76.73446279127451 52.52066298462182 7
      vertex 76.83299160520457 52.59373693329658 7
    endloop
  endfacet
  facet normal -0.6715589548470621 0.7409511253549194 0
    outer loop
      vertex 76.92388347648318 52.67611652351682 2
      vertex 76.83299160520457 52.59373693329658 7
      vertex 76.92388347648318 52.67611652351682 7
    endloop
  endfacet
  facet normal -0.7409511253549429 0.6715589548470363 0
    outer loop
      vertex 77.00626306670343 52.76700839479545 2
      vertex 76.92388347648318 52.67611652351682 7
      vertex 77.00626306670343 52.76700839479545 7
    endloop
  endfacet
  facet normal -0.8032075314806373 0.5956993044924438 0
    outer loop
      vertex 77.07933701537819 52.8655372087255 2
      vertex 77.00626306670343 52.76700839479545 7
      vertex 77.07933701537819 52.8655372087255 7
    endloop
  endfacet
  facet normal -0.8577286100002739 0.5141027441932189 0
    outer loop
      vertex 77.14240158043545 52.9707540789675 2
      vertex 77.07933701537819 52.8655372087255 7
      vertex 77.14240158043545 52.9707540789675 7
    endloop
  endfacet
  facet normal -0.9039892931234508 0.42755509343026615 0
    outer loop
      vertex 77.19484941563911 53.08164570954364 2
      vertex 77.14240158043545 52.9707540789675 7
      vertex 77.19484941563911 53.08164570954364 7
    endloop
  endfacet
  facet normal -0.9415440651829944 0.3368898533922935 0
    outer loop
      vertex 77.23617541966527 53.19714415343192 2
      vertex 77.19484941563911 53.08164570954364 7
      vertex 77.23617541966527 53.19714415343192 7
    endloop
  endfacet
  facet normal -0.9700312531945464 0.24298017990325435 0
    outer loop
      vertex 77.26598160050405 53.31613709747984 2
      vertex 77.23617541966527 53.19714415343192 7
      vertex 77.26598160050405 53.31613709747984 7
    endloop
  endfacet
  facet normal -0.9891765099647836 0.14673047445534462 0
    outer loop
      vertex 77.28398090834025 53.43747857458805 2
      vertex 77.26598160050405 53.31613709747984 7
      vertex 77.28398090834025 53.43747857458805 7
    endloop
  endfacet
  facet normal 0.8032075314806373 -0.5956993044924438 0
    outer loop
      vertex 75.00066298462183 54.254462791274506 2
      vertex 75.07373693329659 54.35299160520456 7
      vertex 75.00066298462183 54.254462791274506 7
    endloop
  endfacet
  facet normal 0.7409511253549429 -0.6715589548470363 0
    outer loop
      vertex 75.07373693329659 54.35299160520456 2
      vertex 75.15611652351683 54.44388347648319 7
      vertex 75.07373693329659 54.35299160520456 7
    endloop
  endfacet
  facet normal 0.6715589548470621 -0.7409511253549194 0
    outer loop
      vertex 75.15611652351683 54.44388347648319 2
      vertex 75.24700839479544 54.52626306670342 7
      vertex 75.15611652351683 54.44388347648319 7
    endloop
  endfacet
  facet normal 0.595699304492416 -0.8032075314806578 0
    outer loop
      vertex 75.24700839479544 54.52626306670342 2
      vertex 75.3455372087255 54.59933701537818 7
      vertex 75.24700839479544 54.52626306670342 7
    endloop
  endfacet
  facet normal 0.5141027441932189 -0.8577286100002739 0
    outer loop
      vertex 75.3455372087255 54.59933701537818 2
      vertex 75.4507540789675 54.66240158043544 7
      vertex 75.3455372087255 54.59933701537818 7
    endloop
  endfacet
  facet normal 0.4275550934302885 -0.9039892931234402 0
    outer loop
      vertex 75.4507540789675 54.66240158043544 2
      vertex 75.56164570954364 54.71484941563911 7
      vertex 75.4507540789675 54.66240158043544 7
    endloop
  endfacet
  facet normal 0.3368898533922238 -0.9415440651830195 0
    outer loop
      vertex 75.56164570954364 54.71484941563911 2
      vertex 75.67714415343193 54.75617541966526 7
      vertex 75.56164570954364 54.71484941563911 7
    endloop
  endfacet
  facet normal 0.24298017990325435 -0.9700312531945464 0
    outer loop
      vertex 75.67714415343193 54.75617541966526 2
      vertex 75.79613709747984 54.78598160050404 7
      vertex 75.67714415343193 54.75617541966526 7
    endloop
  endfacet
  facet normal 0.1467304744553929 -0.9891765099647762 0
    outer loop
      vertex 75.79613709747984 54.78598160050404 2
      vertex 75.91747857458806 54.80398090834025 7
      vertex 75.79613709747984 54.78598160050404 7
    endloop
  endfacet
  facet normal 0.049067674327404415 -0.9987954562051731 0
    outer loop
      vertex 75.91747857458806 54.80398090834025 2
      vertex 76.04 54.81 7
      vertex 75.91747857458806 54.80398090834025 7
    endloop
  endfacet
  facet normal -0.049067674327404415 -0.9987954562051731 0
    outer loop
      vertex 76.04 54.81 2
      vertex 76.16252142541195 54.80398090834025 7
      vertex 76.04 54.81 7
    endloop
  endfacet
  facet normal -0.9987954562051732 0.04906767432740157 0
    outer loop
      vertex 77.29 53.56 2
      vertex 77.28398090834025 53.43747857458805 7
      vertex 77.29 53.56 7
    endloop
  endfacet
  facet normal -0.9987954562051732 -0.04906767432740157 0
    outer loop
      vertex 77.28398090834025 53.682521425411956 2
      vertex 77.29 53.56 7
      vertex 77.28398090834025 53.682521425411956 7
    endloop
  endfacet
  facet normal -0.9891765099647836 -0.14673047445534462 0
    outer loop
      vertex 77.26598160050405 53.803862902520166 2
      vertex 77.28398090834025 53.682521425411956 7
      vertex 77.26598160050405 53.803862902520166 7
    endloop
  endfacet
  facet normal -0.9700312531945464 -0.24298017990325435 0
    outer loop
      vertex 77.23617541966527 53.92285584656808 2
      vertex 77.26598160050405 53.803862902520166 7
      vertex 77.23617541966527 53.92285584656808 7
    endloop
  endfacet
  facet normal -0.9039892931234508 -0.42755509343026615 0
    outer loop
      vertex 77.14240158043545 54.1492459210325 2
      vertex 77.19484941563911 54.03835429045636 7
      vertex 77.14240158043545 54.1492459210325 7
    endloop
  endfacet
  facet normal -0.9415440651829944 -0.3368898533922935 0
    outer loop
      vertex 77.19484941563911 54.03835429045636 2
      vertex 77.23617541966527 53.92285584656808 7
      vertex 77.19484941563911 54.03835429045636 7
    endloop
  endfacet
  facet normal -0.1467304744553929 -0.9891765099647762 0
    outer loop
      vertex 76.16252142541195 54.80398090834025 2
      vertex 76.28386290252017 54.78598160050404 7
      vertex 76.16252142541195 54.80398090834025 7
    endloop
  endfacet
  facet normal -0.3368898533922238 -0.9415440651830195 0
    outer loop
      vertex 76.40285584656809 54.75617541966526 2
      vertex 76.51835429045637 54.71484941563911 7
      vertex 76.40285584656809 54.75617541966526 7
    endloop
  endfacet
  facet normal -0.24298017990325435 -0.9700312531945464 0
    outer loop
      vertex 76.28386290252017 54.78598160050404 2
      vertex 76.40285584656809 54.75617541966526 7
      vertex 76.28386290252017 54.78598160050404 7
    endloop
  endfacet
  facet normal -0.5141027441932189 -0.8577286100002739 0
    outer loop
      vertex 76.6292459210325 54.66240158043544 2
      vertex 76.73446279127451 54.59933701537818 7
      vertex 76.6292459210325 54.66240158043544 7
    endloop
  endfacet
  facet normal -0.4275550934302885 -0.9039892931234402 0
    outer loop
      vertex 76.51835429045637 54.71484941563911 2
      vertex 76.6292459210325 54.66240158043544 7
      vertex 76.51835429045637 54.71484941563911 7
    endloop
  endfacet
  facet normal -0.8032075314806373 -0.5956993044924438 0
    outer loop
      vertex 77.00626306670343 54.35299160520456 2
      vertex 77.07933701537819 54.254462791274506 7
      vertex 77.00626306670343 54.35299160520456 7
    endloop
  endfacet
  facet normal -0.7409511253549429 -0.6715589548470363 0
    outer loop
      vertex 76.92388347648318 54.44388347648319 2
      vertex 77.00626306670343 54.35299160520456 7
      vertex 76.92388347648318 54.44388347648319 7
    endloop
  endfacet
  facet normal -0.8577286100002739 -0.5141027441932189 0
    outer loop
      vertex 77.07933701537819 54.254462791274506 2
      vertex 77.14240158043545 54.1492459210325 7
      vertex 77.07933701537819 54.254462791274506 7
    endloop
  endfacet
  facet normal -0.595699304492416 -0.8032075314806578 0
    outer loop
      vertex 76.73446279127451 54.59933701537818 2
      vertex 76.83299160520457 54.52626306670342 7
      vertex 76.73446279127451 54.59933701537818 7
    endloop
  endfacet
  facet normal -0.6715589548470621 -0.7409511253549194 0
    outer loop
      vertex 76.83299160520457 54.52626306670342 2
      vertex 76.92388347648318 54.44388347648319 7
      vertex 76.83299160520457 54.52626306670342 7
    endloop
  endfacet
  facet normal 0.8577286100002814 0.5141027441932061 0
    outer loop
      vertex 74.93759841956457 25.030754078967504 2
      vertex 74.93759841956457 25.030754078967504 7
      vertex 75.00066298462183 24.925537208725498 2
    endloop
  endfacet
  facet normal 0.9039892931234402 0.4275550934302885 2.2496213044915023e-20
    outer loop
      vertex 74.93759841956457 25.030754078967504 2
      vertex 74.8851505843609 25.14164570954364 2
      vertex 74.8851505843609 25.14164570954364 7
    endloop
  endfacet
  facet normal 0.941544065183001 0.3368898533922751 0
    outer loop
      vertex 74.84382458033474 25.257144153431923 2
      vertex 74.84382458033474 25.257144153431923 7
      vertex 74.8851505843609 25.14164570954364 2
    endloop
  endfacet
  facet normal 0.9700312531945464 0.24298017990325435 3.286921752816633e-19
    outer loop
      vertex 74.84382458033474 25.257144153431923 2
      vertex 74.81401839949596 25.37613709747984 2
      vertex 74.81401839949596 25.37613709747984 7
    endloop
  endfacet
  facet normal 0.9891765099647836 0.14673047445534462 -5.992604673787311e-20
    outer loop
      vertex 74.81401839949596 25.37613709747984 2
      vertex 74.79601909165976 25.49747857458805 2
      vertex 74.79601909165976 25.49747857458805 7
    endloop
  endfacet
  facet normal 0.9987954562051732 0.04906767432740299 6.610902605088478e-20
    outer loop
      vertex 74.79601909165976 25.49747857458805 2
      vertex 74.79 25.62 2
      vertex 74.79 25.62 7
    endloop
  endfacet
  facet normal 0.9987954562051732 -0.04906767432740299 -6.610902605088478e-20
    outer loop
      vertex 74.79 25.62 2
      vertex 74.79601909165976 25.74252142541195 2
      vertex 74.79601909165976 25.74252142541195 7
    endloop
  endfacet
  facet normal 0.9891765099647836 -0.14673047445534462 5.992604673787311e-20
    outer loop
      vertex 74.79601909165976 25.74252142541195 2
      vertex 74.81401839949596 25.86386290252016 2
      vertex 74.81401839949596 25.86386290252016 7
    endloop
  endfacet
  facet normal 0.9700312531945464 -0.24298017990325435 -3.286921752816633e-19
    outer loop
      vertex 74.81401839949596 25.86386290252016 2
      vertex 74.84382458033474 25.98285584656808 2
      vertex 74.84382458033474 25.98285584656808 7
    endloop
  endfacet
  facet normal 0.941544065183001 -0.3368898533922751 3.913864401937416e-19
    outer loop
      vertex 74.84382458033474 25.98285584656808 2
      vertex 74.8851505843609 26.098354290456363 2
      vertex 74.8851505843609 26.098354290456363 7
    endloop
  endfacet
  facet normal 0.9039892931234402 -0.4275550934302885 -2.2496213044915023e-20
    outer loop
      vertex 74.8851505843609 26.098354290456363 2
      vertex 74.93759841956457 26.209245921032498 2
      vertex 74.93759841956457 26.209245921032498 7
    endloop
  endfacet
  facet normal 0.8577286100002814 -0.5141027441932061 -3.8583055118183507e-19
    outer loop
      vertex 74.93759841956457 26.209245921032498 2
      vertex 75.00066298462183 26.314462791274504 2
      vertex 75.00066298462183 26.314462791274504 7
    endloop
  endfacet
  facet normal 0.8577286100002814 0.5141027441932061 3.8583055118183507e-19
    outer loop
      vertex 74.93759841956457 25.030754078967504 7
      vertex 75.00066298462183 24.925537208725498 7
      vertex 75.00066298462183 24.925537208725498 2
    endloop
  endfacet
  facet normal 0.9039892931234402 0.4275550934302885 0
    outer loop
      vertex 74.93759841956457 25.030754078967504 2
      vertex 74.8851505843609 25.14164570954364 7
      vertex 74.93759841956457 25.030754078967504 7
    endloop
  endfacet
  facet normal 0.9700312531945464 0.24298017990325435 0
    outer loop
      vertex 74.84382458033474 25.257144153431923 2
      vertex 74.81401839949596 25.37613709747984 7
      vertex 74.84382458033474 25.257144153431923 7
    endloop
  endfacet
  facet normal 0.941544065183001 0.3368898533922751 0
    outer loop
      vertex 74.8851505843609 25.14164570954364 2
      vertex 74.84382458033474 25.257144153431923 7
      vertex 74.8851505843609 25.14164570954364 7
    endloop
  endfacet
  facet normal 0.9891765099647836 0.14673047445534462 0
    outer loop
      vertex 74.81401839949596 25.37613709747984 2
      vertex 74.79601909165976 25.49747857458805 7
      vertex 74.81401839949596 25.37613709747984 7
    endloop
  endfacet
  facet normal 0.9987954562051732 0.04906767432740299 0
    outer loop
      vertex 74.79601909165976 25.49747857458805 2
      vertex 74.79 25.62 7
      vertex 74.79601909165976 25.49747857458805 7
    endloop
  endfacet
  facet normal 0.9987954562051732 -0.04906767432740299 0
    outer loop
      vertex 74.79 25.62 2
      vertex 74.79601909165976 25.74252142541195 7
      vertex 74.79 25.62 7
    endloop
  endfacet
  facet normal 0.9891765099647836 -0.14673047445534462 0
    outer loop
      vertex 74.79601909165976 25.74252142541195 2
      vertex 74.81401839949596 25.86386290252016 7
      vertex 74.79601909165976 25.74252142541195 7
    endloop
  endfacet
  facet normal 0.9700312531945464 -0.24298017990325435 0
    outer loop
      vertex 74.81401839949596 25.86386290252016 2
      vertex 74.84382458033474 25.98285584656808 7
      vertex 74.81401839949596 25.86386290252016 7
    endloop
  endfacet
  facet normal 0.941544065183001 -0.3368898533922751 0
    outer loop
      vertex 74.84382458033474 25.98285584656808 2
      vertex 74.8851505843609 26.098354290456363 7
      vertex 74.84382458033474 25.98285584656808 7
    endloop
  endfacet
  facet normal 0.9039892931234402 -0.4275550934302885 0
    outer loop
      vertex 74.8851505843609 26.098354290456363 2
      vertex 74.93759841956457 26.209245921032498 7
      vertex 74.8851505843609 26.098354290456363 7
    endloop
  endfacet
  facet normal 0.8577286100002814 -0.5141027441932061 0
    outer loop
      vertex 74.93759841956457 26.209245921032498 2
      vertex 75.00066298462183 26.314462791274504 7
      vertex 74.93759841956457 26.209245921032498 7
    endloop
  endfacet
  facet normal 0.5141027441932401 0.857728610000261 0
    outer loop
      vertex 75.3455372087255 24.58066298462182 2
      vertex 75.3455372087255 24.58066298462182 7
      vertex 75.4507540789675 24.517598419564557 2
    endloop
  endfacet
  facet normal 0.4275550934302885 0.9039892931234402 0
    outer loop
      vertex 75.4507540789675 24.517598419564557 2
      vertex 75.4507540789675 24.517598419564557 7
      vertex 75.56164570954364 24.46515058436089 2
    endloop
  endfacet
  facet normal 0.24298017990325435 0.9700312531945464 0
    outer loop
      vertex 75.67714415343193 24.42382458033474 2
      vertex 75.67714415343193 24.42382458033474 7
      vertex 75.79613709747984 24.394018399495963 2
    endloop
  endfacet
  facet normal 0.1467304744553362 0.9891765099647847 0
    outer loop
      vertex 75.79613709747984 24.394018399495963 2
      vertex 75.79613709747984 24.394018399495963 7
      vertex 75.91747857458806 24.376019091659757 2
    endloop
  endfacet
  facet normal 0.3368898533922238 0.9415440651830195 0
    outer loop
      vertex 75.56164570954364 24.46515058436089 2
      vertex 75.56164570954364 24.46515058436089 7
      vertex 75.67714415343193 24.42382458033474 2
    endloop
  endfacet
  facet normal 0.0490676743274333 0.9987954562051716 0
    outer loop
      vertex 75.91747857458806 24.376019091659757 2
      vertex 75.91747857458806 24.376019091659757 7
      vertex 76.04 24.37 2
    endloop
  endfacet
  facet normal -0.0490676743274333 0.9987954562051716 0
    outer loop
      vertex 76.04 24.37 2
      vertex 76.04 24.37 7
      vertex 76.16252142541195 24.376019091659757 2
    endloop
  endfacet
  facet normal 0.5956993044923973 0.8032075314806716 -3.1247213508700883e-19
    outer loop
      vertex 75.3455372087255 24.58066298462182 2
      vertex 75.24700839479544 24.653736933296578 2
      vertex 75.24700839479544 24.653736933296578 7
    endloop
  endfacet
  facet normal 0.671558954847078 0.7409511253549049 -1.3939546345497963e-19
    outer loop
      vertex 75.24700839479544 24.653736933296578 2
      vertex 75.15611652351683 24.736116523516817 2
      vertex 75.15611652351683 24.736116523516817 7
    endloop
  endfacet
  facet normal 0.7409511253549429 0.6715589548470363 -1.3983515824991375e-19
    outer loop
      vertex 75.15611652351683 24.736116523516817 2
      vertex 75.07373693329659 24.827008394795445 2
      vertex 75.07373693329659 24.827008394795445 7
    endloop
  endfacet
  facet normal 0.8032075314806373 0.5956993044924438 -2.449243996854905e-19
    outer loop
      vertex 75.07373693329659 24.827008394795445 2
      vertex 75.00066298462183 24.925537208725498 2
      vertex 75.00066298462183 24.925537208725498 7
    endloop
  endfacet
  facet normal -0.1467304744553362 0.9891765099647847 0
    outer loop
      vertex 76.16252142541195 24.376019091659757 2
      vertex 76.16252142541195 24.376019091659757 7
      vertex 76.28386290252017 24.394018399495963 2
    endloop
  endfacet
  facet normal -0.24298017990325435 0.9700312531945464 0
    outer loop
      vertex 76.28386290252017 24.394018399495963 2
      vertex 76.28386290252017 24.394018399495963 7
      vertex 76.40285584656809 24.42382458033474 2
    endloop
  endfacet
  facet normal -0.3368898533922238 0.9415440651830195 0
    outer loop
      vertex 76.40285584656809 24.42382458033474 2
      vertex 76.40285584656809 24.42382458033474 7
      vertex 76.51835429045637 24.46515058436089 2
    endloop
  endfacet
  facet normal -0.4275550934302885 0.9039892931234402 0
    outer loop
      vertex 76.51835429045637 24.46515058436089 2
      vertex 76.51835429045637 24.46515058436089 7
      vertex 76.6292459210325 24.517598419564557 2
    endloop
  endfacet
  facet normal -0.5141027441932401 0.857728610000261 0
    outer loop
      vertex 76.6292459210325 24.517598419564557 2
      vertex 76.6292459210325 24.517598419564557 7
      vertex 76.73446279127451 24.58066298462182 2
    endloop
  endfacet
  facet normal -0.5956993044923973 0.8032075314806716 0
    outer loop
      vertex 76.73446279127451 24.58066298462182 2
      vertex 76.73446279127451 24.58066298462182 7
      vertex 76.83299160520457 24.653736933296578 2
    endloop
  endfacet
  facet normal -0.671558954847078 0.7409511253549049 0
    outer loop
      vertex 76.83299160520457 24.653736933296578 2
      vertex 76.83299160520457 24.653736933296578 7
      vertex 76.92388347648318 24.736116523516817 2
    endloop
  endfacet
  facet normal -0.7409511253549429 0.6715589548470363 0
    outer loop
      vertex 76.92388347648318 24.736116523516817 2
      vertex 76.92388347648318 24.736116523516817 7
      vertex 77.00626306670343 24.827008394795445 2
    endloop
  endfacet
  facet normal -0.8032075314806373 0.5956993044924438 0
    outer loop
      vertex 77.00626306670343 24.827008394795445 2
      vertex 77.00626306670343 24.827008394795445 7
      vertex 77.07933701537819 24.925537208725498 2
    endloop
  endfacet
  facet normal -0.8577286100002814 0.5141027441932061 0
    outer loop
      vertex 77.07933701537819 24.925537208725498 2
      vertex 77.07933701537819 24.925537208725498 7
      vertex 77.14240158043545 25.030754078967504 2
    endloop
  endfacet
  facet normal -0.9039892931234402 0.4275550934302885 0
    outer loop
      vertex 77.14240158043545 25.030754078967504 2
      vertex 77.14240158043545 25.030754078967504 7
      vertex 77.19484941563911 25.14164570954364 2
    endloop
  endfacet
  facet normal -0.941544065183001 0.3368898533922751 0
    outer loop
      vertex 77.19484941563911 25.14164570954364 2
      vertex 77.19484941563911 25.14164570954364 7
      vertex 77.23617541966527 25.257144153431923 2
    endloop
  endfacet
  facet normal -0.9700312531945464 0.24298017990325435 0
    outer loop
      vertex 77.23617541966527 25.257144153431923 2
      vertex 77.23617541966527 25.257144153431923 7
      vertex 77.26598160050405 25.37613709747984 2
    endloop
  endfacet
  facet normal 0.8032075314806373 -0.5956993044924438 2.449243996854905e-19
    outer loop
      vertex 75.00066298462183 26.314462791274504 2
      vertex 75.07373693329659 26.412991605204557 2
      vertex 75.07373693329659 26.412991605204557 7
    endloop
  endfacet
  facet normal 0.7409511253549429 -0.6715589548470363 1.3983515824991375e-19
    outer loop
      vertex 75.07373693329659 26.412991605204557 2
      vertex 75.15611652351683 26.503883476483185 2
      vertex 75.15611652351683 26.503883476483185 7
    endloop
  endfacet
  facet normal 0.671558954847078 -0.7409511253549049 1.3939546345497963e-19
    outer loop
      vertex 75.15611652351683 26.503883476483185 2
      vertex 75.24700839479544 26.586263066703424 2
      vertex 75.24700839479544 26.586263066703424 7
    endloop
  endfacet
  facet normal 0.5956993044923973 -0.8032075314806716 3.1247213508700883e-19
    outer loop
      vertex 75.24700839479544 26.586263066703424 2
      vertex 75.3455372087255 26.65933701537818 2
      vertex 75.3455372087255 26.65933701537818 7
    endloop
  endfacet
  facet normal 0.5141027441932401 -0.857728610000261 5.416269598605606e-19
    outer loop
      vertex 75.3455372087255 26.65933701537818 2
      vertex 75.4507540789675 26.722401580435445 2
      vertex 75.4507540789675 26.722401580435445 7
    endloop
  endfacet
  facet normal -0.9891765099647836 0.14673047445534462 0
    outer loop
      vertex 77.26598160050405 25.37613709747984 2
      vertex 77.26598160050405 25.37613709747984 7
      vertex 77.28398090834025 25.49747857458805 2
    endloop
  endfacet
  facet normal -0.9987954562051732 0.04906767432740299 0
    outer loop
      vertex 77.28398090834025 25.49747857458805 2
      vertex 77.28398090834025 25.49747857458805 7
      vertex 77.29 25.62 2
    endloop
  endfacet
  facet normal -0.9987954562051732 -0.04906767432740299 0
    outer loop
      vertex 77.29 25.62 2
      vertex 77.29 25.62 7
      vertex 77.28398090834025 25.74252142541195 2
    endloop
  endfacet
  facet normal -0.9891765099647836 -0.14673047445534462 0
    outer loop
      vertex 77.28398090834025 25.74252142541195 2
      vertex 77.28398090834025 25.74252142541195 7
      vertex 77.26598160050405 25.86386290252016 2
    endloop
  endfacet
  facet normal -0.9700312531945464 -0.24298017990325435 0
    outer loop
      vertex 77.26598160050405 25.86386290252016 2
      vertex 77.26598160050405 25.86386290252016 7
      vertex 77.23617541966527 25.98285584656808 2
    endloop
  endfacet
  facet normal -0.5141027441932401 -0.857728610000261 0
    outer loop
      vertex 76.73446279127451 26.65933701537818 2
      vertex 76.73446279127451 26.65933701537818 7
      vertex 76.6292459210325 26.722401580435445 2
    endloop
  endfacet
  facet normal -0.9039892931234402 -0.4275550934302885 0
    outer loop
      vertex 77.19484941563911 26.098354290456363 2
      vertex 77.19484941563911 26.098354290456363 7
      vertex 77.14240158043545 26.209245921032498 2
    endloop
  endfacet
  facet normal -0.941544065183001 -0.3368898533922751 0
    outer loop
      vertex 77.23617541966527 25.98285584656808 2
      vertex 77.23617541966527 25.98285584656808 7
      vertex 77.19484941563911 26.098354290456363 2
    endloop
  endfacet
  facet normal -0.8577286100002814 -0.5141027441932061 0
    outer loop
      vertex 77.14240158043545 26.209245921032498 2
      vertex 77.14240158043545 26.209245921032498 7
      vertex 77.07933701537819 26.314462791274504 2
    endloop
  endfacet
  facet normal -0.8032075314806373 -0.5956993044924438 0
    outer loop
      vertex 77.07933701537819 26.314462791274504 2
      vertex 77.07933701537819 26.314462791274504 7
      vertex 77.00626306670343 26.412991605204557 2
    endloop
  endfacet
  facet normal -0.671558954847078 -0.7409511253549049 0
    outer loop
      vertex 76.92388347648318 26.503883476483185 2
      vertex 76.92388347648318 26.503883476483185 7
      vertex 76.83299160520457 26.586263066703424 2
    endloop
  endfacet
  facet normal -0.7409511253549429 -0.6715589548470363 0
    outer loop
      vertex 77.00626306670343 26.412991605204557 2
      vertex 77.00626306670343 26.412991605204557 7
      vertex 76.92388347648318 26.503883476483185 2
    endloop
  endfacet
  facet normal -0.5956993044923973 -0.8032075314806716 -3.1247213508700883e-19
    outer loop
      vertex 76.73446279127451 26.65933701537818 2
      vertex 76.83299160520457 26.586263066703424 2
      vertex 76.83299160520457 26.586263066703424 7
    endloop
  endfacet
  facet normal 0.4275550934302885 -0.9039892931234402 -2.2496213044915023e-20
    outer loop
      vertex 75.4507540789675 26.722401580435445 2
      vertex 75.56164570954364 26.77484941563911 2
      vertex 75.56164570954364 26.77484941563911 7
    endloop
  endfacet
  facet normal 0.3368898533922238 -0.9415440651830195 1.6052352838893347e-19
    outer loop
      vertex 75.56164570954364 26.77484941563911 2
      vertex 75.67714415343193 26.816175419665264 2
      vertex 75.67714415343193 26.816175419665264 7
    endloop
  endfacet
  facet normal 0.24298017990325435 -0.9700312531945464 -3.286921752816633e-19
    outer loop
      vertex 75.67714415343193 26.816175419665264 2
      vertex 75.79613709747984 26.84598160050404 2
      vertex 75.79613709747984 26.84598160050404 7
    endloop
  endfacet
  facet normal 0.1467304744553362 -0.9891765099647847 -1.0314960801454548e-20
    outer loop
      vertex 75.79613709747984 26.84598160050404 2
      vertex 75.91747857458806 26.863980908340245 2
      vertex 75.91747857458806 26.863980908340245 7
    endloop
  endfacet
  facet normal 0.0490676743274333 -0.9987954562051716 3.084359573200742e-20
    outer loop
      vertex 75.91747857458806 26.863980908340245 2
      vertex 76.04 26.87 2
      vertex 76.04 26.87 7
    endloop
  endfacet
  facet normal -0.0490676743274333 -0.9987954562051716 -3.084359573200742e-20
    outer loop
      vertex 76.04 26.87 2
      vertex 76.16252142541195 26.863980908340245 2
      vertex 76.16252142541195 26.863980908340245 7
    endloop
  endfacet
  facet normal -0.1467304744553362 -0.9891765099647847 1.0314960801454548e-20
    outer loop
      vertex 76.16252142541195 26.863980908340245 2
      vertex 76.28386290252017 26.84598160050404 2
      vertex 76.28386290252017 26.84598160050404 7
    endloop
  endfacet
  facet normal -0.24298017990325435 -0.9700312531945464 3.286921752816633e-19
    outer loop
      vertex 76.28386290252017 26.84598160050404 2
      vertex 76.40285584656809 26.816175419665264 2
      vertex 76.40285584656809 26.816175419665264 7
    endloop
  endfacet
  facet normal -0.3368898533922238 -0.9415440651830195 -1.6052352838893347e-19
    outer loop
      vertex 76.40285584656809 26.816175419665264 2
      vertex 76.51835429045637 26.77484941563911 2
      vertex 76.51835429045637 26.77484941563911 7
    endloop
  endfacet
  facet normal -0.4275550934302885 -0.9039892931234402 2.2496213044915023e-20
    outer loop
      vertex 76.51835429045637 26.77484941563911 2
      vertex 76.6292459210325 26.722401580435445 2
      vertex 76.6292459210325 26.722401580435445 7
    endloop
  endfacet
  facet normal 0.5956993044923973 0.8032075314806716 0
    outer loop
      vertex 75.3455372087255 24.58066298462182 2
      vertex 75.24700839479544 24.653736933296578 7
      vertex 75.3455372087255 24.58066298462182 7
    endloop
  endfacet
  facet normal 0.5141027441932401 0.857728610000261 0
    outer loop
      vertex 75.4507540789675 24.517598419564557 2
      vertex 75.3455372087255 24.58066298462182 7
      vertex 75.4507540789675 24.517598419564557 7
    endloop
  endfacet
  facet normal 0.4275550934302885 0.9039892931234402 0
    outer loop
      vertex 75.56164570954364 24.46515058436089 2
      vertex 75.4507540789675 24.517598419564557 7
      vertex 75.56164570954364 24.46515058436089 7
    endloop
  endfacet
  facet normal 0.24298017990325435 0.9700312531945464 0
    outer loop
      vertex 75.79613709747984 24.394018399495963 2
      vertex 75.67714415343193 24.42382458033474 7
      vertex 75.79613709747984 24.394018399495963 7
    endloop
  endfacet
  facet normal 0.1467304744553362 0.9891765099647847 0
    outer loop
      vertex 75.91747857458806 24.376019091659757 2
      vertex 75.79613709747984 24.394018399495963 7
      vertex 75.91747857458806 24.376019091659757 7
    endloop
  endfacet
  facet normal 0.3368898533922238 0.9415440651830195 0
    outer loop
      vertex 75.67714415343193 24.42382458033474 2
      vertex 75.56164570954364 24.46515058436089 7
      vertex 75.67714415343193 24.42382458033474 7
    endloop
  endfacet
  facet normal 0.0490676743274333 0.9987954562051716 0
    outer loop
      vertex 76.04 24.37 2
      vertex 75.91747857458806 24.376019091659757 7
      vertex 76.04 24.37 7
    endloop
  endfacet
  facet normal -0.0490676743274333 0.9987954562051716 0
    outer loop
      vertex 76.16252142541195 24.376019091659757 2
      vertex 76.04 24.37 7
      vertex 76.16252142541195 24.376019091659757 7
    endloop
  endfacet
  facet normal 0.7409511253549429 0.6715589548470363 0
    outer loop
      vertex 75.15611652351683 24.736116523516817 2
      vertex 75.07373693329659 24.827008394795445 7
      vertex 75.15611652351683 24.736116523516817 7
    endloop
  endfacet
  facet normal 0.671558954847078 0.7409511253549049 0
    outer loop
      vertex 75.24700839479544 24.653736933296578 2
      vertex 75.15611652351683 24.736116523516817 7
      vertex 75.24700839479544 24.653736933296578 7
    endloop
  endfacet
  facet normal 0.8032075314806373 0.5956993044924438 0
    outer loop
      vertex 75.07373693329659 24.827008394795445 2
      vertex 75.00066298462183 24.925537208725498 7
      vertex 75.07373693329659 24.827008394795445 7
    endloop
  endfacet
  facet normal -0.1467304744553362 0.9891765099647847 0
    outer loop
      vertex 76.28386290252017 24.394018399495963 2
      vertex 76.16252142541195 24.376019091659757 7
      vertex 76.28386290252017 24.394018399495963 7
    endloop
  endfacet
  facet normal -0.24298017990325435 0.9700312531945464 0
    outer loop
      vertex 76.40285584656809 24.42382458033474 2
      vertex 76.28386290252017 24.394018399495963 7
      vertex 76.40285584656809 24.42382458033474 7
    endloop
  endfacet
  facet normal -0.3368898533922238 0.9415440651830195 0
    outer loop
      vertex 76.51835429045637 24.46515058436089 2
      vertex 76.40285584656809 24.42382458033474 7
      vertex 76.51835429045637 24.46515058436089 7
    endloop
  endfacet
  facet normal -0.4275550934302885 0.9039892931234402 0
    outer loop
      vertex 76.6292459210325 24.517598419564557 2
      vertex 76.51835429045637 24.46515058436089 7
      vertex 76.6292459210325 24.517598419564557 7
    endloop
  endfacet
  facet normal -0.5141027441932401 0.857728610000261 0
    outer loop
      vertex 76.73446279127451 24.58066298462182 2
      vertex 76.6292459210325 24.517598419564557 7
      vertex 76.73446279127451 24.58066298462182 7
    endloop
  endfacet
  facet normal -0.5956993044923973 0.8032075314806716 0
    outer loop
      vertex 76.83299160520457 24.653736933296578 2
      vertex 76.73446279127451 24.58066298462182 7
      vertex 76.83299160520457 24.653736933296578 7
    endloop
  endfacet
  facet normal -0.671558954847078 0.7409511253549049 0
    outer loop
      vertex 76.92388347648318 24.736116523516817 2
      vertex 76.83299160520457 24.653736933296578 7
      vertex 76.92388347648318 24.736116523516817 7
    endloop
  endfacet
  facet normal -0.7409511253549429 0.6715589548470363 0
    outer loop
      vertex 77.00626306670343 24.827008394795445 2
      vertex 76.92388347648318 24.736116523516817 7
      vertex 77.00626306670343 24.827008394795445 7
    endloop
  endfacet
  facet normal -0.8032075314806373 0.5956993044924438 0
    outer loop
      vertex 77.07933701537819 24.925537208725498 2
      vertex 77.00626306670343 24.827008394795445 7
      vertex 77.07933701537819 24.925537208725498 7
    endloop
  endfacet
  facet normal -0.8577286100002814 0.5141027441932061 0
    outer loop
      vertex 77.14240158043545 25.030754078967504 2
      vertex 77.07933701537819 24.925537208725498 7
      vertex 77.14240158043545 25.030754078967504 7
    endloop
  endfacet
  facet normal -0.9039892931234402 0.4275550934302885 0
    outer loop
      vertex 77.19484941563911 25.14164570954364 2
      vertex 77.14240158043545 25.030754078967504 7
      vertex 77.19484941563911 25.14164570954364 7
    endloop
  endfacet
  facet normal -0.941544065183001 0.3368898533922751 0
    outer loop
      vertex 77.23617541966527 25.257144153431923 2
      vertex 77.19484941563911 25.14164570954364 7
      vertex 77.23617541966527 25.257144153431923 7
    endloop
  endfacet
  facet normal 0.8032075314806373 -0.5956993044924438 0
    outer loop
      vertex 75.00066298462183 26.314462791274504 2
      vertex 75.07373693329659 26.412991605204557 7
      vertex 75.00066298462183 26.314462791274504 7
    endloop
  endfacet
  facet normal 0.7409511253549429 -0.6715589548470363 0
    outer loop
      vertex 75.07373693329659 26.412991605204557 2
      vertex 75.15611652351683 26.503883476483185 7
      vertex 75.07373693329659 26.412991605204557 7
    endloop
  endfacet
  facet normal 0.671558954847078 -0.7409511253549049 0
    outer loop
      vertex 75.15611652351683 26.503883476483185 2
      vertex 75.24700839479544 26.586263066703424 7
      vertex 75.15611652351683 26.503883476483185 7
    endloop
  endfacet
  facet normal 0.5956993044923973 -0.8032075314806716 0
    outer loop
      vertex 75.24700839479544 26.586263066703424 2
      vertex 75.3455372087255 26.65933701537818 7
      vertex 75.24700839479544 26.586263066703424 7
    endloop
  endfacet
  facet normal 0.5141027441932401 -0.857728610000261 0
    outer loop
      vertex 75.3455372087255 26.65933701537818 2
      vertex 75.4507540789675 26.722401580435445 7
      vertex 75.3455372087255 26.65933701537818 7
    endloop
  endfacet
  facet normal -0.9700312531945464 0.24298017990325435 0
    outer loop
      vertex 77.26598160050405 25.37613709747984 2
      vertex 77.23617541966527 25.257144153431923 7
      vertex 77.26598160050405 25.37613709747984 7
    endloop
  endfacet
  facet normal -0.9891765099647836 0.14673047445534462 0
    outer loop
      vertex 77.28398090834025 25.49747857458805 2
      vertex 77.26598160050405 25.37613709747984 7
      vertex 77.28398090834025 25.49747857458805 7
    endloop
  endfacet
  facet normal -0.9987954562051732 0.04906767432740299 0
    outer loop
      vertex 77.29 25.62 2
      vertex 77.28398090834025 25.49747857458805 7
      vertex 77.29 25.62 7
    endloop
  endfacet
  facet normal -0.9987954562051732 -0.04906767432740299 0
    outer loop
      vertex 77.28398090834025 25.74252142541195 2
      vertex 77.29 25.62 7
      vertex 77.28398090834025 25.74252142541195 7
    endloop
  endfacet
  facet normal -0.9891765099647836 -0.14673047445534462 0
    outer loop
      vertex 77.26598160050405 25.86386290252016 2
      vertex 77.28398090834025 25.74252142541195 7
      vertex 77.26598160050405 25.86386290252016 7
    endloop
  endfacet
  facet normal -0.9700312531945464 -0.24298017990325435 0
    outer loop
      vertex 77.23617541966527 25.98285584656808 2
      vertex 77.26598160050405 25.86386290252016 7
      vertex 77.23617541966527 25.98285584656808 7
    endloop
  endfacet
  facet normal -0.5141027441932401 -0.857728610000261 0
    outer loop
      vertex 76.6292459210325 26.722401580435445 2
      vertex 76.73446279127451 26.65933701537818 7
      vertex 76.6292459210325 26.722401580435445 7
    endloop
  endfacet
  facet normal -0.9039892931234402 -0.4275550934302885 0
    outer loop
      vertex 77.14240158043545 26.209245921032498 2
      vertex 77.19484941563911 26.098354290456363 7
      vertex 77.14240158043545 26.209245921032498 7
    endloop
  endfacet
  facet normal -0.941544065183001 -0.3368898533922751 0
    outer loop
      vertex 77.19484941563911 26.098354290456363 2
      vertex 77.23617541966527 25.98285584656808 7
      vertex 77.19484941563911 26.098354290456363 7
    endloop
  endfacet
  facet normal -0.8577286100002814 -0.5141027441932061 0
    outer loop
      vertex 77.07933701537819 26.314462791274504 2
      vertex 77.14240158043545 26.209245921032498 7
      vertex 77.07933701537819 26.314462791274504 7
    endloop
  endfacet
  facet normal -0.8032075314806373 -0.5956993044924438 0
    outer loop
      vertex 77.00626306670343 26.412991605204557 2
      vertex 77.07933701537819 26.314462791274504 7
      vertex 77.00626306670343 26.412991605204557 7
    endloop
  endfacet
  facet normal -0.7409511253549429 -0.6715589548470363 0
    outer loop
      vertex 76.92388347648318 26.503883476483185 2
      vertex 77.00626306670343 26.412991605204557 7
      vertex 76.92388347648318 26.503883476483185 7
    endloop
  endfacet
  facet normal -0.671558954847078 -0.7409511253549049 0
    outer loop
      vertex 76.83299160520457 26.586263066703424 2
      vertex 76.92388347648318 26.503883476483185 7
      vertex 76.83299160520457 26.586263066703424 7
    endloop
  endfacet
  facet normal -0.5956993044923973 -0.8032075314806716 0
    outer loop
      vertex 76.73446279127451 26.65933701537818 2
      vertex 76.83299160520457 26.586263066703424 7
      vertex 76.73446279127451 26.65933701537818 7
    endloop
  endfacet
  facet normal 0.4275550934302885 -0.9039892931234402 0
    outer loop
      vertex 75.4507540789675 26.722401580435445 2
      vertex 75.56164570954364 26.77484941563911 7
      vertex 75.4507540789675 26.722401580435445 7
    endloop
  endfacet
  facet normal 0.3368898533922238 -0.9415440651830195 0
    outer loop
      vertex 75.56164570954364 26.77484941563911 2
      vertex 75.67714415343193 26.816175419665264 7
      vertex 75.56164570954364 26.77484941563911 7
    endloop
  endfacet
  facet normal 0.24298017990325435 -0.9700312531945464 0
    outer loop
      vertex 75.67714415343193 26.816175419665264 2
      vertex 75.79613709747984 26.84598160050404 7
      vertex 75.67714415343193 26.816175419665264 7
    endloop
  endfacet
  facet normal 0.1467304744553362 -0.9891765099647847 0
    outer loop
      vertex 75.79613709747984 26.84598160050404 2
      vertex 75.91747857458806 26.863980908340245 7
      vertex 75.79613709747984 26.84598160050404 7
    endloop
  endfacet
  facet normal 0.0490676743274333 -0.9987954562051716 0
    outer loop
      vertex 75.91747857458806 26.863980908340245 2
      vertex 76.04 26.87 7
      vertex 75.91747857458806 26.863980908340245 7
    endloop
  endfacet
  facet normal -0.0490676743274333 -0.9987954562051716 0
    outer loop
      vertex 76.04 26.87 2
      vertex 76.16252142541195 26.863980908340245 7
      vertex 76.04 26.87 7
    endloop
  endfacet
  facet normal -0.1467304744553362 -0.9891765099647847 0
    outer loop
      vertex 76.16252142541195 26.863980908340245 2
      vertex 76.28386290252017 26.84598160050404 7
      vertex 76.16252142541195 26.863980908340245 7
    endloop
  endfacet
  facet normal -0.3368898533922238 -0.9415440651830195 0
    outer loop
      vertex 76.40285584656809 26.816175419665264 2
      vertex 76.51835429045637 26.77484941563911 7
      vertex 76.40285584656809 26.816175419665264 7
    endloop
  endfacet
  facet normal -0.24298017990325435 -0.9700312531945464 0
    outer loop
      vertex 76.28386290252017 26.84598160050404 2
      vertex 76.40285584656809 26.816175419665264 7
      vertex 76.28386290252017 26.84598160050404 7
    endloop
  endfacet
  facet normal -0.4275550934302885 -0.9039892931234402 0
    outer loop
      vertex 76.51835429045637 26.77484941563911 2
      vertex 76.6292459210325 26.722401580435445 7
      vertex 76.51835429045637 26.77484941563911 7
    endloop
  endfacet
  facet normal 0.5141027441932274 0.8577286100002687 0
    outer loop
      vertex 24.5455372087255 19.50066298462182 2
      vertex 24.5455372087255 19.50066298462182 7
      vertex 24.650754078967505 19.437598419564555 2
    endloop
  endfacet
  facet normal 0.6715589548470203 0.7409511253549572 2.7465826155486783e-19
    outer loop
      vertex 24.447008394795446 19.573736933296576 2
      vertex 24.356116523516818 19.656116523516815 2
      vertex 24.356116523516818 19.656116523516815 7
    endloop
  endfacet
  facet normal 0.595699304492425 0.803207531480651 5.668272927006283e-19
    outer loop
      vertex 24.5455372087255 19.50066298462182 2
      vertex 24.447008394795446 19.573736933296576 2
      vertex 24.447008394795446 19.573736933296576 7
    endloop
  endfacet
  facet normal 0.24298017990328158 0.9700312531945395 -2.300359146461736e-19
    outer loop
      vertex 24.996137097479842 19.31401839949596 2
      vertex 24.877144153431924 19.34382458033474 2
      vertex 24.877144153431924 19.34382458033474 7
    endloop
  endfacet
  facet normal 0.146730474455373 0.9891765099647795 0
    outer loop
      vertex 24.996137097479842 19.31401839949596 2
      vertex 24.996137097479842 19.31401839949596 7
      vertex 25.117478574588052 19.29601909165975 2
    endloop
  endfacet
  facet normal 0.04906767432740299 0.9987954562051732 0
    outer loop
      vertex 25.117478574588052 19.29601909165975 2
      vertex 25.117478574588052 19.29601909165975 7
      vertex 25.240000000000002 19.29 2
    endloop
  endfacet
  facet normal 0.4275550934302885 0.9039892931234402 0
    outer loop
      vertex 24.650754078967505 19.437598419564555 2
      vertex 24.650754078967505 19.437598419564555 7
      vertex 24.76164570954364 19.38515058436089 2
    endloop
  endfacet
  facet normal 0.3368898533921981 0.9415440651830287 0
    outer loop
      vertex 24.76164570954364 19.38515058436089 2
      vertex 24.76164570954364 19.38515058436089 7
      vertex 24.877144153431924 19.34382458033474 2
    endloop
  endfacet
  facet normal -0.04906767432740299 0.9987954562051732 0
    outer loop
      vertex 25.240000000000002 19.29 2
      vertex 25.240000000000002 19.29 7
      vertex 25.362521425411952 19.29601909165975 2
    endloop
  endfacet
  facet normal -0.146730474455373 0.9891765099647795 0
    outer loop
      vertex 25.362521425411952 19.29601909165975 2
      vertex 25.362521425411952 19.29601909165975 7
      vertex 25.483862902520162 19.31401839949596 2
    endloop
  endfacet
  facet normal -0.24298017990328158 0.9700312531945395 0
    outer loop
      vertex 25.483862902520162 19.31401839949596 2
      vertex 25.483862902520162 19.31401839949596 7
      vertex 25.60285584656808 19.34382458033474 2
    endloop
  endfacet
  facet normal -0.3368898533921981 0.9415440651830287 0
    outer loop
      vertex 25.60285584656808 19.34382458033474 2
      vertex 25.60285584656808 19.34382458033474 7
      vertex 25.718354290456364 19.38515058436089 2
    endloop
  endfacet
  facet normal -0.4275550934302885 0.9039892931234402 0
    outer loop
      vertex 25.718354290456364 19.38515058436089 2
      vertex 25.718354290456364 19.38515058436089 7
      vertex 25.8292459210325 19.437598419564555 2
    endloop
  endfacet
  facet normal -0.5141027441932274 0.8577286100002687 0
    outer loop
      vertex 25.8292459210325 19.437598419564555 2
      vertex 25.8292459210325 19.437598419564555 7
      vertex 25.934462791274505 19.50066298462182 2
    endloop
  endfacet
  facet normal -0.595699304492425 0.803207531480651 0
    outer loop
      vertex 25.934462791274505 19.50066298462182 2
      vertex 25.934462791274505 19.50066298462182 7
      vertex 26.032991605204558 19.573736933296576 2
    endloop
  endfacet
  facet normal -0.6715589548470203 0.7409511253549572 0
    outer loop
      vertex 26.032991605204558 19.573736933296576 2
      vertex 26.032991605204558 19.573736933296576 7
      vertex 26.123883476483186 19.656116523516815 2
    endloop
  endfacet
  facet normal -0.7409511253549572 0.6715589548470203 0
    outer loop
      vertex 26.123883476483186 19.656116523516815 2
      vertex 26.123883476483186 19.656116523516815 7
      vertex 26.206263066703425 19.747008394795444 2
    endloop
  endfacet
  facet normal 0.9891765099647795 0.146730474455373 -8.070020917130307e-20
    outer loop
      vertex 24.014018399495964 20.29613709747984 2
      vertex 23.996019091659754 20.41747857458805 2
      vertex 23.996019091659754 20.41747857458805 7
    endloop
  endfacet
  facet normal 0.7409511253549572 0.6715589548470203 2.7465826155486783e-19
    outer loop
      vertex 24.356116523516818 19.656116523516815 2
      vertex 24.27373693329658 19.747008394795444 2
      vertex 24.27373693329658 19.747008394795444 7
    endloop
  endfacet
  facet normal 0.803207531480651 0.595699304492425 5.668272927006283e-19
    outer loop
      vertex 24.27373693329658 19.747008394795444 2
      vertex 24.20066298462182 19.845537208725496 2
      vertex 24.20066298462182 19.845537208725496 7
    endloop
  endfacet
  facet normal 0.8577286100002687 0.5141027441932274 4.306583104324621e-19
    outer loop
      vertex 24.20066298462182 19.845537208725496 2
      vertex 24.137598419564558 19.950754078967503 2
      vertex 24.137598419564558 19.950754078967503 7
    endloop
  endfacet
  facet normal 0.9039892931234402 0.4275550934302885 2.2496213044915023e-20
    outer loop
      vertex 24.137598419564558 19.950754078967503 2
      vertex 24.085150584360893 20.061645709543637 2
      vertex 24.085150584360893 20.061645709543637 7
    endloop
  endfacet
  facet normal 0.9415440651830287 0.3368898533921981 -4.509207248652602e-20
    outer loop
      vertex 24.085150584360893 20.061645709543637 2
      vertex 24.043824580334743 20.17714415343192 2
      vertex 24.043824580334743 20.17714415343192 7
    endloop
  endfacet
  facet normal 0.9700312531945395 0.24298017990328158 0
    outer loop
      vertex 24.014018399495964 20.29613709747984 2
      vertex 24.014018399495964 20.29613709747984 7
      vertex 24.043824580334743 20.17714415343192 2
    endloop
  endfacet
  facet normal 0.9987954562051732 0.04906767432740299 6.610902605088478e-20
    outer loop
      vertex 23.996019091659754 20.41747857458805 2
      vertex 23.990000000000002 20.54 2
      vertex 23.990000000000002 20.54 7
    endloop
  endfacet
  facet normal 0.9987954562051732 -0.04906767432740299 -6.610902605088478e-20
    outer loop
      vertex 23.990000000000002 20.54 2
      vertex 23.996019091659754 20.66252142541195 2
      vertex 23.996019091659754 20.66252142541195 7
    endloop
  endfacet
  facet normal 0.9891765099647795 -0.146730474455373 8.070020917130307e-20
    outer loop
      vertex 23.996019091659754 20.66252142541195 2
      vertex 24.014018399495964 20.78386290252016 2
      vertex 24.014018399495964 20.78386290252016 7
    endloop
  endfacet
  facet normal 0.9700312531945395 -0.24298017990328158 2.300359146461736e-19
    outer loop
      vertex 24.014018399495964 20.78386290252016 2
      vertex 24.043824580334743 20.902855846568077 2
      vertex 24.043824580334743 20.902855846568077 7
    endloop
  endfacet
  facet normal 0.9415440651830287 -0.3368898533921981 4.509207248652602e-20
    outer loop
      vertex 24.043824580334743 20.902855846568077 2
      vertex 24.085150584360893 21.01835429045636 2
      vertex 24.085150584360893 21.01835429045636 7
    endloop
  endfacet
  facet normal 0.9039892931234402 -0.4275550934302885 -2.2496213044915023e-20
    outer loop
      vertex 24.085150584360893 21.01835429045636 2
      vertex 24.137598419564558 21.129245921032496 2
      vertex 24.137598419564558 21.129245921032496 7
    endloop
  endfacet
  facet normal 0.8577286100002687 -0.5141027441932274 -4.306583104324621e-19
    outer loop
      vertex 24.137598419564558 21.129245921032496 2
      vertex 24.20066298462182 21.234462791274503 2
      vertex 24.20066298462182 21.234462791274503 7
    endloop
  endfacet
  facet normal 0.803207531480651 -0.595699304492425 -5.668272927006283e-19
    outer loop
      vertex 24.20066298462182 21.234462791274503 2
      vertex 24.27373693329658 21.332991605204555 2
      vertex 24.27373693329658 21.332991605204555 7
    endloop
  endfacet
  facet normal 0.7409511253549572 -0.6715589548470203 -2.7465826155486783e-19
    outer loop
      vertex 24.27373693329658 21.332991605204555 2
      vertex 24.356116523516818 21.423883476483184 2
      vertex 24.356116523516818 21.423883476483184 7
    endloop
  endfacet
  facet normal 0.6715589548470203 -0.7409511253549572 -2.7465826155486783e-19
    outer loop
      vertex 24.356116523516818 21.423883476483184 2
      vertex 24.447008394795446 21.506263066703422 2
      vertex 24.447008394795446 21.506263066703422 7
    endloop
  endfacet
  facet normal 0.595699304492425 -0.803207531480651 -5.668272927006283e-19
    outer loop
      vertex 24.447008394795446 21.506263066703422 2
      vertex 24.5455372087255 21.57933701537818 2
      vertex 24.5455372087255 21.57933701537818 7
    endloop
  endfacet
  facet normal 0.5141027441932274 -0.8577286100002687 -4.306583104324621e-19
    outer loop
      vertex 24.5455372087255 21.57933701537818 2
      vertex 24.650754078967505 21.642401580435443 2
      vertex 24.650754078967505 21.642401580435443 7
    endloop
  endfacet
  facet normal 0.4275550934302885 -0.9039892931234402 -2.2496213044915023e-20
    outer loop
      vertex 24.650754078967505 21.642401580435443 2
      vertex 24.76164570954364 21.69484941563911 2
      vertex 24.76164570954364 21.69484941563911 7
    endloop
  endfacet
  facet normal 0.3368898533921981 -0.9415440651830287 4.509207248652602e-20
    outer loop
      vertex 24.76164570954364 21.69484941563911 2
      vertex 24.877144153431924 21.73617541966526 2
      vertex 24.877144153431924 21.73617541966526 7
    endloop
  endfacet
  facet normal 0.24298017990328158 -0.9700312531945395 2.300359146461736e-19
    outer loop
      vertex 24.877144153431924 21.73617541966526 2
      vertex 24.996137097479842 21.765981600504038 2
      vertex 24.996137097479842 21.765981600504038 7
    endloop
  endfacet
  facet normal 0.146730474455373 -0.9891765099647795 8.070020917130307e-20
    outer loop
      vertex 24.996137097479842 21.765981600504038 2
      vertex 25.117478574588052 21.783980908340247 2
      vertex 25.117478574588052 21.783980908340247 7
    endloop
  endfacet
  facet normal 0.04906767432740299 -0.9987954562051732 -6.610902605088478e-20
    outer loop
      vertex 25.117478574588052 21.783980908340247 2
      vertex 25.240000000000002 21.79 2
      vertex 25.240000000000002 21.79 7
    endloop
  endfacet
  facet normal -0.04906767432740299 -0.9987954562051732 6.610902605088478e-20
    outer loop
      vertex 25.240000000000002 21.79 2
      vertex 25.362521425411952 21.783980908340247 2
      vertex 25.362521425411952 21.783980908340247 7
    endloop
  endfacet
  facet normal -0.146730474455373 -0.9891765099647795 -8.070020917130307e-20
    outer loop
      vertex 25.362521425411952 21.783980908340247 2
      vertex 25.483862902520162 21.765981600504038 2
      vertex 25.483862902520162 21.765981600504038 7
    endloop
  endfacet
  facet normal -0.24298017990328158 -0.9700312531945395 -2.300359146461736e-19
    outer loop
      vertex 25.483862902520162 21.765981600504038 2
      vertex 25.60285584656808 21.73617541966526 2
      vertex 25.60285584656808 21.73617541966526 7
    endloop
  endfacet
  facet normal -0.3368898533921981 -0.9415440651830287 -4.509207248652602e-20
    outer loop
      vertex 25.60285584656808 21.73617541966526 2
      vertex 25.718354290456364 21.69484941563911 2
      vertex 25.718354290456364 21.69484941563911 7
    endloop
  endfacet
  facet normal -0.803207531480651 0.595699304492425 0
    outer loop
      vertex 26.206263066703425 19.747008394795444 2
      vertex 26.206263066703425 19.747008394795444 7
      vertex 26.279337015378182 19.845537208725496 2
    endloop
  endfacet
  facet normal -0.8577286100002687 0.5141027441932274 0
    outer loop
      vertex 26.279337015378182 19.845537208725496 2
      vertex 26.279337015378182 19.845537208725496 7
      vertex 26.342401580435446 19.950754078967503 2
    endloop
  endfacet
  facet normal -0.9039892931234402 0.4275550934302885 0
    outer loop
      vertex 26.342401580435446 19.950754078967503 2
      vertex 26.342401580435446 19.950754078967503 7
      vertex 26.39484941563911 20.061645709543637 2
    endloop
  endfacet
  facet normal -0.9415440651830287 0.3368898533921981 0
    outer loop
      vertex 26.39484941563911 20.061645709543637 2
      vertex 26.39484941563911 20.061645709543637 7
      vertex 26.43617541966526 20.17714415343192 2
    endloop
  endfacet
  facet normal -0.9700312531945395 0.24298017990328158 0
    outer loop
      vertex 26.43617541966526 20.17714415343192 2
      vertex 26.43617541966526 20.17714415343192 7
      vertex 26.46598160050404 20.29613709747984 2
    endloop
  endfacet
  facet normal -0.9891765099647795 0.146730474455373 0
    outer loop
      vertex 26.46598160050404 20.29613709747984 2
      vertex 26.46598160050404 20.29613709747984 7
      vertex 26.48398090834025 20.41747857458805 2
    endloop
  endfacet
  facet normal -0.9987954562051732 0.04906767432740299 0
    outer loop
      vertex 26.48398090834025 20.41747857458805 2
      vertex 26.48398090834025 20.41747857458805 7
      vertex 26.490000000000002 20.54 2
    endloop
  endfacet
  facet normal -0.9987954562051732 -0.04906767432740299 0
    outer loop
      vertex 26.490000000000002 20.54 2
      vertex 26.490000000000002 20.54 7
      vertex 26.48398090834025 20.66252142541195 2
    endloop
  endfacet
  facet normal -0.9891765099647795 -0.146730474455373 0
    outer loop
      vertex 26.48398090834025 20.66252142541195 2
      vertex 26.48398090834025 20.66252142541195 7
      vertex 26.46598160050404 20.78386290252016 2
    endloop
  endfacet
  facet normal -0.9700312531945395 -0.24298017990328158 0
    outer loop
      vertex 26.46598160050404 20.78386290252016 2
      vertex 26.46598160050404 20.78386290252016 7
      vertex 26.43617541966526 20.902855846568077 2
    endloop
  endfacet
  facet normal -0.9415440651830287 -0.3368898533921981 0
    outer loop
      vertex 26.43617541966526 20.902855846568077 2
      vertex 26.43617541966526 20.902855846568077 7
      vertex 26.39484941563911 21.01835429045636 2
    endloop
  endfacet
  facet normal -0.9039892931234402 -0.4275550934302885 0
    outer loop
      vertex 26.39484941563911 21.01835429045636 2
      vertex 26.39484941563911 21.01835429045636 7
      vertex 26.342401580435446 21.129245921032496 2
    endloop
  endfacet
  facet normal -0.8577286100002687 -0.5141027441932274 0
    outer loop
      vertex 26.342401580435446 21.129245921032496 2
      vertex 26.342401580435446 21.129245921032496 7
      vertex 26.279337015378182 21.234462791274503 2
    endloop
  endfacet
  facet normal -0.803207531480651 -0.595699304492425 0
    outer loop
      vertex 26.279337015378182 21.234462791274503 2
      vertex 26.279337015378182 21.234462791274503 7
      vertex 26.206263066703425 21.332991605204555 2
    endloop
  endfacet
  facet normal -0.7409511253549572 -0.6715589548470203 0
    outer loop
      vertex 26.206263066703425 21.332991605204555 2
      vertex 26.206263066703425 21.332991605204555 7
      vertex 26.123883476483186 21.423883476483184 2
    endloop
  endfacet
  facet normal -0.5141027441932274 -0.8577286100002687 0
    outer loop
      vertex 25.934462791274505 21.57933701537818 2
      vertex 25.934462791274505 21.57933701537818 7
      vertex 25.8292459210325 21.642401580435443 2
    endloop
  endfacet
  facet normal -0.595699304492425 -0.803207531480651 0
    outer loop
      vertex 26.032991605204558 21.506263066703422 2
      vertex 26.032991605204558 21.506263066703422 7
      vertex 25.934462791274505 21.57933701537818 2
    endloop
  endfacet
  facet normal -0.4275550934302885 -0.9039892931234402 2.2496213044915023e-20
    outer loop
      vertex 25.718354290456364 21.69484941563911 2
      vertex 25.8292459210325 21.642401580435443 2
      vertex 25.8292459210325 21.642401580435443 7
    endloop
  endfacet
  facet normal -0.6715589548470203 -0.7409511253549572 0
    outer loop
      vertex 26.123883476483186 21.423883476483184 2
      vertex 26.123883476483186 21.423883476483184 7
      vertex 26.032991605204558 21.506263066703422 2
    endloop
  endfacet
  facet normal 0.6715589548470203 0.7409511253549572 0
    outer loop
      vertex 24.447008394795446 19.573736933296576 2
      vertex 24.356116523516818 19.656116523516815 7
      vertex 24.447008394795446 19.573736933296576 7
    endloop
  endfacet
  facet normal 0.7409511253549572 0.6715589548470203 0
    outer loop
      vertex 24.356116523516818 19.656116523516815 2
      vertex 24.27373693329658 19.747008394795444 7
      vertex 24.356116523516818 19.656116523516815 7
    endloop
  endfacet
  facet normal 0.595699304492425 0.803207531480651 0
    outer loop
      vertex 24.5455372087255 19.50066298462182 2
      vertex 24.447008394795446 19.573736933296576 7
      vertex 24.5455372087255 19.50066298462182 7
    endloop
  endfacet
  facet normal 0.24298017990328158 0.9700312531945395 0
    outer loop
      vertex 24.996137097479842 19.31401839949596 2
      vertex 24.877144153431924 19.34382458033474 7
      vertex 24.996137097479842 19.31401839949596 7
    endloop
  endfacet
  facet normal 0.146730474455373 0.9891765099647795 0
    outer loop
      vertex 25.117478574588052 19.29601909165975 2
      vertex 24.996137097479842 19.31401839949596 7
      vertex 25.117478574588052 19.29601909165975 7
    endloop
  endfacet
  facet normal 0.4275550934302885 0.9039892931234402 0
    outer loop
      vertex 24.76164570954364 19.38515058436089 2
      vertex 24.650754078967505 19.437598419564555 7
      vertex 24.76164570954364 19.38515058436089 7
    endloop
  endfacet
  facet normal 0.5141027441932274 0.8577286100002687 0
    outer loop
      vertex 24.650754078967505 19.437598419564555 2
      vertex 24.5455372087255 19.50066298462182 7
      vertex 24.650754078967505 19.437598419564555 7
    endloop
  endfacet
  facet normal 0.3368898533921981 0.9415440651830287 0
    outer loop
      vertex 24.877144153431924 19.34382458033474 2
      vertex 24.76164570954364 19.38515058436089 7
      vertex 24.877144153431924 19.34382458033474 7
    endloop
  endfacet
  facet normal 0.04906767432740299 0.9987954562051732 0
    outer loop
      vertex 25.240000000000002 19.29 2
      vertex 25.117478574588052 19.29601909165975 7
      vertex 25.240000000000002 19.29 7
    endloop
  endfacet
  facet normal -0.04906767432740299 0.9987954562051732 0
    outer loop
      vertex 25.362521425411952 19.29601909165975 2
      vertex 25.240000000000002 19.29 7
      vertex 25.362521425411952 19.29601909165975 7
    endloop
  endfacet
  facet normal -0.146730474455373 0.9891765099647795 0
    outer loop
      vertex 25.483862902520162 19.31401839949596 2
      vertex 25.362521425411952 19.29601909165975 7
      vertex 25.483862902520162 19.31401839949596 7
    endloop
  endfacet
  facet normal -0.24298017990328158 0.9700312531945395 0
    outer loop
      vertex 25.60285584656808 19.34382458033474 2
      vertex 25.483862902520162 19.31401839949596 7
      vertex 25.60285584656808 19.34382458033474 7
    endloop
  endfacet
  facet normal -0.3368898533921981 0.9415440651830287 0
    outer loop
      vertex 25.718354290456364 19.38515058436089 2
      vertex 25.60285584656808 19.34382458033474 7
      vertex 25.718354290456364 19.38515058436089 7
    endloop
  endfacet
  facet normal -0.4275550934302885 0.9039892931234402 0
    outer loop
      vertex 25.8292459210325 19.437598419564555 2
      vertex 25.718354290456364 19.38515058436089 7
      vertex 25.8292459210325 19.437598419564555 7
    endloop
  endfacet
  facet normal -0.5141027441932274 0.8577286100002687 0
    outer loop
      vertex 25.934462791274505 19.50066298462182 2
      vertex 25.8292459210325 19.437598419564555 7
      vertex 25.934462791274505 19.50066298462182 7
    endloop
  endfacet
  facet normal -0.595699304492425 0.803207531480651 0
    outer loop
      vertex 26.032991605204558 19.573736933296576 2
      vertex 25.934462791274505 19.50066298462182 7
      vertex 26.032991605204558 19.573736933296576 7
    endloop
  endfacet
  facet normal -0.6715589548470203 0.7409511253549572 0
    outer loop
      vertex 26.123883476483186 19.656116523516815 2
      vertex 26.032991605204558 19.573736933296576 7
      vertex 26.123883476483186 19.656116523516815 7
    endloop
  endfacet
  facet normal 0.9891765099647795 0.146730474455373 0
    outer loop
      vertex 24.014018399495964 20.29613709747984 2
      vertex 23.996019091659754 20.41747857458805 7
      vertex 24.014018399495964 20.29613709747984 7
    endloop
  endfacet
  facet normal 0.803207531480651 0.595699304492425 0
    outer loop
      vertex 24.27373693329658 19.747008394795444 2
      vertex 24.20066298462182 19.845537208725496 7
      vertex 24.27373693329658 19.747008394795444 7
    endloop
  endfacet
  facet normal 0.9039892931234402 0.4275550934302885 0
    outer loop
      vertex 24.137598419564558 19.950754078967503 2
      vertex 24.085150584360893 20.061645709543637 7
      vertex 24.137598419564558 19.950754078967503 7
    endloop
  endfacet
  facet normal 0.8577286100002687 0.5141027441932274 0
    outer loop
      vertex 24.20066298462182 19.845537208725496 2
      vertex 24.137598419564558 19.950754078967503 7
      vertex 24.20066298462182 19.845537208725496 7
    endloop
  endfacet
  facet normal 0.9415440651830287 0.3368898533921981 0
    outer loop
      vertex 24.085150584360893 20.061645709543637 2
      vertex 24.043824580334743 20.17714415343192 7
      vertex 24.085150584360893 20.061645709543637 7
    endloop
  endfacet
  facet normal 0.9700312531945395 0.24298017990328158 0
    outer loop
      vertex 24.043824580334743 20.17714415343192 2
      vertex 24.014018399495964 20.29613709747984 7
      vertex 24.043824580334743 20.17714415343192 7
    endloop
  endfacet
  facet normal 0.9987954562051732 0.04906767432740299 0
    outer loop
      vertex 23.996019091659754 20.41747857458805 2
      vertex 23.990000000000002 20.54 7
      vertex 23.996019091659754 20.41747857458805 7
    endloop
  endfacet
  facet normal 0.9987954562051732 -0.04906767432740299 0
    outer loop
      vertex 23.990000000000002 20.54 2
      vertex 23.996019091659754 20.66252142541195 7
      vertex 23.990000000000002 20.54 7
    endloop
  endfacet
  facet normal 0.9891765099647795 -0.146730474455373 0
    outer loop
      vertex 23.996019091659754 20.66252142541195 2
      vertex 24.014018399495964 20.78386290252016 7
      vertex 23.996019091659754 20.66252142541195 7
    endloop
  endfacet
  facet normal 0.9700312531945395 -0.24298017990328158 0
    outer loop
      vertex 24.014018399495964 20.78386290252016 2
      vertex 24.043824580334743 20.902855846568077 7
      vertex 24.014018399495964 20.78386290252016 7
    endloop
  endfacet
  facet normal 0.9415440651830287 -0.3368898533921981 0
    outer loop
      vertex 24.043824580334743 20.902855846568077 2
      vertex 24.085150584360893 21.01835429045636 7
      vertex 24.043824580334743 20.902855846568077 7
    endloop
  endfacet
  facet normal 0.9039892931234402 -0.4275550934302885 0
    outer loop
      vertex 24.085150584360893 21.01835429045636 2
      vertex 24.137598419564558 21.129245921032496 7
      vertex 24.085150584360893 21.01835429045636 7
    endloop
  endfacet
  facet normal 0.8577286100002687 -0.5141027441932274 0
    outer loop
      vertex 24.137598419564558 21.129245921032496 2
      vertex 24.20066298462182 21.234462791274503 7
      vertex 24.137598419564558 21.129245921032496 7
    endloop
  endfacet
  facet normal 0.803207531480651 -0.595699304492425 0
    outer loop
      vertex 24.20066298462182 21.234462791274503 2
      vertex 24.27373693329658 21.332991605204555 7
      vertex 24.20066298462182 21.234462791274503 7
    endloop
  endfacet
  facet normal 0.7409511253549572 -0.6715589548470203 0
    outer loop
      vertex 24.27373693329658 21.332991605204555 2
      vertex 24.356116523516818 21.423883476483184 7
      vertex 24.27373693329658 21.332991605204555 7
    endloop
  endfacet
  facet normal 0.6715589548470203 -0.7409511253549572 0
    outer loop
      vertex 24.356116523516818 21.423883476483184 2
      vertex 24.447008394795446 21.506263066703422 7
      vertex 24.356116523516818 21.423883476483184 7
    endloop
  endfacet
  facet normal 0.595699304492425 -0.803207531480651 0
    outer loop
      vertex 24.447008394795446 21.506263066703422 2
      vertex 24.5455372087255 21.57933701537818 7
      vertex 24.447008394795446 21.506263066703422 7
    endloop
  endfacet
  facet normal 0.5141027441932274 -0.8577286100002687 0
    outer loop
      vertex 24.5455372087255 21.57933701537818 2
      vertex 24.650754078967505 21.642401580435443 7
      vertex 24.5455372087255 21.57933701537818 7
    endloop
  endfacet
  facet normal 0.4275550934302885 -0.9039892931234402 0
    outer loop
      vertex 24.650754078967505 21.642401580435443 2
      vertex 24.76164570954364 21.69484941563911 7
      vertex 24.650754078967505 21.642401580435443 7
    endloop
  endfacet
  facet normal 0.3368898533921981 -0.9415440651830287 0
    outer loop
      vertex 24.76164570954364 21.69484941563911 2
      vertex 24.877144153431924 21.73617541966526 7
      vertex 24.76164570954364 21.69484941563911 7
    endloop
  endfacet
  facet normal 0.24298017990328158 -0.9700312531945395 0
    outer loop
      vertex 24.877144153431924 21.73617541966526 2
      vertex 24.996137097479842 21.765981600504038 7
      vertex 24.877144153431924 21.73617541966526 7
    endloop
  endfacet
  facet normal 0.146730474455373 -0.9891765099647795 0
    outer loop
      vertex 24.996137097479842 21.765981600504038 2
      vertex 25.117478574588052 21.783980908340247 7
      vertex 24.996137097479842 21.765981600504038 7
    endloop
  endfacet
  facet normal 0.04906767432740299 -0.9987954562051732 0
    outer loop
      vertex 25.117478574588052 21.783980908340247 2
      vertex 25.240000000000002 21.79 7
      vertex 25.117478574588052 21.783980908340247 7
    endloop
  endfacet
  facet normal -0.04906767432740299 -0.9987954562051732 0
    outer loop
      vertex 25.240000000000002 21.79 2
      vertex 25.362521425411952 21.783980908340247 7
      vertex 25.240000000000002 21.79 7
    endloop
  endfacet
  facet normal -0.146730474455373 -0.9891765099647795 0
    outer loop
      vertex 25.362521425411952 21.783980908340247 2
      vertex 25.483862902520162 21.765981600504038 7
      vertex 25.362521425411952 21.783980908340247 7
    endloop
  endfacet
  facet normal -0.24298017990328158 -0.9700312531945395 0
    outer loop
      vertex 25.483862902520162 21.765981600504038 2
      vertex 25.60285584656808 21.73617541966526 7
      vertex 25.483862902520162 21.765981600504038 7
    endloop
  endfacet
  facet normal -0.4275550934302885 -0.9039892931234402 0
    outer loop
      vertex 25.718354290456364 21.69484941563911 2
      vertex 25.8292459210325 21.642401580435443 7
      vertex 25.718354290456364 21.69484941563911 7
    endloop
  endfacet
  facet normal -0.3368898533921981 -0.9415440651830287 0
    outer loop
      vertex 25.60285584656808 21.73617541966526 2
      vertex 25.718354290456364 21.69484941563911 7
      vertex 25.60285584656808 21.73617541966526 7
    endloop
  endfacet
  facet normal -0.7409511253549572 0.6715589548470203 0
    outer loop
      vertex 26.206263066703425 19.747008394795444 2
      vertex 26.123883476483186 19.656116523516815 7
      vertex 26.206263066703425 19.747008394795444 7
    endloop
  endfacet
  facet normal -0.803207531480651 0.595699304492425 0
    outer loop
      vertex 26.279337015378182 19.845537208725496 2
      vertex 26.206263066703425 19.747008394795444 7
      vertex 26.279337015378182 19.845537208725496 7
    endloop
  endfacet
  facet normal -0.8577286100002687 0.5141027441932274 0
    outer loop
      vertex 26.342401580435446 19.950754078967503 2
      vertex 26.279337015378182 19.845537208725496 7
      vertex 26.342401580435446 19.950754078967503 7
    endloop
  endfacet
  facet normal -0.9039892931234402 0.4275550934302885 0
    outer loop
      vertex 26.39484941563911 20.061645709543637 2
      vertex 26.342401580435446 19.950754078967503 7
      vertex 26.39484941563911 20.061645709543637 7
    endloop
  endfacet
  facet normal -0.9415440651830287 0.3368898533921981 0
    outer loop
      vertex 26.43617541966526 20.17714415343192 2
      vertex 26.39484941563911 20.061645709543637 7
      vertex 26.43617541966526 20.17714415343192 7
    endloop
  endfacet
  facet normal -0.9700312531945395 0.24298017990328158 0
    outer loop
      vertex 26.46598160050404 20.29613709747984 2
      vertex 26.43617541966526 20.17714415343192 7
      vertex 26.46598160050404 20.29613709747984 7
    endloop
  endfacet
  facet normal -0.9891765099647795 0.146730474455373 0
    outer loop
      vertex 26.48398090834025 20.41747857458805 2
      vertex 26.46598160050404 20.29613709747984 7
      vertex 26.48398090834025 20.41747857458805 7
    endloop
  endfacet
  facet normal -0.9039892931234402 -0.4275550934302885 0
    outer loop
      vertex 26.342401580435446 21.129245921032496 2
      vertex 26.39484941563911 21.01835429045636 7
      vertex 26.342401580435446 21.129245921032496 7
    endloop
  endfacet
  facet normal -0.9987954562051732 0.04906767432740299 0
    outer loop
      vertex 26.490000000000002 20.54 2
      vertex 26.48398090834025 20.41747857458805 7
      vertex 26.490000000000002 20.54 7
    endloop
  endfacet
  facet normal -0.9987954562051732 -0.04906767432740299 0
    outer loop
      vertex 26.48398090834025 20.66252142541195 2
      vertex 26.490000000000002 20.54 7
      vertex 26.48398090834025 20.66252142541195 7
    endloop
  endfacet
  facet normal -0.9891765099647795 -0.146730474455373 0
    outer loop
      vertex 26.46598160050404 20.78386290252016 2
      vertex 26.48398090834025 20.66252142541195 7
      vertex 26.46598160050404 20.78386290252016 7
    endloop
  endfacet
  facet normal -0.9700312531945395 -0.24298017990328158 0
    outer loop
      vertex 26.43617541966526 20.902855846568077 2
      vertex 26.46598160050404 20.78386290252016 7
      vertex 26.43617541966526 20.902855846568077 7
    endloop
  endfacet
  facet normal -0.9415440651830287 -0.3368898533921981 0
    outer loop
      vertex 26.39484941563911 21.01835429045636 2
      vertex 26.43617541966526 20.902855846568077 7
      vertex 26.39484941563911 21.01835429045636 7
    endloop
  endfacet
  facet normal -0.8577286100002687 -0.5141027441932274 0
    outer loop
      vertex 26.279337015378182 21.234462791274503 2
      vertex 26.342401580435446 21.129245921032496 7
      vertex 26.279337015378182 21.234462791274503 7
    endloop
  endfacet
  facet normal -0.7409511253549572 -0.6715589548470203 0
    outer loop
      vertex 26.123883476483186 21.423883476483184 2
      vertex 26.206263066703425 21.332991605204555 7
      vertex 26.123883476483186 21.423883476483184 7
    endloop
  endfacet
  facet normal -0.803207531480651 -0.595699304492425 0
    outer loop
      vertex 26.206263066703425 21.332991605204555 2
      vertex 26.279337015378182 21.234462791274503 7
      vertex 26.206263066703425 21.332991605204555 7
    endloop
  endfacet
  facet normal -0.6715589548470203 -0.7409511253549572 0
    outer loop
      vertex 26.032991605204558 21.506263066703422 2
      vertex 26.123883476483186 21.423883476483184 7
      vertex 26.032991605204558 21.506263066703422 7
    endloop
  endfacet
  facet normal -0.595699304492425 -0.803207531480651 0
    outer loop
      vertex 25.934462791274505 21.57933701537818 2
      vertex 26.032991605204558 21.506263066703422 7
      vertex 25.934462791274505 21.57933701537818 7
    endloop
  endfacet
  facet normal -0.5141027441932274 -0.8577286100002687 0
    outer loop
      vertex 25.8292459210325 21.642401580435443 2
      vertex 25.934462791274505 21.57933701537818 7
      vertex 25.8292459210325 21.642401580435443 7
    endloop
  endfacet
  facet normal 0.5141027441932061 0.8577286100002814 0
    outer loop
      vertex 24.5455372087255 67.76066298462182 2
      vertex 24.5455372087255 67.76066298462182 7
      vertex 24.650754078967505 67.69759841956456 2
    endloop
  endfacet
  facet normal 0.5956993044924438 0.8032075314806373 0
    outer loop
      vertex 24.447008394795446 67.83373693329658 2
      vertex 24.447008394795446 67.83373693329658 7
      vertex 24.5455372087255 67.76066298462182 2
    endloop
  endfacet
  facet normal 0.7409511253549049 0.671558954847078 0
    outer loop
      vertex 24.27373693329658 68.00700839479543 2
      vertex 24.27373693329658 68.00700839479543 7
      vertex 24.356116523516818 67.91611652351682 2
    endloop
  endfacet
  facet normal 0.857728610000261 0.5141027441932401 -5.416269598605606e-19
    outer loop
      vertex 24.20066298462182 68.1055372087255 2
      vertex 24.137598419564558 68.2107540789675 2
      vertex 24.137598419564558 68.2107540789675 7
    endloop
  endfacet
  facet normal 0.8032075314806716 0.5956993044923973 -3.1247213508700883e-19
    outer loop
      vertex 24.27373693329658 68.00700839479543 2
      vertex 24.20066298462182 68.1055372087255 2
      vertex 24.20066298462182 68.1055372087255 7
    endloop
  endfacet
  facet normal 0.6715589548470363 0.7409511253549429 -1.3983515824991375e-19
    outer loop
      vertex 24.447008394795446 67.83373693329658 2
      vertex 24.356116523516818 67.91611652351682 2
      vertex 24.356116523516818 67.91611652351682 7
    endloop
  endfacet
  facet normal 0.9891765099647806 0.14673047445536455 -1.0459201673131637e-20
    outer loop
      vertex 24.014018399495964 68.55613709747983 2
      vertex 23.996019091659754 68.67747857458805 2
      vertex 23.996019091659754 68.67747857458805 7
    endloop
  endfacet
  facet normal 0.9987954562051731 0.049067674327404415 -6.936711835091651e-20
    outer loop
      vertex 23.996019091659754 68.67747857458805 2
      vertex 23.990000000000002 68.8 2
      vertex 23.990000000000002 68.8 7
    endloop
  endfacet
  facet normal 0.9987954562051731 -0.049067674327404415 6.936711835091651e-20
    outer loop
      vertex 23.990000000000002 68.8 2
      vertex 23.996019091659754 68.92252142541194 2
      vertex 23.996019091659754 68.92252142541194 7
    endloop
  endfacet
  facet normal 0.9039892931234402 0.4275550934302885 2.2496213044915023e-20
    outer loop
      vertex 24.137598419564558 68.2107540789675 2
      vertex 24.085150584360893 68.32164570954363 2
      vertex 24.085150584360893 68.32164570954363 7
    endloop
  endfacet
  facet normal 0.9415440651830287 0.3368898533921981 -4.509207248652602e-20
    outer loop
      vertex 24.085150584360893 68.32164570954363 2
      vertex 24.043824580334743 68.43714415343192 2
      vertex 24.043824580334743 68.43714415343192 7
    endloop
  endfacet
  facet normal 0.9700312531945395 0.24298017990328158 0
    outer loop
      vertex 24.014018399495964 68.55613709747983 2
      vertex 24.014018399495964 68.55613709747983 7
      vertex 24.043824580334743 68.43714415343192 2
    endloop
  endfacet
  facet normal 0.3368898533922751 0.941544065183001 0
    outer loop
      vertex 24.76164570954364 67.64515058436089 2
      vertex 24.76164570954364 67.64515058436089 7
      vertex 24.877144153431924 67.60382458033473 2
    endloop
  endfacet
  facet normal 0.4275550934302885 0.9039892931234402 2.2496213044915023e-20
    outer loop
      vertex 24.76164570954364 67.64515058436089 2
      vertex 24.650754078967505 67.69759841956456 2
      vertex 24.650754078967505 67.69759841956456 7
    endloop
  endfacet
  facet normal 0.14673047445534462 0.9891765099647836 0
    outer loop
      vertex 24.996137097479842 67.57401839949596 2
      vertex 24.996137097479842 67.57401839949596 7
      vertex 25.117478574588052 67.55601909165975 2
    endloop
  endfacet
  facet normal 0.24298017990325435 0.9700312531945464 0
    outer loop
      vertex 24.877144153431924 67.60382458033473 2
      vertex 24.877144153431924 67.60382458033473 7
      vertex 24.996137097479842 67.57401839949596 2
    endloop
  endfacet
  facet normal 0.04906767432740299 0.9987954562051732 0
    outer loop
      vertex 25.117478574588052 67.55601909165975 2
      vertex 25.117478574588052 67.55601909165975 7
      vertex 25.240000000000002 67.55 2
    endloop
  endfacet
  facet normal -0.04906767432740299 0.9987954562051732 0
    outer loop
      vertex 25.240000000000002 67.55 2
      vertex 25.240000000000002 67.55 7
      vertex 25.362521425411952 67.55601909165975 2
    endloop
  endfacet
  facet normal -0.14673047445534462 0.9891765099647836 0
    outer loop
      vertex 25.362521425411952 67.55601909165975 2
      vertex 25.362521425411952 67.55601909165975 7
      vertex 25.483862902520162 67.57401839949596 2
    endloop
  endfacet
  facet normal -0.24298017990325435 0.9700312531945464 0
    outer loop
      vertex 25.483862902520162 67.57401839949596 2
      vertex 25.483862902520162 67.57401839949596 7
      vertex 25.60285584656808 67.60382458033473 2
    endloop
  endfacet
  facet normal -0.3368898533922751 0.941544065183001 0
    outer loop
      vertex 25.60285584656808 67.60382458033473 2
      vertex 25.60285584656808 67.60382458033473 7
      vertex 25.718354290456364 67.64515058436089 2
    endloop
  endfacet
  facet normal -0.4275550934302885 0.9039892931234402 0
    outer loop
      vertex 25.718354290456364 67.64515058436089 2
      vertex 25.718354290456364 67.64515058436089 7
      vertex 25.8292459210325 67.69759841956456 2
    endloop
  endfacet
  facet normal 0.9891765099647806 -0.14673047445536455 1.0459201673131637e-20
    outer loop
      vertex 23.996019091659754 68.92252142541194 2
      vertex 24.014018399495964 69.04386290252016 2
      vertex 24.014018399495964 69.04386290252016 7
    endloop
  endfacet
  facet normal 0.9700312531945395 -0.24298017990328158 2.300359146461736e-19
    outer loop
      vertex 24.014018399495964 69.04386290252016 2
      vertex 24.043824580334743 69.16285584656808 2
      vertex 24.043824580334743 69.16285584656808 7
    endloop
  endfacet
  facet normal 0.9415440651830287 -0.3368898533921981 4.509207248652602e-20
    outer loop
      vertex 24.043824580334743 69.16285584656808 2
      vertex 24.085150584360893 69.27835429045636 2
      vertex 24.085150584360893 69.27835429045636 7
    endloop
  endfacet
  facet normal 0.9039892931234402 -0.4275550934302885 -2.2496213044915023e-20
    outer loop
      vertex 24.085150584360893 69.27835429045636 2
      vertex 24.137598419564558 69.3892459210325 2
      vertex 24.137598419564558 69.3892459210325 7
    endloop
  endfacet
  facet normal 0.857728610000261 -0.5141027441932401 5.416269598605606e-19
    outer loop
      vertex 24.137598419564558 69.3892459210325 2
      vertex 24.20066298462182 69.4944627912745 2
      vertex 24.20066298462182 69.4944627912745 7
    endloop
  endfacet
  facet normal 0.8032075314806716 -0.5956993044923973 3.1247213508700883e-19
    outer loop
      vertex 24.20066298462182 69.4944627912745 2
      vertex 24.27373693329658 69.59299160520456 2
      vertex 24.27373693329658 69.59299160520456 7
    endloop
  endfacet
  facet normal 0.7409511253549049 -0.671558954847078 1.3939546345497963e-19
    outer loop
      vertex 24.27373693329658 69.59299160520456 2
      vertex 24.356116523516818 69.68388347648317 2
      vertex 24.356116523516818 69.68388347648317 7
    endloop
  endfacet
  facet normal 0.6715589548470363 -0.7409511253549429 1.3983515824991375e-19
    outer loop
      vertex 24.356116523516818 69.68388347648317 2
      vertex 24.447008394795446 69.76626306670342 2
      vertex 24.447008394795446 69.76626306670342 7
    endloop
  endfacet
  facet normal 0.5956993044924438 -0.8032075314806373 2.449243996854905e-19
    outer loop
      vertex 24.447008394795446 69.76626306670342 2
      vertex 24.5455372087255 69.83933701537818 2
      vertex 24.5455372087255 69.83933701537818 7
    endloop
  endfacet
  facet normal 0.5141027441932061 -0.8577286100002814 -3.8583055118183507e-19
    outer loop
      vertex 24.5455372087255 69.83933701537818 2
      vertex 24.650754078967505 69.90240158043544 2
      vertex 24.650754078967505 69.90240158043544 7
    endloop
  endfacet
  facet normal 0.4275550934302885 -0.9039892931234402 -2.2496213044915023e-20
    outer loop
      vertex 24.650754078967505 69.90240158043544 2
      vertex 24.76164570954364 69.9548494156391 2
      vertex 24.76164570954364 69.9548494156391 7
    endloop
  endfacet
  facet normal 0.3368898533922751 -0.941544065183001 3.913864401937416e-19
    outer loop
      vertex 24.76164570954364 69.9548494156391 2
      vertex 24.877144153431924 69.99617541966526 2
      vertex 24.877144153431924 69.99617541966526 7
    endloop
  endfacet
  facet normal 0.24298017990325435 -0.9700312531945464 -3.286921752816633e-19
    outer loop
      vertex 24.877144153431924 69.99617541966526 2
      vertex 24.996137097479842 70.02598160050404 2
      vertex 24.996137097479842 70.02598160050404 7
    endloop
  endfacet
  facet normal 0.14673047445534462 -0.9891765099647836 5.992604673787311e-20
    outer loop
      vertex 24.996137097479842 70.02598160050404 2
      vertex 25.117478574588052 70.04398090834025 2
      vertex 25.117478574588052 70.04398090834025 7
    endloop
  endfacet
  facet normal 0.04906767432740299 -0.9987954562051732 -6.610902605088478e-20
    outer loop
      vertex 25.117478574588052 70.04398090834025 2
      vertex 25.240000000000002 70.05 2
      vertex 25.240000000000002 70.05 7
    endloop
  endfacet
  facet normal -0.04906767432740299 -0.9987954562051732 6.610902605088478e-20
    outer loop
      vertex 25.240000000000002 70.05 2
      vertex 25.362521425411952 70.04398090834025 2
      vertex 25.362521425411952 70.04398090834025 7
    endloop
  endfacet
  facet normal -0.14673047445534462 -0.9891765099647836 -5.992604673787311e-20
    outer loop
      vertex 25.362521425411952 70.04398090834025 2
      vertex 25.483862902520162 70.02598160050404 2
      vertex 25.483862902520162 70.02598160050404 7
    endloop
  endfacet
  facet normal -0.24298017990325435 -0.9700312531945464 3.286921752816633e-19
    outer loop
      vertex 25.483862902520162 70.02598160050404 2
      vertex 25.60285584656808 69.99617541966526 2
      vertex 25.60285584656808 69.99617541966526 7
    endloop
  endfacet
  facet normal -0.3368898533922751 -0.941544065183001 0
    outer loop
      vertex 25.718354290456364 69.9548494156391 2
      vertex 25.718354290456364 69.9548494156391 7
      vertex 25.60285584656808 69.99617541966526 2
    endloop
  endfacet
  facet normal -0.5141027441932061 0.8577286100002814 0
    outer loop
      vertex 25.8292459210325 67.69759841956456 2
      vertex 25.8292459210325 67.69759841956456 7
      vertex 25.934462791274505 67.76066298462182 2
    endloop
  endfacet
  facet normal -0.5956993044924438 0.8032075314806373 0
    outer loop
      vertex 25.934462791274505 67.76066298462182 2
      vertex 25.934462791274505 67.76066298462182 7
      vertex 26.032991605204558 67.83373693329658 2
    endloop
  endfacet
  facet normal -0.6715589548470363 0.7409511253549429 0
    outer loop
      vertex 26.032991605204558 67.83373693329658 2
      vertex 26.032991605204558 67.83373693329658 7
      vertex 26.123883476483186 67.91611652351682 2
    endloop
  endfacet
  facet normal -0.7409511253549049 0.671558954847078 0
    outer loop
      vertex 26.123883476483186 67.91611652351682 2
      vertex 26.123883476483186 67.91611652351682 7
      vertex 26.206263066703425 68.00700839479543 2
    endloop
  endfacet
  facet normal -0.8032075314806716 0.5956993044923973 0
    outer loop
      vertex 26.206263066703425 68.00700839479543 2
      vertex 26.206263066703425 68.00700839479543 7
      vertex 26.279337015378182 68.1055372087255 2
    endloop
  endfacet
  facet normal -0.857728610000261 0.5141027441932401 0
    outer loop
      vertex 26.279337015378182 68.1055372087255 2
      vertex 26.279337015378182 68.1055372087255 7
      vertex 26.342401580435446 68.2107540789675 2
    endloop
  endfacet
  facet normal -0.9039892931234402 0.4275550934302885 0
    outer loop
      vertex 26.342401580435446 68.2107540789675 2
      vertex 26.342401580435446 68.2107540789675 7
      vertex 26.39484941563911 68.32164570954363 2
    endloop
  endfacet
  facet normal -0.9415440651830287 0.3368898533921981 0
    outer loop
      vertex 26.39484941563911 68.32164570954363 2
      vertex 26.39484941563911 68.32164570954363 7
      vertex 26.43617541966526 68.43714415343192 2
    endloop
  endfacet
  facet normal -0.9700312531945395 0.24298017990328158 0
    outer loop
      vertex 26.43617541966526 68.43714415343192 2
      vertex 26.43617541966526 68.43714415343192 7
      vertex 26.46598160050404 68.55613709747983 2
    endloop
  endfacet
  facet normal -0.9891765099647806 0.14673047445536455 0
    outer loop
      vertex 26.46598160050404 68.55613709747983 2
      vertex 26.46598160050404 68.55613709747983 7
      vertex 26.48398090834025 68.67747857458805 2
    endloop
  endfacet
  facet normal -0.9987954562051731 0.049067674327404415 0
    outer loop
      vertex 26.48398090834025 68.67747857458805 2
      vertex 26.48398090834025 68.67747857458805 7
      vertex 26.490000000000002 68.8 2
    endloop
  endfacet
  facet normal -0.9987954562051731 -0.049067674327404415 0
    outer loop
      vertex 26.490000000000002 68.8 2
      vertex 26.490000000000002 68.8 7
      vertex 26.48398090834025 68.92252142541194 2
    endloop
  endfacet
  facet normal -0.857728610000261 -0.5141027441932401 0
    outer loop
      vertex 26.342401580435446 69.3892459210325 2
      vertex 26.342401580435446 69.3892459210325 7
      vertex 26.279337015378182 69.4944627912745 2
    endloop
  endfacet
  facet normal -0.8032075314806716 -0.5956993044923973 -3.1247213508700883e-19
    outer loop
      vertex 26.206263066703425 69.59299160520456 2
      vertex 26.279337015378182 69.4944627912745 2
      vertex 26.279337015378182 69.4944627912745 7
    endloop
  endfacet
  facet normal -0.9891765099647806 -0.14673047445536455 0
    outer loop
      vertex 26.48398090834025 68.92252142541194 2
      vertex 26.48398090834025 68.92252142541194 7
      vertex 26.46598160050404 69.04386290252016 2
    endloop
  endfacet
  facet normal -0.9700312531945395 -0.24298017990328158 0
    outer loop
      vertex 26.46598160050404 69.04386290252016 2
      vertex 26.46598160050404 69.04386290252016 7
      vertex 26.43617541966526 69.16285584656808 2
    endloop
  endfacet
  facet normal -0.9415440651830287 -0.3368898533921981 0
    outer loop
      vertex 26.43617541966526 69.16285584656808 2
      vertex 26.43617541966526 69.16285584656808 7
      vertex 26.39484941563911 69.27835429045636 2
    endloop
  endfacet
  facet normal -0.9039892931234402 -0.4275550934302885 2.2496213044915023e-20
    outer loop
      vertex 26.342401580435446 69.3892459210325 2
      vertex 26.39484941563911 69.27835429045636 2
      vertex 26.39484941563911 69.27835429045636 7
    endloop
  endfacet
  facet normal -0.5141027441932061 -0.8577286100002814 3.8583055118183507e-19
    outer loop
      vertex 25.8292459210325 69.90240158043544 2
      vertex 25.934462791274505 69.83933701537818 2
      vertex 25.934462791274505 69.83933701537818 7
    endloop
  endfacet
  facet normal -0.4275550934302885 -0.9039892931234402 2.2496213044915023e-20
    outer loop
      vertex 25.718354290456364 69.9548494156391 2
      vertex 25.8292459210325 69.90240158043544 2
      vertex 25.8292459210325 69.90240158043544 7
    endloop
  endfacet
  facet normal -0.5956993044924438 -0.8032075314806373 0
    outer loop
      vertex 26.032991605204558 69.76626306670342 2
      vertex 26.032991605204558 69.76626306670342 7
      vertex 25.934462791274505 69.83933701537818 2
    endloop
  endfacet
  facet normal -0.7409511253549049 -0.671558954847078 0
    outer loop
      vertex 26.206263066703425 69.59299160520456 2
      vertex 26.206263066703425 69.59299160520456 7
      vertex 26.123883476483186 69.68388347648317 2
    endloop
  endfacet
  facet normal -0.6715589548470363 -0.7409511253549429 -1.3983515824991375e-19
    outer loop
      vertex 26.032991605204558 69.76626306670342 2
      vertex 26.123883476483186 69.68388347648317 2
      vertex 26.123883476483186 69.68388347648317 7
    endloop
  endfacet
  facet normal 0.5956993044924438 0.8032075314806373 0
    outer loop
      vertex 24.5455372087255 67.76066298462182 2
      vertex 24.447008394795446 67.83373693329658 7
      vertex 24.5455372087255 67.76066298462182 7
    endloop
  endfacet
  facet normal 0.8032075314806716 0.5956993044923973 0
    outer loop
      vertex 24.27373693329658 68.00700839479543 2
      vertex 24.20066298462182 68.1055372087255 7
      vertex 24.27373693329658 68.00700839479543 7
    endloop
  endfacet
  facet normal 0.857728610000261 0.5141027441932401 0
    outer loop
      vertex 24.20066298462182 68.1055372087255 2
      vertex 24.137598419564558 68.2107540789675 7
      vertex 24.20066298462182 68.1055372087255 7
    endloop
  endfacet
  facet normal 0.6715589548470363 0.7409511253549429 0
    outer loop
      vertex 24.447008394795446 67.83373693329658 2
      vertex 24.356116523516818 67.91611652351682 7
      vertex 24.447008394795446 67.83373693329658 7
    endloop
  endfacet
  facet normal 0.7409511253549049 0.671558954847078 0
    outer loop
      vertex 24.356116523516818 67.91611652351682 2
      vertex 24.27373693329658 68.00700839479543 7
      vertex 24.356116523516818 67.91611652351682 7
    endloop
  endfacet
  facet normal 0.9891765099647806 0.14673047445536455 0
    outer loop
      vertex 24.014018399495964 68.55613709747983 2
      vertex 23.996019091659754 68.67747857458805 7
      vertex 24.014018399495964 68.55613709747983 7
    endloop
  endfacet
  facet normal 0.9987954562051731 0.049067674327404415 0
    outer loop
      vertex 23.996019091659754 68.67747857458805 2
      vertex 23.990000000000002 68.8 7
      vertex 23.996019091659754 68.67747857458805 7
    endloop
  endfacet
  facet normal 0.9987954562051731 -0.049067674327404415 0
    outer loop
      vertex 23.990000000000002 68.8 2
      vertex 23.996019091659754 68.92252142541194 7
      vertex 23.990000000000002 68.8 7
    endloop
  endfacet
  facet normal 0.9039892931234402 0.4275550934302885 0
    outer loop
      vertex 24.137598419564558 68.2107540789675 2
      vertex 24.085150584360893 68.32164570954363 7
      vertex 24.137598419564558 68.2107540789675 7
    endloop
  endfacet
  facet normal 0.9415440651830287 0.3368898533921981 0
    outer loop
      vertex 24.085150584360893 68.32164570954363 2
      vertex 24.043824580334743 68.43714415343192 7
      vertex 24.085150584360893 68.32164570954363 7
    endloop
  endfacet
  facet normal 0.9700312531945395 0.24298017990328158 0
    outer loop
      vertex 24.043824580334743 68.43714415343192 2
      vertex 24.014018399495964 68.55613709747983 7
      vertex 24.043824580334743 68.43714415343192 7
    endloop
  endfacet
  facet normal 0.4275550934302885 0.9039892931234402 0
    outer loop
      vertex 24.76164570954364 67.64515058436089 2
      vertex 24.650754078967505 67.69759841956456 7
      vertex 24.76164570954364 67.64515058436089 7
    endloop
  endfacet
  facet normal 0.3368898533922751 0.941544065183001 0
    outer loop
      vertex 24.877144153431924 67.60382458033473 2
      vertex 24.76164570954364 67.64515058436089 7
      vertex 24.877144153431924 67.60382458033473 7
    endloop
  endfacet
  facet normal 0.5141027441932061 0.8577286100002814 0
    outer loop
      vertex 24.650754078967505 67.69759841956456 2
      vertex 24.5455372087255 67.76066298462182 7
      vertex 24.650754078967505 67.69759841956456 7
    endloop
  endfacet
  facet normal 0.24298017990325435 0.9700312531945464 0
    outer loop
      vertex 24.996137097479842 67.57401839949596 2
      vertex 24.877144153431924 67.60382458033473 7
      vertex 24.996137097479842 67.57401839949596 7
    endloop
  endfacet
  facet normal 0.14673047445534462 0.9891765099647836 0
    outer loop
      vertex 25.117478574588052 67.55601909165975 2
      vertex 24.996137097479842 67.57401839949596 7
      vertex 25.117478574588052 67.55601909165975 7
    endloop
  endfacet
  facet normal 0.04906767432740299 0.9987954562051732 0
    outer loop
      vertex 25.240000000000002 67.55 2
      vertex 25.117478574588052 67.55601909165975 7
      vertex 25.240000000000002 67.55 7
    endloop
  endfacet
  facet normal -0.04906767432740299 0.9987954562051732 0
    outer loop
      vertex 25.362521425411952 67.55601909165975 2
      vertex 25.240000000000002 67.55 7
      vertex 25.362521425411952 67.55601909165975 7
    endloop
  endfacet
  facet normal -0.14673047445534462 0.9891765099647836 0
    outer loop
      vertex 25.483862902520162 67.57401839949596 2
      vertex 25.362521425411952 67.55601909165975 7
      vertex 25.483862902520162 67.57401839949596 7
    endloop
  endfacet
  facet normal -0.24298017990325435 0.9700312531945464 0
    outer loop
      vertex 25.60285584656808 67.60382458033473 2
      vertex 25.483862902520162 67.57401839949596 7
      vertex 25.60285584656808 67.60382458033473 7
    endloop
  endfacet
  facet normal -0.3368898533922751 0.941544065183001 0
    outer loop
      vertex 25.718354290456364 67.64515058436089 2
      vertex 25.60285584656808 67.60382458033473 7
      vertex 25.718354290456364 67.64515058436089 7
    endloop
  endfacet
  facet normal 0.9891765099647806 -0.14673047445536455 0
    outer loop
      vertex 23.996019091659754 68.92252142541194 2
      vertex 24.014018399495964 69.04386290252016 7
      vertex 23.996019091659754 68.92252142541194 7
    endloop
  endfacet
  facet normal 0.9700312531945395 -0.24298017990328158 0
    outer loop
      vertex 24.014018399495964 69.04386290252016 2
      vertex 24.043824580334743 69.16285584656808 7
      vertex 24.014018399495964 69.04386290252016 7
    endloop
  endfacet
  facet normal 0.9415440651830287 -0.3368898533921981 0
    outer loop
      vertex 24.043824580334743 69.16285584656808 2
      vertex 24.085150584360893 69.27835429045636 7
      vertex 24.043824580334743 69.16285584656808 7
    endloop
  endfacet
  facet normal 0.9039892931234402 -0.4275550934302885 0
    outer loop
      vertex 24.085150584360893 69.27835429045636 2
      vertex 24.137598419564558 69.3892459210325 7
      vertex 24.085150584360893 69.27835429045636 7
    endloop
  endfacet
  facet normal 0.857728610000261 -0.5141027441932401 0
    outer loop
      vertex 24.137598419564558 69.3892459210325 2
      vertex 24.20066298462182 69.4944627912745 7
      vertex 24.137598419564558 69.3892459210325 7
    endloop
  endfacet
  facet normal 0.8032075314806716 -0.5956993044923973 0
    outer loop
      vertex 24.20066298462182 69.4944627912745 2
      vertex 24.27373693329658 69.59299160520456 7
      vertex 24.20066298462182 69.4944627912745 7
    endloop
  endfacet
  facet normal 0.7409511253549049 -0.671558954847078 0
    outer loop
      vertex 24.27373693329658 69.59299160520456 2
      vertex 24.356116523516818 69.68388347648317 7
      vertex 24.27373693329658 69.59299160520456 7
    endloop
  endfacet
  facet normal 0.6715589548470363 -0.7409511253549429 0
    outer loop
      vertex 24.356116523516818 69.68388347648317 2
      vertex 24.447008394795446 69.76626306670342 7
      vertex 24.356116523516818 69.68388347648317 7
    endloop
  endfacet
  facet normal 0.5956993044924438 -0.8032075314806373 0
    outer loop
      vertex 24.447008394795446 69.76626306670342 2
      vertex 24.5455372087255 69.83933701537818 7
      vertex 24.447008394795446 69.76626306670342 7
    endloop
  endfacet
  facet normal 0.5141027441932061 -0.8577286100002814 0
    outer loop
      vertex 24.5455372087255 69.83933701537818 2
      vertex 24.650754078967505 69.90240158043544 7
      vertex 24.5455372087255 69.83933701537818 7
    endloop
  endfacet
  facet normal 0.4275550934302885 -0.9039892931234402 0
    outer loop
      vertex 24.650754078967505 69.90240158043544 2
      vertex 24.76164570954364 69.9548494156391 7
      vertex 24.650754078967505 69.90240158043544 7
    endloop
  endfacet
  facet normal 0.3368898533922751 -0.941544065183001 0
    outer loop
      vertex 24.76164570954364 69.9548494156391 2
      vertex 24.877144153431924 69.99617541966526 7
      vertex 24.76164570954364 69.9548494156391 7
    endloop
  endfacet
  facet normal 0.24298017990325435 -0.9700312531945464 0
    outer loop
      vertex 24.877144153431924 69.99617541966526 2
      vertex 24.996137097479842 70.02598160050404 7
      vertex 24.877144153431924 69.99617541966526 7
    endloop
  endfacet
  facet normal 0.14673047445534462 -0.9891765099647836 0
    outer loop
      vertex 24.996137097479842 70.02598160050404 2
      vertex 25.117478574588052 70.04398090834025 7
      vertex 24.996137097479842 70.02598160050404 7
    endloop
  endfacet
  facet normal 0.04906767432740299 -0.9987954562051732 0
    outer loop
      vertex 25.117478574588052 70.04398090834025 2
      vertex 25.240000000000002 70.05 7
      vertex 25.117478574588052 70.04398090834025 7
    endloop
  endfacet
  facet normal -0.4275550934302885 -0.9039892931234402 0
    outer loop
      vertex 25.718354290456364 69.9548494156391 2
      vertex 25.8292459210325 69.90240158043544 7
      vertex 25.718354290456364 69.9548494156391 7
    endloop
  endfacet
  facet normal -0.04906767432740299 -0.9987954562051732 0
    outer loop
      vertex 25.240000000000002 70.05 2
      vertex 25.362521425411952 70.04398090834025 7
      vertex 25.240000000000002 70.05 7
    endloop
  endfacet
  facet normal -0.14673047445534462 -0.9891765099647836 0
    outer loop
      vertex 25.362521425411952 70.04398090834025 2
      vertex 25.483862902520162 70.02598160050404 7
      vertex 25.362521425411952 70.04398090834025 7
    endloop
  endfacet
  facet normal -0.24298017990325435 -0.9700312531945464 0
    outer loop
      vertex 25.483862902520162 70.02598160050404 2
      vertex 25.60285584656808 69.99617541966526 7
      vertex 25.483862902520162 70.02598160050404 7
    endloop
  endfacet
  facet normal -0.3368898533922751 -0.941544065183001 0
    outer loop
      vertex 25.60285584656808 69.99617541966526 2
      vertex 25.718354290456364 69.9548494156391 7
      vertex 25.60285584656808 69.99617541966526 7
    endloop
  endfacet
  facet normal -0.4275550934302885 0.9039892931234402 0
    outer loop
      vertex 25.8292459210325 67.69759841956456 2
      vertex 25.718354290456364 67.64515058436089 7
      vertex 25.8292459210325 67.69759841956456 7
    endloop
  endfacet
  facet normal -0.5141027441932061 0.8577286100002814 0
    outer loop
      vertex 25.934462791274505 67.76066298462182 2
      vertex 25.8292459210325 67.69759841956456 7
      vertex 25.934462791274505 67.76066298462182 7
    endloop
  endfacet
  facet normal -0.5956993044924438 0.8032075314806373 0
    outer loop
      vertex 26.032991605204558 67.83373693329658 2
      vertex 25.934462791274505 67.76066298462182 7
      vertex 26.032991605204558 67.83373693329658 7
    endloop
  endfacet
  facet normal -0.6715589548470363 0.7409511253549429 0
    outer loop
      vertex 26.123883476483186 67.91611652351682 2
      vertex 26.032991605204558 67.83373693329658 7
      vertex 26.123883476483186 67.91611652351682 7
    endloop
  endfacet
  facet normal -0.7409511253549049 0.671558954847078 0
    outer loop
      vertex 26.206263066703425 68.00700839479543 2
      vertex 26.123883476483186 67.91611652351682 7
      vertex 26.206263066703425 68.00700839479543 7
    endloop
  endfacet
  facet normal -0.8032075314806716 0.5956993044923973 0
    outer loop
      vertex 26.279337015378182 68.1055372087255 2
      vertex 26.206263066703425 68.00700839479543 7
      vertex 26.279337015378182 68.1055372087255 7
    endloop
  endfacet
  facet normal -0.857728610000261 0.5141027441932401 0
    outer loop
      vertex 26.342401580435446 68.2107540789675 2
      vertex 26.279337015378182 68.1055372087255 7
      vertex 26.342401580435446 68.2107540789675 7
    endloop
  endfacet
  facet normal -0.9039892931234402 0.4275550934302885 0
    outer loop
      vertex 26.39484941563911 68.32164570954363 2
      vertex 26.342401580435446 68.2107540789675 7
      vertex 26.39484941563911 68.32164570954363 7
    endloop
  endfacet
  facet normal -0.9415440651830287 0.3368898533921981 0
    outer loop
      vertex 26.43617541966526 68.43714415343192 2
      vertex 26.39484941563911 68.32164570954363 7
      vertex 26.43617541966526 68.43714415343192 7
    endloop
  endfacet
  facet normal -0.9700312531945395 0.24298017990328158 0
    outer loop
      vertex 26.46598160050404 68.55613709747983 2
      vertex 26.43617541966526 68.43714415343192 7
      vertex 26.46598160050404 68.55613709747983 7
    endloop
  endfacet
  facet normal -0.9891765099647806 0.14673047445536455 0
    outer loop
      vertex 26.48398090834025 68.67747857458805 2
      vertex 26.46598160050404 68.55613709747983 7
      vertex 26.48398090834025 68.67747857458805 7
    endloop
  endfacet
  facet normal -0.9987954562051731 0.049067674327404415 0
    outer loop
      vertex 26.490000000000002 68.8 2
      vertex 26.48398090834025 68.67747857458805 7
      vertex 26.490000000000002 68.8 7
    endloop
  endfacet
  facet normal -0.9987954562051731 -0.049067674327404415 0
    outer loop
      vertex 26.48398090834025 68.92252142541194 2
      vertex 26.490000000000002 68.8 7
      vertex 26.48398090834025 68.92252142541194 7
    endloop
  endfacet
  facet normal -0.9039892931234402 -0.4275550934302885 0
    outer loop
      vertex 26.342401580435446 69.3892459210325 2
      vertex 26.39484941563911 69.27835429045636 7
      vertex 26.342401580435446 69.3892459210325 7
    endloop
  endfacet
  facet normal -0.857728610000261 -0.5141027441932401 0
    outer loop
      vertex 26.279337015378182 69.4944627912745 2
      vertex 26.342401580435446 69.3892459210325 7
      vertex 26.279337015378182 69.4944627912745 7
    endloop
  endfacet
  facet normal -0.8032075314806716 -0.5956993044923973 0
    outer loop
      vertex 26.206263066703425 69.59299160520456 2
      vertex 26.279337015378182 69.4944627912745 7
      vertex 26.206263066703425 69.59299160520456 7
    endloop
  endfacet
  facet normal -0.9891765099647806 -0.14673047445536455 0
    outer loop
      vertex 26.46598160050404 69.04386290252016 2
      vertex 26.48398090834025 68.92252142541194 7
      vertex 26.46598160050404 69.04386290252016 7
    endloop
  endfacet
  facet normal -0.9700312531945395 -0.24298017990328158 0
    outer loop
      vertex 26.43617541966526 69.16285584656808 2
      vertex 26.46598160050404 69.04386290252016 7
      vertex 26.43617541966526 69.16285584656808 7
    endloop
  endfacet
  facet normal -0.9415440651830287 -0.3368898533921981 0
    outer loop
      vertex 26.39484941563911 69.27835429045636 2
      vertex 26.43617541966526 69.16285584656808 7
      vertex 26.39484941563911 69.27835429045636 7
    endloop
  endfacet
  facet normal -0.6715589548470363 -0.7409511253549429 0
    outer loop
      vertex 26.032991605204558 69.76626306670342 2
      vertex 26.123883476483186 69.68388347648317 7
      vertex 26.032991605204558 69.76626306670342 7
    endloop
  endfacet
  facet normal -0.5141027441932061 -0.8577286100002814 0
    outer loop
      vertex 25.8292459210325 69.90240158043544 2
      vertex 25.934462791274505 69.83933701537818 7
      vertex 25.8292459210325 69.90240158043544 7
    endloop
  endfacet
  facet normal -0.5956993044924438 -0.8032075314806373 0
    outer loop
      vertex 25.934462791274505 69.83933701537818 2
      vertex 26.032991605204558 69.76626306670342 7
      vertex 25.934462791274505 69.83933701537818 7
    endloop
  endfacet
  facet normal -0.7409511253549049 -0.671558954847078 0
    outer loop
      vertex 26.123883476483186 69.68388347648317 2
      vertex 26.206263066703425 69.59299160520456 7
      vertex 26.123883476483186 69.68388347648317 7
    endloop
  endfacet
  facet normal -0.5956993044924334 -0.8032075314806449 1.3884259817642998e-19
    outer loop
      vertex 4.607008394795443 40.03373693329658 2
      vertex 4.705537208725498 39.96066298462182 2
      vertex 4.705537208725498 39.96066298462182 19.5
    endloop
  endfacet
  facet normal -0.6715589548470117 -0.7409511253549651 0
    outer loop
      vertex 4.607008394795443 40.03373693329658 2
      vertex 4.607008394795443 40.03373693329658 19.5
      vertex 4.516116523516816 40.116116523516816 2
    endloop
  endfacet
  facet normal -0.8032075314806372 -0.5956993044924437 0
    outer loop
      vertex 4.360662984621818 40.3055372087255 2
      vertex 4.433736933296579 40.207008394795444 2
      vertex 4.360662984621818 40.3055372087255 19.5
    endloop
  endfacet
  facet normal -0.8577286100002673 -0.5141027441932294 4.0866575141819634e-20
    outer loop
      vertex 4.360662984621818 40.3055372087255 2
      vertex 4.297598419564556 40.4107540789675 19.5
      vertex 4.297598419564556 40.4107540789675 2
    endloop
  endfacet
  facet normal -0.7409511253549644 -0.6715589548470124 1.3768713470207564e-19
    outer loop
      vertex 4.516116523516816 40.116116523516816 2
      vertex 4.433736933296579 40.207008394795444 19.5
      vertex 4.433736933296579 40.207008394795444 2
    endloop
  endfacet
  facet normal -0.9415440651830151 -0.33688985339223576 -1.214070199566071e-19
    outer loop
      vertex 4.245150584360892 40.52164570954364 2
      vertex 4.203824580334739 40.63714415343192 19.5
      vertex 4.203824580334739 40.63714415343192 2
    endloop
  endfacet
  facet normal -0.9039892931234536 -0.42755509343026016 -3.3829771848159075e-20
    outer loop
      vertex 4.297598419564556 40.4107540789675 2
      vertex 4.245150584360892 40.52164570954364 19.5
      vertex 4.245150584360892 40.52164570954364 2
    endloop
  endfacet
  facet normal -0.970031253194543 -0.24298017990326798 1.409375151935539e-20
    outer loop
      vertex 4.203824580334739 40.63714415343192 2
      vertex 4.174018399495962 40.75613709747984 19.5
      vertex 4.174018399495962 40.75613709747984 2
    endloop
  endfacet
  facet normal -0.9891765099647815 -0.1467304744553588 -2.0089465129882318e-20
    outer loop
      vertex 4.174018399495962 40.75613709747984 2
      vertex 4.156019091659754 40.87747857458805 19.5
      vertex 4.156019091659754 40.87747857458805 2
    endloop
  endfacet
  facet normal -0.9987954562051725 -0.04906767432741602 -1.2658789412325394e-20
    outer loop
      vertex 4.156019091659754 40.87747857458805 2
      vertex 4.15 41 19.5
      vertex 4.15 41 2
    endloop
  endfacet
  facet normal -0.9987954562051725 0.04906767432741602 1.2658789412325394e-20
    outer loop
      vertex 4.15 41 2
      vertex 4.156019091659754 41.12252142541195 19.5
      vertex 4.156019091659754 41.12252142541195 2
    endloop
  endfacet
  facet normal -0.9891765099647815 0.1467304744553588 2.0089465129882318e-20
    outer loop
      vertex 4.156019091659754 41.12252142541195 2
      vertex 4.174018399495962 41.24386290252016 19.5
      vertex 4.174018399495962 41.24386290252016 2
    endloop
  endfacet
  facet normal -0.970031253194543 0.24298017990326798 -1.409375151935539e-20
    outer loop
      vertex 4.174018399495962 41.24386290252016 2
      vertex 4.203824580334739 41.36285584656808 19.5
      vertex 4.203824580334739 41.36285584656808 2
    endloop
  endfacet
  facet normal -0.9415440651830151 0.33688985339223576 1.214070199566071e-19
    outer loop
      vertex 4.203824580334739 41.36285584656808 2
      vertex 4.245150584360892 41.47835429045636 19.5
      vertex 4.245150584360892 41.47835429045636 2
    endloop
  endfacet
  facet normal -0.9039892931234536 0.42755509343026016 3.3829771848159075e-20
    outer loop
      vertex 4.245150584360892 41.47835429045636 2
      vertex 4.297598419564556 41.5892459210325 19.5
      vertex 4.297598419564556 41.5892459210325 2
    endloop
  endfacet
  facet normal -0.8577286100002673 0.5141027441932294 -4.0866575141819634e-20
    outer loop
      vertex 4.297598419564556 41.5892459210325 2
      vertex 4.360662984621818 41.6944627912745 19.5
      vertex 4.360662984621818 41.6944627912745 2
    endloop
  endfacet
  facet normal -0.8032075314806372 0.5956993044924437 6.997839991014014e-20
    outer loop
      vertex 4.360662984621818 41.6944627912745 2
      vertex 4.433736933296579 41.792991605204556 19.5
      vertex 4.433736933296579 41.792991605204556 2
    endloop
  endfacet
  facet normal -0.7409511253549644 0.6715589548470124 -1.3768713470207564e-19
    outer loop
      vertex 4.433736933296579 41.792991605204556 2
      vertex 4.516116523516816 41.883883476483184 19.5
      vertex 4.516116523516816 41.883883476483184 2
    endloop
  endfacet
  facet normal -0.6715589548470117 0.7409511253549651 0
    outer loop
      vertex 4.516116523516816 41.883883476483184 2
      vertex 4.516116523516816 41.883883476483184 19.5
      vertex 4.607008394795443 41.96626306670342 2
    endloop
  endfacet
  facet normal -0.5956993044924334 0.8032075314806449 0
    outer loop
      vertex 4.607008394795443 41.96626306670342 2
      vertex 4.607008394795443 41.96626306670342 19.5
      vertex 4.705537208725498 42.03933701537818 2
    endloop
  endfacet
  facet normal -0.42755509343028575 -0.9039892931234416 1.249802396307298e-19
    outer loop
      vertex 4.810754078967503 39.89759841956456 2
      vertex 4.921645709543638 39.845150584360894 2
      vertex 4.921645709543638 39.845150584360894 19.5
    endloop
  endfacet
  facet normal -0.5141027441932124 -0.8577286100002776 0
    outer loop
      vertex 4.810754078967503 39.89759841956456 2
      vertex 4.810754078967503 39.89759841956456 19.5
      vertex 4.705537208725498 39.96066298462182 2
    endloop
  endfacet
  facet normal -0.24298017990325435 -0.9700312531945463 9.391205008047523e-20
    outer loop
      vertex 5.037144153431923 39.80382458033474 2
      vertex 5.15613709747984 39.774018399495965 2
      vertex 5.15613709747984 39.774018399495965 19.5
    endloop
  endfacet
  facet normal -0.3368898533922238 -0.9415440651830195 -4.5863865253980995e-20
    outer loop
      vertex 4.921645709543638 39.845150584360894 2
      vertex 5.037144153431923 39.80382458033474 2
      vertex 5.037144153431923 39.80382458033474 19.5
    endloop
  endfacet
  facet normal -0.14673047445540235 -0.989176509964775 -5.675392259955031e-20
    outer loop
      vertex 5.15613709747984 39.774018399495965 2
      vertex 5.2774785745880495 39.75601909165975 2
      vertex 5.2774785745880495 39.75601909165975 19.5
    endloop
  endfacet
  facet normal -0.04906767432740263 -0.9987954562051732 3.312523025647991e-21
    outer loop
      vertex 5.2774785745880495 39.75601909165975 2
      vertex 5.4 39.75 2
      vertex 5.4 39.75 19.5
    endloop
  endfacet
  facet normal 0.04906767432740263 -0.9987954562051732 -3.312523025647991e-21
    outer loop
      vertex 5.4 39.75 2
      vertex 5.522521425411951 39.75601909165975 2
      vertex 5.522521425411951 39.75601909165975 19.5
    endloop
  endfacet
  facet normal 0.14673047445540235 -0.989176509964775 5.675392259955031e-20
    outer loop
      vertex 5.522521425411951 39.75601909165975 2
      vertex 5.64386290252016 39.774018399495965 2
      vertex 5.64386290252016 39.774018399495965 19.5
    endloop
  endfacet
  facet normal 0.24298017990325435 -0.9700312531945463 -9.391205008047523e-20
    outer loop
      vertex 5.64386290252016 39.774018399495965 2
      vertex 5.762855846568078 39.80382458033474 2
      vertex 5.762855846568078 39.80382458033474 19.5
    endloop
  endfacet
  facet normal 0.3368898533922238 -0.9415440651830195 4.5863865253980995e-20
    outer loop
      vertex 5.762855846568078 39.80382458033474 2
      vertex 5.878354290456363 39.845150584360894 2
      vertex 5.878354290456363 39.845150584360894 19.5
    endloop
  endfacet
  facet normal 0.42755509343028575 -0.9039892931234416 -1.249802396307298e-19
    outer loop
      vertex 5.878354290456363 39.845150584360894 2
      vertex 5.989245921032498 39.89759841956456 2
      vertex 5.989245921032498 39.89759841956456 19.5
    endloop
  endfacet
  facet normal 0.5141027441932124 -0.8577286100002776 -1.7336050529073397e-19
    outer loop
      vertex 5.989245921032498 39.89759841956456 2
      vertex 6.094462791274503 39.96066298462182 2
      vertex 6.094462791274503 39.96066298462182 19.5
    endloop
  endfacet
  facet normal 0.5956993044924334 -0.8032075314806449 -1.3884259817642998e-19
    outer loop
      vertex 6.094462791274503 39.96066298462182 2
      vertex 6.192991605204558 40.03373693329658 2
      vertex 6.192991605204558 40.03373693329658 19.5
    endloop
  endfacet
  facet normal 0.6715589548470117 -0.7409511253549651 -8.110229699339553e-20
    outer loop
      vertex 6.192991605204558 40.03373693329658 2
      vertex 6.283883476483185 40.116116523516816 2
      vertex 6.283883476483185 40.116116523516816 19.5
    endloop
  endfacet
  facet normal 0.7409511253549644 -0.6715589548470124 0
    outer loop
      vertex 6.283883476483185 40.116116523516816 2
      vertex 6.3662630667034215 40.207008394795444 2
      vertex 6.283883476483185 40.116116523516816 19.5
    endloop
  endfacet
  facet normal 0.8032075314806372 -0.5956993044924437 0
    outer loop
      vertex 6.3662630667034215 40.207008394795444 2
      vertex 6.439337015378182 40.3055372087255 2
      vertex 6.3662630667034215 40.207008394795444 19.5
    endloop
  endfacet
  facet normal 0.8577286100002673 -0.5141027441932294 0
    outer loop
      vertex 6.439337015378182 40.3055372087255 2
      vertex 6.5024015804354445 40.4107540789675 2
      vertex 6.439337015378182 40.3055372087255 19.5
    endloop
  endfacet
  facet normal 0.9039892931234536 -0.42755509343026016 0
    outer loop
      vertex 6.5024015804354445 40.4107540789675 2
      vertex 6.554849415639109 40.52164570954364 2
      vertex 6.5024015804354445 40.4107540789675 19.5
    endloop
  endfacet
  facet normal 0.9415440651830151 -0.33688985339223576 0
    outer loop
      vertex 6.554849415639109 40.52164570954364 2
      vertex 6.596175419665261 40.63714415343192 2
      vertex 6.554849415639109 40.52164570954364 19.5
    endloop
  endfacet
  facet normal 0.970031253194543 -0.24298017990326798 0
    outer loop
      vertex 6.596175419665261 40.63714415343192 2
      vertex 6.625981600504039 40.75613709747984 2
      vertex 6.596175419665261 40.63714415343192 19.5
    endloop
  endfacet
  facet normal -0.5141027441932124 0.8577286100002776 0
    outer loop
      vertex 4.705537208725498 42.03933701537818 2
      vertex 4.705537208725498 42.03933701537818 19.5
      vertex 4.810754078967503 42.10240158043544 2
    endloop
  endfacet
  facet normal -0.42755509343028575 0.9039892931234416 0
    outer loop
      vertex 4.810754078967503 42.10240158043544 2
      vertex 4.810754078967503 42.10240158043544 19.5
      vertex 4.921645709543638 42.154849415639106 2
    endloop
  endfacet
  facet normal -0.3368898533922238 0.9415440651830195 0
    outer loop
      vertex 4.921645709543638 42.154849415639106 2
      vertex 4.921645709543638 42.154849415639106 19.5
      vertex 5.037144153431923 42.19617541966526 2
    endloop
  endfacet
  facet normal 0.3368898533922238 0.9415440651830195 -4.5863865253980995e-20
    outer loop
      vertex 5.878354290456363 42.154849415639106 2
      vertex 5.762855846568078 42.19617541966526 2
      vertex 5.762855846568078 42.19617541966526 19.5
    endloop
  endfacet
  facet normal 0.9891765099647815 -0.1467304744553588 0
    outer loop
      vertex 6.625981600504039 40.75613709747984 2
      vertex 6.643980908340247 40.87747857458805 2
      vertex 6.625981600504039 40.75613709747984 19.5
    endloop
  endfacet
  facet normal 0.9987954562051725 -0.04906767432741602 0
    outer loop
      vertex 6.643980908340247 40.87747857458805 2
      vertex 6.65 41 2
      vertex 6.643980908340247 40.87747857458805 19.5
    endloop
  endfacet
  facet normal 0.9987954562051725 0.04906767432741602 0
    outer loop
      vertex 6.65 41 2
      vertex 6.643980908340247 41.12252142541195 2
      vertex 6.65 41 19.5
    endloop
  endfacet
  facet normal 0.9891765099647815 0.1467304744553588 0
    outer loop
      vertex 6.643980908340247 41.12252142541195 2
      vertex 6.625981600504039 41.24386290252016 2
      vertex 6.643980908340247 41.12252142541195 19.5
    endloop
  endfacet
  facet normal 0.970031253194543 0.24298017990326798 0
    outer loop
      vertex 6.625981600504039 41.24386290252016 2
      vertex 6.596175419665261 41.36285584656808 2
      vertex 6.625981600504039 41.24386290252016 19.5
    endloop
  endfacet
  facet normal 0.9415440651830151 0.33688985339223576 -1.214070199566071e-19
    outer loop
      vertex 6.554849415639109 41.47835429045636 2
      vertex 6.596175419665261 41.36285584656808 19.5
      vertex 6.596175419665261 41.36285584656808 2
    endloop
  endfacet
  facet normal 0.8032075314806372 0.5956993044924437 0
    outer loop
      vertex 6.439337015378182 41.6944627912745 2
      vertex 6.3662630667034215 41.792991605204556 2
      vertex 6.439337015378182 41.6944627912745 19.5
    endloop
  endfacet
  facet normal 0.7409511253549644 0.6715589548470124 0
    outer loop
      vertex 6.3662630667034215 41.792991605204556 2
      vertex 6.283883476483185 41.883883476483184 2
      vertex 6.3662630667034215 41.792991605204556 19.5
    endloop
  endfacet
  facet normal 0.42755509343028575 0.9039892931234416 1.249802396307298e-19
    outer loop
      vertex 5.989245921032498 42.10240158043544 2
      vertex 5.878354290456363 42.154849415639106 2
      vertex 5.878354290456363 42.154849415639106 19.5
    endloop
  endfacet
  facet normal 0.5956993044924334 0.8032075314806449 0
    outer loop
      vertex 6.094462791274503 42.03933701537818 2
      vertex 6.094462791274503 42.03933701537818 19.5
      vertex 6.192991605204558 41.96626306670342 2
    endloop
  endfacet
  facet normal 0.5141027441932124 0.8577286100002776 0
    outer loop
      vertex 5.989245921032498 42.10240158043544 2
      vertex 5.989245921032498 42.10240158043544 19.5
      vertex 6.094462791274503 42.03933701537818 2
    endloop
  endfacet
  facet normal 0.6715589548470117 0.7409511253549651 8.110229699339553e-20
    outer loop
      vertex 6.283883476483185 41.883883476483184 2
      vertex 6.192991605204558 41.96626306670342 2
      vertex 6.192991605204558 41.96626306670342 19.5
    endloop
  endfacet
  facet normal 0.9039892931234536 0.42755509343026016 0
    outer loop
      vertex 6.554849415639109 41.47835429045636 2
      vertex 6.5024015804354445 41.5892459210325 2
      vertex 6.554849415639109 41.47835429045636 19.5
    endloop
  endfacet
  facet normal 0.8577286100002673 0.5141027441932294 4.0866575141819634e-20
    outer loop
      vertex 6.439337015378182 41.6944627912745 2
      vertex 6.5024015804354445 41.5892459210325 19.5
      vertex 6.5024015804354445 41.5892459210325 2
    endloop
  endfacet
  facet normal -0.24298017990325435 0.9700312531945463 0
    outer loop
      vertex 5.037144153431923 42.19617541966526 2
      vertex 5.037144153431923 42.19617541966526 19.5
      vertex 5.15613709747984 42.225981600504035 2
    endloop
  endfacet
  facet normal -0.14673047445540235 0.989176509964775 0
    outer loop
      vertex 5.15613709747984 42.225981600504035 2
      vertex 5.15613709747984 42.225981600504035 19.5
      vertex 5.2774785745880495 42.24398090834025 2
    endloop
  endfacet
  facet normal -0.04906767432740263 0.9987954562051732 0
    outer loop
      vertex 5.2774785745880495 42.24398090834025 2
      vertex 5.2774785745880495 42.24398090834025 19.5
      vertex 5.4 42.25 2
    endloop
  endfacet
  facet normal 0.04906767432740263 0.9987954562051732 0
    outer loop
      vertex 5.4 42.25 2
      vertex 5.4 42.25 19.5
      vertex 5.522521425411951 42.24398090834025 2
    endloop
  endfacet
  facet normal 0.14673047445540235 0.989176509964775 0
    outer loop
      vertex 5.522521425411951 42.24398090834025 2
      vertex 5.522521425411951 42.24398090834025 19.5
      vertex 5.64386290252016 42.225981600504035 2
    endloop
  endfacet
  facet normal 0.24298017990325435 0.9700312531945463 0
    outer loop
      vertex 5.64386290252016 42.225981600504035 2
      vertex 5.64386290252016 42.225981600504035 19.5
      vertex 5.762855846568078 42.19617541966526 2
    endloop
  endfacet
  facet normal -0.5956993044924334 -0.8032075314806449 0
    outer loop
      vertex 4.607008394795443 40.03373693329658 2
      vertex 4.705537208725498 39.96066298462182 19.5
      vertex 4.607008394795443 40.03373693329658 19.5
    endloop
  endfacet
  facet normal -0.8577286100002673 -0.5141027441932294 0
    outer loop
      vertex 4.360662984621818 40.3055372087255 2
      vertex 4.360662984621818 40.3055372087255 19.5
      vertex 4.297598419564556 40.4107540789675 19.5
    endloop
  endfacet
  facet normal -0.7409511253549644 -0.6715589548470124 0
    outer loop
      vertex 4.516116523516816 40.116116523516816 2
      vertex 4.516116523516816 40.116116523516816 19.5
      vertex 4.433736933296579 40.207008394795444 19.5
    endloop
  endfacet
  facet normal -0.8032075314806372 -0.5956993044924437 0
    outer loop
      vertex 4.433736933296579 40.207008394795444 2
      vertex 4.433736933296579 40.207008394795444 19.5
      vertex 4.360662984621818 40.3055372087255 19.5
    endloop
  endfacet
  facet normal -0.6715589548470117 -0.7409511253549651 0
    outer loop
      vertex 4.516116523516816 40.116116523516816 2
      vertex 4.607008394795443 40.03373693329658 19.5
      vertex 4.516116523516816 40.116116523516816 19.5
    endloop
  endfacet
  facet normal -0.9415440651830151 -0.33688985339223576 0
    outer loop
      vertex 4.245150584360892 40.52164570954364 2
      vertex 4.245150584360892 40.52164570954364 19.5
      vertex 4.203824580334739 40.63714415343192 19.5
    endloop
  endfacet
  facet normal -0.9039892931234536 -0.42755509343026016 0
    outer loop
      vertex 4.297598419564556 40.4107540789675 2
      vertex 4.297598419564556 40.4107540789675 19.5
      vertex 4.245150584360892 40.52164570954364 19.5
    endloop
  endfacet
  facet normal -0.970031253194543 -0.24298017990326798 0
    outer loop
      vertex 4.203824580334739 40.63714415343192 2
      vertex 4.203824580334739 40.63714415343192 19.5
      vertex 4.174018399495962 40.75613709747984 19.5
    endloop
  endfacet
  facet normal -0.9891765099647815 -0.1467304744553588 0
    outer loop
      vertex 4.174018399495962 40.75613709747984 2
      vertex 4.174018399495962 40.75613709747984 19.5
      vertex 4.156019091659754 40.87747857458805 19.5
    endloop
  endfacet
  facet normal -0.9987954562051725 -0.04906767432741602 0
    outer loop
      vertex 4.156019091659754 40.87747857458805 2
      vertex 4.156019091659754 40.87747857458805 19.5
      vertex 4.15 41 19.5
    endloop
  endfacet
  facet normal -0.9987954562051725 0.04906767432741602 0
    outer loop
      vertex 4.15 41 2
      vertex 4.15 41 19.5
      vertex 4.156019091659754 41.12252142541195 19.5
    endloop
  endfacet
  facet normal -0.9891765099647815 0.1467304744553588 0
    outer loop
      vertex 4.156019091659754 41.12252142541195 2
      vertex 4.156019091659754 41.12252142541195 19.5
      vertex 4.174018399495962 41.24386290252016 19.5
    endloop
  endfacet
  facet normal -0.970031253194543 0.24298017990326798 0
    outer loop
      vertex 4.174018399495962 41.24386290252016 2
      vertex 4.174018399495962 41.24386290252016 19.5
      vertex 4.203824580334739 41.36285584656808 19.5
    endloop
  endfacet
  facet normal -0.9415440651830151 0.33688985339223576 0
    outer loop
      vertex 4.203824580334739 41.36285584656808 2
      vertex 4.203824580334739 41.36285584656808 19.5
      vertex 4.245150584360892 41.47835429045636 19.5
    endloop
  endfacet
  facet normal -0.9039892931234536 0.42755509343026016 0
    outer loop
      vertex 4.245150584360892 41.47835429045636 2
      vertex 4.245150584360892 41.47835429045636 19.5
      vertex 4.297598419564556 41.5892459210325 19.5
    endloop
  endfacet
  facet normal -0.8577286100002673 0.5141027441932294 0
    outer loop
      vertex 4.297598419564556 41.5892459210325 2
      vertex 4.297598419564556 41.5892459210325 19.5
      vertex 4.360662984621818 41.6944627912745 19.5
    endloop
  endfacet
  facet normal -0.8032075314806372 0.5956993044924437 0
    outer loop
      vertex 4.360662984621818 41.6944627912745 2
      vertex 4.360662984621818 41.6944627912745 19.5
      vertex 4.433736933296579 41.792991605204556 19.5
    endloop
  endfacet
  facet normal -0.7409511253549644 0.6715589548470124 0
    outer loop
      vertex 4.433736933296579 41.792991605204556 2
      vertex 4.433736933296579 41.792991605204556 19.5
      vertex 4.516116523516816 41.883883476483184 19.5
    endloop
  endfacet
  facet normal -0.6715589548470117 0.7409511253549651 0
    outer loop
      vertex 4.607008394795443 41.96626306670342 2
      vertex 4.516116523516816 41.883883476483184 19.5
      vertex 4.607008394795443 41.96626306670342 19.5
    endloop
  endfacet
  facet normal -0.5956993044924334 0.8032075314806449 0
    outer loop
      vertex 4.705537208725498 42.03933701537818 2
      vertex 4.607008394795443 41.96626306670342 19.5
      vertex 4.705537208725498 42.03933701537818 19.5
    endloop
  endfacet
  facet normal -0.42755509343028575 -0.9039892931234416 0
    outer loop
      vertex 4.810754078967503 39.89759841956456 2
      vertex 4.921645709543638 39.845150584360894 19.5
      vertex 4.810754078967503 39.89759841956456 19.5
    endloop
  endfacet
  facet normal -0.3368898533922238 -0.9415440651830195 0
    outer loop
      vertex 4.921645709543638 39.845150584360894 2
      vertex 5.037144153431923 39.80382458033474 19.5
      vertex 4.921645709543638 39.845150584360894 19.5
    endloop
  endfacet
  facet normal -0.5141027441932124 -0.8577286100002776 0
    outer loop
      vertex 4.705537208725498 39.96066298462182 2
      vertex 4.810754078967503 39.89759841956456 19.5
      vertex 4.705537208725498 39.96066298462182 19.5
    endloop
  endfacet
  facet normal -0.24298017990325435 -0.9700312531945463 0
    outer loop
      vertex 5.037144153431923 39.80382458033474 2
      vertex 5.15613709747984 39.774018399495965 19.5
      vertex 5.037144153431923 39.80382458033474 19.5
    endloop
  endfacet
  facet normal -0.14673047445540235 -0.989176509964775 0
    outer loop
      vertex 5.15613709747984 39.774018399495965 2
      vertex 5.2774785745880495 39.75601909165975 19.5
      vertex 5.15613709747984 39.774018399495965 19.5
    endloop
  endfacet
  facet normal -0.04906767432740263 -0.9987954562051732 0
    outer loop
      vertex 5.2774785745880495 39.75601909165975 2
      vertex 5.4 39.75 19.5
      vertex 5.2774785745880495 39.75601909165975 19.5
    endloop
  endfacet
  facet normal 0.04906767432740263 -0.9987954562051732 0
    outer loop
      vertex 5.4 39.75 2
      vertex 5.522521425411951 39.75601909165975 19.5
      vertex 5.4 39.75 19.5
    endloop
  endfacet
  facet normal 0.14673047445540235 -0.989176509964775 0
    outer loop
      vertex 5.522521425411951 39.75601909165975 2
      vertex 5.64386290252016 39.774018399495965 19.5
      vertex 5.522521425411951 39.75601909165975 19.5
    endloop
  endfacet
  facet normal 0.24298017990325435 -0.9700312531945463 0
    outer loop
      vertex 5.64386290252016 39.774018399495965 2
      vertex 5.762855846568078 39.80382458033474 19.5
      vertex 5.64386290252016 39.774018399495965 19.5
    endloop
  endfacet
  facet normal 0.3368898533922238 -0.9415440651830195 0
    outer loop
      vertex 5.762855846568078 39.80382458033474 2
      vertex 5.878354290456363 39.845150584360894 19.5
      vertex 5.762855846568078 39.80382458033474 19.5
    endloop
  endfacet
  facet normal 0.42755509343028575 -0.9039892931234416 0
    outer loop
      vertex 5.878354290456363 39.845150584360894 2
      vertex 5.989245921032498 39.89759841956456 19.5
      vertex 5.878354290456363 39.845150584360894 19.5
    endloop
  endfacet
  facet normal 0.5141027441932124 -0.8577286100002776 0
    outer loop
      vertex 5.989245921032498 39.89759841956456 2
      vertex 6.094462791274503 39.96066298462182 19.5
      vertex 5.989245921032498 39.89759841956456 19.5
    endloop
  endfacet
  facet normal 0.5956993044924334 -0.8032075314806449 0
    outer loop
      vertex 6.094462791274503 39.96066298462182 2
      vertex 6.192991605204558 40.03373693329658 19.5
      vertex 6.094462791274503 39.96066298462182 19.5
    endloop
  endfacet
  facet normal 0.6715589548470117 -0.7409511253549651 0
    outer loop
      vertex 6.192991605204558 40.03373693329658 2
      vertex 6.283883476483185 40.116116523516816 19.5
      vertex 6.192991605204558 40.03373693329658 19.5
    endloop
  endfacet
  facet normal 0.7409511253549644 -0.6715589548470124 0
    outer loop
      vertex 6.3662630667034215 40.207008394795444 2
      vertex 6.3662630667034215 40.207008394795444 19.5
      vertex 6.283883476483185 40.116116523516816 19.5
    endloop
  endfacet
  facet normal 0.8032075314806372 -0.5956993044924437 0
    outer loop
      vertex 6.439337015378182 40.3055372087255 2
      vertex 6.439337015378182 40.3055372087255 19.5
      vertex 6.3662630667034215 40.207008394795444 19.5
    endloop
  endfacet
  facet normal 0.8577286100002673 -0.5141027441932294 0
    outer loop
      vertex 6.5024015804354445 40.4107540789675 2
      vertex 6.5024015804354445 40.4107540789675 19.5
      vertex 6.439337015378182 40.3055372087255 19.5
    endloop
  endfacet
  facet normal 0.9039892931234536 -0.42755509343026016 0
    outer loop
      vertex 6.554849415639109 40.52164570954364 2
      vertex 6.554849415639109 40.52164570954364 19.5
      vertex 6.5024015804354445 40.4107540789675 19.5
    endloop
  endfacet
  facet normal 0.9415440651830151 -0.33688985339223576 0
    outer loop
      vertex 6.596175419665261 40.63714415343192 2
      vertex 6.596175419665261 40.63714415343192 19.5
      vertex 6.554849415639109 40.52164570954364 19.5
    endloop
  endfacet
  facet normal 0.970031253194543 -0.24298017990326798 0
    outer loop
      vertex 6.625981600504039 40.75613709747984 2
      vertex 6.625981600504039 40.75613709747984 19.5
      vertex 6.596175419665261 40.63714415343192 19.5
    endloop
  endfacet
  facet normal -0.5141027441932124 0.8577286100002776 0
    outer loop
      vertex 4.810754078967503 42.10240158043544 2
      vertex 4.705537208725498 42.03933701537818 19.5
      vertex 4.810754078967503 42.10240158043544 19.5
    endloop
  endfacet
  facet normal -0.42755509343028575 0.9039892931234416 0
    outer loop
      vertex 4.921645709543638 42.154849415639106 2
      vertex 4.810754078967503 42.10240158043544 19.5
      vertex 4.921645709543638 42.154849415639106 19.5
    endloop
  endfacet
  facet normal -0.3368898533922238 0.9415440651830195 0
    outer loop
      vertex 5.037144153431923 42.19617541966526 2
      vertex 4.921645709543638 42.154849415639106 19.5
      vertex 5.037144153431923 42.19617541966526 19.5
    endloop
  endfacet
  facet normal 0.3368898533922238 0.9415440651830195 0
    outer loop
      vertex 5.878354290456363 42.154849415639106 2
      vertex 5.762855846568078 42.19617541966526 19.5
      vertex 5.878354290456363 42.154849415639106 19.5
    endloop
  endfacet
  facet normal 0.9891765099647815 -0.1467304744553588 0
    outer loop
      vertex 6.643980908340247 40.87747857458805 2
      vertex 6.643980908340247 40.87747857458805 19.5
      vertex 6.625981600504039 40.75613709747984 19.5
    endloop
  endfacet
  facet normal 0.9987954562051725 -0.04906767432741602 0
    outer loop
      vertex 6.65 41 2
      vertex 6.65 41 19.5
      vertex 6.643980908340247 40.87747857458805 19.5
    endloop
  endfacet
  facet normal 0.9987954562051725 0.04906767432741602 0
    outer loop
      vertex 6.643980908340247 41.12252142541195 2
      vertex 6.643980908340247 41.12252142541195 19.5
      vertex 6.65 41 19.5
    endloop
  endfacet
  facet normal 0.9891765099647815 0.1467304744553588 0
    outer loop
      vertex 6.625981600504039 41.24386290252016 2
      vertex 6.625981600504039 41.24386290252016 19.5
      vertex 6.643980908340247 41.12252142541195 19.5
    endloop
  endfacet
  facet normal 0.9415440651830151 0.33688985339223576 0
    outer loop
      vertex 6.554849415639109 41.47835429045636 2
      vertex 6.554849415639109 41.47835429045636 19.5
      vertex 6.596175419665261 41.36285584656808 19.5
    endloop
  endfacet
  facet normal 0.970031253194543 0.24298017990326798 0
    outer loop
      vertex 6.596175419665261 41.36285584656808 2
      vertex 6.596175419665261 41.36285584656808 19.5
      vertex 6.625981600504039 41.24386290252016 19.5
    endloop
  endfacet
  facet normal 0.8032075314806372 0.5956993044924437 0
    outer loop
      vertex 6.3662630667034215 41.792991605204556 2
      vertex 6.3662630667034215 41.792991605204556 19.5
      vertex 6.439337015378182 41.6944627912745 19.5
    endloop
  endfacet
  facet normal 0.42755509343028575 0.9039892931234416 0
    outer loop
      vertex 5.989245921032498 42.10240158043544 2
      vertex 5.878354290456363 42.154849415639106 19.5
      vertex 5.989245921032498 42.10240158043544 19.5
    endloop
  endfacet
  facet normal 0.5141027441932124 0.8577286100002776 0
    outer loop
      vertex 6.094462791274503 42.03933701537818 2
      vertex 5.989245921032498 42.10240158043544 19.5
      vertex 6.094462791274503 42.03933701537818 19.5
    endloop
  endfacet
  facet normal 0.6715589548470117 0.7409511253549651 0
    outer loop
      vertex 6.283883476483185 41.883883476483184 2
      vertex 6.192991605204558 41.96626306670342 19.5
      vertex 6.283883476483185 41.883883476483184 19.5
    endloop
  endfacet
  facet normal 0.5956993044924334 0.8032075314806449 0
    outer loop
      vertex 6.192991605204558 41.96626306670342 2
      vertex 6.094462791274503 42.03933701537818 19.5
      vertex 6.192991605204558 41.96626306670342 19.5
    endloop
  endfacet
  facet normal 0.7409511253549644 0.6715589548470124 0
    outer loop
      vertex 6.283883476483185 41.883883476483184 2
      vertex 6.283883476483185 41.883883476483184 19.5
      vertex 6.3662630667034215 41.792991605204556 19.5
    endloop
  endfacet
  facet normal 0.9039892931234536 0.42755509343026016 0
    outer loop
      vertex 6.5024015804354445 41.5892459210325 2
      vertex 6.5024015804354445 41.5892459210325 19.5
      vertex 6.554849415639109 41.47835429045636 19.5
    endloop
  endfacet
  facet normal 0.8577286100002673 0.5141027441932294 0
    outer loop
      vertex 6.439337015378182 41.6944627912745 2
      vertex 6.439337015378182 41.6944627912745 19.5
      vertex 6.5024015804354445 41.5892459210325 19.5
    endloop
  endfacet
  facet normal -0.24298017990325435 0.9700312531945463 0
    outer loop
      vertex 5.15613709747984 42.225981600504035 2
      vertex 5.037144153431923 42.19617541966526 19.5
      vertex 5.15613709747984 42.225981600504035 19.5
    endloop
  endfacet
  facet normal -0.14673047445540235 0.989176509964775 0
    outer loop
      vertex 5.2774785745880495 42.24398090834025 2
      vertex 5.15613709747984 42.225981600504035 19.5
      vertex 5.2774785745880495 42.24398090834025 19.5
    endloop
  endfacet
  facet normal -0.04906767432740263 0.9987954562051732 0
    outer loop
      vertex 5.4 42.25 2
      vertex 5.2774785745880495 42.24398090834025 19.5
      vertex 5.4 42.25 19.5
    endloop
  endfacet
  facet normal 0.04906767432740263 0.9987954562051732 0
    outer loop
      vertex 5.522521425411951 42.24398090834025 2
      vertex 5.4 42.25 19.5
      vertex 5.522521425411951 42.24398090834025 19.5
    endloop
  endfacet
  facet normal 0.14673047445540235 0.989176509964775 0
    outer loop
      vertex 5.64386290252016 42.225981600504035 2
      vertex 5.522521425411951 42.24398090834025 19.5
      vertex 5.64386290252016 42.225981600504035 19.5
    endloop
  endfacet
  facet normal 0.24298017990325435 0.9700312531945463 0
    outer loop
      vertex 5.762855846568078 42.19617541966526 2
      vertex 5.64386290252016 42.225981600504035 19.5
      vertex 5.762855846568078 42.19617541966526 19.5
    endloop
  endfacet
  facet normal 0 0 1
    outer loop
      vertex 4.360662984621818 40.3055372087255 19.5
      vertex 4.297598419564556 41.5892459210325 19.5
      vertex 4.297598419564556 40.4107540789675 19.5
    endloop
  endfacet
  facet normal 0 0 1
    outer loop
      vertex 4.360662984621818 40.3055372087255 19.5
      vertex 4.433736933296579 40.207008394795444 19.5
      vertex 4.360662984621818 41.6944627912745 19.5
    endloop
  endfacet
  facet normal 0 0 1
    outer loop
      vertex 4.516116523516816 40.116116523516816 19.5
      vertex 4.433736933296579 41.792991605204556 19.5
      vertex 4.433736933296579 40.207008394795444 19.5
    endloop
  endfacet
  facet normal 0 0 1
    outer loop
      vertex 4.607008394795443 40.03373693329658 19.5
      vertex 4.516116523516816 41.883883476483184 19.5
      vertex 4.516116523516816 40.116116523516816 19.5
    endloop
  endfacet
  facet normal 0 0 1
    outer loop
      vertex 4.607008394795443 40.03373693329658 19.5
      vertex 4.705537208725498 39.96066298462182 19.5
      vertex 4.607008394795443 41.96626306670342 19.5
    endloop
  endfacet
  facet normal 0 0 1
    outer loop
      vertex 4.245150584360892 40.52164570954364 19.5
      vertex 4.203824580334739 41.36285584656808 19.5
      vertex 4.203824580334739 40.63714415343192 19.5
    endloop
  endfacet
  facet normal 0 0 1
    outer loop
      vertex 4.203824580334739 40.63714415343192 19.5
      vertex 4.174018399495962 41.24386290252016 19.5
      vertex 4.174018399495962 40.75613709747984 19.5
    endloop
  endfacet
  facet normal 0 0 1
    outer loop
      vertex 4.174018399495962 40.75613709747984 19.5
      vertex 4.156019091659754 41.12252142541195 19.5
      vertex 4.156019091659754 40.87747857458805 19.5
    endloop
  endfacet
  facet normal 0 0 1
    outer loop
      vertex 4.297598419564556 40.4107540789675 19.5
      vertex 4.245150584360892 41.47835429045636 19.5
      vertex 4.245150584360892 40.52164570954364 19.5
    endloop
  endfacet
  facet normal 0 0 1
    outer loop
      vertex 4.156019091659754 40.87747857458805 19.5
      vertex 4.156019091659754 41.12252142541195 19.5
      vertex 4.15 41 19.5
    endloop
  endfacet
  facet normal 0 0 1
    outer loop
      vertex 4.174018399495962 40.75613709747984 19.5
      vertex 4.174018399495962 41.24386290252016 19.5
      vertex 4.156019091659754 41.12252142541195 19.5
    endloop
  endfacet
  facet normal 0 0 1
    outer loop
      vertex 4.203824580334739 40.63714415343192 19.5
      vertex 4.203824580334739 41.36285584656808 19.5
      vertex 4.174018399495962 41.24386290252016 19.5
    endloop
  endfacet
  facet normal 0 0 1
    outer loop
      vertex 4.245150584360892 40.52164570954364 19.5
      vertex 4.245150584360892 41.47835429045636 19.5
      vertex 4.203824580334739 41.36285584656808 19.5
    endloop
  endfacet
  facet normal 0 0 1
    outer loop
      vertex 4.297598419564556 40.4107540789675 19.5
      vertex 4.297598419564556 41.5892459210325 19.5
      vertex 4.245150584360892 41.47835429045636 19.5
    endloop
  endfacet
  facet normal 0 0 1
    outer loop
      vertex 4.360662984621818 40.3055372087255 19.5
      vertex 4.360662984621818 41.6944627912745 19.5
      vertex 4.297598419564556 41.5892459210325 19.5
    endloop
  endfacet
  facet normal 0 0 1
    outer loop
      vertex 4.433736933296579 40.207008394795444 19.5
      vertex 4.433736933296579 41.792991605204556 19.5
      vertex 4.360662984621818 41.6944627912745 19.5
    endloop
  endfacet
  facet normal 0 0 1
    outer loop
      vertex 4.516116523516816 40.116116523516816 19.5
      vertex 4.516116523516816 41.883883476483184 19.5
      vertex 4.433736933296579 41.792991605204556 19.5
    endloop
  endfacet
  facet normal 0 0 1
    outer loop
      vertex 4.607008394795443 40.03373693329658 19.5
      vertex 4.607008394795443 41.96626306670342 19.5
      vertex 4.516116523516816 41.883883476483184 19.5
    endloop
  endfacet
  facet normal 0 0 1
    outer loop
      vertex 4.607008394795443 41.96626306670342 19.5
      vertex 4.705537208725498 39.96066298462182 19.5
      vertex 4.705537208725498 42.03933701537818 19.5
    endloop
  endfacet
  facet normal 0 0 1
    outer loop
      vertex 4.921645709543638 39.845150584360894 19.5
      vertex 5.037144153431923 39.80382458033474 19.5
      vertex 4.921645709543638 42.154849415639106 19.5
    endloop
  endfacet
  facet normal 0 0 1
    outer loop
      vertex 4.810754078967503 39.89759841956456 19.5
      vertex 4.705537208725498 42.03933701537818 19.5
      vertex 4.705537208725498 39.96066298462182 19.5
    endloop
  endfacet
  facet normal 0 0 1
    outer loop
      vertex 4.810754078967503 39.89759841956456 19.5
      vertex 4.921645709543638 39.845150584360894 19.5
      vertex 4.810754078967503 42.10240158043544 19.5
    endloop
  endfacet
  facet normal 0 0 1
    outer loop
      vertex 5.037144153431923 39.80382458033474 19.5
      vertex 5.15613709747984 39.774018399495965 19.5
      vertex 5.037144153431923 42.19617541966526 19.5
    endloop
  endfacet
  facet normal 0 0 1
    outer loop
      vertex 5.15613709747984 39.774018399495965 19.5
      vertex 5.2774785745880495 39.75601909165975 19.5
      vertex 5.15613709747984 42.225981600504035 19.5
    endloop
  endfacet
  facet normal 0 0 1
    outer loop
      vertex 5.2774785745880495 39.75601909165975 19.5
      vertex 5.4 39.75 19.5
      vertex 5.2774785745880495 42.24398090834025 19.5
    endloop
  endfacet
  facet normal 0 0 1
    outer loop
      vertex 5.4 39.75 19.5
      vertex 5.522521425411951 39.75601909165975 19.5
      vertex 5.4 42.25 19.5
    endloop
  endfacet
  facet normal 0 0 1
    outer loop
      vertex 5.522521425411951 39.75601909165975 19.5
      vertex 5.64386290252016 39.774018399495965 19.5
      vertex 5.522521425411951 42.24398090834025 19.5
    endloop
  endfacet
  facet normal 0 0 1
    outer loop
      vertex 5.64386290252016 39.774018399495965 19.5
      vertex 5.762855846568078 39.80382458033474 19.5
      vertex 5.64386290252016 42.225981600504035 19.5
    endloop
  endfacet
  facet normal 0 0 1
    outer loop
      vertex 5.762855846568078 39.80382458033474 19.5
      vertex 5.878354290456363 39.845150584360894 19.5
      vertex 5.762855846568078 42.19617541966526 19.5
    endloop
  endfacet
  facet normal 0 0 1
    outer loop
      vertex 5.878354290456363 39.845150584360894 19.5
      vertex 5.989245921032498 39.89759841956456 19.5
      vertex 5.878354290456363 42.154849415639106 19.5
    endloop
  endfacet
  facet normal 0 0 1
    outer loop
      vertex 5.989245921032498 39.89759841956456 19.5
      vertex 6.094462791274503 39.96066298462182 19.5
      vertex 5.989245921032498 42.10240158043544 19.5
    endloop
  endfacet
  facet normal 0 0 1
    outer loop
      vertex 6.094462791274503 39.96066298462182 19.5
      vertex 6.192991605204558 40.03373693329658 19.5
      vertex 6.094462791274503 42.03933701537818 19.5
    endloop
  endfacet
  facet normal 0 0 1
    outer loop
      vertex 6.192991605204558 40.03373693329658 19.5
      vertex 6.283883476483185 40.116116523516816 19.5
      vertex 6.192991605204558 41.96626306670342 19.5
    endloop
  endfacet
  facet normal 0 0 1
    outer loop
      vertex 6.283883476483185 40.116116523516816 19.5
      vertex 6.3662630667034215 40.207008394795444 19.5
      vertex 6.283883476483185 41.883883476483184 19.5
    endloop
  endfacet
  facet normal 0 0 1
    outer loop
      vertex 6.3662630667034215 40.207008394795444 19.5
      vertex 6.439337015378182 40.3055372087255 19.5
      vertex 6.3662630667034215 41.792991605204556 19.5
    endloop
  endfacet
  facet normal 0 0 1
    outer loop
      vertex 4.810754078967503 39.89759841956456 19.5
      vertex 4.810754078967503 42.10240158043544 19.5
      vertex 4.705537208725498 42.03933701537818 19.5
    endloop
  endfacet
  facet normal 0 0 1
    outer loop
      vertex 4.921645709543638 39.845150584360894 19.5
      vertex 4.921645709543638 42.154849415639106 19.5
      vertex 4.810754078967503 42.10240158043544 19.5
    endloop
  endfacet
  facet normal 0 0 1
    outer loop
      vertex 5.037144153431923 39.80382458033474 19.5
      vertex 5.037144153431923 42.19617541966526 19.5
      vertex 4.921645709543638 42.154849415639106 19.5
    endloop
  endfacet
  facet normal 0 0 1
    outer loop
      vertex 5.15613709747984 39.774018399495965 19.5
      vertex 5.15613709747984 42.225981600504035 19.5
      vertex 5.037144153431923 42.19617541966526 19.5
    endloop
  endfacet
  facet normal 0 0 1
    outer loop
      vertex 5.2774785745880495 39.75601909165975 19.5
      vertex 5.2774785745880495 42.24398090834025 19.5
      vertex 5.15613709747984 42.225981600504035 19.5
    endloop
  endfacet
  facet normal 0 0 1
    outer loop
      vertex 5.4 39.75 19.5
      vertex 5.4 42.25 19.5
      vertex 5.2774785745880495 42.24398090834025 19.5
    endloop
  endfacet
  facet normal 0 0 1
    outer loop
      vertex 5.522521425411951 39.75601909165975 19.5
      vertex 5.522521425411951 42.24398090834025 19.5
      vertex 5.4 42.25 19.5
    endloop
  endfacet
  facet normal 0 0 1
    outer loop
      vertex 5.64386290252016 39.774018399495965 19.5
      vertex 5.64386290252016 42.225981600504035 19.5
      vertex 5.522521425411951 42.24398090834025 19.5
    endloop
  endfacet
  facet normal 0 0 1
    outer loop
      vertex 5.762855846568078 39.80382458033474 19.5
      vertex 5.762855846568078 42.19617541966526 19.5
      vertex 5.64386290252016 42.225981600504035 19.5
    endloop
  endfacet
  facet normal 0 0 1
    outer loop
      vertex 5.878354290456363 39.845150584360894 19.5
      vertex 5.878354290456363 42.154849415639106 19.5
      vertex 5.762855846568078 42.19617541966526 19.5
    endloop
  endfacet
  facet normal 0 0 1
    outer loop
      vertex 5.989245921032498 39.89759841956456 19.5
      vertex 5.989245921032498 42.10240158043544 19.5
      vertex 5.878354290456363 42.154849415639106 19.5
    endloop
  endfacet
  facet normal 0 0 1
    outer loop
      vertex 6.094462791274503 39.96066298462182 19.5
      vertex 6.094462791274503 42.03933701537818 19.5
      vertex 5.989245921032498 42.10240158043544 19.5
    endloop
  endfacet
  facet normal 0 0 1
    outer loop
      vertex 6.3662630667034215 40.207008394795444 19.5
      vertex 6.3662630667034215 41.792991605204556 19.5
      vertex 6.283883476483185 41.883883476483184 19.5
    endloop
  endfacet
  facet normal 0 0 1
    outer loop
      vertex 6.439337015378182 40.3055372087255 19.5
      vertex 6.439337015378182 41.6944627912745 19.5
      vertex 6.3662630667034215 41.792991605204556 19.5
    endloop
  endfacet
  facet normal 0 0 1
    outer loop
      vertex 6.192991605204558 40.03373693329658 19.5
      vertex 6.192991605204558 41.96626306670342 19.5
      vertex 6.094462791274503 42.03933701537818 19.5
    endloop
  endfacet
  facet normal 0 0 1
    outer loop
      vertex 6.283883476483185 40.116116523516816 19.5
      vertex 6.283883476483185 41.883883476483184 19.5
      vertex 6.192991605204558 41.96626306670342 19.5
    endloop
  endfacet
  facet normal 0 0 1
    outer loop
      vertex 6.439337015378182 40.3055372087255 19.5
      vertex 6.5024015804354445 40.4107540789675 19.5
      vertex 6.439337015378182 41.6944627912745 19.5
    endloop
  endfacet
  facet normal 0 0 1
    outer loop
      vertex 6.5024015804354445 40.4107540789675 19.5
      vertex 6.554849415639109 40.52164570954364 19.5
      vertex 6.5024015804354445 41.5892459210325 19.5
    endloop
  endfacet
  facet normal 0 0 1
    outer loop
      vertex 6.554849415639109 40.52164570954364 19.5
      vertex 6.596175419665261 40.63714415343192 19.5
      vertex 6.554849415639109 41.47835429045636 19.5
    endloop
  endfacet
  facet normal 0 0 1
    outer loop
      vertex 6.596175419665261 40.63714415343192 19.5
      vertex 6.625981600504039 40.75613709747984 19.5
      vertex 6.596175419665261 41.36285584656808 19.5
    endloop
  endfacet
  facet normal 0 0 1
    outer loop
      vertex 6.625981600504039 40.75613709747984 19.5
      vertex 6.643980908340247 40.87747857458805 19.5
      vertex 6.625981600504039 41.24386290252016 19.5
    endloop
  endfacet
  facet normal 0 0 1
    outer loop
      vertex 6.643980908340247 40.87747857458805 19.5
      vertex 6.65 41 19.5
      vertex 6.643980908340247 41.12252142541195 19.5
    endloop
  endfacet
  facet normal 0 0 1
    outer loop
      vertex 6.643980908340247 40.87747857458805 19.5
      vertex 6.643980908340247 41.12252142541195 19.5
      vertex 6.625981600504039 41.24386290252016 19.5
    endloop
  endfacet
  facet normal 0 0 1
    outer loop
      vertex 6.625981600504039 40.75613709747984 19.5
      vertex 6.625981600504039 41.24386290252016 19.5
      vertex 6.596175419665261 41.36285584656808 19.5
    endloop
  endfacet
  facet normal 0 0 1
    outer loop
      vertex 6.596175419665261 40.63714415343192 19.5
      vertex 6.596175419665261 41.36285584656808 19.5
      vertex 6.554849415639109 41.47835429045636 19.5
    endloop
  endfacet
  facet normal 0 0 1
    outer loop
      vertex 6.554849415639109 40.52164570954364 19.5
      vertex 6.554849415639109 41.47835429045636 19.5
      vertex 6.5024015804354445 41.5892459210325 19.5
    endloop
  endfacet
  facet normal 0 0 1
    outer loop
      vertex 6.5024015804354445 40.4107540789675 19.5
      vertex 6.5024015804354445 41.5892459210325 19.5
      vertex 6.439337015378182 41.6944627912745 19.5
    endloop
  endfacet
  facet normal -0.5956993044924334 -0.8032075314806449 1.3884259817642998e-19
    outer loop
      vertex 4.607008394795443 48.03373693329658 2
      vertex 4.705537208725498 47.96066298462182 2
      vertex 4.705537208725498 47.96066298462182 19.5
    endloop
  endfacet
  facet normal -0.6715589548470117 -0.7409511253549651 8.110229699339553e-20
    outer loop
      vertex 4.516116523516816 48.116116523516816 2
      vertex 4.607008394795443 48.03373693329658 2
      vertex 4.607008394795443 48.03373693329658 19.5
    endloop
  endfacet
  facet normal -0.8032075314806372 -0.5956993044924437 0
    outer loop
      vertex 4.360662984621818 48.3055372087255 2
      vertex 4.433736933296579 48.207008394795444 2
      vertex 4.360662984621818 48.3055372087255 19.5
    endloop
  endfacet
  facet normal -0.8577286100002673 -0.5141027441932294 4.0866575141819634e-20
    outer loop
      vertex 4.360662984621818 48.3055372087255 2
      vertex 4.297598419564556 48.4107540789675 19.5
      vertex 4.297598419564556 48.4107540789675 2
    endloop
  endfacet
  facet normal -0.9039892931234536 -0.42755509343026016 -3.3829771848159075e-20
    outer loop
      vertex 4.297598419564556 48.4107540789675 2
      vertex 4.245150584360892 48.52164570954364 19.5
      vertex 4.245150584360892 48.52164570954364 2
    endloop
  endfacet
  facet normal -0.7409511253549644 -0.6715589548470124 1.3768713470207564e-19
    outer loop
      vertex 4.516116523516816 48.116116523516816 2
      vertex 4.433736933296579 48.207008394795444 19.5
      vertex 4.433736933296579 48.207008394795444 2
    endloop
  endfacet
  facet normal -0.9415440651830151 -0.33688985339223576 -1.214070199566071e-19
    outer loop
      vertex 4.245150584360892 48.52164570954364 2
      vertex 4.203824580334739 48.63714415343192 19.5
      vertex 4.203824580334739 48.63714415343192 2
    endloop
  endfacet
  facet normal -0.970031253194543 -0.24298017990326798 1.409375151935539e-20
    outer loop
      vertex 4.203824580334739 48.63714415343192 2
      vertex 4.174018399495962 48.75613709747984 19.5
      vertex 4.174018399495962 48.75613709747984 2
    endloop
  endfacet
  facet normal -0.9891765099647815 -0.1467304744553588 -2.0089465129882318e-20
    outer loop
      vertex 4.174018399495962 48.75613709747984 2
      vertex 4.156019091659754 48.87747857458805 19.5
      vertex 4.156019091659754 48.87747857458805 2
    endloop
  endfacet
  facet normal -0.9987954562051725 -0.04906767432741602 -1.2658789412325394e-20
    outer loop
      vertex 4.156019091659754 48.87747857458805 2
      vertex 4.15 49 19.5
      vertex 4.15 49 2
    endloop
  endfacet
  facet normal -0.9987954562051725 0.04906767432741602 1.2658789412325394e-20
    outer loop
      vertex 4.15 49 2
      vertex 4.156019091659754 49.12252142541195 19.5
      vertex 4.156019091659754 49.12252142541195 2
    endloop
  endfacet
  facet normal -0.9891765099647815 0.1467304744553588 2.0089465129882318e-20
    outer loop
      vertex 4.156019091659754 49.12252142541195 2
      vertex 4.174018399495962 49.24386290252016 19.5
      vertex 4.174018399495962 49.24386290252016 2
    endloop
  endfacet
  facet normal -0.970031253194543 0.24298017990326798 -1.409375151935539e-20
    outer loop
      vertex 4.174018399495962 49.24386290252016 2
      vertex 4.203824580334739 49.36285584656808 19.5
      vertex 4.203824580334739 49.36285584656808 2
    endloop
  endfacet
  facet normal -0.9415440651830151 0.33688985339223576 1.214070199566071e-19
    outer loop
      vertex 4.203824580334739 49.36285584656808 2
      vertex 4.245150584360892 49.47835429045636 19.5
      vertex 4.245150584360892 49.47835429045636 2
    endloop
  endfacet
  facet normal -0.9039892931234536 0.42755509343026016 3.3829771848159075e-20
    outer loop
      vertex 4.245150584360892 49.47835429045636 2
      vertex 4.297598419564556 49.5892459210325 19.5
      vertex 4.297598419564556 49.5892459210325 2
    endloop
  endfacet
  facet normal -0.8577286100002673 0.5141027441932294 -4.0866575141819634e-20
    outer loop
      vertex 4.297598419564556 49.5892459210325 2
      vertex 4.360662984621818 49.6944627912745 19.5
      vertex 4.360662984621818 49.6944627912745 2
    endloop
  endfacet
  facet normal -0.8032075314806372 0.5956993044924437 6.997839991014014e-20
    outer loop
      vertex 4.360662984621818 49.6944627912745 2
      vertex 4.433736933296579 49.792991605204556 19.5
      vertex 4.433736933296579 49.792991605204556 2
    endloop
  endfacet
  facet normal -0.7409511253549644 0.6715589548470124 -1.3768713470207564e-19
    outer loop
      vertex 4.433736933296579 49.792991605204556 2
      vertex 4.516116523516816 49.883883476483184 19.5
      vertex 4.516116523516816 49.883883476483184 2
    endloop
  endfacet
  facet normal -0.6715589548470117 0.7409511253549651 0
    outer loop
      vertex 4.516116523516816 49.883883476483184 2
      vertex 4.516116523516816 49.883883476483184 19.5
      vertex 4.607008394795443 49.96626306670342 2
    endloop
  endfacet
  facet normal -0.5956993044924334 0.8032075314806449 0
    outer loop
      vertex 4.607008394795443 49.96626306670342 2
      vertex 4.607008394795443 49.96626306670342 19.5
      vertex 4.705537208725498 50.03933701537818 2
    endloop
  endfacet
  facet normal -0.24298017990325435 -0.9700312531945463 9.391205008047523e-20
    outer loop
      vertex 5.037144153431923 47.80382458033474 2
      vertex 5.15613709747984 47.774018399495965 2
      vertex 5.15613709747984 47.774018399495965 19.5
    endloop
  endfacet
  facet normal -0.14673047445540235 -0.989176509964775 -5.675392259955031e-20
    outer loop
      vertex 5.15613709747984 47.774018399495965 2
      vertex 5.2774785745880495 47.75601909165975 2
      vertex 5.2774785745880495 47.75601909165975 19.5
    endloop
  endfacet
  facet normal -0.04906767432740263 -0.9987954562051732 3.312523025647991e-21
    outer loop
      vertex 5.2774785745880495 47.75601909165975 2
      vertex 5.4 47.75 2
      vertex 5.4 47.75 19.5
    endloop
  endfacet
  facet normal 0.04906767432740263 -0.9987954562051732 -3.312523025647991e-21
    outer loop
      vertex 5.4 47.75 2
      vertex 5.522521425411951 47.75601909165975 2
      vertex 5.522521425411951 47.75601909165975 19.5
    endloop
  endfacet
  facet normal 0.14673047445540235 -0.989176509964775 5.675392259955031e-20
    outer loop
      vertex 5.522521425411951 47.75601909165975 2
      vertex 5.64386290252016 47.774018399495965 2
      vertex 5.64386290252016 47.774018399495965 19.5
    endloop
  endfacet
  facet normal 0.24298017990325435 -0.9700312531945463 -9.391205008047523e-20
    outer loop
      vertex 5.64386290252016 47.774018399495965 2
      vertex 5.762855846568078 47.80382458033474 2
      vertex 5.762855846568078 47.80382458033474 19.5
    endloop
  endfacet
  facet normal -0.5141027441932124 -0.8577286100002776 0
    outer loop
      vertex 4.810754078967503 47.89759841956456 2
      vertex 4.810754078967503 47.89759841956456 19.5
      vertex 4.705537208725498 47.96066298462182 2
    endloop
  endfacet
  facet normal -0.42755509343028575 -0.9039892931234416 1.249802396307298e-19
    outer loop
      vertex 4.810754078967503 47.89759841956456 2
      vertex 4.921645709543638 47.845150584360894 2
      vertex 4.921645709543638 47.845150584360894 19.5
    endloop
  endfacet
  facet normal -0.3368898533922238 -0.9415440651830195 0
    outer loop
      vertex 5.037144153431923 47.80382458033474 2
      vertex 5.037144153431923 47.80382458033474 19.5
      vertex 4.921645709543638 47.845150584360894 2
    endloop
  endfacet
  facet normal 0.3368898533922238 -0.9415440651830195 4.5863865253980995e-20
    outer loop
      vertex 5.762855846568078 47.80382458033474 2
      vertex 5.878354290456363 47.845150584360894 2
      vertex 5.878354290456363 47.845150584360894 19.5
    endloop
  endfacet
  facet normal 0.42755509343028575 -0.9039892931234416 -1.249802396307298e-19
    outer loop
      vertex 5.878354290456363 47.845150584360894 2
      vertex 5.989245921032498 47.89759841956456 2
      vertex 5.989245921032498 47.89759841956456 19.5
    endloop
  endfacet
  facet normal 0.5141027441932124 -0.8577286100002776 -1.7336050529073397e-19
    outer loop
      vertex 5.989245921032498 47.89759841956456 2
      vertex 6.094462791274503 47.96066298462182 2
      vertex 6.094462791274503 47.96066298462182 19.5
    endloop
  endfacet
  facet normal 0.5956993044924334 -0.8032075314806449 -1.3884259817642998e-19
    outer loop
      vertex 6.094462791274503 47.96066298462182 2
      vertex 6.192991605204558 48.03373693329658 2
      vertex 6.192991605204558 48.03373693329658 19.5
    endloop
  endfacet
  facet normal 0.6715589548470117 -0.7409511253549651 -8.110229699339553e-20
    outer loop
      vertex 6.192991605204558 48.03373693329658 2
      vertex 6.283883476483185 48.116116523516816 2
      vertex 6.283883476483185 48.116116523516816 19.5
    endloop
  endfacet
  facet normal 0.7409511253549644 -0.6715589548470124 0
    outer loop
      vertex 6.283883476483185 48.116116523516816 2
      vertex 6.3662630667034215 48.207008394795444 2
      vertex 6.283883476483185 48.116116523516816 19.5
    endloop
  endfacet
  facet normal 0.8032075314806372 -0.5956993044924437 0
    outer loop
      vertex 6.3662630667034215 48.207008394795444 2
      vertex 6.439337015378182 48.3055372087255 2
      vertex 6.3662630667034215 48.207008394795444 19.5
    endloop
  endfacet
  facet normal 0.8577286100002673 -0.5141027441932294 0
    outer loop
      vertex 6.439337015378182 48.3055372087255 2
      vertex 6.5024015804354445 48.4107540789675 2
      vertex 6.439337015378182 48.3055372087255 19.5
    endloop
  endfacet
  facet normal 0.9039892931234536 -0.42755509343026016 0
    outer loop
      vertex 6.5024015804354445 48.4107540789675 2
      vertex 6.554849415639109 48.52164570954364 2
      vertex 6.5024015804354445 48.4107540789675 19.5
    endloop
  endfacet
  facet normal 0.9415440651830151 -0.33688985339223576 0
    outer loop
      vertex 6.554849415639109 48.52164570954364 2
      vertex 6.596175419665261 48.63714415343192 2
      vertex 6.554849415639109 48.52164570954364 19.5
    endloop
  endfacet
  facet normal 0.970031253194543 -0.24298017990326798 0
    outer loop
      vertex 6.596175419665261 48.63714415343192 2
      vertex 6.625981600504039 48.75613709747984 2
      vertex 6.596175419665261 48.63714415343192 19.5
    endloop
  endfacet
  facet normal 0.9891765099647815 -0.1467304744553588 0
    outer loop
      vertex 6.625981600504039 48.75613709747984 2
      vertex 6.643980908340247 48.87747857458805 2
      vertex 6.625981600504039 48.75613709747984 19.5
    endloop
  endfacet
  facet normal 0.9987954562051725 -0.04906767432741602 0
    outer loop
      vertex 6.643980908340247 48.87747857458805 2
      vertex 6.65 49 2
      vertex 6.643980908340247 48.87747857458805 19.5
    endloop
  endfacet
  facet normal 0.9987954562051725 0.04906767432741602 0
    outer loop
      vertex 6.65 49 2
      vertex 6.643980908340247 49.12252142541195 2
      vertex 6.65 49 19.5
    endloop
  endfacet
  facet normal 0.9891765099647815 0.1467304744553588 0
    outer loop
      vertex 6.643980908340247 49.12252142541195 2
      vertex 6.625981600504039 49.24386290252016 2
      vertex 6.643980908340247 49.12252142541195 19.5
    endloop
  endfacet
  facet normal -0.5141027441932124 0.8577286100002776 0
    outer loop
      vertex 4.705537208725498 50.03933701537818 2
      vertex 4.705537208725498 50.03933701537818 19.5
      vertex 4.810754078967503 50.10240158043544 2
    endloop
  endfacet
  facet normal -0.42755509343028575 0.9039892931234416 0
    outer loop
      vertex 4.810754078967503 50.10240158043544 2
      vertex 4.810754078967503 50.10240158043544 19.5
      vertex 4.921645709543638 50.154849415639106 2
    endloop
  endfacet
  facet normal -0.3368898533922238 0.9415440651830195 0
    outer loop
      vertex 4.921645709543638 50.154849415639106 2
      vertex 4.921645709543638 50.154849415639106 19.5
      vertex 5.037144153431923 50.19617541966526 2
    endloop
  endfacet
  facet normal -0.24298017990325435 0.9700312531945463 0
    outer loop
      vertex 5.037144153431923 50.19617541966526 2
      vertex 5.037144153431923 50.19617541966526 19.5
      vertex 5.15613709747984 50.225981600504035 2
    endloop
  endfacet
  facet normal -0.14673047445540235 0.989176509964775 0
    outer loop
      vertex 5.15613709747984 50.225981600504035 2
      vertex 5.15613709747984 50.225981600504035 19.5
      vertex 5.2774785745880495 50.24398090834025 2
    endloop
  endfacet
  facet normal -0.04906767432740263 0.9987954562051732 0
    outer loop
      vertex 5.2774785745880495 50.24398090834025 2
      vertex 5.2774785745880495 50.24398090834025 19.5
      vertex 5.4 50.25 2
    endloop
  endfacet
  facet normal 0.04906767432740263 0.9987954562051732 0
    outer loop
      vertex 5.4 50.25 2
      vertex 5.4 50.25 19.5
      vertex 5.522521425411951 50.24398090834025 2
    endloop
  endfacet
  facet normal 0.14673047445540235 0.989176509964775 0
    outer loop
      vertex 5.522521425411951 50.24398090834025 2
      vertex 5.522521425411951 50.24398090834025 19.5
      vertex 5.64386290252016 50.225981600504035 2
    endloop
  endfacet
  facet normal 0.24298017990325435 0.9700312531945463 0
    outer loop
      vertex 5.64386290252016 50.225981600504035 2
      vertex 5.64386290252016 50.225981600504035 19.5
      vertex 5.762855846568078 50.19617541966526 2
    endloop
  endfacet
  facet normal 0.3368898533922238 0.9415440651830195 0
    outer loop
      vertex 5.762855846568078 50.19617541966526 2
      vertex 5.762855846568078 50.19617541966526 19.5
      vertex 5.878354290456363 50.154849415639106 2
    endloop
  endfacet
  facet normal 0.8032075314806372 0.5956993044924437 0
    outer loop
      vertex 6.439337015378182 49.6944627912745 2
      vertex 6.3662630667034215 49.792991605204556 2
      vertex 6.439337015378182 49.6944627912745 19.5
    endloop
  endfacet
  facet normal 0.7409511253549644 0.6715589548470124 1.3768713470207564e-19
    outer loop
      vertex 6.283883476483185 49.883883476483184 2
      vertex 6.3662630667034215 49.792991605204556 19.5
      vertex 6.3662630667034215 49.792991605204556 2
    endloop
  endfacet
  facet normal 0.970031253194543 0.24298017990326798 0
    outer loop
      vertex 6.625981600504039 49.24386290252016 2
      vertex 6.596175419665261 49.36285584656808 2
      vertex 6.625981600504039 49.24386290252016 19.5
    endloop
  endfacet
  facet normal 0.9415440651830151 0.33688985339223576 0
    outer loop
      vertex 6.596175419665261 49.36285584656808 2
      vertex 6.554849415639109 49.47835429045636 2
      vertex 6.596175419665261 49.36285584656808 19.5
    endloop
  endfacet
  facet normal 0.9039892931234536 0.42755509343026016 0
    outer loop
      vertex 6.554849415639109 49.47835429045636 2
      vertex 6.5024015804354445 49.5892459210325 2
      vertex 6.554849415639109 49.47835429045636 19.5
    endloop
  endfacet
  facet normal 0.8577286100002673 0.5141027441932294 4.0866575141819634e-20
    outer loop
      vertex 6.439337015378182 49.6944627912745 2
      vertex 6.5024015804354445 49.5892459210325 19.5
      vertex 6.5024015804354445 49.5892459210325 2
    endloop
  endfacet
  facet normal 0.5956993044924334 0.8032075314806449 0
    outer loop
      vertex 6.094462791274503 50.03933701537818 2
      vertex 6.094462791274503 50.03933701537818 19.5
      vertex 6.192991605204558 49.96626306670342 2
    endloop
  endfacet
  facet normal 0.5141027441932124 0.8577286100002776 1.7336050529073397e-19
    outer loop
      vertex 6.094462791274503 50.03933701537818 2
      vertex 5.989245921032498 50.10240158043544 2
      vertex 5.989245921032498 50.10240158043544 19.5
    endloop
  endfacet
  facet normal 0.42755509343028575 0.9039892931234416 0
    outer loop
      vertex 5.878354290456363 50.154849415639106 2
      vertex 5.878354290456363 50.154849415639106 19.5
      vertex 5.989245921032498 50.10240158043544 2
    endloop
  endfacet
  facet normal 0.6715589548470117 0.7409511253549651 8.110229699339553e-20
    outer loop
      vertex 6.283883476483185 49.883883476483184 2
      vertex 6.192991605204558 49.96626306670342 2
      vertex 6.192991605204558 49.96626306670342 19.5
    endloop
  endfacet
  facet normal -0.7409511253549644 -0.6715589548470124 0
    outer loop
      vertex 4.516116523516816 48.116116523516816 2
      vertex 4.516116523516816 48.116116523516816 19.5
      vertex 4.433736933296579 48.207008394795444 19.5
    endloop
  endfacet
  facet normal -0.5956993044924334 -0.8032075314806449 0
    outer loop
      vertex 4.607008394795443 48.03373693329658 2
      vertex 4.705537208725498 47.96066298462182 19.5
      vertex 4.607008394795443 48.03373693329658 19.5
    endloop
  endfacet
  facet normal -0.6715589548470117 -0.7409511253549651 0
    outer loop
      vertex 4.516116523516816 48.116116523516816 2
      vertex 4.607008394795443 48.03373693329658 19.5
      vertex 4.516116523516816 48.116116523516816 19.5
    endloop
  endfacet
  facet normal -0.8577286100002673 -0.5141027441932294 0
    outer loop
      vertex 4.360662984621818 48.3055372087255 2
      vertex 4.360662984621818 48.3055372087255 19.5
      vertex 4.297598419564556 48.4107540789675 19.5
    endloop
  endfacet
  facet normal -0.9039892931234536 -0.42755509343026016 0
    outer loop
      vertex 4.297598419564556 48.4107540789675 2
      vertex 4.297598419564556 48.4107540789675 19.5
      vertex 4.245150584360892 48.52164570954364 19.5
    endloop
  endfacet
  facet normal -0.8032075314806372 -0.5956993044924437 0
    outer loop
      vertex 4.433736933296579 48.207008394795444 2
      vertex 4.433736933296579 48.207008394795444 19.5
      vertex 4.360662984621818 48.3055372087255 19.5
    endloop
  endfacet
  facet normal -0.9415440651830151 -0.33688985339223576 0
    outer loop
      vertex 4.245150584360892 48.52164570954364 2
      vertex 4.245150584360892 48.52164570954364 19.5
      vertex 4.203824580334739 48.63714415343192 19.5
    endloop
  endfacet
  facet normal -0.970031253194543 -0.24298017990326798 0
    outer loop
      vertex 4.203824580334739 48.63714415343192 2
      vertex 4.203824580334739 48.63714415343192 19.5
      vertex 4.174018399495962 48.75613709747984 19.5
    endloop
  endfacet
  facet normal -0.9891765099647815 -0.1467304744553588 0
    outer loop
      vertex 4.174018399495962 48.75613709747984 2
      vertex 4.174018399495962 48.75613709747984 19.5
      vertex 4.156019091659754 48.87747857458805 19.5
    endloop
  endfacet
  facet normal -0.9987954562051725 -0.04906767432741602 0
    outer loop
      vertex 4.156019091659754 48.87747857458805 2
      vertex 4.156019091659754 48.87747857458805 19.5
      vertex 4.15 49 19.5
    endloop
  endfacet
  facet normal -0.9987954562051725 0.04906767432741602 0
    outer loop
      vertex 4.15 49 2
      vertex 4.15 49 19.5
      vertex 4.156019091659754 49.12252142541195 19.5
    endloop
  endfacet
  facet normal -0.9891765099647815 0.1467304744553588 0
    outer loop
      vertex 4.156019091659754 49.12252142541195 2
      vertex 4.156019091659754 49.12252142541195 19.5
      vertex 4.174018399495962 49.24386290252016 19.5
    endloop
  endfacet
  facet normal -0.970031253194543 0.24298017990326798 0
    outer loop
      vertex 4.174018399495962 49.24386290252016 2
      vertex 4.174018399495962 49.24386290252016 19.5
      vertex 4.203824580334739 49.36285584656808 19.5
    endloop
  endfacet
  facet normal -0.9415440651830151 0.33688985339223576 0
    outer loop
      vertex 4.203824580334739 49.36285584656808 2
      vertex 4.203824580334739 49.36285584656808 19.5
      vertex 4.245150584360892 49.47835429045636 19.5
    endloop
  endfacet
  facet normal -0.9039892931234536 0.42755509343026016 0
    outer loop
      vertex 4.245150584360892 49.47835429045636 2
      vertex 4.245150584360892 49.47835429045636 19.5
      vertex 4.297598419564556 49.5892459210325 19.5
    endloop
  endfacet
  facet normal -0.8577286100002673 0.5141027441932294 0
    outer loop
      vertex 4.297598419564556 49.5892459210325 2
      vertex 4.297598419564556 49.5892459210325 19.5
      vertex 4.360662984621818 49.6944627912745 19.5
    endloop
  endfacet
  facet normal -0.8032075314806372 0.5956993044924437 0
    outer loop
      vertex 4.360662984621818 49.6944627912745 2
      vertex 4.360662984621818 49.6944627912745 19.5
      vertex 4.433736933296579 49.792991605204556 19.5
    endloop
  endfacet
  facet normal -0.7409511253549644 0.6715589548470124 0
    outer loop
      vertex 4.433736933296579 49.792991605204556 2
      vertex 4.433736933296579 49.792991605204556 19.5
      vertex 4.516116523516816 49.883883476483184 19.5
    endloop
  endfacet
  facet normal -0.6715589548470117 0.7409511253549651 0
    outer loop
      vertex 4.607008394795443 49.96626306670342 2
      vertex 4.516116523516816 49.883883476483184 19.5
      vertex 4.607008394795443 49.96626306670342 19.5
    endloop
  endfacet
  facet normal -0.5956993044924334 0.8032075314806449 0
    outer loop
      vertex 4.705537208725498 50.03933701537818 2
      vertex 4.607008394795443 49.96626306670342 19.5
      vertex 4.705537208725498 50.03933701537818 19.5
    endloop
  endfacet
  facet normal -0.24298017990325435 -0.9700312531945463 0
    outer loop
      vertex 5.037144153431923 47.80382458033474 2
      vertex 5.15613709747984 47.774018399495965 19.5
      vertex 5.037144153431923 47.80382458033474 19.5
    endloop
  endfacet
  facet normal -0.14673047445540235 -0.989176509964775 0
    outer loop
      vertex 5.15613709747984 47.774018399495965 2
      vertex 5.2774785745880495 47.75601909165975 19.5
      vertex 5.15613709747984 47.774018399495965 19.5
    endloop
  endfacet
  facet normal -0.04906767432740263 -0.9987954562051732 0
    outer loop
      vertex 5.2774785745880495 47.75601909165975 2
      vertex 5.4 47.75 19.5
      vertex 5.2774785745880495 47.75601909165975 19.5
    endloop
  endfacet
  facet normal 0.04906767432740263 -0.9987954562051732 0
    outer loop
      vertex 5.4 47.75 2
      vertex 5.522521425411951 47.75601909165975 19.5
      vertex 5.4 47.75 19.5
    endloop
  endfacet
  facet normal 0.14673047445540235 -0.989176509964775 0
    outer loop
      vertex 5.522521425411951 47.75601909165975 2
      vertex 5.64386290252016 47.774018399495965 19.5
      vertex 5.522521425411951 47.75601909165975 19.5
    endloop
  endfacet
  facet normal 0.24298017990325435 -0.9700312531945463 0
    outer loop
      vertex 5.64386290252016 47.774018399495965 2
      vertex 5.762855846568078 47.80382458033474 19.5
      vertex 5.64386290252016 47.774018399495965 19.5
    endloop
  endfacet
  facet normal -0.5141027441932124 -0.8577286100002776 0
    outer loop
      vertex 4.705537208725498 47.96066298462182 2
      vertex 4.810754078967503 47.89759841956456 19.5
      vertex 4.705537208725498 47.96066298462182 19.5
    endloop
  endfacet
  facet normal -0.3368898533922238 -0.9415440651830195 0
    outer loop
      vertex 4.921645709543638 47.845150584360894 2
      vertex 5.037144153431923 47.80382458033474 19.5
      vertex 4.921645709543638 47.845150584360894 19.5
    endloop
  endfacet
  facet normal -0.42755509343028575 -0.9039892931234416 0
    outer loop
      vertex 4.810754078967503 47.89759841956456 2
      vertex 4.921645709543638 47.845150584360894 19.5
      vertex 4.810754078967503 47.89759841956456 19.5
    endloop
  endfacet
  facet normal 0.3368898533922238 -0.9415440651830195 0
    outer loop
      vertex 5.762855846568078 47.80382458033474 2
      vertex 5.878354290456363 47.845150584360894 19.5
      vertex 5.762855846568078 47.80382458033474 19.5
    endloop
  endfacet
  facet normal 0.42755509343028575 -0.9039892931234416 0
    outer loop
      vertex 5.878354290456363 47.845150584360894 2
      vertex 5.989245921032498 47.89759841956456 19.5
      vertex 5.878354290456363 47.845150584360894 19.5
    endloop
  endfacet
  facet normal 0.5141027441932124 -0.8577286100002776 0
    outer loop
      vertex 5.989245921032498 47.89759841956456 2
      vertex 6.094462791274503 47.96066298462182 19.5
      vertex 5.989245921032498 47.89759841956456 19.5
    endloop
  endfacet
  facet normal 0.5956993044924334 -0.8032075314806449 0
    outer loop
      vertex 6.094462791274503 47.96066298462182 2
      vertex 6.192991605204558 48.03373693329658 19.5
      vertex 6.094462791274503 47.96066298462182 19.5
    endloop
  endfacet
  facet normal 0.6715589548470117 -0.7409511253549651 0
    outer loop
      vertex 6.192991605204558 48.03373693329658 2
      vertex 6.283883476483185 48.116116523516816 19.5
      vertex 6.192991605204558 48.03373693329658 19.5
    endloop
  endfacet
  facet normal 0.7409511253549644 -0.6715589548470124 0
    outer loop
      vertex 6.3662630667034215 48.207008394795444 2
      vertex 6.3662630667034215 48.207008394795444 19.5
      vertex 6.283883476483185 48.116116523516816 19.5
    endloop
  endfacet
  facet normal 0.8032075314806372 -0.5956993044924437 0
    outer loop
      vertex 6.439337015378182 48.3055372087255 2
      vertex 6.439337015378182 48.3055372087255 19.5
      vertex 6.3662630667034215 48.207008394795444 19.5
    endloop
  endfacet
  facet normal 0.8577286100002673 -0.5141027441932294 0
    outer loop
      vertex 6.5024015804354445 48.4107540789675 2
      vertex 6.5024015804354445 48.4107540789675 19.5
      vertex 6.439337015378182 48.3055372087255 19.5
    endloop
  endfacet
  facet normal 0.9039892931234536 -0.42755509343026016 0
    outer loop
      vertex 6.554849415639109 48.52164570954364 2
      vertex 6.554849415639109 48.52164570954364 19.5
      vertex 6.5024015804354445 48.4107540789675 19.5
    endloop
  endfacet
  facet normal 0.9415440651830151 -0.33688985339223576 0
    outer loop
      vertex 6.596175419665261 48.63714415343192 2
      vertex 6.596175419665261 48.63714415343192 19.5
      vertex 6.554849415639109 48.52164570954364 19.5
    endloop
  endfacet
  facet normal 0.970031253194543 -0.24298017990326798 0
    outer loop
      vertex 6.625981600504039 48.75613709747984 2
      vertex 6.625981600504039 48.75613709747984 19.5
      vertex 6.596175419665261 48.63714415343192 19.5
    endloop
  endfacet
  facet normal 0.9891765099647815 -0.1467304744553588 0
    outer loop
      vertex 6.643980908340247 48.87747857458805 2
      vertex 6.643980908340247 48.87747857458805 19.5
      vertex 6.625981600504039 48.75613709747984 19.5
    endloop
  endfacet
  facet normal 0.9987954562051725 -0.04906767432741602 0
    outer loop
      vertex 6.65 49 2
      vertex 6.65 49 19.5
      vertex 6.643980908340247 48.87747857458805 19.5
    endloop
  endfacet
  facet normal 0.9987954562051725 0.04906767432741602 0
    outer loop
      vertex 6.643980908340247 49.12252142541195 2
      vertex 6.643980908340247 49.12252142541195 19.5
      vertex 6.65 49 19.5
    endloop
  endfacet
  facet normal 0.9891765099647815 0.1467304744553588 0
    outer loop
      vertex 6.625981600504039 49.24386290252016 2
      vertex 6.625981600504039 49.24386290252016 19.5
      vertex 6.643980908340247 49.12252142541195 19.5
    endloop
  endfacet
  facet normal -0.5141027441932124 0.8577286100002776 0
    outer loop
      vertex 4.810754078967503 50.10240158043544 2
      vertex 4.705537208725498 50.03933701537818 19.5
      vertex 4.810754078967503 50.10240158043544 19.5
    endloop
  endfacet
  facet normal -0.42755509343028575 0.9039892931234416 0
    outer loop
      vertex 4.921645709543638 50.154849415639106 2
      vertex 4.810754078967503 50.10240158043544 19.5
      vertex 4.921645709543638 50.154849415639106 19.5
    endloop
  endfacet
  facet normal -0.3368898533922238 0.9415440651830195 0
    outer loop
      vertex 5.037144153431923 50.19617541966526 2
      vertex 4.921645709543638 50.154849415639106 19.5
      vertex 5.037144153431923 50.19617541966526 19.5
    endloop
  endfacet
  facet normal -0.24298017990325435 0.9700312531945463 0
    outer loop
      vertex 5.15613709747984 50.225981600504035 2
      vertex 5.037144153431923 50.19617541966526 19.5
      vertex 5.15613709747984 50.225981600504035 19.5
    endloop
  endfacet
  facet normal -0.14673047445540235 0.989176509964775 0
    outer loop
      vertex 5.2774785745880495 50.24398090834025 2
      vertex 5.15613709747984 50.225981600504035 19.5
      vertex 5.2774785745880495 50.24398090834025 19.5
    endloop
  endfacet
  facet normal -0.04906767432740263 0.9987954562051732 0
    outer loop
      vertex 5.4 50.25 2
      vertex 5.2774785745880495 50.24398090834025 19.5
      vertex 5.4 50.25 19.5
    endloop
  endfacet
  facet normal 0.04906767432740263 0.9987954562051732 0
    outer loop
      vertex 5.522521425411951 50.24398090834025 2
      vertex 5.4 50.25 19.5
      vertex 5.522521425411951 50.24398090834025 19.5
    endloop
  endfacet
  facet normal 0.14673047445540235 0.989176509964775 0
    outer loop
      vertex 5.64386290252016 50.225981600504035 2
      vertex 5.522521425411951 50.24398090834025 19.5
      vertex 5.64386290252016 50.225981600504035 19.5
    endloop
  endfacet
  facet normal 0.3368898533922238 0.9415440651830195 0
    outer loop
      vertex 5.878354290456363 50.154849415639106 2
      vertex 5.762855846568078 50.19617541966526 19.5
      vertex 5.878354290456363 50.154849415639106 19.5
    endloop
  endfacet
  facet normal 0.24298017990325435 0.9700312531945463 0
    outer loop
      vertex 5.762855846568078 50.19617541966526 2
      vertex 5.64386290252016 50.225981600504035 19.5
      vertex 5.762855846568078 50.19617541966526 19.5
    endloop
  endfacet
  facet normal 0.6715589548470117 0.7409511253549651 0
    outer loop
      vertex 6.283883476483185 49.883883476483184 2
      vertex 6.192991605204558 49.96626306670342 19.5
      vertex 6.283883476483185 49.883883476483184 19.5
    endloop
  endfacet
  facet normal 0.8032075314806372 0.5956993044924437 0
    outer loop
      vertex 6.3662630667034215 49.792991605204556 2
      vertex 6.3662630667034215 49.792991605204556 19.5
      vertex 6.439337015378182 49.6944627912745 19.5
    endloop
  endfacet
  facet normal 0.7409511253549644 0.6715589548470124 0
    outer loop
      vertex 6.283883476483185 49.883883476483184 2
      vertex 6.283883476483185 49.883883476483184 19.5
      vertex 6.3662630667034215 49.792991605204556 19.5
    endloop
  endfacet
  facet normal 0.970031253194543 0.24298017990326798 0
    outer loop
      vertex 6.596175419665261 49.36285584656808 2
      vertex 6.596175419665261 49.36285584656808 19.5
      vertex 6.625981600504039 49.24386290252016 19.5
    endloop
  endfacet
  facet normal 0.9415440651830151 0.33688985339223576 0
    outer loop
      vertex 6.554849415639109 49.47835429045636 2
      vertex 6.554849415639109 49.47835429045636 19.5
      vertex 6.596175419665261 49.36285584656808 19.5
    endloop
  endfacet
  facet normal 0.9039892931234536 0.42755509343026016 0
    outer loop
      vertex 6.5024015804354445 49.5892459210325 2
      vertex 6.5024015804354445 49.5892459210325 19.5
      vertex 6.554849415639109 49.47835429045636 19.5
    endloop
  endfacet
  facet normal 0.8577286100002673 0.5141027441932294 0
    outer loop
      vertex 6.439337015378182 49.6944627912745 2
      vertex 6.439337015378182 49.6944627912745 19.5
      vertex 6.5024015804354445 49.5892459210325 19.5
    endloop
  endfacet
  facet normal 0.5141027441932124 0.8577286100002776 0
    outer loop
      vertex 6.094462791274503 50.03933701537818 2
      vertex 5.989245921032498 50.10240158043544 19.5
      vertex 6.094462791274503 50.03933701537818 19.5
    endloop
  endfacet
  facet normal 0.42755509343028575 0.9039892931234416 0
    outer loop
      vertex 5.989245921032498 50.10240158043544 2
      vertex 5.878354290456363 50.154849415639106 19.5
      vertex 5.989245921032498 50.10240158043544 19.5
    endloop
  endfacet
  facet normal 0.5956993044924334 0.8032075314806449 0
    outer loop
      vertex 6.192991605204558 49.96626306670342 2
      vertex 6.094462791274503 50.03933701537818 19.5
      vertex 6.192991605204558 49.96626306670342 19.5
    endloop
  endfacet
  facet normal 0 0 1
    outer loop
      vertex 4.245150584360892 48.52164570954364 19.5
      vertex 4.203824580334739 49.36285584656808 19.5
      vertex 4.203824580334739 48.63714415343192 19.5
    endloop
  endfacet
  facet normal 0 0 1
    outer loop
      vertex 4.360662984621818 48.3055372087255 19.5
      vertex 4.297598419564556 49.5892459210325 19.5
      vertex 4.297598419564556 48.4107540789675 19.5
    endloop
  endfacet
  facet normal 0 0 1
    outer loop
      vertex 4.360662984621818 48.3055372087255 19.5
      vertex 4.433736933296579 48.207008394795444 19.5
      vertex 4.360662984621818 49.6944627912745 19.5
    endloop
  endfacet
  facet normal 0 0 1
    outer loop
      vertex 4.297598419564556 48.4107540789675 19.5
      vertex 4.245150584360892 49.47835429045636 19.5
      vertex 4.245150584360892 48.52164570954364 19.5
    endloop
  endfacet
  facet normal 0 0 1
    outer loop
      vertex 4.516116523516816 48.116116523516816 19.5
      vertex 4.607008394795443 48.03373693329658 19.5
      vertex 4.516116523516816 49.883883476483184 19.5
    endloop
  endfacet
  facet normal 0 0 1
    outer loop
      vertex 4.607008394795443 48.03373693329658 19.5
      vertex 4.705537208725498 47.96066298462182 19.5
      vertex 4.607008394795443 49.96626306670342 19.5
    endloop
  endfacet
  facet normal 0 0 1
    outer loop
      vertex 4.516116523516816 48.116116523516816 19.5
      vertex 4.433736933296579 49.792991605204556 19.5
      vertex 4.433736933296579 48.207008394795444 19.5
    endloop
  endfacet
  facet normal 0 0 1
    outer loop
      vertex 4.203824580334739 48.63714415343192 19.5
      vertex 4.174018399495962 49.24386290252016 19.5
      vertex 4.174018399495962 48.75613709747984 19.5
    endloop
  endfacet
  facet normal 0 0 1
    outer loop
      vertex 4.174018399495962 48.75613709747984 19.5
      vertex 4.156019091659754 49.12252142541195 19.5
      vertex 4.156019091659754 48.87747857458805 19.5
    endloop
  endfacet
  facet normal 0 0 1
    outer loop
      vertex 4.156019091659754 48.87747857458805 19.5
      vertex 4.156019091659754 49.12252142541195 19.5
      vertex 4.15 49 19.5
    endloop
  endfacet
  facet normal 0 0 1
    outer loop
      vertex 4.174018399495962 48.75613709747984 19.5
      vertex 4.174018399495962 49.24386290252016 19.5
      vertex 4.156019091659754 49.12252142541195 19.5
    endloop
  endfacet
  facet normal 0 0 1
    outer loop
      vertex 4.203824580334739 48.63714415343192 19.5
      vertex 4.203824580334739 49.36285584656808 19.5
      vertex 4.174018399495962 49.24386290252016 19.5
    endloop
  endfacet
  facet normal 0 0 1
    outer loop
      vertex 4.245150584360892 48.52164570954364 19.5
      vertex 4.245150584360892 49.47835429045636 19.5
      vertex 4.203824580334739 49.36285584656808 19.5
    endloop
  endfacet
  facet normal 0 0 1
    outer loop
      vertex 4.297598419564556 48.4107540789675 19.5
      vertex 4.297598419564556 49.5892459210325 19.5
      vertex 4.245150584360892 49.47835429045636 19.5
    endloop
  endfacet
  facet normal 0 0 1
    outer loop
      vertex 4.360662984621818 48.3055372087255 19.5
      vertex 4.360662984621818 49.6944627912745 19.5
      vertex 4.297598419564556 49.5892459210325 19.5
    endloop
  endfacet
  facet normal 0 0 1
    outer loop
      vertex 4.433736933296579 48.207008394795444 19.5
      vertex 4.433736933296579 49.792991605204556 19.5
      vertex 4.360662984621818 49.6944627912745 19.5
    endloop
  endfacet
  facet normal 0 0 1
    outer loop
      vertex 4.516116523516816 48.116116523516816 19.5
      vertex 4.516116523516816 49.883883476483184 19.5
      vertex 4.433736933296579 49.792991605204556 19.5
    endloop
  endfacet
  facet normal 0 0 1
    outer loop
      vertex 4.607008394795443 48.03373693329658 19.5
      vertex 4.607008394795443 49.96626306670342 19.5
      vertex 4.516116523516816 49.883883476483184 19.5
    endloop
  endfacet
  facet normal 0 0 1
    outer loop
      vertex 4.607008394795443 49.96626306670342 19.5
      vertex 4.705537208725498 47.96066298462182 19.5
      vertex 4.705537208725498 50.03933701537818 19.5
    endloop
  endfacet
  facet normal 0 0 1
    outer loop
      vertex 4.810754078967503 47.89759841956456 19.5
      vertex 4.705537208725498 50.03933701537818 19.5
      vertex 4.705537208725498 47.96066298462182 19.5
    endloop
  endfacet
  facet normal 0 0 1
    outer loop
      vertex 5.037144153431923 47.80382458033474 19.5
      vertex 4.921645709543638 50.154849415639106 19.5
      vertex 4.921645709543638 47.845150584360894 19.5
    endloop
  endfacet
  facet normal 0 0 1
    outer loop
      vertex 4.810754078967503 47.89759841956456 19.5
      vertex 4.921645709543638 47.845150584360894 19.5
      vertex 4.810754078967503 50.10240158043544 19.5
    endloop
  endfacet
  facet normal 0 0 1
    outer loop
      vertex 5.037144153431923 47.80382458033474 19.5
      vertex 5.15613709747984 47.774018399495965 19.5
      vertex 5.037144153431923 50.19617541966526 19.5
    endloop
  endfacet
  facet normal 0 0 1
    outer loop
      vertex 5.15613709747984 47.774018399495965 19.5
      vertex 5.2774785745880495 47.75601909165975 19.5
      vertex 5.15613709747984 50.225981600504035 19.5
    endloop
  endfacet
  facet normal 0 0 1
    outer loop
      vertex 5.2774785745880495 47.75601909165975 19.5
      vertex 5.4 47.75 19.5
      vertex 5.2774785745880495 50.24398090834025 19.5
    endloop
  endfacet
  facet normal 0 0 1
    outer loop
      vertex 5.4 47.75 19.5
      vertex 5.522521425411951 47.75601909165975 19.5
      vertex 5.4 50.25 19.5
    endloop
  endfacet
  facet normal 0 0 1
    outer loop
      vertex 5.522521425411951 47.75601909165975 19.5
      vertex 5.64386290252016 47.774018399495965 19.5
      vertex 5.522521425411951 50.24398090834025 19.5
    endloop
  endfacet
  facet normal 0 0 1
    outer loop
      vertex 5.64386290252016 47.774018399495965 19.5
      vertex 5.762855846568078 47.80382458033474 19.5
      vertex 5.64386290252016 50.225981600504035 19.5
    endloop
  endfacet
  facet normal 0 0 1
    outer loop
      vertex 5.762855846568078 47.80382458033474 19.5
      vertex 5.878354290456363 47.845150584360894 19.5
      vertex 5.762855846568078 50.19617541966526 19.5
    endloop
  endfacet
  facet normal 0 0 1
    outer loop
      vertex 5.878354290456363 47.845150584360894 19.5
      vertex 5.989245921032498 47.89759841956456 19.5
      vertex 5.878354290456363 50.154849415639106 19.5
    endloop
  endfacet
  facet normal 0 0 1
    outer loop
      vertex 5.989245921032498 47.89759841956456 19.5
      vertex 6.094462791274503 47.96066298462182 19.5
      vertex 5.989245921032498 50.10240158043544 19.5
    endloop
  endfacet
  facet normal 0 0 1
    outer loop
      vertex 6.094462791274503 47.96066298462182 19.5
      vertex 6.192991605204558 48.03373693329658 19.5
      vertex 6.094462791274503 50.03933701537818 19.5
    endloop
  endfacet
  facet normal 0 0 1
    outer loop
      vertex 6.192991605204558 48.03373693329658 19.5
      vertex 6.283883476483185 48.116116523516816 19.5
      vertex 6.192991605204558 49.96626306670342 19.5
    endloop
  endfacet
  facet normal 0 0 1
    outer loop
      vertex 6.283883476483185 48.116116523516816 19.5
      vertex 6.3662630667034215 48.207008394795444 19.5
      vertex 6.283883476483185 49.883883476483184 19.5
    endloop
  endfacet
  facet normal 0 0 1
    outer loop
      vertex 6.3662630667034215 48.207008394795444 19.5
      vertex 6.439337015378182 48.3055372087255 19.5
      vertex 6.3662630667034215 49.792991605204556 19.5
    endloop
  endfacet
  facet normal 0 0 1
    outer loop
      vertex 6.439337015378182 48.3055372087255 19.5
      vertex 6.5024015804354445 48.4107540789675 19.5
      vertex 6.439337015378182 49.6944627912745 19.5
    endloop
  endfacet
  facet normal 0 0 1
    outer loop
      vertex 6.5024015804354445 48.4107540789675 19.5
      vertex 6.554849415639109 48.52164570954364 19.5
      vertex 6.5024015804354445 49.5892459210325 19.5
    endloop
  endfacet
  facet normal 0 0 1
    outer loop
      vertex 6.554849415639109 48.52164570954364 19.5
      vertex 6.596175419665261 48.63714415343192 19.5
      vertex 6.554849415639109 49.47835429045636 19.5
    endloop
  endfacet
  facet normal 0 0 1
    outer loop
      vertex 6.596175419665261 48.63714415343192 19.5
      vertex 6.625981600504039 48.75613709747984 19.5
      vertex 6.596175419665261 49.36285584656808 19.5
    endloop
  endfacet
  facet normal 0 0 1
    outer loop
      vertex 6.625981600504039 48.75613709747984 19.5
      vertex 6.643980908340247 48.87747857458805 19.5
      vertex 6.625981600504039 49.24386290252016 19.5
    endloop
  endfacet
  facet normal 0 0 1
    outer loop
      vertex 6.643980908340247 48.87747857458805 19.5
      vertex 6.65 49 19.5
      vertex 6.643980908340247 49.12252142541195 19.5
    endloop
  endfacet
  facet normal 0 0 1
    outer loop
      vertex 6.554849415639109 48.52164570954364 19.5
      vertex 6.554849415639109 49.47835429045636 19.5
      vertex 6.5024015804354445 49.5892459210325 19.5
    endloop
  endfacet
  facet normal 0 0 1
    outer loop
      vertex 6.596175419665261 48.63714415343192 19.5
      vertex 6.596175419665261 49.36285584656808 19.5
      vertex 6.554849415639109 49.47835429045636 19.5
    endloop
  endfacet
  facet normal 0 0 1
    outer loop
      vertex 6.643980908340247 48.87747857458805 19.5
      vertex 6.643980908340247 49.12252142541195 19.5
      vertex 6.625981600504039 49.24386290252016 19.5
    endloop
  endfacet
  facet normal 0 0 1
    outer loop
      vertex 6.625981600504039 48.75613709747984 19.5
      vertex 6.625981600504039 49.24386290252016 19.5
      vertex 6.596175419665261 49.36285584656808 19.5
    endloop
  endfacet
  facet normal 0 0 1
    outer loop
      vertex 4.810754078967503 47.89759841956456 19.5
      vertex 4.810754078967503 50.10240158043544 19.5
      vertex 4.705537208725498 50.03933701537818 19.5
    endloop
  endfacet
  facet normal 0 0 1
    outer loop
      vertex 4.921645709543638 47.845150584360894 19.5
      vertex 4.921645709543638 50.154849415639106 19.5
      vertex 4.810754078967503 50.10240158043544 19.5
    endloop
  endfacet
  facet normal 0 0 1
    outer loop
      vertex 5.037144153431923 47.80382458033474 19.5
      vertex 5.037144153431923 50.19617541966526 19.5
      vertex 4.921645709543638 50.154849415639106 19.5
    endloop
  endfacet
  facet normal 0 0 1
    outer loop
      vertex 5.15613709747984 47.774018399495965 19.5
      vertex 5.15613709747984 50.225981600504035 19.5
      vertex 5.037144153431923 50.19617541966526 19.5
    endloop
  endfacet
  facet normal 0 0 1
    outer loop
      vertex 5.2774785745880495 47.75601909165975 19.5
      vertex 5.2774785745880495 50.24398090834025 19.5
      vertex 5.15613709747984 50.225981600504035 19.5
    endloop
  endfacet
  facet normal 0 0 1
    outer loop
      vertex 5.4 47.75 19.5
      vertex 5.4 50.25 19.5
      vertex 5.2774785745880495 50.24398090834025 19.5
    endloop
  endfacet
  facet normal 0 0 1
    outer loop
      vertex 5.522521425411951 47.75601909165975 19.5
      vertex 5.522521425411951 50.24398090834025 19.5
      vertex 5.4 50.25 19.5
    endloop
  endfacet
  facet normal 0 0 1
    outer loop
      vertex 5.64386290252016 47.774018399495965 19.5
      vertex 5.64386290252016 50.225981600504035 19.5
      vertex 5.522521425411951 50.24398090834025 19.5
    endloop
  endfacet
  facet normal 0 0 1
    outer loop
      vertex 5.762855846568078 47.80382458033474 19.5
      vertex 5.762855846568078 50.19617541966526 19.5
      vertex 5.64386290252016 50.225981600504035 19.5
    endloop
  endfacet
  facet normal 0 0 1
    outer loop
      vertex 5.878354290456363 47.845150584360894 19.5
      vertex 5.878354290456363 50.154849415639106 19.5
      vertex 5.762855846568078 50.19617541966526 19.5
    endloop
  endfacet
  facet normal 0 0 1
    outer loop
      vertex 5.989245921032498 47.89759841956456 19.5
      vertex 5.989245921032498 50.10240158043544 19.5
      vertex 5.878354290456363 50.154849415639106 19.5
    endloop
  endfacet
  facet normal 0 0 1
    outer loop
      vertex 6.094462791274503 47.96066298462182 19.5
      vertex 6.094462791274503 50.03933701537818 19.5
      vertex 5.989245921032498 50.10240158043544 19.5
    endloop
  endfacet
  facet normal 0 0 1
    outer loop
      vertex 6.192991605204558 48.03373693329658 19.5
      vertex 6.192991605204558 49.96626306670342 19.5
      vertex 6.094462791274503 50.03933701537818 19.5
    endloop
  endfacet
  facet normal 0 0 1
    outer loop
      vertex 6.283883476483185 48.116116523516816 19.5
      vertex 6.283883476483185 49.883883476483184 19.5
      vertex 6.192991605204558 49.96626306670342 19.5
    endloop
  endfacet
  facet normal 0 0 1
    outer loop
      vertex 6.3662630667034215 48.207008394795444 19.5
      vertex 6.3662630667034215 49.792991605204556 19.5
      vertex 6.283883476483185 49.883883476483184 19.5
    endloop
  endfacet
  facet normal 0 0 1
    outer loop
      vertex 6.439337015378182 48.3055372087255 19.5
      vertex 6.439337015378182 49.6944627912745 19.5
      vertex 6.3662630667034215 49.792991605204556 19.5
    endloop
  endfacet
  facet normal 0 0 1
    outer loop
      vertex 6.5024015804354445 48.4107540789675 19.5
      vertex 6.5024015804354445 49.5892459210325 19.5
      vertex 6.439337015378182 49.6944627912745 19.5
    endloop
  endfacet
  facet normal 0 -1 0
    outer loop
      vertex 93.4 19.15 2
      vertex 95 19.15 2
      vertex 95 19.15 18
    endloop
  endfacet
  facet normal 0 -1 0
    outer loop
      vertex 93.4 19.15 2
      vertex 95 19.15 18
      vertex 93.4 19.15 18
    endloop
  endfacet
  facet normal 1 0 0
    outer loop
      vertex 95 20.75 2
      vertex 95 70.25 2
      vertex 95 20.75 18
    endloop
  endfacet
  facet normal -1 0 0
    outer loop
      vertex 93.4 19.15 2
      vertex 93.4 19.15 18
      vertex 93.4 71.85 18
    endloop
  endfacet
  facet normal 0 0 1
    outer loop
      vertex 93.4 19.15 18
      vertex 95 19.15 18
      vertex 94.95142314990512 20.75 18
    endloop
  endfacet
  facet normal 0 0 1
    outer loop
      vertex 93.4 19.15 18
      vertex 94.95142314990512 20.75 18
      vertex 93.4 71.85 18
    endloop
  endfacet
  facet normal 0 0 1
    outer loop
      vertex 95 20.75 18
      vertex 95 70.25 18
      vertex 94.95142314990512 20.75 18
    endloop
  endfacet
  facet normal -1 0 0
    outer loop
      vertex 93.4 19.15 2
      vertex 93.4 71.85 18
      vertex 93.4 55.79669421487604 2
    endloop
  endfacet
  facet normal -1 0 0
    outer loop
      vertex 93.4 55.79669421487604 2
      vertex 93.4 71.85 18
      vertex 93.4 71.85 2
    endloop
  endfacet
  facet normal 1 0 0
    outer loop
      vertex 95 20.75 18
      vertex 95 70.25 2
      vertex 95 70.25 18
    endloop
  endfacet
  facet normal 0 1 0
    outer loop
      vertex 93.4 71.85 2
      vertex 93.4 71.85 18
      vertex 95 71.85 2
    endloop
  endfacet
  facet normal 0 1 0
    outer loop
      vertex 95 71.85 2
      vertex 93.4 71.85 18
      vertex 95 71.85 18
    endloop
  endfacet
  facet normal 0 0 1
    outer loop
      vertex 94.95142314990512 20.75 18
      vertex 95 70.25 18
      vertex 93.4 71.85 18
    endloop
  endfacet
  facet normal 0 0 1
    outer loop
      vertex 93.4 71.85 18
      vertex 95 70.25 18
      vertex 95 71.85 18
    endloop
  endfacet
  facet normal 4.718447854656932e-15 0 -1
    outer loop
      vertex 122.5 20.66661237785016 2
      vertex 122.5 70.25 2
      vertex 124.1 20.75 2.0000000000000075
    endloop
  endfacet
  facet normal 1 -1.3546096352280007e-31 -8.881784197001256e-16
    outer loop
      vertex 124.1 20.75 2.0000000000000075
      vertex 124.1 70.25 2
      vertex 124.10000000000001 20.75 18
    endloop
  endfacet
  facet normal -1 0 0
    outer loop
      vertex 122.5 20.75 2
      vertex 122.5 20.75 18
      vertex 122.5 70.25 18
    endloop
  endfacet
  facet normal 0 0 1
    outer loop
      vertex 122.5 20.75 18
      vertex 124.10000000000001 20.75 18
      vertex 124.1 70.25 18
    endloop
  endfacet
  facet normal 0 -1.525154862111326e-16 -1
    outer loop
      vertex 124.1 20.75 2.0000000000000075
      vertex 122.5 70.25 2
      vertex 124.1 70.25 2
    endloop
  endfacet
  facet normal -1 0 0
    outer loop
      vertex 122.5 20.75 2
      vertex 122.5 70.25 18
      vertex 122.5 70.25 2
    endloop
  endfacet
  facet normal 1 2.8708797404448495e-16 0
    outer loop
      vertex 124.10000000000001 20.75 18
      vertex 124.1 70.25 2
      vertex 124.1 70.25 18
    endloop
  endfacet
  facet normal 0 0 1
    outer loop
      vertex 122.5 20.75 18
      vertex 124.1 70.25 18
      vertex 122.5 70.25 18
    endloop
  endfacet
  facet normal 0 1 0
    outer loop
      vertex 95 20.75 2
      vertex 95 20.75 18
      vertex 122.5 20.75 2
    endloop
  endfacet
  facet normal 0 -1 0
    outer loop
      vertex 95 19.15 2
      vertex 124.10000000000001 19.15 18
      vertex 95 19.15 18
    endloop
  endfacet
  facet normal 0 4.718447854656911e-15 -1
    outer loop
      vertex 95 19.15 2
      vertex 124.1 20.75 2.0000000000000075
      vertex 124.10000000000001 19.15 2
    endloop
  endfacet
  facet normal 8.581677035661562e-14 -1.556074063006288e-12 -1
    outer loop
      vertex 95 19.15 2
      vertex 122.5 20.66661237785016 2
      vertex 124.1 20.75 2.0000000000000075
    endloop
  endfacet
  facet normal 0 -1 0
    outer loop
      vertex 95 19.15 2
      vertex 124.10000000000001 19.15 2
      vertex 124.10000000000001 19.15 18
    endloop
  endfacet
  facet normal 1 8.881784197001244e-15 0
    outer loop
      vertex 124.10000000000001 19.15 2
      vertex 124.1 20.75 2.0000000000000075
      vertex 124.10000000000001 19.15 18
    endloop
  endfacet
  facet normal 0 1 0
    outer loop
      vertex 122.5 20.75 2
      vertex 95 20.75 18
      vertex 122.5 20.75 18
    endloop
  endfacet
  facet normal 1 0 -8.881784197001256e-16
    outer loop
      vertex 124.1 20.75 2.0000000000000075
      vertex 124.10000000000001 20.75 18
      vertex 124.10000000000001 19.15 18
    endloop
  endfacet
  facet normal 0 0 1
    outer loop
      vertex 95 19.15 18
      vertex 95 20.75 18
      vertex 94.95142314990512 20.75 18
    endloop
  endfacet
  facet normal 0 0 1
    outer loop
      vertex 95 19.15 18
      vertex 122.5 20.75 18
      vertex 95 20.75 18
    endloop
  endfacet
  facet normal 0 0 1
    outer loop
      vertex 95 19.15 18
      vertex 124.10000000000001 19.15 18
      vertex 122.5 20.75 18
    endloop
  endfacet
  facet normal 0 0 1
    outer loop
      vertex 124.10000000000001 19.15 18
      vertex 124.10000000000001 20.75 18
      vertex 122.5 20.75 18
    endloop
  endfacet
  facet normal 0 1 0
    outer loop
      vertex 95 71.85 2
      vertex 95 71.85 18
      vertex 124.10000000000001 71.85 2
    endloop
  endfacet
  facet normal 0 -1 0
    outer loop
      vertex 95 70.25 2
      vertex 122.5 70.25 18
      vertex 95 70.25 18
    endloop
  endfacet
  facet normal 0 -1 0
    outer loop
      vertex 95 70.25 2
      vertex 122.5 70.25 2
      vertex 122.5 70.25 18
    endloop
  endfacet
  facet normal 1 -8.881784197001284e-15 0
    outer loop
      vertex 124.1 70.25 2
      vertex 124.10000000000001 71.85 2
      vertex 124.1 70.25 18
    endloop
  endfacet
  facet normal 0 1 0
    outer loop
      vertex 124.10000000000001 71.85 2
      vertex 95 71.85 18
      vertex 124.10000000000001 71.85 18
    endloop
  endfacet
  facet normal 1 -8.881784197001284e-15 0
    outer loop
      vertex 124.10000000000001 71.85 2
      vertex 124.10000000000001 71.85 18
      vertex 124.1 70.25 18
    endloop
  endfacet
  facet normal 0 0 1
    outer loop
      vertex 95 70.25 18
      vertex 124.10000000000001 71.85 18
      vertex 95 71.85 18
    endloop
  endfacet
  facet normal 0 0 1
    outer loop
      vertex 95 70.25 18
      vertex 122.5 70.25 18
      vertex 124.10000000000001 71.85 18
    endloop
  endfacet
  facet normal 0 0 1
    outer loop
      vertex 122.5 70.25 18
      vertex 124.1 70.25 18
      vertex 124.10000000000001 71.85 18
    endloop
  endfacet
  facet normal 0 0 1
    outer loop
      vertex 6.202004930056475 0.20503935771774595 31.3
      vertex 0 0 31.3
      vertex 6.150645244622179 0 31.3
    endloop
  endfacet
  facet normal 0 0 1
    outer loop
      vertex 6.202004930056475 0.20503935771774595 31.3
      vertex 6.202004930056475 2.194960642282254 31.3
      vertex 0 0 31.3
    endloop
  endfacet
  facet normal 0 0 1
    outer loop
      vertex 2.4 2.4 31.3
      vertex 0 0 31.3
      vertex 6.150645244622179 2.4 31.3
    endloop
  endfacet
  facet normal 0 0 1
    outer loop
      vertex 6.202004930056475 2.194960642282254 31.3
      vertex 6.150645244622179 2.4 31.3
      vertex 0 0 31.3
    endloop
  endfacet
  facet normal 0 0 1
    outer loop
      vertex 0.20503935771774595 6.202004930056475 31.3
      vertex 0 6.150645244622179 31.3
      vertex 0 0 31.3
    endloop
  endfacet
  facet normal 0 0 1
    outer loop
      vertex 0.20503935771774595 6.202004930056475 31.3
      vertex 0 0 31.3
      vertex 0.7001125843192408 6.275442106028204 31.3
    endloop
  endfacet
  facet normal 0 0 1
    outer loop
      vertex 0.7001125843192408 6.275442106028204 31.3
      vertex 0 0 31.3
      vertex 1.2 6.3 31.3
    endloop
  endfacet
  facet normal 0 0 1
    outer loop
      vertex 1.2 6.3 31.3
      vertex 0 0 31.3
      vertex 1.699887415680759 6.275442106028204 31.3
    endloop
  endfacet
  facet normal 0 0 1
    outer loop
      vertex 2.194960642282254 6.202004930056475 31.3
      vertex 0 0 31.3
      vertex 2.4 2.4 31.3
    endloop
  endfacet
  facet normal 0 0 1
    outer loop
      vertex 1.699887415680759 6.275442106028204 31.3
      vertex 0 0 31.3
      vertex 2.194960642282254 6.202004930056475 31.3
    endloop
  endfacet
  facet normal 0 0 1
    outer loop
      vertex 2.194960642282254 6.202004930056475 31.3
      vertex 2.4 2.4 31.3
      vertex 2.4 6.150645244622179 31.3
    endloop
  endfacet
  facet normal 0 0 1
    outer loop
      vertex 6.202004930056475 0.20503935771774595 31.3
      vertex 6.275442106028204 0.7001125843192408 31.3
      vertex 6.275442106028204 1.699887415680759 31.3
    endloop
  endfacet
  facet normal 0 0 1
    outer loop
      vertex 6.275442106028204 0.7001125843192408 31.3
      vertex 6.3 1.2 31.3
      vertex 6.275442106028204 1.699887415680759 31.3
    endloop
  endfacet
  facet normal 0 0 1
    outer loop
      vertex 6.202004930056475 0.20503935771774595 31.3
      vertex 6.275442106028204 1.699887415680759 31.3
      vertex 6.202004930056475 2.194960642282254 31.3
    endloop
  endfacet
  facet normal -0.9700312531945442 0.24298017990326315 0
    outer loop
      vertex 6.202004930056475 0.20503935771774595 31.3
      vertex 6.150645244622179 0 31.3
      vertex 6.202004930056475 0.20503935771774595 34.5
    endloop
  endfacet
  facet normal -0.9891765099647809 0.14673047445536203 0
    outer loop
      vertex 6.202004930056475 0.20503935771774595 31.3
      vertex 6.202004930056475 0.20503935771774595 34.5
      vertex 6.275442106028204 0.7001125843192408 31.3
    endloop
  endfacet
  facet normal -0.9987954562051724 0.04906767432741798 0
    outer loop
      vertex 6.275442106028204 0.7001125843192408 31.3
      vertex 6.275442106028204 0.7001125843192408 34.5
      vertex 6.3 1.2 31.3
    endloop
  endfacet
  facet normal -0.9987954562051724 -0.04906767432741798 0
    outer loop
      vertex 6.3 1.2 31.3
      vertex 6.3 1.2 34.5
      vertex 6.275442106028204 1.699887415680759 31.3
    endloop
  endfacet
  facet normal -0.989176509964781 -0.146730474455362 0
    outer loop
      vertex 6.275442106028204 1.699887415680759 31.3
      vertex 6.275442106028204 1.699887415680759 34.5
      vertex 6.202004930056475 2.194960642282254 31.3
    endloop
  endfacet
  facet normal -0.9700312531945442 -0.24298017990326326 9.52753991462936e-19
    outer loop
      vertex 6.202004930056475 2.194960642282254 31.3
      vertex 6.150645244622179 2.4 34.5
      vertex 6.150645244622179 2.4 31.3
    endloop
  endfacet
  facet normal 0 0 -1
    outer loop
      vertex 0 0 34.5
      vertex 2.4 2.4 34.5
      vertex 6.150645244622179 0 34.5
    endloop
  endfacet
  facet normal 0 0 -1
    outer loop
      vertex 0.20503935771774595 6.202004930056475 34.5
      vertex 0 0 34.5
      vertex 0 6.150645244622179 34.5
    endloop
  endfacet
  facet normal 0 0 -1
    outer loop
      vertex 0.20503935771774595 6.202004930056475 34.5
      vertex 0.7001125843192408 6.275442106028204 34.5
      vertex 0 0 34.5
    endloop
  endfacet
  facet normal 0 0 -1
    outer loop
      vertex 0.7001125843192408 6.275442106028204 34.5
      vertex 1.2 6.3 34.5
      vertex 0 0 34.5
    endloop
  endfacet
  facet normal 0 0 -1
    outer loop
      vertex 1.2 6.3 34.5
      vertex 1.699887415680759 6.275442106028204 34.5
      vertex 0 0 34.5
    endloop
  endfacet
  facet normal 0 0 -1
    outer loop
      vertex 2.194960642282254 6.202004930056475 34.5
      vertex 2.4 2.4 34.5
      vertex 0 0 34.5
    endloop
  endfacet
  facet normal 0 0 -1
    outer loop
      vertex 1.699887415680759 6.275442106028204 34.5
      vertex 2.194960642282254 6.202004930056475 34.5
      vertex 0 0 34.5
    endloop
  endfacet
  facet normal 0 0 -1
    outer loop
      vertex 2.194960642282254 6.202004930056475 34.5
      vertex 2.4 6.150645244622179 34.5
      vertex 2.4 2.4 34.5
    endloop
  endfacet
  facet normal -0.9700312531945442 0.24298017990326315 -2.1664735747589126e-19
    outer loop
      vertex 6.202004930056475 0.20503935771774595 34.5
      vertex 6.150645244622179 0 31.3
      vertex 6.150645244622179 0 34.5
    endloop
  endfacet
  facet normal -0.9891765099647809 0.14673047445536203 0
    outer loop
      vertex 6.275442106028204 0.7001125843192408 31.3
      vertex 6.202004930056475 0.20503935771774595 34.5
      vertex 6.275442106028204 0.7001125843192408 34.5
    endloop
  endfacet
  facet normal -0.9987954562051724 0.04906767432741798 0
    outer loop
      vertex 6.3 1.2 31.3
      vertex 6.275442106028204 0.7001125843192408 34.5
      vertex 6.3 1.2 34.5
    endloop
  endfacet
  facet normal -0.9987954562051724 -0.04906767432741798 0
    outer loop
      vertex 6.275442106028204 1.699887415680759 31.3
      vertex 6.3 1.2 34.5
      vertex 6.275442106028204 1.699887415680759 34.5
    endloop
  endfacet
  facet normal -0.989176509964781 -0.146730474455362 0
    outer loop
      vertex 6.202004930056475 2.194960642282254 31.3
      vertex 6.275442106028204 1.699887415680759 34.5
      vertex 6.202004930056475 2.194960642282254 34.5
    endloop
  endfacet
  facet normal -0.9700312531945442 -0.24298017990326326 0
    outer loop
      vertex 6.202004930056475 2.194960642282254 31.3
      vertex 6.202004930056475 2.194960642282254 34.5
      vertex 6.150645244622179 2.4 34.5
    endloop
  endfacet
  facet normal 0 0 -1
    outer loop
      vertex 6.202004930056475 0.20503935771774595 34.5
      vertex 6.150645244622179 0 34.5
      vertex 2.4 2.4 34.5
    endloop
  endfacet
  facet normal 0 0 -1
    outer loop
      vertex 6.202004930056475 0.20503935771774595 34.5
      vertex 6.202004930056475 2.194960642282254 34.5
      vertex 6.275442106028204 0.7001125843192408 34.5
    endloop
  endfacet
  facet normal 0 0 -1
    outer loop
      vertex 6.275442106028204 0.7001125843192408 34.5
      vertex 6.275442106028204 1.699887415680759 34.5
      vertex 6.3 1.2 34.5
    endloop
  endfacet
  facet normal 0 0 -1
    outer loop
      vertex 6.202004930056475 0.20503935771774595 34.5
      vertex 2.4 2.4 34.5
      vertex 6.202004930056475 2.194960642282254 34.5
    endloop
  endfacet
  facet normal 0 0 -1
    outer loop
      vertex 6.202004930056475 2.194960642282254 34.5
      vertex 2.4 2.4 34.5
      vertex 6.150645244622179 2.4 34.5
    endloop
  endfacet
  facet normal 0 0 -1
    outer loop
      vertex 6.275442106028204 0.7001125843192408 34.5
      vertex 6.202004930056475 2.194960642282254 34.5
      vertex 6.275442106028204 1.699887415680759 34.5
    endloop
  endfacet
  facet normal 0.24298017990326315 -0.9700312531945442 -2.1664735747589126e-19
    outer loop
      vertex 0.20503935771774595 6.202004930056475 31.3
      vertex 0 6.150645244622179 34.5
      vertex 0 6.150645244622179 31.3
    endloop
  endfacet
  facet normal 0.14673047445536203 -0.9891765099647809 0
    outer loop
      vertex 0.20503935771774595 6.202004930056475 31.3
      vertex 0.7001125843192408 6.275442106028204 31.3
      vertex 0.20503935771774595 6.202004930056475 34.5
    endloop
  endfacet
  facet normal 0.04906767432741798 -0.9987954562051724 0
    outer loop
      vertex 0.7001125843192408 6.275442106028204 31.3
      vertex 1.2 6.3 31.3
      vertex 0.7001125843192408 6.275442106028204 34.5
    endloop
  endfacet
  facet normal -0.04906767432741798 -0.9987954562051724 0
    outer loop
      vertex 1.2 6.3 31.3
      vertex 1.699887415680759 6.275442106028204 31.3
      vertex 1.2 6.3 34.5
    endloop
  endfacet
  facet normal -0.146730474455362 -0.989176509964781 0
    outer loop
      vertex 1.699887415680759 6.275442106028204 31.3
      vertex 2.194960642282254 6.202004930056475 31.3
      vertex 1.699887415680759 6.275442106028204 34.5
    endloop
  endfacet
  facet normal -0.24298017990326326 -0.9700312531945442 0
    outer loop
      vertex 2.194960642282254 6.202004930056475 31.3
      vertex 2.4 6.150645244622179 31.3
      vertex 2.194960642282254 6.202004930056475 34.5
    endloop
  endfacet
  facet normal 0.24298017990326315 -0.9700312531945442 0
    outer loop
      vertex 0.20503935771774595 6.202004930056475 31.3
      vertex 0.20503935771774595 6.202004930056475 34.5
      vertex 0 6.150645244622179 34.5
    endloop
  endfacet
  facet normal 0.14673047445536203 -0.9891765099647809 0
    outer loop
      vertex 0.7001125843192408 6.275442106028204 31.3
      vertex 0.7001125843192408 6.275442106028204 34.5
      vertex 0.20503935771774595 6.202004930056475 34.5
    endloop
  endfacet
  facet normal 0.04906767432741798 -0.9987954562051724 0
    outer loop
      vertex 1.2 6.3 31.3
      vertex 1.2 6.3 34.5
      vertex 0.7001125843192408 6.275442106028204 34.5
    endloop
  endfacet
  facet normal -0.04906767432741798 -0.9987954562051724 0
    outer loop
      vertex 1.699887415680759 6.275442106028204 31.3
      vertex 1.699887415680759 6.275442106028204 34.5
      vertex 1.2 6.3 34.5
    endloop
  endfacet
  facet normal -0.146730474455362 -0.989176509964781 0
    outer loop
      vertex 2.194960642282254 6.202004930056475 31.3
      vertex 2.194960642282254 6.202004930056475 34.5
      vertex 1.699887415680759 6.275442106028204 34.5
    endloop
  endfacet
  facet normal -0.24298017990326326 -0.9700312531945442 9.52753991462936e-19
    outer loop
      vertex 2.194960642282254 6.202004930056475 34.5
      vertex 2.4 6.150645244622179 31.3
      vertex 2.4 6.150645244622179 34.5
    endloop
  endfacet
  facet normal 0.24298017990324733 0.9700312531945482 0
    outer loop
      vertex 0.20503935771774595 83.79799506994352 31.3
      vertex 0 83.84935475537782 31.3
      vertex 0.20503935771774595 83.79799506994352 34.5
    endloop
  endfacet
  facet normal 0.1467304744553707 0.9891765099647796 -6.448183578074893e-19
    outer loop
      vertex 0.20503935771774595 83.79799506994352 31.3
      vertex 0.7001125843192408 83.72455789397179 34.5
      vertex 0.7001125843192408 83.72455789397179 31.3
    endloop
  endfacet
  facet normal 0.04906767432740381 0.9987954562051731 2.2178283786413525e-19
    outer loop
      vertex 0.7001125843192408 83.72455789397179 31.3
      vertex 1.2 83.7 34.5
      vertex 1.2 83.7 31.3
    endloop
  endfacet
  facet normal -0.04906767432740381 0.9987954562051731 -2.2178283786413525e-19
    outer loop
      vertex 1.2 83.7 31.3
      vertex 1.699887415680759 83.72455789397179 34.5
      vertex 1.699887415680759 83.72455789397179 31.3
    endloop
  endfacet
  facet normal -0.14673047445537066 0.9891765099647796 1.4029939607214319e-18
    outer loop
      vertex 1.699887415680759 83.72455789397179 31.3
      vertex 2.194960642282254 83.79799506994352 34.5
      vertex 2.194960642282254 83.79799506994352 31.3
    endloop
  endfacet
  facet normal -0.2429801799032474 0.970031253194548 -7.491322815025091e-19
    outer loop
      vertex 2.194960642282254 83.79799506994352 31.3
      vertex 2.4 83.84935475537782 34.5
      vertex 2.4 83.84935475537782 31.3
    endloop
  endfacet
  facet normal 0.24298017990324733 0.9700312531945482 1.3025647516044637e-20
    outer loop
      vertex 0.20503935771774595 83.79799506994352 34.5
      vertex 0 83.84935475537782 31.3
      vertex 0 83.84935475537782 34.5
    endloop
  endfacet
  facet normal 0.1467304744553707 0.9891765099647796 0
    outer loop
      vertex 0.20503935771774595 83.79799506994352 31.3
      vertex 0.20503935771774595 83.79799506994352 34.5
      vertex 0.7001125843192408 83.72455789397179 34.5
    endloop
  endfacet
  facet normal 0.04906767432740381 0.9987954562051731 0
    outer loop
      vertex 0.7001125843192408 83.72455789397179 31.3
      vertex 0.7001125843192408 83.72455789397179 34.5
      vertex 1.2 83.7 34.5
    endloop
  endfacet
  facet normal -0.04906767432740381 0.9987954562051731 0
    outer loop
      vertex 1.2 83.7 31.3
      vertex 1.2 83.7 34.5
      vertex 1.699887415680759 83.72455789397179 34.5
    endloop
  endfacet
  facet normal -0.14673047445537066 0.9891765099647796 0
    outer loop
      vertex 1.699887415680759 83.72455789397179 31.3
      vertex 1.699887415680759 83.72455789397179 34.5
      vertex 2.194960642282254 83.79799506994352 34.5
    endloop
  endfacet
  facet normal -0.2429801799032474 0.970031253194548 0
    outer loop
      vertex 2.194960642282254 83.79799506994352 31.3
      vertex 2.194960642282254 83.79799506994352 34.5
      vertex 2.4 83.84935475537782 34.5
    endloop
  endfacet
  facet normal 0 0 1
    outer loop
      vertex 2.194960642282254 83.79799506994352 31.3
      vertex 2.4 83.84935475537782 31.3
      vertex 2.4 87.60000000000001 31.3
    endloop
  endfacet
  facet normal 0 0 1
    outer loop
      vertex 0.20503935771774595 83.79799506994352 31.3
      vertex 0 90 31.3
      vertex 0 83.84935475537782 31.3
    endloop
  endfacet
  facet normal 0 0 1
    outer loop
      vertex 0.20503935771774595 83.79799506994352 31.3
      vertex 0.7001125843192408 83.72455789397179 31.3
      vertex 0 90 31.3
    endloop
  endfacet
  facet normal 0 0 1
    outer loop
      vertex 0.7001125843192408 83.72455789397179 31.3
      vertex 1.2 83.7 31.3
      vertex 0 90 31.3
    endloop
  endfacet
  facet normal 0 0 1
    outer loop
      vertex 1.2 83.7 31.3
      vertex 1.699887415680759 83.72455789397179 31.3
      vertex 0 90 31.3
    endloop
  endfacet
  facet normal 0 0 1
    outer loop
      vertex 1.699887415680759 83.72455789397179 31.3
      vertex 2.194960642282254 83.79799506994352 31.3
      vertex 0 90 31.3
    endloop
  endfacet
  facet normal 0 0 1
    outer loop
      vertex 2.194960642282254 83.79799506994352 31.3
      vertex 2.4 87.60000000000001 31.3
      vertex 0 90 31.3
    endloop
  endfacet
  facet normal 0 0 1
    outer loop
      vertex 0 90 31.3
      vertex 2.4 87.60000000000001 31.3
      vertex 6.150645244622178 90 31.3
    endloop
  endfacet
  facet normal 0 0 1
    outer loop
      vertex 6.202004930056475 87.80503935771775 31.3
      vertex 2.4 87.60000000000001 31.3
      vertex 6.150645244622182 87.60000000000001 31.3
    endloop
  endfacet
  facet normal 0 0 1
    outer loop
      vertex 6.202004930056475 87.80503935771775 31.3
      vertex 6.202004930056475 89.79496064228225 31.3
      vertex 2.4 87.60000000000001 31.3
    endloop
  endfacet
  facet normal 0 0 1
    outer loop
      vertex 6.202004930056475 87.80503935771775 31.3
      vertex 6.275442106028204 88.30011258431924 31.3
      vertex 6.275442106028204 89.29988741568076 31.3
    endloop
  endfacet
  facet normal 0 0 1
    outer loop
      vertex 6.202004930056475 89.79496064228225 31.3
      vertex 6.150645244622178 90 31.3
      vertex 2.4 87.60000000000001 31.3
    endloop
  endfacet
  facet normal 0 0 1
    outer loop
      vertex 6.275442106028204 88.30011258431924 31.3
      vertex 6.3 88.8 31.3
      vertex 6.275442106028204 89.29988741568076 31.3
    endloop
  endfacet
  facet normal 0 0 1
    outer loop
      vertex 6.202004930056475 87.80503935771775 31.3
      vertex 6.275442106028204 89.29988741568076 31.3
      vertex 6.202004930056475 89.79496064228225 31.3
    endloop
  endfacet
  facet normal -0.9700312531945448 0.24298017990326076 0
    outer loop
      vertex 6.202004930056475 87.80503935771775 31.3
      vertex 6.150645244622182 87.60000000000001 31.3
      vertex 6.202004930056475 87.80503935771775 34.5
    endloop
  endfacet
  facet normal -0.9891765099647807 0.14673047445536316 0
    outer loop
      vertex 6.202004930056475 87.80503935771775 31.3
      vertex 6.202004930056475 87.80503935771775 34.5
      vertex 6.275442106028204 88.30011258431924 31.3
    endloop
  endfacet
  facet normal -0.9987954562051724 0.04906767432741787 0
    outer loop
      vertex 6.275442106028204 88.30011258431924 31.3
      vertex 6.275442106028204 88.30011258431924 34.5
      vertex 6.3 88.8 31.3
    endloop
  endfacet
  facet normal -0.9987954562051724 -0.04906767432741787 0
    outer loop
      vertex 6.3 88.8 31.3
      vertex 6.3 88.8 34.5
      vertex 6.275442106028204 89.29988741568076 31.3
    endloop
  endfacet
  facet normal -0.9891765099647807 -0.14673047445536316 0
    outer loop
      vertex 6.275442106028204 89.29988741568076 31.3
      vertex 6.275442106028204 89.29988741568076 34.5
      vertex 6.202004930056475 89.79496064228225 31.3
    endloop
  endfacet
  facet normal -0.9700312531945449 -0.2429801799032608 1.1959235092097714e-18
    outer loop
      vertex 6.202004930056475 89.79496064228225 31.3
      vertex 6.150645244622178 90 34.5
      vertex 6.150645244622178 90 31.3
    endloop
  endfacet
  facet normal 0 0 -1
    outer loop
      vertex 2.194960642282254 83.79799506994352 34.5
      vertex 2.4 87.60000000000001 34.5
      vertex 2.4 83.84935475537782 34.5
    endloop
  endfacet
  facet normal 0 0 -1
    outer loop
      vertex 0.20503935771774595 83.79799506994352 34.5
      vertex 0 83.84935475537782 34.5
      vertex 0 90 34.5
    endloop
  endfacet
  facet normal 0 0 -1
    outer loop
      vertex 0.20503935771774595 83.79799506994352 34.5
      vertex 0 90 34.5
      vertex 0.7001125843192408 83.72455789397179 34.5
    endloop
  endfacet
  facet normal 0 0 -1
    outer loop
      vertex 0.7001125843192408 83.72455789397179 34.5
      vertex 0 90 34.5
      vertex 1.2 83.7 34.5
    endloop
  endfacet
  facet normal 0 0 -1
    outer loop
      vertex 1.2 83.7 34.5
      vertex 0 90 34.5
      vertex 1.699887415680759 83.72455789397179 34.5
    endloop
  endfacet
  facet normal 0 0 -1
    outer loop
      vertex 1.699887415680759 83.72455789397179 34.5
      vertex 0 90 34.5
      vertex 2.194960642282254 83.79799506994352 34.5
    endloop
  endfacet
  facet normal 0 0 -1
    outer loop
      vertex 2.194960642282254 83.79799506994352 34.5
      vertex 0 90 34.5
      vertex 2.4 87.60000000000001 34.5
    endloop
  endfacet
  facet normal 0 0 -1
    outer loop
      vertex 2.4 87.60000000000001 34.5
      vertex 0 90 34.5
      vertex 6.150645244622182 87.60000000000001 34.5
    endloop
  endfacet
  facet normal 0 0 -1
    outer loop
      vertex 6.202004930056475 87.80503935771775 34.5
      vertex 6.150645244622182 87.60000000000001 34.5
      vertex 0 90 34.5
    endloop
  endfacet
  facet normal 0 0 -1
    outer loop
      vertex 6.202004930056475 87.80503935771775 34.5
      vertex 0 90 34.5
      vertex 6.202004930056475 89.79496064228225 34.5
    endloop
  endfacet
  facet normal 0 0 -1
    outer loop
      vertex 6.202004930056475 89.79496064228225 34.5
      vertex 0 90 34.5
      vertex 6.150645244622178 90 34.5
    endloop
  endfacet
  facet normal -0.9700312531945448 0.24298017990326076 -3.2175527417514225e-19
    outer loop
      vertex 6.202004930056475 87.80503935771775 34.5
      vertex 6.150645244622182 87.60000000000001 31.3
      vertex 6.150645244622182 87.60000000000001 34.5
    endloop
  endfacet
  facet normal -0.9891765099647807 0.14673047445536316 0
    outer loop
      vertex 6.275442106028204 88.30011258431924 31.3
      vertex 6.202004930056475 87.80503935771775 34.5
      vertex 6.275442106028204 88.30011258431924 34.5
    endloop
  endfacet
  facet normal -0.9987954562051724 0.04906767432741787 0
    outer loop
      vertex 6.3 88.8 31.3
      vertex 6.275442106028204 88.30011258431924 34.5
      vertex 6.3 88.8 34.5
    endloop
  endfacet
  facet normal -0.9987954562051724 -0.04906767432741787 0
    outer loop
      vertex 6.275442106028204 89.29988741568076 31.3
      vertex 6.3 88.8 34.5
      vertex 6.275442106028204 89.29988741568076 34.5
    endloop
  endfacet
  facet normal -0.9891765099647807 -0.14673047445536316 0
    outer loop
      vertex 6.202004930056475 89.79496064228225 31.3
      vertex 6.275442106028204 89.29988741568076 34.5
      vertex 6.202004930056475 89.79496064228225 34.5
    endloop
  endfacet
  facet normal -0.9700312531945449 -0.2429801799032608 0
    outer loop
      vertex 6.202004930056475 89.79496064228225 31.3
      vertex 6.202004930056475 89.79496064228225 34.5
      vertex 6.150645244622178 90 34.5
    endloop
  endfacet
  facet normal 0 0 -1
    outer loop
      vertex 6.202004930056475 87.80503935771775 34.5
      vertex 6.202004930056475 89.79496064228225 34.5
      vertex 6.275442106028204 88.30011258431924 34.5
    endloop
  endfacet
  facet normal 0 0 -1
    outer loop
      vertex 6.275442106028204 88.30011258431924 34.5
      vertex 6.275442106028204 89.29988741568076 34.5
      vertex 6.3 88.8 34.5
    endloop
  endfacet
  facet normal 0 0 -1
    outer loop
      vertex 6.275442106028204 88.30011258431924 34.5
      vertex 6.202004930056475 89.79496064228225 34.5
      vertex 6.275442106028204 89.29988741568076 34.5
    endloop
  endfacet
  facet normal 0 0 1
    outer loop
      vertex 69.99799506994353 0.20503935771774595 31.3
      vertex 69.99799506994353 2.194960642282254 31.3
      vertex 69.9245578939718 0.7001125843192408 31.3
    endloop
  endfacet
  facet normal 0 0 1
    outer loop
      vertex 69.9245578939718 0.7001125843192408 31.3
      vertex 69.9245578939718 1.699887415680759 31.3
      vertex 69.9 1.2 31.3
    endloop
  endfacet
  facet normal 0 0 1
    outer loop
      vertex 69.9245578939718 0.7001125843192408 31.3
      vertex 69.99799506994353 2.194960642282254 31.3
      vertex 69.9245578939718 1.699887415680759 31.3
    endloop
  endfacet
  facet normal 0.9700312531945482 0.24298017990324733 1.3025647516044637e-20
    outer loop
      vertex 69.99799506994353 0.20503935771774595 31.3
      vertex 70.04935475537782 0 34.5
      vertex 70.04935475537782 0 31.3
    endloop
  endfacet
  facet normal 0.9891765099647796 0.1467304744553707 -6.448183578074893e-19
    outer loop
      vertex 69.99799506994353 0.20503935771774595 31.3
      vertex 69.9245578939718 0.7001125843192408 31.3
      vertex 69.9245578939718 0.7001125843192408 34.5
    endloop
  endfacet
  facet normal 0.9987954562051731 0.04906767432740381 2.2178283786413525e-19
    outer loop
      vertex 69.9245578939718 0.7001125843192408 31.3
      vertex 69.9 1.2 31.3
      vertex 69.9 1.2 34.5
    endloop
  endfacet
  facet normal 0.9987954562051731 -0.04906767432740381 -2.2178283786413525e-19
    outer loop
      vertex 69.9 1.2 31.3
      vertex 69.9245578939718 1.699887415680759 31.3
      vertex 69.9245578939718 1.699887415680759 34.5
    endloop
  endfacet
  facet normal 0.9891765099647796 -0.14673047445537066 1.4029939607214319e-18
    outer loop
      vertex 69.9245578939718 1.699887415680759 31.3
      vertex 69.99799506994353 2.194960642282254 31.3
      vertex 69.99799506994353 2.194960642282254 34.5
    endloop
  endfacet
  facet normal 0.970031253194548 -0.2429801799032474 0
    outer loop
      vertex 69.99799506994353 2.194960642282254 31.3
      vertex 70.04935475537782 2.4 31.3
      vertex 69.99799506994353 2.194960642282254 34.5
    endloop
  endfacet
  facet normal 0 0 1
    outer loop
      vertex 69.99799506994353 0.20503935771774595 31.3
      vertex 70.04935475537782 0 31.3
      vertex 79.95064524462218 2.4 31.3
    endloop
  endfacet
  facet normal 0 0 1
    outer loop
      vertex 69.99799506994353 0.20503935771774595 31.3
      vertex 79.95064524462218 2.4 31.3
      vertex 69.99799506994353 2.194960642282254 31.3
    endloop
  endfacet
  facet normal 0 0 1
    outer loop
      vertex 69.99799506994353 2.194960642282254 31.3
      vertex 79.95064524462218 2.4 31.3
      vertex 70.04935475537782 2.4 31.3
    endloop
  endfacet
  facet normal 0.9700312531945482 0.24298017990324733 0
    outer loop
      vertex 69.99799506994353 0.20503935771774595 31.3
      vertex 69.99799506994353 0.20503935771774595 34.5
      vertex 70.04935475537782 0 34.5
    endloop
  endfacet
  facet normal 0.9891765099647796 0.1467304744553707 0
    outer loop
      vertex 69.99799506994353 0.20503935771774595 31.3
      vertex 69.9245578939718 0.7001125843192408 34.5
      vertex 69.99799506994353 0.20503935771774595 34.5
    endloop
  endfacet
  facet normal 0.9987954562051731 0.04906767432740381 0
    outer loop
      vertex 69.9245578939718 0.7001125843192408 31.3
      vertex 69.9 1.2 34.5
      vertex 69.9245578939718 0.7001125843192408 34.5
    endloop
  endfacet
  facet normal 0.9987954562051731 -0.04906767432740381 0
    outer loop
      vertex 69.9 1.2 31.3
      vertex 69.9245578939718 1.699887415680759 34.5
      vertex 69.9 1.2 34.5
    endloop
  endfacet
  facet normal 0.9891765099647796 -0.14673047445537066 0
    outer loop
      vertex 69.9245578939718 1.699887415680759 31.3
      vertex 69.99799506994353 2.194960642282254 34.5
      vertex 69.9245578939718 1.699887415680759 34.5
    endloop
  endfacet
  facet normal 0.970031253194548 -0.2429801799032474 -7.491322815025091e-19
    outer loop
      vertex 69.99799506994353 2.194960642282254 34.5
      vertex 70.04935475537782 2.4 31.3
      vertex 70.04935475537782 2.4 34.5
    endloop
  endfacet
  facet normal 0 0 -1
    outer loop
      vertex 69.99799506994353 0.20503935771774595 34.5
      vertex 69.9245578939718 0.7001125843192408 34.5
      vertex 69.9245578939718 1.699887415680759 34.5
    endloop
  endfacet
  facet normal 0 0 -1
    outer loop
      vertex 69.9245578939718 0.7001125843192408 34.5
      vertex 69.9 1.2 34.5
      vertex 69.9245578939718 1.699887415680759 34.5
    endloop
  endfacet
  facet normal 0 0 -1
    outer loop
      vertex 69.99799506994353 0.20503935771774595 34.5
      vertex 69.9245578939718 1.699887415680759 34.5
      vertex 69.99799506994353 2.194960642282254 34.5
    endloop
  endfacet
  facet normal 0 0 -1
    outer loop
      vertex 69.99799506994353 0.20503935771774595 34.5
      vertex 79.95064524462218 0 34.5
      vertex 70.04935475537782 0 34.5
    endloop
  endfacet
  facet normal 0 0 -1
    outer loop
      vertex 69.99799506994353 0.20503935771774595 34.5
      vertex 69.99799506994353 2.194960642282254 34.5
      vertex 79.95064524462218 0 34.5
    endloop
  endfacet
  facet normal 0 0 -1
    outer loop
      vertex 69.99799506994353 2.194960642282254 34.5
      vertex 70.04935475537782 2.4 34.5
      vertex 79.95064524462218 0 34.5
    endloop
  endfacet
  facet normal 0 0 1
    outer loop
      vertex 80.00200493005647 0.20503935771774595 31.3
      vertex 70.04935475537782 0 31.3
      vertex 79.95064524462218 0 31.3
    endloop
  endfacet
  facet normal 0 0 1
    outer loop
      vertex 80.00200493005647 0.20503935771774595 31.3
      vertex 80.00200493005647 2.194960642282254 31.3
      vertex 70.04935475537782 0 31.3
    endloop
  endfacet
  facet normal 0 0 1
    outer loop
      vertex 80.00200493005647 2.194960642282254 31.3
      vertex 79.95064524462218 2.4 31.3
      vertex 70.04935475537782 0 31.3
    endloop
  endfacet
  facet normal 0 0 1
    outer loop
      vertex 80.00200493005647 0.20503935771774595 31.3
      vertex 80.0754421060282 0.7001125843192408 31.3
      vertex 80.0754421060282 1.699887415680759 31.3
    endloop
  endfacet
  facet normal 0 0 1
    outer loop
      vertex 80.0754421060282 0.7001125843192408 31.3
      vertex 80.1 1.2 31.3
      vertex 80.0754421060282 1.699887415680759 31.3
    endloop
  endfacet
  facet normal 0 0 1
    outer loop
      vertex 80.00200493005647 0.20503935771774595 31.3
      vertex 80.0754421060282 1.699887415680759 31.3
      vertex 80.00200493005647 2.194960642282254 31.3
    endloop
  endfacet
  facet normal -0.9700312531945482 0.24298017990324733 0
    outer loop
      vertex 80.00200493005647 0.20503935771774595 31.3
      vertex 79.95064524462218 0 31.3
      vertex 80.00200493005647 0.20503935771774595 34.5
    endloop
  endfacet
  facet normal -0.9891765099647796 0.1467304744553707 0
    outer loop
      vertex 80.00200493005647 0.20503935771774595 31.3
      vertex 80.00200493005647 0.20503935771774595 34.5
      vertex 80.0754421060282 0.7001125843192408 31.3
    endloop
  endfacet
  facet normal -0.9987954562051731 0.04906767432740381 0
    outer loop
      vertex 80.0754421060282 0.7001125843192408 31.3
      vertex 80.0754421060282 0.7001125843192408 34.5
      vertex 80.1 1.2 31.3
    endloop
  endfacet
  facet normal -0.9987954562051731 -0.04906767432740381 0
    outer loop
      vertex 80.1 1.2 31.3
      vertex 80.1 1.2 34.5
      vertex 80.0754421060282 1.699887415680759 31.3
    endloop
  endfacet
  facet normal -0.9891765099647796 -0.14673047445537066 0
    outer loop
      vertex 80.0754421060282 1.699887415680759 31.3
      vertex 80.0754421060282 1.699887415680759 34.5
      vertex 80.00200493005647 2.194960642282254 31.3
    endloop
  endfacet
  facet normal -0.970031253194548 -0.2429801799032474 7.491322815025091e-19
    outer loop
      vertex 80.00200493005647 2.194960642282254 31.3
      vertex 79.95064524462218 2.4 34.5
      vertex 79.95064524462218 2.4 31.3
    endloop
  endfacet
  facet normal 0 0 -1
    outer loop
      vertex 80.00200493005647 0.20503935771774595 34.5
      vertex 79.95064524462218 0 34.5
      vertex 70.04935475537782 2.4 34.5
    endloop
  endfacet
  facet normal 0 0 -1
    outer loop
      vertex 80.00200493005647 0.20503935771774595 34.5
      vertex 70.04935475537782 2.4 34.5
      vertex 80.00200493005647 2.194960642282254 34.5
    endloop
  endfacet
  facet normal 0 0 -1
    outer loop
      vertex 80.00200493005647 2.194960642282254 34.5
      vertex 70.04935475537782 2.4 34.5
      vertex 79.95064524462218 2.4 34.5
    endloop
  endfacet
  facet normal -0.9700312531945482 0.24298017990324733 -1.3025647516044637e-20
    outer loop
      vertex 80.00200493005647 0.20503935771774595 34.5
      vertex 79.95064524462218 0 31.3
      vertex 79.95064524462218 0 34.5
    endloop
  endfacet
  facet normal -0.9891765099647796 0.1467304744553707 0
    outer loop
      vertex 80.0754421060282 0.7001125843192408 31.3
      vertex 80.00200493005647 0.20503935771774595 34.5
      vertex 80.0754421060282 0.7001125843192408 34.5
    endloop
  endfacet
  facet normal -0.9987954562051731 0.04906767432740381 0
    outer loop
      vertex 80.1 1.2 31.3
      vertex 80.0754421060282 0.7001125843192408 34.5
      vertex 80.1 1.2 34.5
    endloop
  endfacet
  facet normal -0.9987954562051731 -0.04906767432740381 0
    outer loop
      vertex 80.0754421060282 1.699887415680759 31.3
      vertex 80.1 1.2 34.5
      vertex 80.0754421060282 1.699887415680759 34.5
    endloop
  endfacet
  facet normal -0.9891765099647796 -0.14673047445537066 0
    outer loop
      vertex 80.00200493005647 2.194960642282254 31.3
      vertex 80.0754421060282 1.699887415680759 34.5
      vertex 80.00200493005647 2.194960642282254 34.5
    endloop
  endfacet
  facet normal -0.970031253194548 -0.2429801799032474 0
    outer loop
      vertex 80.00200493005647 2.194960642282254 31.3
      vertex 80.00200493005647 2.194960642282254 34.5
      vertex 79.95064524462218 2.4 34.5
    endloop
  endfacet
  facet normal 0 0 -1
    outer loop
      vertex 80.00200493005647 0.20503935771774595 34.5
      vertex 80.00200493005647 2.194960642282254 34.5
      vertex 80.0754421060282 0.7001125843192408 34.5
    endloop
  endfacet
  facet normal 0 0 -1
    outer loop
      vertex 80.0754421060282 0.7001125843192408 34.5
      vertex 80.0754421060282 1.699887415680759 34.5
      vertex 80.1 1.2 34.5
    endloop
  endfacet
  facet normal 0 0 -1
    outer loop
      vertex 80.0754421060282 0.7001125843192408 34.5
      vertex 80.00200493005647 2.194960642282254 34.5
      vertex 80.0754421060282 1.699887415680759 34.5
    endloop
  endfacet
  facet normal 0 0 1
    outer loop
      vertex 69.99799506994353 87.80503935771775 31.3
      vertex 69.99799506994353 89.79496064228225 31.3
      vertex 69.9245578939718 88.30011258431924 31.3
    endloop
  endfacet
  facet normal 0 0 1
    outer loop
      vertex 69.9245578939718 88.30011258431924 31.3
      vertex 69.9245578939718 89.29988741568076 31.3
      vertex 69.9 88.8 31.3
    endloop
  endfacet
  facet normal 0 0 1
    outer loop
      vertex 69.9245578939718 88.30011258431924 31.3
      vertex 69.99799506994353 89.79496064228225 31.3
      vertex 69.9245578939718 89.29988741568076 31.3
    endloop
  endfacet
  facet normal 0.9700312531945456 0.24298017990325682 2.7084984667395336e-19
    outer loop
      vertex 69.99799506994353 87.80503935771775 31.3
      vertex 70.04935475537782 87.60000000000001 34.5
      vertex 70.04935475537782 87.60000000000001 31.3
    endloop
  endfacet
  facet normal 0.9891765099647795 0.14673047445537185 -1.0403447980944445e-19
    outer loop
      vertex 69.99799506994353 87.80503935771775 31.3
      vertex 69.9245578939718 88.30011258431924 31.3
      vertex 69.9245578939718 88.30011258431924 34.5
    endloop
  endfacet
  facet normal 0.9987954562051731 0.0490676743274037 5.282550070577549e-19
    outer loop
      vertex 69.9245578939718 88.30011258431924 31.3
      vertex 69.9 88.8 31.3
      vertex 69.9 88.8 34.5
    endloop
  endfacet
  facet normal 0.9987954562051731 -0.0490676743274037 -5.282550070577549e-19
    outer loop
      vertex 69.9 88.8 31.3
      vertex 69.9245578939718 89.29988741568076 31.3
      vertex 69.9245578939718 89.29988741568076 34.5
    endloop
  endfacet
  facet normal 0.9891765099647795 -0.14673047445537185 1.0403447980944445e-19
    outer loop
      vertex 69.9245578939718 89.29988741568076 31.3
      vertex 69.99799506994353 89.79496064228225 31.3
      vertex 69.99799506994353 89.79496064228225 34.5
    endloop
  endfacet
  facet normal 0.9700312531945497 -0.24298017990324103 0
    outer loop
      vertex 69.99799506994353 89.79496064228225 31.3
      vertex 70.04935475537782 90 31.3
      vertex 69.99799506994353 89.79496064228225 34.5
    endloop
  endfacet
  facet normal 0 0 1
    outer loop
      vertex 69.99799506994353 87.80503935771775 31.3
      vertex 70.04935475537782 87.60000000000001 31.3
      vertex 79.95064524462218 90 31.3
    endloop
  endfacet
  facet normal 0 0 1
    outer loop
      vertex 69.99799506994353 87.80503935771775 31.3
      vertex 79.95064524462218 90 31.3
      vertex 69.99799506994353 89.79496064228225 31.3
    endloop
  endfacet
  facet normal 0 0 1
    outer loop
      vertex 69.99799506994353 89.79496064228225 31.3
      vertex 79.95064524462218 90 31.3
      vertex 70.04935475537782 90 31.3
    endloop
  endfacet
  facet normal 0.9700312531945456 0.24298017990325682 0
    outer loop
      vertex 69.99799506994353 87.80503935771775 31.3
      vertex 69.99799506994353 87.80503935771775 34.5
      vertex 70.04935475537782 87.60000000000001 34.5
    endloop
  endfacet
  facet normal 0.9891765099647795 0.14673047445537185 0
    outer loop
      vertex 69.99799506994353 87.80503935771775 31.3
      vertex 69.9245578939718 88.30011258431924 34.5
      vertex 69.99799506994353 87.80503935771775 34.5
    endloop
  endfacet
  facet normal 0.9987954562051731 0.0490676743274037 0
    outer loop
      vertex 69.9245578939718 88.30011258431924 31.3
      vertex 69.9 88.8 34.5
      vertex 69.9245578939718 88.30011258431924 34.5
    endloop
  endfacet
  facet normal 0.9987954562051731 -0.0490676743274037 0
    outer loop
      vertex 69.9 88.8 31.3
      vertex 69.9245578939718 89.29988741568076 34.5
      vertex 69.9 88.8 34.5
    endloop
  endfacet
  facet normal 0.9891765099647795 -0.14673047445537185 0
    outer loop
      vertex 69.9245578939718 89.29988741568076 31.3
      vertex 69.99799506994353 89.79496064228225 34.5
      vertex 69.9245578939718 89.29988741568076 34.5
    endloop
  endfacet
  facet normal 0.9700312531945497 -0.24298017990324103 -9.413963717971495e-19
    outer loop
      vertex 69.99799506994353 89.79496064228225 34.5
      vertex 70.04935475537782 90 31.3
      vertex 70.04935475537782 90 34.5
    endloop
  endfacet
  facet normal 0 0 -1
    outer loop
      vertex 69.99799506994353 87.80503935771775 34.5
      vertex 69.9245578939718 88.30011258431924 34.5
      vertex 69.9245578939718 89.29988741568076 34.5
    endloop
  endfacet
  facet normal 0 0 -1
    outer loop
      vertex 69.9245578939718 88.30011258431924 34.5
      vertex 69.9 88.8 34.5
      vertex 69.9245578939718 89.29988741568076 34.5
    endloop
  endfacet
  facet normal 0 0 -1
    outer loop
      vertex 69.99799506994353 87.80503935771775 34.5
      vertex 69.9245578939718 89.29988741568076 34.5
      vertex 69.99799506994353 89.79496064228225 34.5
    endloop
  endfacet
  facet normal 0 0 -1
    outer loop
      vertex 69.99799506994353 87.80503935771775 34.5
      vertex 79.95064524462218 87.60000000000001 34.5
      vertex 70.04935475537782 87.60000000000001 34.5
    endloop
  endfacet
  facet normal 0 0 -1
    outer loop
      vertex 69.99799506994353 87.80503935771775 34.5
      vertex 69.99799506994353 89.79496064228225 34.5
      vertex 79.95064524462218 87.60000000000001 34.5
    endloop
  endfacet
  facet normal 0 0 -1
    outer loop
      vertex 69.99799506994353 89.79496064228225 34.5
      vertex 70.04935475537782 90 34.5
      vertex 79.95064524462218 87.60000000000001 34.5
    endloop
  endfacet
  facet normal 0 0 1
    outer loop
      vertex 80.00200493005647 87.80503935771775 31.3
      vertex 70.04935475537782 87.60000000000001 31.3
      vertex 79.95064524462218 87.60000000000001 31.3
    endloop
  endfacet
  facet normal 0 0 1
    outer loop
      vertex 80.00200493005647 87.80503935771775 31.3
      vertex 80.00200493005647 89.79496064228225 31.3
      vertex 70.04935475537782 87.60000000000001 31.3
    endloop
  endfacet
  facet normal 0 0 1
    outer loop
      vertex 80.00200493005647 89.79496064228225 31.3
      vertex 79.95064524462218 90 31.3
      vertex 70.04935475537782 87.60000000000001 31.3
    endloop
  endfacet
  facet normal 0 0 1
    outer loop
      vertex 80.00200493005647 87.80503935771775 31.3
      vertex 80.0754421060282 88.30011258431924 31.3
      vertex 80.0754421060282 89.29988741568076 31.3
    endloop
  endfacet
  facet normal 0 0 1
    outer loop
      vertex 80.0754421060282 88.30011258431924 31.3
      vertex 80.1 88.8 31.3
      vertex 80.0754421060282 89.29988741568076 31.3
    endloop
  endfacet
  facet normal 0 0 1
    outer loop
      vertex 80.00200493005647 87.80503935771775 31.3
      vertex 80.0754421060282 89.29988741568076 31.3
      vertex 80.00200493005647 89.79496064228225 31.3
    endloop
  endfacet
  facet normal -0.9700312531945456 0.24298017990325682 0
    outer loop
      vertex 80.00200493005647 87.80503935771775 31.3
      vertex 79.95064524462218 87.60000000000001 31.3
      vertex 80.00200493005647 87.80503935771775 34.5
    endloop
  endfacet
  facet normal -0.9891765099647795 0.14673047445537185 0
    outer loop
      vertex 80.00200493005647 87.80503935771775 31.3
      vertex 80.00200493005647 87.80503935771775 34.5
      vertex 80.0754421060282 88.30011258431924 31.3
    endloop
  endfacet
  facet normal -0.9987954562051731 0.0490676743274037 0
    outer loop
      vertex 80.0754421060282 88.30011258431924 31.3
      vertex 80.0754421060282 88.30011258431924 34.5
      vertex 80.1 88.8 31.3
    endloop
  endfacet
  facet normal -0.9987954562051731 -0.0490676743274037 0
    outer loop
      vertex 80.1 88.8 31.3
      vertex 80.1 88.8 34.5
      vertex 80.0754421060282 89.29988741568076 31.3
    endloop
  endfacet
  facet normal -0.9891765099647795 -0.14673047445537185 0
    outer loop
      vertex 80.0754421060282 89.29988741568076 31.3
      vertex 80.0754421060282 89.29988741568076 34.5
      vertex 80.00200493005647 89.79496064228225 31.3
    endloop
  endfacet
  facet normal -0.9700312531945497 -0.24298017990324103 9.413963717971495e-19
    outer loop
      vertex 80.00200493005647 89.79496064228225 31.3
      vertex 79.95064524462218 90 34.5
      vertex 79.95064524462218 90 31.3
    endloop
  endfacet
  facet normal 0 0 -1
    outer loop
      vertex 80.00200493005647 87.80503935771775 34.5
      vertex 79.95064524462218 87.60000000000001 34.5
      vertex 70.04935475537782 90 34.5
    endloop
  endfacet
  facet normal 0 0 -1
    outer loop
      vertex 80.00200493005647 87.80503935771775 34.5
      vertex 70.04935475537782 90 34.5
      vertex 80.00200493005647 89.79496064228225 34.5
    endloop
  endfacet
  facet normal 0 0 -1
    outer loop
      vertex 80.00200493005647 89.79496064228225 34.5
      vertex 70.04935475537782 90 34.5
      vertex 79.95064524462218 90 34.5
    endloop
  endfacet
  facet normal -0.9700312531945456 0.24298017990325682 -2.7084984667395336e-19
    outer loop
      vertex 80.00200493005647 87.80503935771775 34.5
      vertex 79.95064524462218 87.60000000000001 31.3
      vertex 79.95064524462218 87.60000000000001 34.5
    endloop
  endfacet
  facet normal -0.9891765099647795 0.14673047445537185 0
    outer loop
      vertex 80.0754421060282 88.30011258431924 31.3
      vertex 80.00200493005647 87.80503935771775 34.5
      vertex 80.0754421060282 88.30011258431924 34.5
    endloop
  endfacet
  facet normal -0.9987954562051731 0.0490676743274037 0
    outer loop
      vertex 80.1 88.8 31.3
      vertex 80.0754421060282 88.30011258431924 34.5
      vertex 80.1 88.8 34.5
    endloop
  endfacet
  facet normal -0.9987954562051731 -0.0490676743274037 0
    outer loop
      vertex 80.0754421060282 89.29988741568076 31.3
      vertex 80.1 88.8 34.5
      vertex 80.0754421060282 89.29988741568076 34.5
    endloop
  endfacet
  facet normal -0.9891765099647795 -0.14673047445537185 0
    outer loop
      vertex 80.00200493005647 89.79496064228225 31.3
      vertex 80.0754421060282 89.29988741568076 34.5
      vertex 80.00200493005647 89.79496064228225 34.5
    endloop
  endfacet
  facet normal -0.9700312531945497 -0.24298017990324103 0
    outer loop
      vertex 80.00200493005647 89.79496064228225 31.3
      vertex 80.00200493005647 89.79496064228225 34.5
      vertex 79.95064524462218 90 34.5
    endloop
  endfacet
  facet normal 0 0 -1
    outer loop
      vertex 80.00200493005647 87.80503935771775 34.5
      vertex 80.00200493005647 89.79496064228225 34.5
      vertex 80.0754421060282 88.30011258431924 34.5
    endloop
  endfacet
  facet normal 0 0 -1
    outer loop
      vertex 80.0754421060282 88.30011258431924 34.5
      vertex 80.0754421060282 89.29988741568076 34.5
      vertex 80.1 88.8 34.5
    endloop
  endfacet
  facet normal 0 0 -1
    outer loop
      vertex 80.0754421060282 88.30011258431924 34.5
      vertex 80.00200493005647 89.79496064228225 34.5
      vertex 80.0754421060282 89.29988741568076 34.5
    endloop
  endfacet
  facet normal 0 0 1
    outer loop
      vertex 143.79799506994354 0.20503935771774595 31.3
      vertex 143.79799506994354 2.194960642282254 31.3
      vertex 143.72455789397182 0.7001125843192408 31.3
    endloop
  endfacet
  facet normal 0 0 1
    outer loop
      vertex 143.72455789397182 0.7001125843192408 31.3
      vertex 143.72455789397182 1.699887415680759 31.3
      vertex 143.70000000000002 1.2 31.3
    endloop
  endfacet
  facet normal 0 0 1
    outer loop
      vertex 143.79799506994354 0.20503935771774595 31.3
      vertex 143.84935475537782 0 31.3
      vertex 147.6 2.4 31.3
    endloop
  endfacet
  facet normal 0 0 1
    outer loop
      vertex 143.72455789397182 0.7001125843192408 31.3
      vertex 143.79799506994354 2.194960642282254 31.3
      vertex 143.72455789397182 1.699887415680759 31.3
    endloop
  endfacet
  facet normal 0 0 1
    outer loop
      vertex 143.79799506994354 0.20503935771774595 31.3
      vertex 147.6 2.4 31.3
      vertex 143.79799506994354 2.194960642282254 31.3
    endloop
  endfacet
  facet normal 0 0 1
    outer loop
      vertex 143.79799506994354 2.194960642282254 31.3
      vertex 147.6 2.4 31.3
      vertex 143.84935475537782 2.4 31.3
    endloop
  endfacet
  facet normal 0.970031253194564 0.24298017990318405 -8.014611923233585e-19
    outer loop
      vertex 143.79799506994354 0.20503935771774595 31.3
      vertex 143.84935475537782 0 34.5
      vertex 143.84935475537782 0 31.3
    endloop
  endfacet
  facet normal 0.9891765099647837 0.14673047445534293 -1.0348870870943122e-18
    outer loop
      vertex 143.79799506994354 0.20503935771774595 31.3
      vertex 143.72455789397182 0.7001125843192408 31.3
      vertex 143.72455789397182 0.7001125843192408 34.5
    endloop
  endfacet
  facet normal 0.9987954562051717 0.049067674327432136 1.3761282627583997e-19
    outer loop
      vertex 143.72455789397182 0.7001125843192408 31.3
      vertex 143.70000000000002 1.2 31.3
      vertex 143.70000000000002 1.2 34.5
    endloop
  endfacet
  facet normal 0.9987954562051717 -0.049067674327432136 -1.3761282627583997e-19
    outer loop
      vertex 143.70000000000002 1.2 31.3
      vertex 143.72455789397182 1.699887415680759 31.3
      vertex 143.72455789397182 1.699887415680759 34.5
    endloop
  endfacet
  facet normal 0.9891765099647837 -0.1467304744553429 1.7930626900072728e-18
    outer loop
      vertex 143.72455789397182 1.699887415680759 31.3
      vertex 143.79799506994354 2.194960642282254 31.3
      vertex 143.79799506994354 2.194960642282254 34.5
    endloop
  endfacet
  facet normal 0.970031253194564 -0.24298017990318418 0
    outer loop
      vertex 143.79799506994354 2.194960642282254 31.3
      vertex 143.84935475537782 2.4 31.3
      vertex 143.79799506994354 2.194960642282254 34.5
    endloop
  endfacet
  facet normal 0 0 1
    outer loop
      vertex 150 0 31.3
      vertex 147.6 2.4 31.3
      vertex 143.84935475537782 0 31.3
    endloop
  endfacet
  facet normal 0 0 1
    outer loop
      vertex 147.80503935771776 6.202004930056475 31.3
      vertex 147.6 2.4 31.3
      vertex 150 0 31.3
    endloop
  endfacet
  facet normal 0 0 1
    outer loop
      vertex 147.80503935771776 6.202004930056475 31.3
      vertex 150 0 31.3
      vertex 148.30011258431927 6.275442106028204 31.3
    endloop
  endfacet
  facet normal 0 0 1
    outer loop
      vertex 148.30011258431927 6.275442106028204 31.3
      vertex 150 0 31.3
      vertex 148.8 6.3 31.3
    endloop
  endfacet
  facet normal 0 0 1
    outer loop
      vertex 148.8 6.3 31.3
      vertex 150 0 31.3
      vertex 149.29988741568076 6.275442106028204 31.3
    endloop
  endfacet
  facet normal 0 0 1
    outer loop
      vertex 149.29988741568076 6.275442106028204 31.3
      vertex 150 0 31.3
      vertex 149.79496064228226 6.202004930056475 31.3
    endloop
  endfacet
  facet normal 0 0 1
    outer loop
      vertex 149.79496064228226 6.202004930056475 31.3
      vertex 150 0 31.3
      vertex 150 6.15064524462218 31.3
    endloop
  endfacet
  facet normal 0 0 1
    outer loop
      vertex 147.80503935771776 6.202004930056475 31.3
      vertex 147.6 6.150645244622173 31.3
      vertex 147.6 2.4 31.3
    endloop
  endfacet
  facet normal 0.970031253194564 0.24298017990318405 0
    outer loop
      vertex 143.79799506994354 0.20503935771774595 31.3
      vertex 143.79799506994354 0.20503935771774595 34.5
      vertex 143.84935475537782 0 34.5
    endloop
  endfacet
  facet normal 0.9891765099647837 0.14673047445534293 0
    outer loop
      vertex 143.79799506994354 0.20503935771774595 31.3
      vertex 143.72455789397182 0.7001125843192408 34.5
      vertex 143.79799506994354 0.20503935771774595 34.5
    endloop
  endfacet
  facet normal 0.9987954562051717 0.049067674327432136 0
    outer loop
      vertex 143.72455789397182 0.7001125843192408 31.3
      vertex 143.70000000000002 1.2 34.5
      vertex 143.72455789397182 0.7001125843192408 34.5
    endloop
  endfacet
  facet normal 0.9987954562051717 -0.049067674327432136 0
    outer loop
      vertex 143.70000000000002 1.2 31.3
      vertex 143.72455789397182 1.699887415680759 34.5
      vertex 143.70000000000002 1.2 34.5
    endloop
  endfacet
  facet normal 0.9891765099647837 -0.1467304744553429 0
    outer loop
      vertex 143.72455789397182 1.699887415680759 31.3
      vertex 143.79799506994354 2.194960642282254 34.5
      vertex 143.72455789397182 1.699887415680759 34.5
    endloop
  endfacet
  facet normal 0.970031253194564 -0.24298017990318418 6.535455833921493e-20
    outer loop
      vertex 143.79799506994354 2.194960642282254 34.5
      vertex 143.84935475537782 2.4 31.3
      vertex 143.84935475537782 2.4 34.5
    endloop
  endfacet
  facet normal 0 0 -1
    outer loop
      vertex 143.79799506994354 0.20503935771774595 34.5
      vertex 143.72455789397182 0.7001125843192408 34.5
      vertex 143.72455789397182 1.699887415680759 34.5
    endloop
  endfacet
  facet normal 0 0 -1
    outer loop
      vertex 143.72455789397182 0.7001125843192408 34.5
      vertex 143.70000000000002 1.2 34.5
      vertex 143.72455789397182 1.699887415680759 34.5
    endloop
  endfacet
  facet normal 0 0 -1
    outer loop
      vertex 143.79799506994354 0.20503935771774595 34.5
      vertex 143.72455789397182 1.699887415680759 34.5
      vertex 143.79799506994354 2.194960642282254 34.5
    endloop
  endfacet
  facet normal 0 0 -1
    outer loop
      vertex 143.79799506994354 0.20503935771774595 34.5
      vertex 150 0 34.5
      vertex 143.84935475537782 0 34.5
    endloop
  endfacet
  facet normal 0 0 -1
    outer loop
      vertex 143.79799506994354 0.20503935771774595 34.5
      vertex 143.79799506994354 2.194960642282254 34.5
      vertex 150 0 34.5
    endloop
  endfacet
  facet normal 0 0 -1
    outer loop
      vertex 143.79799506994354 2.194960642282254 34.5
      vertex 143.84935475537782 2.4 34.5
      vertex 150 0 34.5
    endloop
  endfacet
  facet normal 0 0 -1
    outer loop
      vertex 147.6 2.4 34.5
      vertex 150 0 34.5
      vertex 143.84935475537782 2.4 34.5
    endloop
  endfacet
  facet normal 0 0 -1
    outer loop
      vertex 147.80503935771776 6.202004930056475 34.5
      vertex 150 0 34.5
      vertex 147.6 2.4 34.5
    endloop
  endfacet
  facet normal 0 0 -1
    outer loop
      vertex 147.80503935771776 6.202004930056475 34.5
      vertex 148.30011258431927 6.275442106028204 34.5
      vertex 150 0 34.5
    endloop
  endfacet
  facet normal 0 0 -1
    outer loop
      vertex 148.30011258431927 6.275442106028204 34.5
      vertex 148.8 6.3 34.5
      vertex 150 0 34.5
    endloop
  endfacet
  facet normal 0 0 -1
    outer loop
      vertex 148.8 6.3 34.5
      vertex 149.29988741568076 6.275442106028204 34.5
      vertex 150 0 34.5
    endloop
  endfacet
  facet normal 0 0 -1
    outer loop
      vertex 149.29988741568076 6.275442106028204 34.5
      vertex 149.79496064228226 6.202004930056475 34.5
      vertex 150 0 34.5
    endloop
  endfacet
  facet normal 0 0 -1
    outer loop
      vertex 149.79496064228226 6.202004930056475 34.5
      vertex 150 6.15064524462218 34.5
      vertex 150 0 34.5
    endloop
  endfacet
  facet normal 0 0 -1
    outer loop
      vertex 147.80503935771776 6.202004930056475 34.5
      vertex 147.6 2.4 34.5
      vertex 147.6 6.150645244622173 34.5
    endloop
  endfacet
  facet normal 0.24298017990326864 -0.9700312531945429 3.9275133814974216e-19
    outer loop
      vertex 147.80503935771776 6.202004930056475 31.3
      vertex 147.6 6.150645244622173 34.5
      vertex 147.6 6.150645244622173 31.3
    endloop
  endfacet
  facet normal 0.14673047445535903 -0.9891765099647813 0
    outer loop
      vertex 147.80503935771776 6.202004930056475 31.3
      vertex 148.30011258431927 6.275442106028204 31.3
      vertex 147.80503935771776 6.202004930056475 34.5
    endloop
  endfacet
  facet normal 0.049067674327419264 -0.9987954562051724 0
    outer loop
      vertex 148.30011258431927 6.275442106028204 31.3
      vertex 148.8 6.3 31.3
      vertex 148.30011258431927 6.275442106028204 34.5
    endloop
  endfacet
  facet normal -0.049067674327419264 -0.9987954562051724 0
    outer loop
      vertex 148.8 6.3 31.3
      vertex 149.29988741568076 6.275442106028204 31.3
      vertex 148.8 6.3 34.5
    endloop
  endfacet
  facet normal -0.14673047445535903 -0.9891765099647813 0
    outer loop
      vertex 149.29988741568076 6.275442106028204 31.3
      vertex 149.79496064228226 6.202004930056475 31.3
      vertex 149.29988741568076 6.275442106028204 34.5
    endloop
  endfacet
  facet normal -0.2429801799032687 -0.9700312531945429 0
    outer loop
      vertex 149.79496064228226 6.202004930056475 31.3
      vertex 150 6.15064524462218 31.3
      vertex 149.79496064228226 6.202004930056475 34.5
    endloop
  endfacet
  facet normal 0.24298017990326864 -0.9700312531945429 0
    outer loop
      vertex 147.80503935771776 6.202004930056475 31.3
      vertex 147.80503935771776 6.202004930056475 34.5
      vertex 147.6 6.150645244622173 34.5
    endloop
  endfacet
  facet normal 0.14673047445535903 -0.9891765099647813 0
    outer loop
      vertex 148.30011258431927 6.275442106028204 31.3
      vertex 148.30011258431927 6.275442106028204 34.5
      vertex 147.80503935771776 6.202004930056475 34.5
    endloop
  endfacet
  facet normal 0.049067674327419264 -0.9987954562051724 0
    outer loop
      vertex 148.8 6.3 31.3
      vertex 148.8 6.3 34.5
      vertex 148.30011258431927 6.275442106028204 34.5
    endloop
  endfacet
  facet normal -0.049067674327419264 -0.9987954562051724 0
    outer loop
      vertex 149.29988741568076 6.275442106028204 31.3
      vertex 149.29988741568076 6.275442106028204 34.5
      vertex 148.8 6.3 34.5
    endloop
  endfacet
  facet normal -0.14673047445535903 -0.9891765099647813 0
    outer loop
      vertex 149.79496064228226 6.202004930056475 31.3
      vertex 149.79496064228226 6.202004930056475 34.5
      vertex 149.29988741568076 6.275442106028204 34.5
    endloop
  endfacet
  facet normal -0.2429801799032687 -0.9700312531945429 4.2356612917751974e-19
    outer loop
      vertex 149.79496064228226 6.202004930056475 34.5
      vertex 150 6.15064524462218 31.3
      vertex 150 6.15064524462218 34.5
    endloop
  endfacet
  facet normal 0.2429801799032884 0.970031253194538 0
    outer loop
      vertex 147.80503935771776 83.79799506994352 31.3
      vertex 147.6 83.84935475537783 31.3
      vertex 147.80503935771776 83.79799506994352 34.5
    endloop
  endfacet
  facet normal 0.14673047445536772 0.9891765099647801 -1.8341834981642592e-18
    outer loop
      vertex 147.80503935771776 83.79799506994352 31.3
      vertex 148.30011258431927 83.72455789397179 34.5
      vertex 148.30011258431927 83.72455789397179 31.3
    endloop
  endfacet
  facet normal 0.049067674327405095 0.9987954562051731 -3.6179649915509988e-19
    outer loop
      vertex 148.30011258431927 83.72455789397179 31.3
      vertex 148.8 83.7 34.5
      vertex 148.8 83.7 31.3
    endloop
  endfacet
  facet normal -0.049067674327405095 0.9987954562051731 3.6179649915509988e-19
    outer loop
      vertex 148.8 83.7 31.3
      vertex 149.29988741568076 83.72455789397179 34.5
      vertex 149.29988741568076 83.72455789397179 31.3
    endloop
  endfacet
  facet normal -0.14673047445536772 0.9891765099647801 1.8341834981642592e-18
    outer loop
      vertex 149.29988741568076 83.72455789397179 31.3
      vertex 149.79496064228226 83.79799506994352 34.5
      vertex 149.79496064228226 83.79799506994352 31.3
    endloop
  endfacet
  facet normal -0.24298017990325682 0.9700312531945456 -2.7084984667395336e-19
    outer loop
      vertex 149.79496064228226 83.79799506994352 31.3
      vertex 150 83.84935475537782 34.5
      vertex 150 83.84935475537782 31.3
    endloop
  endfacet
  facet normal 0.2429801799032884 0.970031253194538 -1.3822420083043454e-19
    outer loop
      vertex 147.80503935771776 83.79799506994352 34.5
      vertex 147.6 83.84935475537783 31.3
      vertex 147.6 83.84935475537783 34.5
    endloop
  endfacet
  facet normal 0.14673047445536772 0.9891765099647801 0
    outer loop
      vertex 147.80503935771776 83.79799506994352 31.3
      vertex 147.80503935771776 83.79799506994352 34.5
      vertex 148.30011258431927 83.72455789397179 34.5
    endloop
  endfacet
  facet normal 0.049067674327405095 0.9987954562051731 0
    outer loop
      vertex 148.30011258431927 83.72455789397179 31.3
      vertex 148.30011258431927 83.72455789397179 34.5
      vertex 148.8 83.7 34.5
    endloop
  endfacet
  facet normal -0.049067674327405095 0.9987954562051731 0
    outer loop
      vertex 148.8 83.7 31.3
      vertex 148.8 83.7 34.5
      vertex 149.29988741568076 83.72455789397179 34.5
    endloop
  endfacet
  facet normal -0.14673047445536772 0.9891765099647801 0
    outer loop
      vertex 149.29988741568076 83.72455789397179 31.3
      vertex 149.29988741568076 83.72455789397179 34.5
      vertex 149.79496064228226 83.79799506994352 34.5
    endloop
  endfacet
  facet normal -0.24298017990325682 0.9700312531945456 0
    outer loop
      vertex 149.79496064228226 83.79799506994352 31.3
      vertex 149.79496064228226 83.79799506994352 34.5
      vertex 150 83.84935475537782 34.5
    endloop
  endfacet
  facet normal 0 0 1
    outer loop
      vertex 143.79799506994354 87.80503935771775 31.3
      vertex 143.79799506994354 89.79496064228225 31.3
      vertex 143.72455789397182 88.30011258431924 31.3
    endloop
  endfacet
  facet normal 0 0 1
    outer loop
      vertex 143.72455789397182 88.30011258431924 31.3
      vertex 143.72455789397182 89.29988741568076 31.3
      vertex 143.70000000000002 88.8 31.3
    endloop
  endfacet
  facet normal 0 0 1
    outer loop
      vertex 143.72455789397182 88.30011258431924 31.3
      vertex 143.79799506994354 89.79496064228225 31.3
      vertex 143.72455789397182 89.29988741568076 31.3
    endloop
  endfacet
  facet normal 0.9700312531945616 0.2429801799031936 -5.43636993345083e-19
    outer loop
      vertex 143.79799506994354 87.80503935771775 31.3
      vertex 143.84935475537782 87.60000000000001 34.5
      vertex 143.84935475537782 87.60000000000001 31.3
    endloop
  endfacet
  facet normal 0.9891765099647836 0.14673047445534407 -4.94103209130747e-19
    outer loop
      vertex 143.79799506994354 87.80503935771775 31.3
      vertex 143.72455789397182 88.30011258431924 31.3
      vertex 143.72455789397182 88.30011258431924 34.5
    endloop
  endfacet
  facet normal 0.9987954562051717 0.04906767432743203 4.440849954596083e-19
    outer loop
      vertex 143.72455789397182 88.30011258431924 31.3
      vertex 143.70000000000002 88.8 31.3
      vertex 143.70000000000002 88.8 34.5
    endloop
  endfacet
  facet normal 0.9987954562051717 -0.04906767432743203 -4.440849954596083e-19
    outer loop
      vertex 143.70000000000002 88.8 31.3
      vertex 143.72455789397182 89.29988741568076 31.3
      vertex 143.72455789397182 89.29988741568076 34.5
    endloop
  endfacet
  facet normal 0.9891765099647836 -0.14673047445534407 4.94103209130747e-19
    outer loop
      vertex 143.72455789397182 89.29988741568076 31.3
      vertex 143.79799506994354 89.79496064228225 31.3
      vertex 143.79799506994354 89.79496064228225 34.5
    endloop
  endfacet
  facet normal 0.9700312531945657 -0.2429801799031778 0
    outer loop
      vertex 143.79799506994354 89.79496064228225 31.3
      vertex 143.84935475537782 90 31.3
      vertex 143.79799506994354 89.79496064228225 34.5
    endloop
  endfacet
  facet normal 0 0 1
    outer loop
      vertex 147.80503935771776 83.79799506994352 31.3
      vertex 147.6 87.60000000000001 31.3
      vertex 147.6 83.84935475537783 31.3
    endloop
  endfacet
  facet normal 0 0 1
    outer loop
      vertex 147.80503935771776 83.79799506994352 31.3
      vertex 148.30011258431927 83.72455789397179 31.3
      vertex 150 90 31.3
    endloop
  endfacet
  facet normal 0 0 1
    outer loop
      vertex 147.80503935771776 83.79799506994352 31.3
      vertex 150 90 31.3
      vertex 147.6 87.60000000000001 31.3
    endloop
  endfacet
  facet normal 0 0 1
    outer loop
      vertex 148.30011258431927 83.72455789397179 31.3
      vertex 148.8 83.7 31.3
      vertex 150 90 31.3
    endloop
  endfacet
  facet normal 0 0 1
    outer loop
      vertex 148.8 83.7 31.3
      vertex 149.29988741568076 83.72455789397179 31.3
      vertex 150 90 31.3
    endloop
  endfacet
  facet normal 0 0 1
    outer loop
      vertex 149.29988741568076 83.72455789397179 31.3
      vertex 149.79496064228226 83.79799506994352 31.3
      vertex 150 90 31.3
    endloop
  endfacet
  facet normal 0 0 1
    outer loop
      vertex 149.79496064228226 83.79799506994352 31.3
      vertex 150 83.84935475537782 31.3
      vertex 150 90 31.3
    endloop
  endfacet
  facet normal 0 0 1
    outer loop
      vertex 143.79799506994354 87.80503935771775 31.3
      vertex 143.84935475537782 87.60000000000001 31.3
      vertex 150 90 31.3
    endloop
  endfacet
  facet normal 0 0 1
    outer loop
      vertex 147.6 87.60000000000001 31.3
      vertex 150 90 31.3
      vertex 143.84935475537782 87.60000000000001 31.3
    endloop
  endfacet
  facet normal 0 0 1
    outer loop
      vertex 143.79799506994354 87.80503935771775 31.3
      vertex 150 90 31.3
      vertex 143.79799506994354 89.79496064228225 31.3
    endloop
  endfacet
  facet normal 0 0 1
    outer loop
      vertex 143.79799506994354 89.79496064228225 31.3
      vertex 150 90 31.3
      vertex 143.84935475537782 90 31.3
    endloop
  endfacet
  facet normal 0.9700312531945616 0.2429801799031936 0
    outer loop
      vertex 143.79799506994354 87.80503935771775 31.3
      vertex 143.79799506994354 87.80503935771775 34.5
      vertex 143.84935475537782 87.60000000000001 34.5
    endloop
  endfacet
  facet normal 0.9891765099647836 0.14673047445534407 0
    outer loop
      vertex 143.79799506994354 87.80503935771775 31.3
      vertex 143.72455789397182 88.30011258431924 34.5
      vertex 143.79799506994354 87.80503935771775 34.5
    endloop
  endfacet
  facet normal 0.9987954562051717 0.04906767432743203 0
    outer loop
      vertex 143.72455789397182 88.30011258431924 31.3
      vertex 143.70000000000002 88.8 34.5
      vertex 143.72455789397182 88.30011258431924 34.5
    endloop
  endfacet
  facet normal 0.9987954562051717 -0.04906767432743203 0
    outer loop
      vertex 143.70000000000002 88.8 31.3
      vertex 143.72455789397182 89.29988741568076 34.5
      vertex 143.70000000000002 88.8 34.5
    endloop
  endfacet
  facet normal 0.9891765099647836 -0.14673047445534407 0
    outer loop
      vertex 143.72455789397182 89.29988741568076 31.3
      vertex 143.79799506994354 89.79496064228225 34.5
      vertex 143.72455789397182 89.29988741568076 34.5
    endloop
  endfacet
  facet normal 0.9700312531945657 -0.2429801799031778 -1.2690953207674216e-19
    outer loop
      vertex 143.79799506994354 89.79496064228225 34.5
      vertex 143.84935475537782 90 31.3
      vertex 143.84935475537782 90 34.5
    endloop
  endfacet
  facet normal 0 0 -1
    outer loop
      vertex 143.79799506994354 87.80503935771775 34.5
      vertex 143.72455789397182 88.30011258431924 34.5
      vertex 143.72455789397182 89.29988741568076 34.5
    endloop
  endfacet
  facet normal 0 0 -1
    outer loop
      vertex 143.79799506994354 87.80503935771775 34.5
      vertex 147.6 87.60000000000001 34.5
      vertex 143.84935475537782 87.60000000000001 34.5
    endloop
  endfacet
  facet normal 0 0 -1
    outer loop
      vertex 143.79799506994354 87.80503935771775 34.5
      vertex 143.79799506994354 89.79496064228225 34.5
      vertex 147.6 87.60000000000001 34.5
    endloop
  endfacet
  facet normal 0 0 -1
    outer loop
      vertex 143.72455789397182 88.30011258431924 34.5
      vertex 143.70000000000002 88.8 34.5
      vertex 143.72455789397182 89.29988741568076 34.5
    endloop
  endfacet
  facet normal 0 0 -1
    outer loop
      vertex 143.79799506994354 87.80503935771775 34.5
      vertex 143.72455789397182 89.29988741568076 34.5
      vertex 143.79799506994354 89.79496064228225 34.5
    endloop
  endfacet
  facet normal 0 0 -1
    outer loop
      vertex 143.79799506994354 89.79496064228225 34.5
      vertex 143.84935475537782 90 34.5
      vertex 147.6 87.60000000000001 34.5
    endloop
  endfacet
  facet normal 0 0 -1
    outer loop
      vertex 147.80503935771776 83.79799506994352 34.5
      vertex 147.6 83.84935475537783 34.5
      vertex 147.6 87.60000000000001 34.5
    endloop
  endfacet
  facet normal 0 0 -1
    outer loop
      vertex 147.80503935771776 83.79799506994352 34.5
      vertex 150 90 34.5
      vertex 148.30011258431927 83.72455789397179 34.5
    endloop
  endfacet
  facet normal 0 0 -1
    outer loop
      vertex 147.80503935771776 83.79799506994352 34.5
      vertex 147.6 87.60000000000001 34.5
      vertex 150 90 34.5
    endloop
  endfacet
  facet normal 0 0 -1
    outer loop
      vertex 148.30011258431927 83.72455789397179 34.5
      vertex 150 90 34.5
      vertex 148.8 83.7 34.5
    endloop
  endfacet
  facet normal 0 0 -1
    outer loop
      vertex 148.8 83.7 34.5
      vertex 150 90 34.5
      vertex 149.29988741568076 83.72455789397179 34.5
    endloop
  endfacet
  facet normal 0 0 -1
    outer loop
      vertex 149.29988741568076 83.72455789397179 34.5
      vertex 150 90 34.5
      vertex 149.79496064228226 83.79799506994352 34.5
    endloop
  endfacet
  facet normal 0 0 -1
    outer loop
      vertex 149.79496064228226 83.79799506994352 34.5
      vertex 150 90 34.5
      vertex 150 83.84935475537782 34.5
    endloop
  endfacet
  facet normal 0 0 -1
    outer loop
      vertex 150 90 34.5
      vertex 147.6 87.60000000000001 34.5
      vertex 143.84935475537782 90 34.5
    endloop
  endfacet
  facet normal 0.4275550934302829 0.9039892931234429 0
    outer loop
      vertex 7.595876642187412 5.50220155182339 2
      vertex 8.048314494938042 5.288214384192438 0
      vertex 7.595876642187412 5.50220155182339 0
    endloop
  endfacet
  facet normal 0.33688985339221933 0.941544065183021 0
    outer loop
      vertex 8.048314494938042 5.288214384192438 2
      vertex 8.519548146002242 5.1196042877657355 0
      vertex 8.048314494938042 5.288214384192438 0
    endloop
  endfacet
  facet normal 0.2429801799032646 0.9700312531945438 1.9539457631174808e-18
    outer loop
      vertex 9.005039357717745 4.997995069943525 0
      vertex 8.519548146002242 5.1196042877657355 0
      vertex 8.519548146002242 5.1196042877657355 2
    endloop
  endfacet
  facet normal 0.1467304744553616 0.989176509964781 0
    outer loop
      vertex 9.005039357717745 4.997995069943525 2
      vertex 9.500112584319242 4.924557893971796 0
      vertex 9.005039357717745 4.997995069943525 0
    endloop
  endfacet
  facet normal 0.5141027441932214 0.8577286100002723 0
    outer loop
      vertex 7.595876642187412 5.50220155182339 2
      vertex 7.595876642187412 5.50220155182339 0
      vertex 7.1665918116000284 5.75950497725702 2
    endloop
  endfacet
  facet normal 0.4275550934302829 0.9039892931234429 0
    outer loop
      vertex 8.048314494938042 5.288214384192438 2
      vertex 8.048314494938042 5.288214384192438 0
      vertex 7.595876642187412 5.50220155182339 2
    endloop
  endfacet
  facet normal 0.33688985339221933 0.941544065183021 0
    outer loop
      vertex 8.519548146002242 5.1196042877657355 2
      vertex 8.519548146002242 5.1196042877657355 0
      vertex 8.048314494938042 5.288214384192438 2
    endloop
  endfacet
  facet normal 0.2429801799032646 0.9700312531945438 0
    outer loop
      vertex 9.005039357717745 4.997995069943525 2
      vertex 9.005039357717745 4.997995069943525 0
      vertex 8.519548146002242 5.1196042877657355 2
    endloop
  endfacet
  facet normal 0.1467304744553616 0.989176509964781 2.932981427319961e-18
    outer loop
      vertex 9.005039357717745 4.997995069943525 2
      vertex 9.500112584319242 4.924557893971796 2
      vertex 9.500112584319242 4.924557893971796 0
    endloop
  endfacet
  facet normal 0.5956993044924336 0.8032075314806449 0
    outer loop
      vertex 6.764594250765408 6.057646687850042 2
      vertex 7.1665918116000284 5.75950497725702 0
      vertex 6.764594250765408 6.057646687850042 0
    endloop
  endfacet
  facet normal 0.6715589548470178 0.7409511253549598 4.341039981064715e-18
    outer loop
      vertex 6.764594250765408 6.057646687850042 0
      vertex 6.393755415948608 6.393755415948608 0
      vertex 6.393755415948608 6.393755415948608 2
    endloop
  endfacet
  facet normal 0.7409511253549598 0.6715589548470178 0
    outer loop
      vertex 6.057646687850042 6.764594250765408 0
      vertex 6.057646687850042 6.764594250765408 2
      vertex 6.393755415948608 6.393755415948608 0
    endloop
  endfacet
  facet normal 0.8032075314806449 0.5956993044924336 0
    outer loop
      vertex 5.75950497725702 7.1665918116000284 2
      vertex 6.057646687850042 6.764594250765408 0
      vertex 5.75950497725702 7.1665918116000284 0
    endloop
  endfacet
  facet normal 0.8577286100002723 0.5141027441932214 0
    outer loop
      vertex 5.50220155182339 7.595876642187412 2
      vertex 5.75950497725702 7.1665918116000284 0
      vertex 5.50220155182339 7.595876642187412 0
    endloop
  endfacet
  facet normal 0.941544065183021 0.33688985339221933 0
    outer loop
      vertex 5.1196042877657355 8.519548146002242 2
      vertex 5.288214384192438 8.048314494938042 0
      vertex 5.1196042877657355 8.519548146002242 0
    endloop
  endfacet
  facet normal 0.9039892931234429 0.4275550934302829 0
    outer loop
      vertex 5.288214384192438 8.048314494938042 2
      vertex 5.50220155182339 7.595876642187412 0
      vertex 5.288214384192438 8.048314494938042 0
    endloop
  endfacet
  facet normal 0.5141027441932214 0.8577286100002723 0
    outer loop
      vertex 7.1665918116000284 5.75950497725702 2
      vertex 7.595876642187412 5.50220155182339 0
      vertex 7.1665918116000284 5.75950497725702 0
    endloop
  endfacet
  facet normal 0.6715589548470178 0.7409511253549598 0
    outer loop
      vertex 6.764594250765408 6.057646687850042 2
      vertex 6.764594250765408 6.057646687850042 0
      vertex 6.393755415948608 6.393755415948608 2
    endloop
  endfacet
  facet normal 0.7409511253549598 0.6715589548470178 4.341039981064715e-18
    outer loop
      vertex 6.057646687850042 6.764594250765408 2
      vertex 6.393755415948608 6.393755415948608 2
      vertex 6.393755415948608 6.393755415948608 0
    endloop
  endfacet
  facet normal 0.8032075314806449 0.5956993044924336 2.678947761997762e-18
    outer loop
      vertex 5.75950497725702 7.1665918116000284 2
      vertex 6.057646687850042 6.764594250765408 2
      vertex 6.057646687850042 6.764594250765408 0
    endloop
  endfacet
  facet normal 0.8577286100002723 0.5141027441932214 -3.142303320526241e-18
    outer loop
      vertex 5.50220155182339 7.595876642187412 2
      vertex 5.75950497725702 7.1665918116000284 2
      vertex 5.75950497725702 7.1665918116000284 0
    endloop
  endfacet
  facet normal 0.941544065183021 0.33688985339221933 0
    outer loop
      vertex 5.288214384192438 8.048314494938042 2
      vertex 5.288214384192438 8.048314494938042 0
      vertex 5.1196042877657355 8.519548146002242 2
    endloop
  endfacet
  facet normal 0.9039892931234429 0.4275550934302829 -5.516151456447003e-18
    outer loop
      vertex 5.288214384192438 8.048314494938042 2
      vertex 5.50220155182339 7.595876642187412 2
      vertex 5.50220155182339 7.595876642187412 0
    endloop
  endfacet
  facet normal 0.5956993044924336 0.8032075314806449 2.678947761997762e-18
    outer loop
      vertex 6.764594250765408 6.057646687850042 2
      vertex 7.1665918116000284 5.75950497725702 2
      vertex 7.1665918116000284 5.75950497725702 0
    endloop
  endfacet
  facet normal 0.9700312531945438 0.2429801799032646 0
    outer loop
      vertex 4.997995069943525 9.005039357717745 2
      vertex 5.1196042877657355 8.519548146002242 0
      vertex 4.997995069943525 9.005039357717745 0
    endloop
  endfacet
  facet normal 0.989176509964781 0.1467304744553616 0
    outer loop
      vertex 4.924557893971796 9.500112584319242 2
      vertex 4.997995069943525 9.005039357717745 0
      vertex 4.924557893971796 9.500112584319242 0
    endloop
  endfacet
  facet normal 0.9987954562051725 0.04906767432741805 0
    outer loop
      vertex 4.9 10 2
      vertex 4.924557893971796 9.500112584319242 0
      vertex 4.9 10 0
    endloop
  endfacet
  facet normal 0.9987954562051725 -0.04906767432741805 0
    outer loop
      vertex 4.924557893971796 10.499887415680758 2
      vertex 4.9 10 0
      vertex 4.924557893971796 10.499887415680758 0
    endloop
  endfacet
  facet normal 0.989176509964781 -0.1467304744553616 0
    outer loop
      vertex 4.997995069943525 10.994960642282255 2
      vertex 4.924557893971796 10.499887415680758 0
      vertex 4.997995069943525 10.994960642282255 0
    endloop
  endfacet
  facet normal 0.9700312531945438 0.2429801799032646 1.9539457631174808e-18
    outer loop
      vertex 4.997995069943525 9.005039357717745 2
      vertex 5.1196042877657355 8.519548146002242 2
      vertex 5.1196042877657355 8.519548146002242 0
    endloop
  endfacet
  facet normal 0.989176509964781 0.1467304744553616 2.932981427319961e-18
    outer loop
      vertex 4.924557893971796 9.500112584319242 2
      vertex 4.997995069943525 9.005039357717745 2
      vertex 4.997995069943525 9.005039357717745 0
    endloop
  endfacet
  facet normal 0.9987954562051725 0.04906767432741805 1.66605663717433e-19
    outer loop
      vertex 4.9 10 2
      vertex 4.924557893971796 9.500112584319242 2
      vertex 4.924557893971796 9.500112584319242 0
    endloop
  endfacet
  facet normal 0.9987954562051725 -0.04906767432741805 -1.66605663717433e-19
    outer loop
      vertex 4.924557893971796 10.499887415680758 2
      vertex 4.9 10 2
      vertex 4.9 10 0
    endloop
  endfacet
  facet normal 0.989176509964781 -0.1467304744553616 -2.932981427319961e-18
    outer loop
      vertex 4.997995069943525 10.994960642282255 2
      vertex 4.924557893971796 10.499887415680758 2
      vertex 4.924557893971796 10.499887415680758 0
    endloop
  endfacet
  facet normal 0.9700312531945438 -0.2429801799032646 -1.9539457631174808e-18
    outer loop
      vertex 5.1196042877657355 11.480451853997758 2
      vertex 4.997995069943525 10.994960642282255 2
      vertex 4.997995069943525 10.994960642282255 0
    endloop
  endfacet
  facet normal 0.04906767432741805 0.9987954562051725 0
    outer loop
      vertex 9.500112584319242 4.924557893971796 2
      vertex 10 4.9 0
      vertex 9.500112584319242 4.924557893971796 0
    endloop
  endfacet
  facet normal -0.04906767432741805 0.9987954562051725 0
    outer loop
      vertex 10 4.9 2
      vertex 10.499887415680758 4.924557893971796 0
      vertex 10 4.9 0
    endloop
  endfacet
  facet normal -0.1467304744553616 0.989176509964781 0
    outer loop
      vertex 10.499887415680758 4.924557893971796 2
      vertex 10.994960642282255 4.997995069943525 0
      vertex 10.499887415680758 4.924557893971796 0
    endloop
  endfacet
  facet normal -0.2429801799032646 0.9700312531945438 0
    outer loop
      vertex 10.994960642282255 4.997995069943525 2
      vertex 11.480451853997758 5.1196042877657355 0
      vertex 10.994960642282255 4.997995069943525 0
    endloop
  endfacet
  facet normal -0.33688985339221933 0.941544065183021 0
    outer loop
      vertex 11.480451853997758 5.1196042877657355 2
      vertex 11.951685505061958 5.288214384192438 0
      vertex 11.480451853997758 5.1196042877657355 0
    endloop
  endfacet
  facet normal -0.4275550934302836 0.9039892931234426 0
    outer loop
      vertex 11.951685505061958 5.288214384192438 2
      vertex 12.404123357812587 5.50220155182339 0
      vertex 11.951685505061958 5.288214384192438 0
    endloop
  endfacet
  facet normal -0.5141027441932206 0.8577286100002728 0
    outer loop
      vertex 12.404123357812587 5.50220155182339 2
      vertex 12.833408188399972 5.75950497725702 0
      vertex 12.404123357812587 5.50220155182339 0
    endloop
  endfacet
  facet normal 0.04906767432741805 0.9987954562051725 1.66605663717433e-19
    outer loop
      vertex 9.500112584319242 4.924557893971796 2
      vertex 10 4.9 2
      vertex 10 4.9 0
    endloop
  endfacet
  facet normal -0.04906767432741805 0.9987954562051725 -1.66605663717433e-19
    outer loop
      vertex 10 4.9 2
      vertex 10.499887415680758 4.924557893971796 2
      vertex 10.499887415680758 4.924557893971796 0
    endloop
  endfacet
  facet normal -0.1467304744553616 0.989176509964781 -2.932981427319961e-18
    outer loop
      vertex 10.499887415680758 4.924557893971796 2
      vertex 10.994960642282255 4.997995069943525 2
      vertex 10.994960642282255 4.997995069943525 0
    endloop
  endfacet
  facet normal -0.2429801799032646 0.9700312531945438 0
    outer loop
      vertex 11.480451853997758 5.1196042877657355 2
      vertex 11.480451853997758 5.1196042877657355 0
      vertex 10.994960642282255 4.997995069943525 2
    endloop
  endfacet
  facet normal -0.33688985339221933 0.941544065183021 0
    outer loop
      vertex 11.951685505061958 5.288214384192438 2
      vertex 11.951685505061958 5.288214384192438 0
      vertex 11.480451853997758 5.1196042877657355 2
    endloop
  endfacet
  facet normal -0.4275550934302836 0.9039892931234426 0
    outer loop
      vertex 12.404123357812587 5.50220155182339 2
      vertex 12.404123357812587 5.50220155182339 0
      vertex 11.951685505061958 5.288214384192438 2
    endloop
  endfacet
  facet normal -0.5956993044924344 0.8032075314806442 0
    outer loop
      vertex 12.833408188399972 5.75950497725702 2
      vertex 13.235405749234591 6.057646687850042 0
      vertex 12.833408188399972 5.75950497725702 0
    endloop
  endfacet
  facet normal -0.6715589548470169 0.7409511253549605 0
    outer loop
      vertex 13.235405749234591 6.057646687850042 2
      vertex 13.606244584051392 6.393755415948608 0
      vertex 13.235405749234591 6.057646687850042 0
    endloop
  endfacet
  facet normal -0.7409511253549598 0.6715589548470178 0
    outer loop
      vertex 13.606244584051392 6.393755415948608 0
      vertex 13.606244584051392 6.393755415948608 2
      vertex 13.942353312149958 6.764594250765408 0
    endloop
  endfacet
  facet normal -0.8032075314806449 0.5956993044924336 0
    outer loop
      vertex 13.942353312149958 6.764594250765408 2
      vertex 14.24049502274298 7.1665918116000284 0
      vertex 13.942353312149958 6.764594250765408 0
    endloop
  endfacet
  facet normal -0.5141027441932206 0.8577286100002728 -4.241499393132869e-18
    outer loop
      vertex 12.404123357812587 5.50220155182339 2
      vertex 12.833408188399972 5.75950497725702 2
      vertex 12.833408188399972 5.75950497725702 0
    endloop
  endfacet
  facet normal -0.5956993044924344 0.8032075314806442 -3.802910665842333e-18
    outer loop
      vertex 12.833408188399972 5.75950497725702 2
      vertex 13.235405749234591 6.057646687850042 2
      vertex 13.235405749234591 6.057646687850042 0
    endloop
  endfacet
  facet normal -0.6715589548470169 0.7409511253549605 2.7429887359934353e-18
    outer loop
      vertex 13.235405749234591 6.057646687850042 2
      vertex 13.606244584051392 6.393755415948608 2
      vertex 13.606244584051392 6.393755415948608 0
    endloop
  endfacet
  facet normal -0.7409511253549598 0.6715589548470178 -4.341039981064715e-18
    outer loop
      vertex 13.606244584051392 6.393755415948608 2
      vertex 13.942353312149958 6.764594250765408 2
      vertex 13.942353312149958 6.764594250765408 0
    endloop
  endfacet
  facet normal -0.8577286100002723 0.5141027441932214 0
    outer loop
      vertex 14.24049502274298 7.1665918116000284 2
      vertex 14.49779844817661 7.595876642187412 0
      vertex 14.24049502274298 7.1665918116000284 0
    endloop
  endfacet
  facet normal -0.9039892931234429 0.4275550934302829 0
    outer loop
      vertex 14.49779844817661 7.595876642187412 2
      vertex 14.711785615807562 8.048314494938042 0
      vertex 14.49779844817661 7.595876642187412 0
    endloop
  endfacet
  facet normal -0.941544065183021 0.33688985339221933 0
    outer loop
      vertex 14.711785615807562 8.048314494938042 0
      vertex 14.711785615807562 8.048314494938042 2
      vertex 14.880395712234264 8.519548146002242 0
    endloop
  endfacet
  facet normal -0.8032075314806449 0.5956993044924336 -2.678947761997762e-18
    outer loop
      vertex 13.942353312149958 6.764594250765408 2
      vertex 14.24049502274298 7.1665918116000284 2
      vertex 14.24049502274298 7.1665918116000284 0
    endloop
  endfacet
  facet normal -0.8577286100002723 0.5141027441932214 3.142303320526241e-18
    outer loop
      vertex 14.24049502274298 7.1665918116000284 2
      vertex 14.49779844817661 7.595876642187412 2
      vertex 14.49779844817661 7.595876642187412 0
    endloop
  endfacet
  facet normal -0.9039892931234429 0.4275550934302829 5.516151456447003e-18
    outer loop
      vertex 14.49779844817661 7.595876642187412 2
      vertex 14.711785615807562 8.048314494938042 2
      vertex 14.711785615807562 8.048314494938042 0
    endloop
  endfacet
  facet normal -0.941544065183021 0.33688985339221933 -1.799298745286757e-18
    outer loop
      vertex 14.711785615807562 8.048314494938042 2
      vertex 14.880395712234264 8.519548146002242 2
      vertex 14.880395712234264 8.519548146002242 0
    endloop
  endfacet
  facet normal -0.9700312531945433 0.24298017990326626 0
    outer loop
      vertex 14.880395712234264 8.519548146002242 2
      vertex 15.002004930056476 9.005039357717745 0
      vertex 14.880395712234264 8.519548146002242 0
    endloop
  endfacet
  facet normal -0.9891765099647812 0.1467304744553599 0
    outer loop
      vertex 15.002004930056476 9.005039357717745 2
      vertex 15.075442106028204 9.500112584319242 0
      vertex 15.002004930056476 9.005039357717745 0
    endloop
  endfacet
  facet normal -0.9987954562051725 0.04906767432741805 0
    outer loop
      vertex 15.075442106028204 9.500112584319242 2
      vertex 15.1 10 0
      vertex 15.075442106028204 9.500112584319242 0
    endloop
  endfacet
  facet normal -0.9987954562051725 -0.04906767432741805 0
    outer loop
      vertex 15.1 10 2
      vertex 15.075442106028204 10.499887415680758 0
      vertex 15.1 10 0
    endloop
  endfacet
  facet normal -0.9891765099647812 -0.1467304744553599 0
    outer loop
      vertex 15.075442106028204 10.499887415680758 2
      vertex 15.002004930056476 10.994960642282255 0
      vertex 15.075442106028204 10.499887415680758 0
    endloop
  endfacet
  facet normal -0.9700312531945433 -0.24298017990326626 0
    outer loop
      vertex 15.002004930056476 10.994960642282255 2
      vertex 14.880395712234264 11.480451853997758 0
      vertex 15.002004930056476 10.994960642282255 0
    endloop
  endfacet
  facet normal -0.9700312531945433 0.24298017990326626 -9.635217720544772e-19
    outer loop
      vertex 14.880395712234264 8.519548146002242 2
      vertex 15.002004930056476 9.005039357717745 2
      vertex 15.002004930056476 9.005039357717745 0
    endloop
  endfacet
  facet normal -0.9891765099647812 0.1467304744553599 1.4385858162724267e-18
    outer loop
      vertex 15.002004930056476 9.005039357717745 2
      vertex 15.075442106028204 9.500112584319242 2
      vertex 15.075442106028204 9.500112584319242 0
    endloop
  endfacet
  facet normal -0.9987954562051725 0.04906767432741805 -1.66605663717433e-19
    outer loop
      vertex 15.075442106028204 9.500112584319242 2
      vertex 15.1 10 2
      vertex 15.1 10 0
    endloop
  endfacet
  facet normal -0.9987954562051725 -0.04906767432741805 1.66605663717433e-19
    outer loop
      vertex 15.1 10 2
      vertex 15.075442106028204 10.499887415680758 2
      vertex 15.075442106028204 10.499887415680758 0
    endloop
  endfacet
  facet normal -0.9891765099647812 -0.1467304744553599 -1.4385858162724267e-18
    outer loop
      vertex 15.075442106028204 10.499887415680758 2
      vertex 15.002004930056476 10.994960642282255 2
      vertex 15.002004930056476 10.994960642282255 0
    endloop
  endfacet
  facet normal 0.9700312531945438 -0.2429801799032646 0
    outer loop
      vertex 5.1196042877657355 11.480451853997758 2
      vertex 4.997995069943525 10.994960642282255 0
      vertex 5.1196042877657355 11.480451853997758 0
    endloop
  endfacet
  facet normal 0.941544065183021 -0.33688985339221933 0
    outer loop
      vertex 5.288214384192438 11.951685505061958 2
      vertex 5.1196042877657355 11.480451853997758 0
      vertex 5.288214384192438 11.951685505061958 0
    endloop
  endfacet
  facet normal 0.9039892931234426 -0.4275550934302836 0
    outer loop
      vertex 5.50220155182339 12.404123357812587 2
      vertex 5.288214384192438 11.951685505061958 0
      vertex 5.50220155182339 12.404123357812587 0
    endloop
  endfacet
  facet normal 0.8577286100002728 -0.5141027441932206 0
    outer loop
      vertex 5.75950497725702 12.833408188399972 2
      vertex 5.50220155182339 12.404123357812587 0
      vertex 5.75950497725702 12.833408188399972 0
    endloop
  endfacet
  facet normal 0.8032075314806442 -0.5956993044924344 0
    outer loop
      vertex 6.057646687850042 13.235405749234591 2
      vertex 5.75950497725702 12.833408188399972 0
      vertex 6.057646687850042 13.235405749234591 0
    endloop
  endfacet
  facet normal 0.7409511253549605 -0.6715589548470169 0
    outer loop
      vertex 6.393755415948608 13.606244584051392 2
      vertex 6.057646687850042 13.235405749234591 0
      vertex 6.393755415948608 13.606244584051392 0
    endloop
  endfacet
  facet normal 0.6715589548470178 -0.7409511253549598 0
    outer loop
      vertex 6.764594250765408 13.942353312149958 2
      vertex 6.393755415948608 13.606244584051392 0
      vertex 6.764594250765408 13.942353312149958 0
    endloop
  endfacet
  facet normal 0.941544065183021 -0.33688985339221933 -1.799298745286757e-18
    outer loop
      vertex 5.288214384192438 11.951685505061958 2
      vertex 5.1196042877657355 11.480451853997758 2
      vertex 5.1196042877657355 11.480451853997758 0
    endloop
  endfacet
  facet normal 0.9039892931234426 -0.4275550934302836 -4.121940732713128e-18
    outer loop
      vertex 5.50220155182339 12.404123357812587 2
      vertex 5.288214384192438 11.951685505061958 2
      vertex 5.288214384192438 11.951685505061958 0
    endloop
  endfacet
  facet normal 0.8577286100002728 -0.5141027441932206 -4.241499393132869e-18
    outer loop
      vertex 5.75950497725702 12.833408188399972 2
      vertex 5.50220155182339 12.404123357812587 2
      vertex 5.50220155182339 12.404123357812587 0
    endloop
  endfacet
  facet normal 0.8032075314806442 -0.5956993044924344 -3.802910665842333e-18
    outer loop
      vertex 6.057646687850042 13.235405749234591 2
      vertex 5.75950497725702 12.833408188399972 2
      vertex 5.75950497725702 12.833408188399972 0
    endloop
  endfacet
  facet normal 0.7409511253549605 -0.6715589548470169 2.7429887359934353e-18
    outer loop
      vertex 6.393755415948608 13.606244584051392 2
      vertex 6.057646687850042 13.235405749234591 2
      vertex 6.057646687850042 13.235405749234591 0
    endloop
  endfacet
  facet normal 0.6715589548470178 -0.7409511253549598 0
    outer loop
      vertex 6.393755415948608 13.606244584051392 2
      vertex 6.393755415948608 13.606244584051392 0
      vertex 6.764594250765408 13.942353312149958 2
    endloop
  endfacet
  facet normal 0.5956993044924336 -0.8032075314806449 0
    outer loop
      vertex 6.764594250765408 13.942353312149958 2
      vertex 6.764594250765408 13.942353312149958 0
      vertex 7.1665918116000284 14.24049502274298 2
    endloop
  endfacet
  facet normal 0.5956993044924336 -0.8032075314806449 0
    outer loop
      vertex 7.1665918116000284 14.24049502274298 2
      vertex 6.764594250765408 13.942353312149958 0
      vertex 7.1665918116000284 14.24049502274298 0
    endloop
  endfacet
  facet normal 0.5141027441932214 -0.8577286100002723 3.142303320526241e-18
    outer loop
      vertex 7.1665918116000284 14.24049502274298 0
      vertex 7.595876642187412 14.49779844817661 0
      vertex 7.595876642187412 14.49779844817661 2
    endloop
  endfacet
  facet normal 0.4275550934302829 -0.9039892931234429 0
    outer loop
      vertex 8.048314494938042 14.711785615807562 2
      vertex 7.595876642187412 14.49779844817661 0
      vertex 8.048314494938042 14.711785615807562 0
    endloop
  endfacet
  facet normal 0.33688985339221933 -0.941544065183021 0
    outer loop
      vertex 8.519548146002242 14.880395712234264 2
      vertex 8.048314494938042 14.711785615807562 0
      vertex 8.519548146002242 14.880395712234264 0
    endloop
  endfacet
  facet normal 0.24298017990326626 -0.9700312531945433 0
    outer loop
      vertex 9.005039357717745 15.002004930056476 2
      vertex 8.519548146002242 14.880395712234264 0
      vertex 9.005039357717745 15.002004930056476 0
    endloop
  endfacet
  facet normal 0.1467304744553599 -0.9891765099647812 0
    outer loop
      vertex 9.500112584319242 15.075442106028204 2
      vertex 9.005039357717745 15.002004930056476 0
      vertex 9.500112584319242 15.075442106028204 0
    endloop
  endfacet
  facet normal 0.5141027441932214 -0.8577286100002723 3.142303320526241e-18
    outer loop
      vertex 7.595876642187412 14.49779844817661 2
      vertex 7.1665918116000284 14.24049502274298 2
      vertex 7.1665918116000284 14.24049502274298 0
    endloop
  endfacet
  facet normal 0.4275550934302829 -0.9039892931234429 0
    outer loop
      vertex 7.595876642187412 14.49779844817661 2
      vertex 7.595876642187412 14.49779844817661 0
      vertex 8.048314494938042 14.711785615807562 2
    endloop
  endfacet
  facet normal 0.33688985339221933 -0.941544065183021 0
    outer loop
      vertex 8.048314494938042 14.711785615807562 2
      vertex 8.048314494938042 14.711785615807562 0
      vertex 8.519548146002242 14.880395712234264 2
    endloop
  endfacet
  facet normal 0.24298017990326626 -0.9700312531945433 0
    outer loop
      vertex 8.519548146002242 14.880395712234264 2
      vertex 8.519548146002242 14.880395712234264 0
      vertex 9.005039357717745 15.002004930056476 2
    endloop
  endfacet
  facet normal 0.1467304744553599 -0.9891765099647812 0
    outer loop
      vertex 9.005039357717745 15.002004930056476 2
      vertex 9.005039357717745 15.002004930056476 0
      vertex 9.500112584319242 15.075442106028204 2
    endloop
  endfacet
  facet normal -0.7409511253549605 -0.6715589548470169 0
    outer loop
      vertex 13.942353312149958 13.235405749234591 2
      vertex 13.606244584051392 13.606244584051392 0
      vertex 13.942353312149958 13.235405749234591 0
    endloop
  endfacet
  facet normal -0.5956993044924344 -0.8032075314806442 0
    outer loop
      vertex 13.235405749234591 13.942353312149958 2
      vertex 12.833408188399972 14.24049502274298 0
      vertex 13.235405749234591 13.942353312149958 0
    endloop
  endfacet
  facet normal -0.6715589548470169 -0.7409511253549605 0
    outer loop
      vertex 13.606244584051392 13.606244584051392 2
      vertex 13.235405749234591 13.942353312149958 0
      vertex 13.606244584051392 13.606244584051392 0
    endloop
  endfacet
  facet normal -0.8032075314806442 -0.5956993044924344 3.802910665842333e-18
    outer loop
      vertex 14.24049502274298 12.833408188399972 2
      vertex 13.942353312149958 13.235405749234591 2
      vertex 13.942353312149958 13.235405749234591 0
    endloop
  endfacet
  facet normal -0.6715589548470169 -0.7409511253549605 0
    outer loop
      vertex 13.235405749234591 13.942353312149958 2
      vertex 13.235405749234591 13.942353312149958 0
      vertex 13.606244584051392 13.606244584051392 2
    endloop
  endfacet
  facet normal -0.7409511253549605 -0.6715589548470169 -2.7429887359934353e-18
    outer loop
      vertex 13.942353312149958 13.235405749234591 2
      vertex 13.606244584051392 13.606244584051392 2
      vertex 13.606244584051392 13.606244584051392 0
    endloop
  endfacet
  facet normal 0.04906767432741805 -0.9987954562051725 0
    outer loop
      vertex 10 15.1 2
      vertex 9.500112584319242 15.075442106028204 0
      vertex 10 15.1 0
    endloop
  endfacet
  facet normal -0.04906767432741805 -0.9987954562051725 0
    outer loop
      vertex 10.499887415680758 15.075442106028204 2
      vertex 10 15.1 0
      vertex 10.499887415680758 15.075442106028204 0
    endloop
  endfacet
  facet normal -0.1467304744553599 -0.9891765099647812 0
    outer loop
      vertex 10.994960642282255 15.002004930056476 2
      vertex 10.499887415680758 15.075442106028204 0
      vertex 10.994960642282255 15.002004930056476 0
    endloop
  endfacet
  facet normal -0.24298017990326626 -0.9700312531945433 0
    outer loop
      vertex 11.480451853997758 14.880395712234264 2
      vertex 10.994960642282255 15.002004930056476 0
      vertex 11.480451853997758 14.880395712234264 0
    endloop
  endfacet
  facet normal -0.4275550934302836 -0.9039892931234426 0
    outer loop
      vertex 12.404123357812587 14.49779844817661 2
      vertex 11.951685505061958 14.711785615807562 0
      vertex 12.404123357812587 14.49779844817661 0
    endloop
  endfacet
  facet normal -0.5141027441932206 -0.8577286100002728 0
    outer loop
      vertex 12.833408188399972 14.24049502274298 2
      vertex 12.404123357812587 14.49779844817661 0
      vertex 12.833408188399972 14.24049502274298 0
    endloop
  endfacet
  facet normal -0.33688985339221933 -0.941544065183021 0
    outer loop
      vertex 11.951685505061958 14.711785615807562 2
      vertex 11.480451853997758 14.880395712234264 0
      vertex 11.951685505061958 14.711785615807562 0
    endloop
  endfacet
  facet normal 0.04906767432741805 -0.9987954562051725 0
    outer loop
      vertex 9.500112584319242 15.075442106028204 2
      vertex 9.500112584319242 15.075442106028204 0
      vertex 10 15.1 2
    endloop
  endfacet
  facet normal -0.04906767432741805 -0.9987954562051725 0
    outer loop
      vertex 10 15.1 2
      vertex 10 15.1 0
      vertex 10.499887415680758 15.075442106028204 2
    endloop
  endfacet
  facet normal -0.1467304744553599 -0.9891765099647812 0
    outer loop
      vertex 10.499887415680758 15.075442106028204 2
      vertex 10.499887415680758 15.075442106028204 0
      vertex 10.994960642282255 15.002004930056476 2
    endloop
  endfacet
  facet normal -0.24298017990326626 -0.9700312531945433 0
    outer loop
      vertex 10.994960642282255 15.002004930056476 2
      vertex 10.994960642282255 15.002004930056476 0
      vertex 11.480451853997758 14.880395712234264 2
    endloop
  endfacet
  facet normal -0.33688985339221933 -0.941544065183021 0
    outer loop
      vertex 11.480451853997758 14.880395712234264 2
      vertex 11.480451853997758 14.880395712234264 0
      vertex 11.951685505061958 14.711785615807562 2
    endloop
  endfacet
  facet normal -0.4275550934302836 -0.9039892931234426 0
    outer loop
      vertex 11.951685505061958 14.711785615807562 2
      vertex 11.951685505061958 14.711785615807562 0
      vertex 12.404123357812587 14.49779844817661 2
    endloop
  endfacet
  facet normal -0.5141027441932206 -0.8577286100002728 0
    outer loop
      vertex 12.404123357812587 14.49779844817661 2
      vertex 12.404123357812587 14.49779844817661 0
      vertex 12.833408188399972 14.24049502274298 2
    endloop
  endfacet
  facet normal -0.5956993044924344 -0.8032075314806442 0
    outer loop
      vertex 12.833408188399972 14.24049502274298 2
      vertex 12.833408188399972 14.24049502274298 0
      vertex 13.235405749234591 13.942353312149958 2
    endloop
  endfacet
  facet normal -0.941544065183021 -0.33688985339221933 0
    outer loop
      vertex 14.880395712234264 11.480451853997758 2
      vertex 14.711785615807562 11.951685505061958 0
      vertex 14.880395712234264 11.480451853997758 0
    endloop
  endfacet
  facet normal -0.9039892931234426 -0.4275550934302836 0
    outer loop
      vertex 14.711785615807562 11.951685505061958 2
      vertex 14.49779844817661 12.404123357812587 0
      vertex 14.711785615807562 11.951685505061958 0
    endloop
  endfacet
  facet normal -0.8577286100002728 -0.5141027441932206 0
    outer loop
      vertex 14.49779844817661 12.404123357812587 2
      vertex 14.24049502274298 12.833408188399972 0
      vertex 14.49779844817661 12.404123357812587 0
    endloop
  endfacet
  facet normal -0.8032075314806442 -0.5956993044924344 0
    outer loop
      vertex 14.24049502274298 12.833408188399972 2
      vertex 13.942353312149958 13.235405749234591 0
      vertex 14.24049502274298 12.833408188399972 0
    endloop
  endfacet
  facet normal -0.9700312531945433 -0.24298017990326626 9.635217720544772e-19
    outer loop
      vertex 15.002004930056476 10.994960642282255 2
      vertex 14.880395712234264 11.480451853997758 2
      vertex 14.880395712234264 11.480451853997758 0
    endloop
  endfacet
  facet normal -0.941544065183021 -0.33688985339221933 1.799298745286757e-18
    outer loop
      vertex 14.880395712234264 11.480451853997758 2
      vertex 14.711785615807562 11.951685505061958 2
      vertex 14.711785615807562 11.951685505061958 0
    endloop
  endfacet
  facet normal -0.9039892931234426 -0.4275550934302836 4.121940732713128e-18
    outer loop
      vertex 14.711785615807562 11.951685505061958 2
      vertex 14.49779844817661 12.404123357812587 2
      vertex 14.49779844817661 12.404123357812587 0
    endloop
  endfacet
  facet normal -0.8577286100002728 -0.5141027441932206 4.241499393132869e-18
    outer loop
      vertex 14.49779844817661 12.404123357812587 2
      vertex 14.24049502274298 12.833408188399972 2
      vertex 14.24049502274298 12.833408188399972 0
    endloop
  endfacet
  facet normal 0.3368898533922126 0.9415440651830236 0
    outer loop
      vertex 138.04831449493804 5.288214384192438 2
      vertex 138.51954814600225 5.1196042877657355 0
      vertex 138.04831449493804 5.288214384192438 0
    endloop
  endfacet
  facet normal 0.4275550934302904 0.9039892931234392 0
    outer loop
      vertex 137.59587664218742 5.50220155182339 2
      vertex 138.04831449493804 5.288214384192438 0
      vertex 137.59587664218742 5.50220155182339 0
    endloop
  endfacet
  facet normal 0.24298017990326712 0.9700312531945432 0
    outer loop
      vertex 138.51954814600225 5.1196042877657355 2
      vertex 139.00503935771775 4.997995069943525 0
      vertex 138.51954814600225 5.1196042877657355 0
    endloop
  endfacet
  facet normal 0.14673047445535906 0.9891765099647815 0
    outer loop
      vertex 139.00503935771775 4.997995069943525 2
      vertex 139.50011258431925 4.924557893971796 0
      vertex 139.00503935771775 4.997995069943525 0
    endloop
  endfacet
  facet normal 0.04906767432741926 0.9987954562051723 0
    outer loop
      vertex 139.50011258431925 4.924557893971796 2
      vertex 140 4.9 0
      vertex 139.50011258431925 4.924557893971796 0
    endloop
  endfacet
  facet normal -0.04906767432741926 0.9987954562051723 0
    outer loop
      vertex 140 4.9 0
      vertex 140 4.9 2
      vertex 140.49988741568075 4.924557893971796 0
    endloop
  endfacet
  facet normal 0.5141027441932143 0.8577286100002766 0
    outer loop
      vertex 137.59587664218742 5.50220155182339 2
      vertex 137.59587664218742 5.50220155182339 0
      vertex 137.16659181160003 5.75950497725702 2
    endloop
  endfacet
  facet normal 0.4275550934302904 0.9039892931234392 0
    outer loop
      vertex 138.04831449493804 5.288214384192438 2
      vertex 138.04831449493804 5.288214384192438 0
      vertex 137.59587664218742 5.50220155182339 2
    endloop
  endfacet
  facet normal 0.3368898533922126 0.9415440651830236 0
    outer loop
      vertex 138.51954814600225 5.1196042877657355 2
      vertex 138.51954814600225 5.1196042877657355 0
      vertex 138.04831449493804 5.288214384192438 2
    endloop
  endfacet
  facet normal 0.24298017990326712 0.9700312531945432 0
    outer loop
      vertex 139.00503935771775 4.997995069943525 2
      vertex 139.00503935771775 4.997995069943525 0
      vertex 138.51954814600225 5.1196042877657355 2
    endloop
  endfacet
  facet normal 0.14673047445535906 0.9891765099647815 0
    outer loop
      vertex 139.50011258431925 4.924557893971796 2
      vertex 139.50011258431925 4.924557893971796 0
      vertex 139.00503935771775 4.997995069943525 2
    endloop
  endfacet
  facet normal 0.04906767432741926 0.9987954562051723 0
    outer loop
      vertex 140 4.9 0
      vertex 139.50011258431925 4.924557893971796 2
      vertex 140 4.9 2
    endloop
  endfacet
  facet normal -0.04906767432741926 0.9987954562051723 0
    outer loop
      vertex 140.49988741568075 4.924557893971796 0
      vertex 140 4.9 2
      vertex 140.49988741568075 4.924557893971796 2
    endloop
  endfacet
  facet normal 0.8032075314806382 0.5956993044924427 5.1363600974956715e-18
    outer loop
      vertex 136.05764668785005 6.764594250765408 0
      vertex 135.75950497725702 7.1665918116000284 0
      vertex 135.75950497725702 7.1665918116000284 2
    endloop
  endfacet
  facet normal 0.8577286100002691 0.5141027441932265 -1.7131355697022352e-18
    outer loop
      vertex 135.75950497725702 7.1665918116000284 0
      vertex 135.5022015518234 7.595876642187412 0
      vertex 135.5022015518234 7.595876642187412 2
    endloop
  endfacet
  facet normal 0.94154406518302 0.33688985339222255 -2.608229979320818e-18
    outer loop
      vertex 135.28821438419243 8.048314494938042 0
      vertex 135.11960428776572 8.519548146002242 0
      vertex 135.11960428776572 8.519548146002242 2
    endloop
  endfacet
  facet normal 0.9039892931234361 0.4275550934302974 5.809635596067619e-19
    outer loop
      vertex 135.5022015518234 7.595876642187412 0
      vertex 135.28821438419243 8.048314494938042 0
      vertex 135.28821438419243 8.048314494938042 2
    endloop
  endfacet
  facet normal 0.8577286100002691 0.5141027441932265 0
    outer loop
      vertex 135.75950497725702 7.1665918116000284 0
      vertex 135.5022015518234 7.595876642187412 2
      vertex 135.75950497725702 7.1665918116000284 2
    endloop
  endfacet
  facet normal 0.94154406518302 0.33688985339222255 0
    outer loop
      vertex 135.28821438419243 8.048314494938042 2
      vertex 135.28821438419243 8.048314494938042 0
      vertex 135.11960428776572 8.519548146002242 2
    endloop
  endfacet
  facet normal 0.9039892931234361 0.4275550934302974 0
    outer loop
      vertex 135.5022015518234 7.595876642187412 0
      vertex 135.28821438419243 8.048314494938042 2
      vertex 135.5022015518234 7.595876642187412 2
    endloop
  endfacet
  facet normal 0.9700312531945502 0.24298017990323958 2.9461124429345483e-18
    outer loop
      vertex 135.11960428776572 8.519548146002242 0
      vertex 134.99799506994353 9.005039357717745 0
      vertex 134.99799506994353 9.005039357717745 2
    endloop
  endfacet
  facet normal 0.9891765099647839 0.1467304744553425 3.3704178992515553e-18
    outer loop
      vertex 134.99799506994353 9.005039357717745 0
      vertex 134.9245578939718 9.500112584319242 0
      vertex 134.9245578939718 9.500112584319242 2
    endloop
  endfacet
  facet normal 0.9987954562051716 0.0490676743274322 -7.672424196814744e-19
    outer loop
      vertex 134.9245578939718 9.500112584319242 0
      vertex 134.9 10 0
      vertex 134.9 10 2
    endloop
  endfacet
  facet normal 0.9987954562051716 -0.0490676743274322 7.672424196814744e-19
    outer loop
      vertex 134.9 10 0
      vertex 134.9245578939718 10.499887415680758 0
      vertex 134.9245578939718 10.499887415680758 2
    endloop
  endfacet
  facet normal 0.9891765099647839 -0.1467304744553425 -3.3704178992515553e-18
    outer loop
      vertex 134.9245578939718 10.499887415680758 0
      vertex 134.99799506994353 10.994960642282255 0
      vertex 134.99799506994353 10.994960642282255 2
    endloop
  endfacet
  facet normal 0.9700312531945502 0.24298017990323958 0
    outer loop
      vertex 135.11960428776572 8.519548146002242 0
      vertex 134.99799506994353 9.005039357717745 2
      vertex 135.11960428776572 8.519548146002242 2
    endloop
  endfacet
  facet normal 0.9891765099647839 0.1467304744553425 0
    outer loop
      vertex 134.99799506994353 9.005039357717745 0
      vertex 134.9245578939718 9.500112584319242 2
      vertex 134.99799506994353 9.005039357717745 2
    endloop
  endfacet
  facet normal 0.9987954562051716 0.0490676743274322 0
    outer loop
      vertex 134.9245578939718 9.500112584319242 0
      vertex 134.9 10 2
      vertex 134.9245578939718 9.500112584319242 2
    endloop
  endfacet
  facet normal 0.9987954562051716 -0.0490676743274322 0
    outer loop
      vertex 134.9 10 0
      vertex 134.9245578939718 10.499887415680758 2
      vertex 134.9 10 2
    endloop
  endfacet
  facet normal 0.9891765099647839 -0.1467304744553425 0
    outer loop
      vertex 134.9245578939718 10.499887415680758 0
      vertex 134.99799506994353 10.994960642282255 2
      vertex 134.9245578939718 10.499887415680758 2
    endloop
  endfacet
  facet normal 0.9700312531945502 -0.24298017990323958 0
    outer loop
      vertex 134.99799506994353 10.994960642282255 0
      vertex 135.11960428776572 11.480451853997758 2
      vertex 134.99799506994353 10.994960642282255 2
    endloop
  endfacet
  facet normal 0.6715589548470239 0.7409511253549541 -1.5275317440401946e-18
    outer loop
      vertex 136.7645942507654 6.057646687850042 0
      vertex 136.39375541594862 6.393755415948608 0
      vertex 136.39375541594862 6.393755415948608 2
    endloop
  endfacet
  facet normal 0.5956993044924378 0.8032075314806417 0
    outer loop
      vertex 136.7645942507654 6.057646687850042 0
      vertex 136.7645942507654 6.057646687850042 2
      vertex 137.16659181160003 5.75950497725702 0
    endloop
  endfacet
  facet normal 0.7409511253549598 0.6715589548470178 4.341039981064715e-18
    outer loop
      vertex 136.39375541594862 6.393755415948608 0
      vertex 136.05764668785005 6.764594250765408 0
      vertex 136.05764668785005 6.764594250765408 2
    endloop
  endfacet
  facet normal 0.5141027441932143 0.8577286100002766 0
    outer loop
      vertex 137.16659181160003 5.75950497725702 0
      vertex 137.16659181160003 5.75950497725702 2
      vertex 137.59587664218742 5.50220155182339 0
    endloop
  endfacet
  facet normal 0.5956993044924378 0.8032075314806417 0
    outer loop
      vertex 137.16659181160003 5.75950497725702 0
      vertex 136.7645942507654 6.057646687850042 2
      vertex 137.16659181160003 5.75950497725702 2
    endloop
  endfacet
  facet normal 0.6715589548470239 0.7409511253549541 0
    outer loop
      vertex 136.7645942507654 6.057646687850042 0
      vertex 136.39375541594862 6.393755415948608 2
      vertex 136.7645942507654 6.057646687850042 2
    endloop
  endfacet
  facet normal 0.7409511253549598 0.6715589548470178 0
    outer loop
      vertex 136.39375541594862 6.393755415948608 0
      vertex 136.05764668785005 6.764594250765408 2
      vertex 136.39375541594862 6.393755415948608 2
    endloop
  endfacet
  facet normal 0.8032075314806382 0.5956993044924427 0
    outer loop
      vertex 136.05764668785005 6.764594250765408 0
      vertex 135.75950497725702 7.1665918116000284 2
      vertex 136.05764668785005 6.764594250765408 2
    endloop
  endfacet
  facet normal -0.14673047445535906 0.9891765099647815 0
    outer loop
      vertex 140.49988741568075 4.924557893971796 0
      vertex 140.49988741568075 4.924557893971796 2
      vertex 140.99496064228225 4.997995069943525 0
    endloop
  endfacet
  facet normal -0.24298017990326712 0.9700312531945432 0
    outer loop
      vertex 140.99496064228225 4.997995069943525 0
      vertex 140.99496064228225 4.997995069943525 2
      vertex 141.48045185399775 5.1196042877657355 0
    endloop
  endfacet
  facet normal -0.3368898533922126 0.9415440651830236 0
    outer loop
      vertex 141.48045185399775 5.1196042877657355 0
      vertex 141.48045185399775 5.1196042877657355 2
      vertex 141.95168550506196 5.288214384192438 0
    endloop
  endfacet
  facet normal -0.4275550934302904 0.9039892931234392 0
    outer loop
      vertex 141.95168550506196 5.288214384192438 0
      vertex 141.95168550506196 5.288214384192438 2
      vertex 142.40412335781258 5.50220155182339 0
    endloop
  endfacet
  facet normal -0.5141027441932143 0.8577286100002766 0
    outer loop
      vertex 142.40412335781258 5.50220155182339 0
      vertex 142.40412335781258 5.50220155182339 2
      vertex 142.83340818839997 5.75950497725702 0
    endloop
  endfacet
  facet normal -0.14673047445535906 0.9891765099647815 0
    outer loop
      vertex 140.99496064228225 4.997995069943525 0
      vertex 140.49988741568075 4.924557893971796 2
      vertex 140.99496064228225 4.997995069943525 2
    endloop
  endfacet
  facet normal -0.24298017990326712 0.9700312531945432 0
    outer loop
      vertex 141.48045185399775 5.1196042877657355 0
      vertex 140.99496064228225 4.997995069943525 2
      vertex 141.48045185399775 5.1196042877657355 2
    endloop
  endfacet
  facet normal -0.3368898533922126 0.9415440651830236 0
    outer loop
      vertex 141.95168550506196 5.288214384192438 0
      vertex 141.48045185399775 5.1196042877657355 2
      vertex 141.95168550506196 5.288214384192438 2
    endloop
  endfacet
  facet normal -0.4275550934302904 0.9039892931234392 0
    outer loop
      vertex 142.40412335781258 5.50220155182339 0
      vertex 141.95168550506196 5.288214384192438 2
      vertex 142.40412335781258 5.50220155182339 2
    endloop
  endfacet
  facet normal -0.5956993044924378 0.8032075314806417 0
    outer loop
      vertex 142.83340818839997 5.75950497725702 0
      vertex 142.83340818839997 5.75950497725702 2
      vertex 143.2354057492346 6.057646687850042 0
    endloop
  endfacet
  facet normal -0.6715589548470239 0.7409511253549541 0
    outer loop
      vertex 143.2354057492346 6.057646687850042 0
      vertex 143.2354057492346 6.057646687850042 2
      vertex 143.60624458405138 6.393755415948608 0
    endloop
  endfacet
  facet normal -0.7409511253549598 0.6715589548470178 0
    outer loop
      vertex 143.60624458405138 6.393755415948608 0
      vertex 143.60624458405138 6.393755415948608 2
      vertex 143.94235331214995 6.764594250765408 0
    endloop
  endfacet
  facet normal -0.8032075314806382 0.5956993044924427 0
    outer loop
      vertex 143.94235331214995 6.764594250765408 0
      vertex 143.94235331214995 6.764594250765408 2
      vertex 144.24049502274298 7.1665918116000284 0
    endloop
  endfacet
  facet normal -0.8577286100002691 0.5141027441932265 1.7131355697022352e-18
    outer loop
      vertex 144.4977984481766 7.595876642187412 0
      vertex 144.24049502274298 7.1665918116000284 0
      vertex 144.24049502274298 7.1665918116000284 2
    endloop
  endfacet
  facet normal -0.9039892931234361 0.4275550934302974 -5.809635596067619e-19
    outer loop
      vertex 144.71178561580757 8.048314494938042 0
      vertex 144.4977984481766 7.595876642187412 0
      vertex 144.4977984481766 7.595876642187412 2
    endloop
  endfacet
  facet normal -0.94154406518302 0.33688985339222255 0
    outer loop
      vertex 144.71178561580757 8.048314494938042 0
      vertex 144.71178561580757 8.048314494938042 2
      vertex 144.88039571223428 8.519548146002242 0
    endloop
  endfacet
  facet normal -0.5141027441932143 0.8577286100002766 0
    outer loop
      vertex 142.83340818839997 5.75950497725702 0
      vertex 142.40412335781258 5.50220155182339 2
      vertex 142.83340818839997 5.75950497725702 2
    endloop
  endfacet
  facet normal -0.5956993044924378 0.8032075314806417 0
    outer loop
      vertex 143.2354057492346 6.057646687850042 0
      vertex 142.83340818839997 5.75950497725702 2
      vertex 143.2354057492346 6.057646687850042 2
    endloop
  endfacet
  facet normal -0.6715589548470239 0.7409511253549541 0
    outer loop
      vertex 143.60624458405138 6.393755415948608 0
      vertex 143.2354057492346 6.057646687850042 2
      vertex 143.60624458405138 6.393755415948608 2
    endloop
  endfacet
  facet normal -0.7409511253549598 0.6715589548470178 0
    outer loop
      vertex 143.94235331214995 6.764594250765408 0
      vertex 143.60624458405138 6.393755415948608 2
      vertex 143.94235331214995 6.764594250765408 2
    endloop
  endfacet
  facet normal -0.8032075314806382 0.5956993044924427 0
    outer loop
      vertex 144.24049502274298 7.1665918116000284 0
      vertex 143.94235331214995 6.764594250765408 2
      vertex 144.24049502274298 7.1665918116000284 2
    endloop
  endfacet
  facet normal -0.8577286100002691 0.5141027441932265 0
    outer loop
      vertex 144.4977984481766 7.595876642187412 0
      vertex 144.24049502274298 7.1665918116000284 2
      vertex 144.4977984481766 7.595876642187412 2
    endloop
  endfacet
  facet normal -0.9039892931234361 0.4275550934302974 0
    outer loop
      vertex 144.71178561580757 8.048314494938042 0
      vertex 144.4977984481766 7.595876642187412 2
      vertex 144.71178561580757 8.048314494938042 2
    endloop
  endfacet
  facet normal -0.94154406518302 0.33688985339222255 0
    outer loop
      vertex 144.88039571223428 8.519548146002242 0
      vertex 144.71178561580757 8.048314494938042 2
      vertex 144.88039571223428 8.519548146002242 2
    endloop
  endfacet
  facet normal -0.9700312531945502 0.24298017990323958 -2.9461124429345483e-18
    outer loop
      vertex 145.00200493005647 9.005039357717745 0
      vertex 144.88039571223428 8.519548146002242 0
      vertex 144.88039571223428 8.519548146002242 2
    endloop
  endfacet
  facet normal -0.9891765099647839 0.1467304744553425 -3.3704178992515553e-18
    outer loop
      vertex 145.0754421060282 9.500112584319242 0
      vertex 145.00200493005647 9.005039357717745 0
      vertex 145.00200493005647 9.005039357717745 2
    endloop
  endfacet
  facet normal -0.9987954562051716 0.0490676743274322 7.672424196814744e-19
    outer loop
      vertex 145.1 10 0
      vertex 145.0754421060282 9.500112584319242 0
      vertex 145.0754421060282 9.500112584319242 2
    endloop
  endfacet
  facet normal -0.9987954562051716 -0.0490676743274322 -7.672424196814744e-19
    outer loop
      vertex 145.0754421060282 10.499887415680758 0
      vertex 145.1 10 0
      vertex 145.1 10 2
    endloop
  endfacet
  facet normal -0.9891765099647839 -0.1467304744553425 3.3704178992515553e-18
    outer loop
      vertex 145.00200493005647 10.994960642282255 0
      vertex 145.0754421060282 10.499887415680758 0
      vertex 145.0754421060282 10.499887415680758 2
    endloop
  endfacet
  facet normal -0.9700312531945502 -0.24298017990323958 2.9461124429345483e-18
    outer loop
      vertex 144.88039571223428 11.480451853997758 0
      vertex 145.00200493005647 10.994960642282255 0
      vertex 145.00200493005647 10.994960642282255 2
    endloop
  endfacet
  facet normal -0.9700312531945502 0.24298017990323958 0
    outer loop
      vertex 145.00200493005647 9.005039357717745 0
      vertex 144.88039571223428 8.519548146002242 2
      vertex 145.00200493005647 9.005039357717745 2
    endloop
  endfacet
  facet normal -0.9891765099647839 0.1467304744553425 0
    outer loop
      vertex 145.0754421060282 9.500112584319242 0
      vertex 145.00200493005647 9.005039357717745 2
      vertex 145.0754421060282 9.500112584319242 2
    endloop
  endfacet
  facet normal -0.9987954562051716 0.0490676743274322 0
    outer loop
      vertex 145.1 10 0
      vertex 145.0754421060282 9.500112584319242 2
      vertex 145.1 10 2
    endloop
  endfacet
  facet normal -0.9987954562051716 -0.0490676743274322 0
    outer loop
      vertex 145.0754421060282 10.499887415680758 0
      vertex 145.1 10 2
      vertex 145.0754421060282 10.499887415680758 2
    endloop
  endfacet
  facet normal -0.9891765099647839 -0.1467304744553425 0
    outer loop
      vertex 145.00200493005647 10.994960642282255 0
      vertex 145.0754421060282 10.499887415680758 2
      vertex 145.00200493005647 10.994960642282255 2
    endloop
  endfacet
  facet normal 0.9700312531945502 -0.24298017990323958 -2.9461124429345483e-18
    outer loop
      vertex 134.99799506994353 10.994960642282255 0
      vertex 135.11960428776572 11.480451853997758 0
      vertex 135.11960428776572 11.480451853997758 2
    endloop
  endfacet
  facet normal 0.94154406518302 -0.33688985339222255 2.608229979320818e-18
    outer loop
      vertex 135.11960428776572 11.480451853997758 0
      vertex 135.28821438419243 11.951685505061958 0
      vertex 135.28821438419243 11.951685505061958 2
    endloop
  endfacet
  facet normal 0.9039892931234358 -0.42755509343029807 3.645137437353199e-18
    outer loop
      vertex 135.28821438419243 11.951685505061958 0
      vertex 135.5022015518234 12.404123357812587 0
      vertex 135.5022015518234 12.404123357812587 2
    endloop
  endfacet
  facet normal 0.8577286100002696 -0.5141027441932258 -5.670667143953692e-18
    outer loop
      vertex 135.5022015518234 12.404123357812587 0
      vertex 135.75950497725702 12.833408188399972 0
      vertex 135.75950497725702 12.833408188399972 2
    endloop
  endfacet
  facet normal 0.94154406518302 -0.33688985339222255 2.608229979320818e-18
    outer loop
      vertex 135.28821438419243 11.951685505061958 2
      vertex 135.11960428776572 11.480451853997758 2
      vertex 135.11960428776572 11.480451853997758 0
    endloop
  endfacet
  facet normal 0.9039892931234358 -0.42755509343029807 0
    outer loop
      vertex 135.28821438419243 11.951685505061958 0
      vertex 135.5022015518234 12.404123357812587 2
      vertex 135.28821438419243 11.951685505061958 2
    endloop
  endfacet
  facet normal 0.8577286100002696 -0.5141027441932258 0
    outer loop
      vertex 135.5022015518234 12.404123357812587 0
      vertex 135.75950497725702 12.833408188399972 2
      vertex 135.5022015518234 12.404123357812587 2
    endloop
  endfacet
  facet normal 0.8032075314806374 -0.5956993044924435 0
    outer loop
      vertex 135.75950497725702 12.833408188399972 0
      vertex 136.05764668785005 13.235405749234591 2
      vertex 135.75950497725702 12.833408188399972 2
    endloop
  endfacet
  facet normal 0.8032075314806374 -0.5956993044924435 -6.260323001346542e-18
    outer loop
      vertex 135.75950497725702 12.833408188399972 0
      vertex 136.05764668785005 13.235405749234591 0
      vertex 136.05764668785005 13.235405749234591 2
    endloop
  endfacet
  facet normal 0.7409511253549605 -0.6715589548470169 2.7429887359934353e-18
    outer loop
      vertex 136.05764668785005 13.235405749234591 0
      vertex 136.39375541594862 13.606244584051392 0
      vertex 136.39375541594862 13.606244584051392 2
    endloop
  endfacet
  facet normal 0.6715589548470239 -0.7409511253549541 0
    outer loop
      vertex 136.7645942507654 13.942353312149958 0
      vertex 136.7645942507654 13.942353312149958 2
      vertex 136.39375541594862 13.606244584051392 0
    endloop
  endfacet
  facet normal 0.7409511253549605 -0.6715589548470169 0
    outer loop
      vertex 136.05764668785005 13.235405749234591 0
      vertex 136.39375541594862 13.606244584051392 2
      vertex 136.05764668785005 13.235405749234591 2
    endloop
  endfacet
  facet normal 0.6715589548470239 -0.7409511253549541 0
    outer loop
      vertex 136.39375541594862 13.606244584051392 0
      vertex 136.7645942507654 13.942353312149958 2
      vertex 136.39375541594862 13.606244584051392 2
    endloop
  endfacet
  facet normal 0.5956993044924378 -0.8032075314806417 0
    outer loop
      vertex 136.7645942507654 13.942353312149958 0
      vertex 137.16659181160003 14.24049502274298 2
      vertex 136.7645942507654 13.942353312149958 2
    endloop
  endfacet
  facet normal 0.5956993044924378 -0.8032075314806417 0
    outer loop
      vertex 137.16659181160003 14.24049502274298 0
      vertex 137.16659181160003 14.24049502274298 2
      vertex 136.7645942507654 13.942353312149958 0
    endloop
  endfacet
  facet normal 0.5141027441932143 -0.8577286100002766 6.009044828234013e-18
    outer loop
      vertex 137.16659181160003 14.24049502274298 0
      vertex 137.59587664218742 14.49779844817661 0
      vertex 137.59587664218742 14.49779844817661 2
    endloop
  endfacet
  facet normal 0.4275550934302904 -0.9039892931234392 0
    outer loop
      vertex 138.04831449493804 14.711785615807562 0
      vertex 138.04831449493804 14.711785615807562 2
      vertex 137.59587664218742 14.49779844817661 0
    endloop
  endfacet
  facet normal 0.3368898533922126 -0.9415440651830236 0
    outer loop
      vertex 138.51954814600225 14.880395712234264 0
      vertex 138.51954814600225 14.880395712234264 2
      vertex 138.04831449493804 14.711785615807562 0
    endloop
  endfacet
  facet normal 0.24298017990326878 -0.9700312531945429 0
    outer loop
      vertex 139.00503935771775 15.002004930056476 0
      vertex 139.00503935771775 15.002004930056476 2
      vertex 138.51954814600225 14.880395712234264 0
    endloop
  endfacet
  facet normal 0.1467304744553573 -0.9891765099647817 0
    outer loop
      vertex 139.50011258431925 15.075442106028204 0
      vertex 139.50011258431925 15.075442106028204 2
      vertex 139.00503935771775 15.002004930056476 0
    endloop
  endfacet
  facet normal 0.04906767432741926 -0.9987954562051723 0
    outer loop
      vertex 140 15.1 0
      vertex 140 15.1 2
      vertex 139.50011258431925 15.075442106028204 0
    endloop
  endfacet
  facet normal -0.04906767432741926 -0.9987954562051723 0
    outer loop
      vertex 140.49988741568075 15.075442106028204 0
      vertex 140.49988741568075 15.075442106028204 2
      vertex 140 15.1 0
    endloop
  endfacet
  facet normal 0.5141027441932143 -0.8577286100002766 6.009044828234013e-18
    outer loop
      vertex 137.59587664218742 14.49779844817661 2
      vertex 137.16659181160003 14.24049502274298 2
      vertex 137.16659181160003 14.24049502274298 0
    endloop
  endfacet
  facet normal 0.4275550934302904 -0.9039892931234392 0
    outer loop
      vertex 137.59587664218742 14.49779844817661 0
      vertex 138.04831449493804 14.711785615807562 2
      vertex 137.59587664218742 14.49779844817661 2
    endloop
  endfacet
  facet normal 0.3368898533922126 -0.9415440651830236 0
    outer loop
      vertex 138.04831449493804 14.711785615807562 0
      vertex 138.51954814600225 14.880395712234264 2
      vertex 138.04831449493804 14.711785615807562 2
    endloop
  endfacet
  facet normal 0.24298017990326878 -0.9700312531945429 0
    outer loop
      vertex 138.51954814600225 14.880395712234264 0
      vertex 139.00503935771775 15.002004930056476 2
      vertex 138.51954814600225 14.880395712234264 2
    endloop
  endfacet
  facet normal 0.1467304744553573 -0.9891765099647817 0
    outer loop
      vertex 139.00503935771775 15.002004930056476 0
      vertex 139.50011258431925 15.075442106028204 2
      vertex 139.00503935771775 15.002004930056476 2
    endloop
  endfacet
  facet normal 0.04906767432741926 -0.9987954562051723 0
    outer loop
      vertex 139.50011258431925 15.075442106028204 0
      vertex 140 15.1 2
      vertex 139.50011258431925 15.075442106028204 2
    endloop
  endfacet
  facet normal -0.04906767432741926 -0.9987954562051723 0
    outer loop
      vertex 140 15.1 0
      vertex 140.49988741568075 15.075442106028204 2
      vertex 140 15.1 2
    endloop
  endfacet
  facet normal -0.94154406518302 -0.33688985339222255 -2.608229979320818e-18
    outer loop
      vertex 144.71178561580757 11.951685505061958 0
      vertex 144.88039571223428 11.480451853997758 0
      vertex 144.88039571223428 11.480451853997758 2
    endloop
  endfacet
  facet normal -0.9039892931234358 -0.42755509343029807 -3.645137437353199e-18
    outer loop
      vertex 144.4977984481766 12.404123357812587 0
      vertex 144.71178561580757 11.951685505061958 0
      vertex 144.71178561580757 11.951685505061958 2
    endloop
  endfacet
  facet normal -0.8577286100002696 -0.5141027441932258 5.670667143953692e-18
    outer loop
      vertex 144.24049502274298 12.833408188399972 0
      vertex 144.4977984481766 12.404123357812587 0
      vertex 144.4977984481766 12.404123357812587 2
    endloop
  endfacet
  facet normal -0.7409511253549605 -0.6715589548470169 -2.7429887359934353e-18
    outer loop
      vertex 143.60624458405138 13.606244584051392 0
      vertex 143.94235331214995 13.235405749234591 0
      vertex 143.94235331214995 13.235405749234591 2
    endloop
  endfacet
  facet normal -0.5956993044924378 -0.8032075314806417 0
    outer loop
      vertex 143.2354057492346 13.942353312149958 0
      vertex 143.2354057492346 13.942353312149958 2
      vertex 142.83340818839997 14.24049502274298 0
    endloop
  endfacet
  facet normal -0.6715589548470239 -0.7409511253549541 0
    outer loop
      vertex 143.60624458405138 13.606244584051392 0
      vertex 143.60624458405138 13.606244584051392 2
      vertex 143.2354057492346 13.942353312149958 0
    endloop
  endfacet
  facet normal -0.8032075314806374 -0.5956993044924435 6.260323001346542e-18
    outer loop
      vertex 143.94235331214995 13.235405749234591 0
      vertex 144.24049502274298 12.833408188399972 0
      vertex 144.24049502274298 12.833408188399972 2
    endloop
  endfacet
  facet normal -0.9700312531945502 -0.24298017990323958 0
    outer loop
      vertex 144.88039571223428 11.480451853997758 0
      vertex 145.00200493005647 10.994960642282255 2
      vertex 144.88039571223428 11.480451853997758 2
    endloop
  endfacet
  facet normal -0.94154406518302 -0.33688985339222255 0
    outer loop
      vertex 144.71178561580757 11.951685505061958 0
      vertex 144.88039571223428 11.480451853997758 2
      vertex 144.71178561580757 11.951685505061958 2
    endloop
  endfacet
  facet normal -0.9039892931234358 -0.42755509343029807 0
    outer loop
      vertex 144.4977984481766 12.404123357812587 0
      vertex 144.71178561580757 11.951685505061958 2
      vertex 144.4977984481766 12.404123357812587 2
    endloop
  endfacet
  facet normal -0.8032075314806374 -0.5956993044924435 0
    outer loop
      vertex 143.94235331214995 13.235405749234591 0
      vertex 144.24049502274298 12.833408188399972 2
      vertex 143.94235331214995 13.235405749234591 2
    endloop
  endfacet
  facet normal -0.6715589548470239 -0.7409511253549541 0
    outer loop
      vertex 143.2354057492346 13.942353312149958 0
      vertex 143.60624458405138 13.606244584051392 2
      vertex 143.2354057492346 13.942353312149958 2
    endloop
  endfacet
  facet normal -0.7409511253549605 -0.6715589548470169 0
    outer loop
      vertex 143.60624458405138 13.606244584051392 0
      vertex 143.94235331214995 13.235405749234591 2
      vertex 143.60624458405138 13.606244584051392 2
    endloop
  endfacet
  facet normal -0.8577286100002696 -0.5141027441932258 0
    outer loop
      vertex 144.24049502274298 12.833408188399972 0
      vertex 144.4977984481766 12.404123357812587 2
      vertex 144.24049502274298 12.833408188399972 2
    endloop
  endfacet
  facet normal -0.1467304744553573 -0.9891765099647817 0
    outer loop
      vertex 140.99496064228225 15.002004930056476 0
      vertex 140.99496064228225 15.002004930056476 2
      vertex 140.49988741568075 15.075442106028204 0
    endloop
  endfacet
  facet normal -0.24298017990326878 -0.9700312531945429 0
    outer loop
      vertex 141.48045185399775 14.880395712234264 0
      vertex 141.48045185399775 14.880395712234264 2
      vertex 140.99496064228225 15.002004930056476 0
    endloop
  endfacet
  facet normal -0.3368898533922126 -0.9415440651830236 0
    outer loop
      vertex 141.95168550506196 14.711785615807562 0
      vertex 141.95168550506196 14.711785615807562 2
      vertex 141.48045185399775 14.880395712234264 0
    endloop
  endfacet
  facet normal -0.4275550934302904 -0.9039892931234392 0
    outer loop
      vertex 142.40412335781258 14.49779844817661 0
      vertex 142.40412335781258 14.49779844817661 2
      vertex 141.95168550506196 14.711785615807562 0
    endloop
  endfacet
  facet normal -0.5141027441932143 -0.8577286100002766 0
    outer loop
      vertex 142.83340818839997 14.24049502274298 0
      vertex 142.83340818839997 14.24049502274298 2
      vertex 142.40412335781258 14.49779844817661 0
    endloop
  endfacet
  facet normal -0.1467304744553573 -0.9891765099647817 0
    outer loop
      vertex 140.49988741568075 15.075442106028204 0
      vertex 140.99496064228225 15.002004930056476 2
      vertex 140.49988741568075 15.075442106028204 2
    endloop
  endfacet
  facet normal -0.24298017990326878 -0.9700312531945429 0
    outer loop
      vertex 140.99496064228225 15.002004930056476 0
      vertex 141.48045185399775 14.880395712234264 2
      vertex 140.99496064228225 15.002004930056476 2
    endloop
  endfacet
  facet normal -0.3368898533922126 -0.9415440651830236 0
    outer loop
      vertex 141.48045185399775 14.880395712234264 0
      vertex 141.95168550506196 14.711785615807562 2
      vertex 141.48045185399775 14.880395712234264 2
    endloop
  endfacet
  facet normal -0.4275550934302904 -0.9039892931234392 0
    outer loop
      vertex 141.95168550506196 14.711785615807562 0
      vertex 142.40412335781258 14.49779844817661 2
      vertex 141.95168550506196 14.711785615807562 2
    endloop
  endfacet
  facet normal -0.5141027441932143 -0.8577286100002766 0
    outer loop
      vertex 142.40412335781258 14.49779844817661 0
      vertex 142.83340818839997 14.24049502274298 2
      vertex 142.40412335781258 14.49779844817661 2
    endloop
  endfacet
  facet normal -0.5956993044924378 -0.8032075314806417 0
    outer loop
      vertex 142.83340818839997 14.24049502274298 0
      vertex 143.2354057492346 13.942353312149958 2
      vertex 142.83340818839997 14.24049502274298 2
    endloop
  endfacet
  facet normal 0.5141027441932265 0.8577286100002691 0
    outer loop
      vertex 7.1665918116000284 75.75950497725702 2
      vertex 7.595876642187412 75.50220155182339 0
      vertex 7.1665918116000284 75.75950497725702 0
    endloop
  endfacet
  facet normal 0.42755509343027426 0.9039892931234471 4.68977272004875e-18
    outer loop
      vertex 8.048314494938042 75.28821438419244 0
      vertex 7.595876642187412 75.50220155182339 0
      vertex 7.595876642187412 75.50220155182339 2
    endloop
  endfacet
  facet normal 0.33688985339222255 0.94154406518302 0
    outer loop
      vertex 8.048314494938042 75.28821438419244 2
      vertex 8.519548146002242 75.11960428776574 0
      vertex 8.048314494938042 75.28821438419244 0
    endloop
  endfacet
  facet normal 0.24298017990326626 0.9700312531945433 0
    outer loop
      vertex 8.519548146002242 75.11960428776574 2
      vertex 9.005039357717745 74.99799506994353 0
      vertex 8.519548146002242 75.11960428776574 0
    endloop
  endfacet
  facet normal 0.1467304744553703 0.9891765099647797 0
    outer loop
      vertex 9.005039357717745 74.99799506994353 2
      vertex 9.500112584319242 74.9245578939718 0
      vertex 9.005039357717745 74.99799506994353 0
    endloop
  endfacet
  facet normal 0.5956993044924244 0.8032075314806517 0
    outer loop
      vertex 7.1665918116000284 75.75950497725702 2
      vertex 7.1665918116000284 75.75950497725702 0
      vertex 6.764594250765408 76.05764668785004 2
    endloop
  endfacet
  facet normal 0.5141027441932265 0.8577286100002691 -1.7131355697022352e-18
    outer loop
      vertex 7.1665918116000284 75.75950497725702 2
      vertex 7.595876642187412 75.50220155182339 2
      vertex 7.595876642187412 75.50220155182339 0
    endloop
  endfacet
  facet normal 0.42755509343027426 0.9039892931234471 0
    outer loop
      vertex 8.048314494938042 75.28821438419244 2
      vertex 8.048314494938042 75.28821438419244 0
      vertex 7.595876642187412 75.50220155182339 2
    endloop
  endfacet
  facet normal 0.33688985339222255 0.94154406518302 0
    outer loop
      vertex 8.519548146002242 75.11960428776574 2
      vertex 8.519548146002242 75.11960428776574 0
      vertex 8.048314494938042 75.28821438419244 2
    endloop
  endfacet
  facet normal 0.24298017990326626 0.9700312531945433 0
    outer loop
      vertex 9.005039357717745 74.99799506994353 2
      vertex 9.005039357717745 74.99799506994353 0
      vertex 8.519548146002242 75.11960428776574 2
    endloop
  endfacet
  facet normal 0.1467304744553703 0.9891765099647797 0
    outer loop
      vertex 9.500112584319242 74.9245578939718 2
      vertex 9.500112584319242 74.9245578939718 0
      vertex 9.005039357717745 74.99799506994353 2
    endloop
  endfacet
  facet normal 0.8032075314806417 0.5956993044924378 0
    outer loop
      vertex 5.75950497725702 77.16659181160003 2
      vertex 6.057646687850042 76.76459425076541 0
      vertex 5.75950497725702 77.16659181160003 0
    endloop
  endfacet
  facet normal 0.6715589548470178 0.7409511253549598 4.341039981064715e-18
    outer loop
      vertex 6.764594250765408 76.05764668785004 0
      vertex 6.393755415948608 76.3937554159486 0
      vertex 6.393755415948608 76.3937554159486 2
    endloop
  endfacet
  facet normal 0.5956993044924244 0.8032075314806517 0
    outer loop
      vertex 6.764594250765408 76.05764668785004 2
      vertex 7.1665918116000284 75.75950497725702 0
      vertex 6.764594250765408 76.05764668785004 0
    endloop
  endfacet
  facet normal 0.7409511253549669 0.6715589548470098 0
    outer loop
      vertex 6.057646687850042 76.76459425076541 0
      vertex 6.057646687850042 76.76459425076541 2
      vertex 6.393755415948608 76.3937554159486 0
    endloop
  endfacet
  facet normal 0.8577286100002691 0.5141027441932269 0
    outer loop
      vertex 5.50220155182339 77.5958766421874 2
      vertex 5.75950497725702 77.16659181160003 0
      vertex 5.50220155182339 77.5958766421874 0
    endloop
  endfacet
  facet normal 0.9039892931234446 0.4275550934302795 0
    outer loop
      vertex 5.288214384192438 78.04831449493804 2
      vertex 5.50220155182339 77.5958766421874 0
      vertex 5.288214384192438 78.04831449493804 0
    endloop
  endfacet
  facet normal 0.9415440651830203 0.3368898533922216 0
    outer loop
      vertex 5.1196042877657355 78.51954814600224 2
      vertex 5.288214384192438 78.04831449493804 0
      vertex 5.1196042877657355 78.51954814600224 0
    endloop
  endfacet
  facet normal 0.8577286100002691 0.5141027441932269 6.278504283718735e-19
    outer loop
      vertex 5.50220155182339 77.5958766421874 2
      vertex 5.75950497725702 77.16659181160003 2
      vertex 5.75950497725702 77.16659181160003 0
    endloop
  endfacet
  facet normal 0.7409511253549669 0.6715589548470098 -3.958445727946649e-18
    outer loop
      vertex 6.057646687850042 76.76459425076541 2
      vertex 6.393755415948608 76.3937554159486 2
      vertex 6.393755415948608 76.3937554159486 0
    endloop
  endfacet
  facet normal 0.6715589548470178 0.7409511253549598 0
    outer loop
      vertex 6.764594250765408 76.05764668785004 2
      vertex 6.764594250765408 76.05764668785004 0
      vertex 6.393755415948608 76.3937554159486 2
    endloop
  endfacet
  facet normal 0.8032075314806417 0.5956993044924378 -5.5654309049074516e-18
    outer loop
      vertex 5.75950497725702 77.16659181160003 2
      vertex 6.057646687850042 76.76459425076541 2
      vertex 6.057646687850042 76.76459425076541 0
    endloop
  endfacet
  facet normal 0.9039892931234446 0.4275550934302795 1.750160342264332e-18
    outer loop
      vertex 5.288214384192438 78.04831449493804 2
      vertex 5.50220155182339 77.5958766421874 2
      vertex 5.50220155182339 77.5958766421874 0
    endloop
  endfacet
  facet normal 0.9415440651830203 0.3368898533922216 4.075586939599474e-18
    outer loop
      vertex 5.1196042877657355 78.51954814600224 2
      vertex 5.288214384192438 78.04831449493804 2
      vertex 5.288214384192438 78.04831449493804 0
    endloop
  endfacet
  facet normal 0.970031253194545 0.24298017990326043 -2.619843336630911e-18
    outer loop
      vertex 4.997995069943525 79.00503935771775 2
      vertex 5.1196042877657355 78.51954814600224 2
      vertex 5.1196042877657355 78.51954814600224 0
    endloop
  endfacet
  facet normal 0.04906767432740388 0.9987954562051732 0
    outer loop
      vertex 9.500112584319242 74.9245578939718 2
      vertex 10 74.9 0
      vertex 9.500112584319242 74.9245578939718 0
    endloop
  endfacet
  facet normal -0.04906767432740388 0.9987954562051732 0
    outer loop
      vertex 10 74.9 2
      vertex 10.499887415680758 74.9245578939718 0
      vertex 10 74.9 0
    endloop
  endfacet
  facet normal -0.1467304744553703 0.9891765099647797 0
    outer loop
      vertex 10.499887415680758 74.9245578939718 2
      vertex 10.994960642282255 74.99799506994353 0
      vertex 10.499887415680758 74.9245578939718 0
    endloop
  endfacet
  facet normal -0.24298017990326626 0.9700312531945433 0
    outer loop
      vertex 10.994960642282255 74.99799506994353 2
      vertex 11.480451853997758 75.11960428776574 0
      vertex 10.994960642282255 74.99799506994353 0
    endloop
  endfacet
  facet normal -0.33688985339222255 0.94154406518302 0
    outer loop
      vertex 11.480451853997758 75.11960428776574 2
      vertex 11.951685505061958 75.28821438419244 0
      vertex 11.480451853997758 75.11960428776574 0
    endloop
  endfacet
  facet normal -0.4275550934302749 0.9039892931234468 0
    outer loop
      vertex 11.951685505061958 75.28821438419244 2
      vertex 12.404123357812587 75.50220155182339 0
      vertex 11.951685505061958 75.28821438419244 0
    endloop
  endfacet
  facet normal -0.5141027441932258 0.8577286100002696 0
    outer loop
      vertex 12.404123357812587 75.50220155182339 2
      vertex 12.833408188399972 75.75950497725702 0
      vertex 12.404123357812587 75.50220155182339 0
    endloop
  endfacet
  facet normal -0.5956993044924251 0.8032075314806509 0
    outer loop
      vertex 12.833408188399972 75.75950497725702 2
      vertex 13.235405749234591 76.05764668785004 0
      vertex 12.833408188399972 75.75950497725702 0
    endloop
  endfacet
  facet normal 0.04906767432740388 0.9987954562051732 0
    outer loop
      vertex 10 74.9 2
      vertex 10 74.9 0
      vertex 9.500112584319242 74.9245578939718 2
    endloop
  endfacet
  facet normal -0.04906767432740388 0.9987954562051732 0
    outer loop
      vertex 10.499887415680758 74.9245578939718 2
      vertex 10.499887415680758 74.9245578939718 0
      vertex 10 74.9 2
    endloop
  endfacet
  facet normal -0.1467304744553703 0.9891765099647797 0
    outer loop
      vertex 10.994960642282255 74.99799506994353 2
      vertex 10.994960642282255 74.99799506994353 0
      vertex 10.499887415680758 74.9245578939718 2
    endloop
  endfacet
  facet normal -0.24298017990326626 0.9700312531945433 0
    outer loop
      vertex 11.480451853997758 75.11960428776574 2
      vertex 11.480451853997758 75.11960428776574 0
      vertex 10.994960642282255 74.99799506994353 2
    endloop
  endfacet
  facet normal -0.33688985339222255 0.94154406518302 0
    outer loop
      vertex 11.951685505061958 75.28821438419244 2
      vertex 11.951685505061958 75.28821438419244 0
      vertex 11.480451853997758 75.11960428776574 2
    endloop
  endfacet
  facet normal -0.4275550934302749 0.9039892931234468 0
    outer loop
      vertex 12.404123357812587 75.50220155182339 2
      vertex 12.404123357812587 75.50220155182339 0
      vertex 11.951685505061958 75.28821438419244 2
    endloop
  endfacet
  facet normal -0.5141027441932258 0.8577286100002696 0
    outer loop
      vertex 12.833408188399972 75.75950497725702 2
      vertex 12.833408188399972 75.75950497725702 0
      vertex 12.404123357812587 75.50220155182339 2
    endloop
  endfacet
  facet normal -0.6715589548470169 0.7409511253549605 0
    outer loop
      vertex 13.235405749234591 76.05764668785004 2
      vertex 13.606244584051392 76.3937554159486 0
      vertex 13.235405749234591 76.05764668785004 0
    endloop
  endfacet
  facet normal -0.7409511253549669 0.6715589548470098 0
    outer loop
      vertex 13.606244584051392 76.3937554159486 0
      vertex 13.606244584051392 76.3937554159486 2
      vertex 13.942353312149958 76.76459425076541 0
    endloop
  endfacet
  facet normal -0.8032075314806417 0.5956993044924378 0
    outer loop
      vertex 13.942353312149958 76.76459425076541 2
      vertex 14.24049502274298 77.16659181160003 0
      vertex 13.942353312149958 76.76459425076541 0
    endloop
  endfacet
  facet normal -0.5956993044924251 0.8032075314806509 0
    outer loop
      vertex 13.235405749234591 76.05764668785004 2
      vertex 13.235405749234591 76.05764668785004 0
      vertex 12.833408188399972 75.75950497725702 2
    endloop
  endfacet
  facet normal -0.6715589548470169 0.7409511253549605 0
    outer loop
      vertex 13.606244584051392 76.3937554159486 2
      vertex 13.606244584051392 76.3937554159486 0
      vertex 13.235405749234591 76.05764668785004 2
    endloop
  endfacet
  facet normal -0.7409511253549669 0.6715589548470098 3.958445727946649e-18
    outer loop
      vertex 13.606244584051392 76.3937554159486 2
      vertex 13.942353312149958 76.76459425076541 2
      vertex 13.942353312149958 76.76459425076541 0
    endloop
  endfacet
  facet normal -0.8577286100002691 0.5141027441932269 0
    outer loop
      vertex 14.24049502274298 77.16659181160003 2
      vertex 14.49779844817661 77.5958766421874 0
      vertex 14.24049502274298 77.16659181160003 0
    endloop
  endfacet
  facet normal -0.9039892931234446 0.4275550934302795 0
    outer loop
      vertex 14.49779844817661 77.5958766421874 2
      vertex 14.711785615807562 78.04831449493804 0
      vertex 14.49779844817661 77.5958766421874 0
    endloop
  endfacet
  facet normal -0.9415440651830203 0.3368898533922216 0
    outer loop
      vertex 14.711785615807562 78.04831449493804 2
      vertex 14.880395712234264 78.51954814600224 0
      vertex 14.711785615807562 78.04831449493804 0
    endloop
  endfacet
  facet normal -0.9700312531945445 0.2429801799032621 0
    outer loop
      vertex 14.880395712234264 78.51954814600224 2
      vertex 15.002004930056476 79.00503935771775 0
      vertex 14.880395712234264 78.51954814600224 0
    endloop
  endfacet
  facet normal -0.8032075314806417 0.5956993044924378 5.5654309049074516e-18
    outer loop
      vertex 13.942353312149958 76.76459425076541 2
      vertex 14.24049502274298 77.16659181160003 2
      vertex 14.24049502274298 77.16659181160003 0
    endloop
  endfacet
  facet normal -0.8577286100002691 0.5141027441932269 -6.278504283718735e-19
    outer loop
      vertex 14.24049502274298 77.16659181160003 2
      vertex 14.49779844817661 77.5958766421874 2
      vertex 14.49779844817661 77.5958766421874 0
    endloop
  endfacet
  facet normal -0.9039892931234446 0.4275550934302795 -1.750160342264332e-18
    outer loop
      vertex 14.49779844817661 77.5958766421874 2
      vertex 14.711785615807562 78.04831449493804 2
      vertex 14.711785615807562 78.04831449493804 0
    endloop
  endfacet
  facet normal -0.9415440651830203 0.3368898533922216 -4.075586939599474e-18
    outer loop
      vertex 14.711785615807562 78.04831449493804 2
      vertex 14.880395712234264 78.51954814600224 2
      vertex 14.880395712234264 78.51954814600224 0
    endloop
  endfacet
  facet normal 0.970031253194545 0.24298017990326043 0
    outer loop
      vertex 4.997995069943525 79.00503935771775 2
      vertex 5.1196042877657355 78.51954814600224 0
      vertex 4.997995069943525 79.00503935771775 0
    endloop
  endfacet
  facet normal 0.9891765099647807 0.14673047445536314 0
    outer loop
      vertex 4.924557893971796 79.50011258431924 2
      vertex 4.997995069943525 79.00503935771775 0
      vertex 4.924557893971796 79.50011258431924 0
    endloop
  endfacet
  facet normal 0.9987954562051725 0.049067674327417876 0
    outer loop
      vertex 4.9 80 2
      vertex 4.924557893971796 79.50011258431924 0
      vertex 4.9 80 0
    endloop
  endfacet
  facet normal 0.9987954562051725 -0.049067674327417876 0
    outer loop
      vertex 4.924557893971796 80.49988741568076 2
      vertex 4.9 80 0
      vertex 4.924557893971796 80.49988741568076 0
    endloop
  endfacet
  facet normal 0.9891765099647807 -0.14673047445536314 0
    outer loop
      vertex 4.997995069943525 80.99496064228225 2
      vertex 4.924557893971796 80.49988741568076 0
      vertex 4.997995069943525 80.99496064228225 0
    endloop
  endfacet
  facet normal 0.970031253194545 -0.24298017990326043 0
    outer loop
      vertex 5.1196042877657355 81.48045185399776 2
      vertex 4.997995069943525 80.99496064228225 0
      vertex 5.1196042877657355 81.48045185399776 0
    endloop
  endfacet
  facet normal 0.9891765099647807 0.14673047445536314 -1.228001606488768e-18
    outer loop
      vertex 4.924557893971796 79.50011258431924 2
      vertex 4.997995069943525 79.00503935771775 2
      vertex 4.997995069943525 79.00503935771775 0
    endloop
  endfacet
  facet normal 0.9987954562051725 0.049067674327417876 -8.864007211910697e-20
    outer loop
      vertex 4.9 80 2
      vertex 4.924557893971796 79.50011258431924 2
      vertex 4.924557893971796 79.50011258431924 0
    endloop
  endfacet
  facet normal 0.9987954562051725 -0.049067674327417876 8.864007211910697e-20
    outer loop
      vertex 4.924557893971796 80.49988741568076 2
      vertex 4.9 80 2
      vertex 4.9 80 0
    endloop
  endfacet
  facet normal 0.9891765099647807 -0.14673047445536314 1.228001606488768e-18
    outer loop
      vertex 4.997995069943525 80.99496064228225 2
      vertex 4.924557893971796 80.49988741568076 2
      vertex 4.924557893971796 80.49988741568076 0
    endloop
  endfacet
  facet normal 0.970031253194545 -0.24298017990326043 2.619843336630911e-18
    outer loop
      vertex 5.1196042877657355 81.48045185399776 2
      vertex 4.997995069943525 80.99496064228225 2
      vertex 4.997995069943525 80.99496064228225 0
    endloop
  endfacet
  facet normal 0.9415440651830203 -0.3368898533922216 0
    outer loop
      vertex 5.288214384192438 81.95168550506196 2
      vertex 5.1196042877657355 81.48045185399776 0
      vertex 5.288214384192438 81.95168550506196 0
    endloop
  endfacet
  facet normal 0.9039892931234446 -0.4275550934302795 0
    outer loop
      vertex 5.50220155182339 82.4041233578126 2
      vertex 5.288214384192438 81.95168550506196 0
      vertex 5.50220155182339 82.4041233578126 0
    endloop
  endfacet
  facet normal 0.8577286100002691 -0.5141027441932269 0
    outer loop
      vertex 5.75950497725702 82.83340818839997 2
      vertex 5.50220155182339 82.4041233578126 0
      vertex 5.75950497725702 82.83340818839997 0
    endloop
  endfacet
  facet normal 0.8032075314806417 -0.5956993044924378 0
    outer loop
      vertex 6.057646687850042 83.23540574923459 2
      vertex 5.75950497725702 82.83340818839997 0
      vertex 6.057646687850042 83.23540574923459 0
    endloop
  endfacet
  facet normal 0.7409511253549669 -0.6715589548470098 0
    outer loop
      vertex 6.393755415948608 83.6062445840514 2
      vertex 6.057646687850042 83.23540574923459 0
      vertex 6.393755415948608 83.6062445840514 0
    endloop
  endfacet
  facet normal 0.6715589548470178 -0.7409511253549598 0
    outer loop
      vertex 6.764594250765408 83.94235331214996 2
      vertex 6.393755415948608 83.6062445840514 0
      vertex 6.764594250765408 83.94235331214996 0
    endloop
  endfacet
  facet normal 0.5956993044924244 -0.8032075314806517 0
    outer loop
      vertex 7.1665918116000284 84.24049502274298 2
      vertex 6.764594250765408 83.94235331214996 0
      vertex 7.1665918116000284 84.24049502274298 0
    endloop
  endfacet
  facet normal 0.9415440651830203 -0.3368898533922216 0
    outer loop
      vertex 5.1196042877657355 81.48045185399776 2
      vertex 5.1196042877657355 81.48045185399776 0
      vertex 5.288214384192438 81.95168550506196 2
    endloop
  endfacet
  facet normal 0.9039892931234446 -0.4275550934302795 -1.750160342264332e-18
    outer loop
      vertex 5.50220155182339 82.4041233578126 2
      vertex 5.288214384192438 81.95168550506196 2
      vertex 5.288214384192438 81.95168550506196 0
    endloop
  endfacet
  facet normal 0.8577286100002691 -0.5141027441932269 -6.278504283718735e-19
    outer loop
      vertex 5.75950497725702 82.83340818839997 2
      vertex 5.50220155182339 82.4041233578126 2
      vertex 5.50220155182339 82.4041233578126 0
    endloop
  endfacet
  facet normal 0.8032075314806417 -0.5956993044924378 5.5654309049074516e-18
    outer loop
      vertex 6.057646687850042 83.23540574923459 2
      vertex 5.75950497725702 82.83340818839997 2
      vertex 5.75950497725702 82.83340818839997 0
    endloop
  endfacet
  facet normal 0.7409511253549669 -0.6715589548470098 3.958445727946649e-18
    outer loop
      vertex 6.393755415948608 83.6062445840514 2
      vertex 6.057646687850042 83.23540574923459 2
      vertex 6.057646687850042 83.23540574923459 0
    endloop
  endfacet
  facet normal 0.6715589548470178 -0.7409511253549598 0
    outer loop
      vertex 6.393755415948608 83.6062445840514 2
      vertex 6.393755415948608 83.6062445840514 0
      vertex 6.764594250765408 83.94235331214996 2
    endloop
  endfacet
  facet normal 0.5956993044924244 -0.8032075314806517 -2.2153542649981035e-19
    outer loop
      vertex 7.1665918116000284 84.24049502274298 2
      vertex 6.764594250765408 83.94235331214996 2
      vertex 6.764594250765408 83.94235331214996 0
    endloop
  endfacet
  facet normal 0.5141027441932265 -0.8577286100002691 1.7131355697022352e-18
    outer loop
      vertex 7.595876642187412 84.49779844817661 2
      vertex 7.1665918116000284 84.24049502274298 2
      vertex 7.1665918116000284 84.24049502274298 0
    endloop
  endfacet
  facet normal 0.5141027441932265 -0.8577286100002691 0
    outer loop
      vertex 7.595876642187412 84.49779844817661 0
      vertex 7.595876642187412 84.49779844817661 2
      vertex 7.1665918116000284 84.24049502274298 0
    endloop
  endfacet
  facet normal 0.42755509343027426 -0.9039892931234471 0
    outer loop
      vertex 8.048314494938042 84.71178561580756 0
      vertex 8.048314494938042 84.71178561580756 2
      vertex 7.595876642187412 84.49779844817661 0
    endloop
  endfacet
  facet normal 0.33688985339222255 -0.94154406518302 0
    outer loop
      vertex 8.519548146002242 84.88039571223426 0
      vertex 8.519548146002242 84.88039571223426 2
      vertex 8.048314494938042 84.71178561580756 0
    endloop
  endfacet
  facet normal 0.24298017990326626 -0.9700312531945433 0
    outer loop
      vertex 9.005039357717745 85.00200493005647 0
      vertex 9.005039357717745 85.00200493005647 2
      vertex 8.519548146002242 84.88039571223426 0
    endloop
  endfacet
  facet normal 0.1467304744553703 -0.9891765099647797 0
    outer loop
      vertex 9.500112584319242 85.0754421060282 0
      vertex 9.500112584319242 85.0754421060282 2
      vertex 9.005039357717745 85.00200493005647 0
    endloop
  endfacet
  facet normal 0.42755509343027426 -0.9039892931234471 0
    outer loop
      vertex 7.595876642187412 84.49779844817661 0
      vertex 8.048314494938042 84.71178561580756 2
      vertex 7.595876642187412 84.49779844817661 2
    endloop
  endfacet
  facet normal 0.33688985339222255 -0.94154406518302 0
    outer loop
      vertex 8.048314494938042 84.71178561580756 0
      vertex 8.519548146002242 84.88039571223426 2
      vertex 8.048314494938042 84.71178561580756 2
    endloop
  endfacet
  facet normal 0.24298017990326626 -0.9700312531945433 0
    outer loop
      vertex 8.519548146002242 84.88039571223426 0
      vertex 9.005039357717745 85.00200493005647 2
      vertex 8.519548146002242 84.88039571223426 2
    endloop
  endfacet
  facet normal 0.1467304744553703 -0.9891765099647797 0
    outer loop
      vertex 9.005039357717745 85.00200493005647 0
      vertex 9.500112584319242 85.0754421060282 2
      vertex 9.005039357717745 85.00200493005647 2
    endloop
  endfacet
  facet normal -0.5141027441932258 -0.8577286100002696 0
    outer loop
      vertex 12.833408188399972 84.24049502274298 0
      vertex 12.833408188399972 84.24049502274298 2
      vertex 12.404123357812587 84.49779844817661 0
    endloop
  endfacet
  facet normal -0.7409511253549669 -0.6715589548470098 -3.958445727946649e-18
    outer loop
      vertex 13.606244584051392 83.6062445840514 0
      vertex 13.942353312149958 83.23540574923459 0
      vertex 13.942353312149958 83.23540574923459 2
    endloop
  endfacet
  facet normal -0.5956993044924251 -0.8032075314806509 0
    outer loop
      vertex 13.235405749234591 83.94235331214996 0
      vertex 13.235405749234591 83.94235331214996 2
      vertex 12.833408188399972 84.24049502274298 0
    endloop
  endfacet
  facet normal -0.6715589548470169 -0.7409511253549605 0
    outer loop
      vertex 13.606244584051392 83.6062445840514 0
      vertex 13.606244584051392 83.6062445840514 2
      vertex 13.235405749234591 83.94235331214996 0
    endloop
  endfacet
  facet normal -0.8032075314806417 -0.5956993044924378 0
    outer loop
      vertex 13.942353312149958 83.23540574923459 0
      vertex 14.24049502274298 82.83340818839997 2
      vertex 13.942353312149958 83.23540574923459 2
    endloop
  endfacet
  facet normal -0.7409511253549669 -0.6715589548470098 0
    outer loop
      vertex 13.606244584051392 83.6062445840514 0
      vertex 13.942353312149958 83.23540574923459 2
      vertex 13.606244584051392 83.6062445840514 2
    endloop
  endfacet
  facet normal -0.6715589548470169 -0.7409511253549605 0
    outer loop
      vertex 13.235405749234591 83.94235331214996 0
      vertex 13.606244584051392 83.6062445840514 2
      vertex 13.235405749234591 83.94235331214996 2
    endloop
  endfacet
  facet normal -0.5956993044924251 -0.8032075314806509 0
    outer loop
      vertex 12.833408188399972 84.24049502274298 0
      vertex 13.235405749234591 83.94235331214996 2
      vertex 12.833408188399972 84.24049502274298 2
    endloop
  endfacet
  facet normal -0.9891765099647811 0.14673047445536144 0
    outer loop
      vertex 15.002004930056476 79.00503935771775 2
      vertex 15.075442106028204 79.50011258431924 0
      vertex 15.002004930056476 79.00503935771775 0
    endloop
  endfacet
  facet normal -0.9987954562051725 0.049067674327417876 8.864007211910697e-20
    outer loop
      vertex 15.1 80 0
      vertex 15.075442106028204 79.50011258431924 0
      vertex 15.075442106028204 79.50011258431924 2
    endloop
  endfacet
  facet normal -0.9987954562051725 -0.049067674327417876 -8.864007211910697e-20
    outer loop
      vertex 15.075442106028204 80.49988741568076 0
      vertex 15.1 80 0
      vertex 15.1 80 2
    endloop
  endfacet
  facet normal -0.9891765099647811 -0.14673047445536144 1.3325277429781214e-18
    outer loop
      vertex 15.002004930056476 80.99496064228225 0
      vertex 15.075442106028204 80.49988741568076 0
      vertex 15.075442106028204 80.49988741568076 2
    endloop
  endfacet
  facet normal -0.9700312531945445 -0.2429801799032621 3.3218292653621015e-18
    outer loop
      vertex 14.880395712234264 81.48045185399776 0
      vertex 15.002004930056476 80.99496064228225 0
      vertex 15.002004930056476 80.99496064228225 2
    endloop
  endfacet
  facet normal -0.9700312531945445 0.2429801799032621 -3.3218292653621015e-18
    outer loop
      vertex 14.880395712234264 78.51954814600224 2
      vertex 15.002004930056476 79.00503935771775 2
      vertex 15.002004930056476 79.00503935771775 0
    endloop
  endfacet
  facet normal -0.9891765099647811 0.14673047445536144 -1.3325277429781214e-18
    outer loop
      vertex 15.002004930056476 79.00503935771775 2
      vertex 15.075442106028204 79.50011258431924 2
      vertex 15.075442106028204 79.50011258431924 0
    endloop
  endfacet
  facet normal -0.9987954562051725 0.049067674327417876 0
    outer loop
      vertex 15.1 80 0
      vertex 15.075442106028204 79.50011258431924 2
      vertex 15.1 80 2
    endloop
  endfacet
  facet normal -0.9987954562051725 -0.049067674327417876 0
    outer loop
      vertex 15.075442106028204 80.49988741568076 0
      vertex 15.1 80 2
      vertex 15.075442106028204 80.49988741568076 2
    endloop
  endfacet
  facet normal -0.9891765099647811 -0.14673047445536144 0
    outer loop
      vertex 15.002004930056476 80.99496064228225 0
      vertex 15.075442106028204 80.49988741568076 2
      vertex 15.002004930056476 80.99496064228225 2
    endloop
  endfacet
  facet normal -0.9700312531945445 -0.2429801799032621 0
    outer loop
      vertex 14.880395712234264 81.48045185399776 0
      vertex 15.002004930056476 80.99496064228225 2
      vertex 14.880395712234264 81.48045185399776 2
    endloop
  endfacet
  facet normal -0.9039892931234446 -0.4275550934302795 1.750160342264332e-18
    outer loop
      vertex 14.49779844817661 82.4041233578126 0
      vertex 14.711785615807562 81.95168550506196 0
      vertex 14.711785615807562 81.95168550506196 2
    endloop
  endfacet
  facet normal -0.9415440651830203 -0.3368898533922216 0
    outer loop
      vertex 14.880395712234264 81.48045185399776 0
      vertex 14.880395712234264 81.48045185399776 2
      vertex 14.711785615807562 81.95168550506196 0
    endloop
  endfacet
  facet normal -0.8577286100002691 -0.5141027441932269 6.278504283718735e-19
    outer loop
      vertex 14.24049502274298 82.83340818839997 0
      vertex 14.49779844817661 82.4041233578126 0
      vertex 14.49779844817661 82.4041233578126 2
    endloop
  endfacet
  facet normal -0.8032075314806417 -0.5956993044924378 -5.5654309049074516e-18
    outer loop
      vertex 13.942353312149958 83.23540574923459 0
      vertex 14.24049502274298 82.83340818839997 0
      vertex 14.24049502274298 82.83340818839997 2
    endloop
  endfacet
  facet normal -0.9039892931234446 -0.4275550934302795 0
    outer loop
      vertex 14.49779844817661 82.4041233578126 0
      vertex 14.711785615807562 81.95168550506196 2
      vertex 14.49779844817661 82.4041233578126 2
    endloop
  endfacet
  facet normal -0.9415440651830203 -0.3368898533922216 0
    outer loop
      vertex 14.711785615807562 81.95168550506196 0
      vertex 14.880395712234264 81.48045185399776 2
      vertex 14.711785615807562 81.95168550506196 2
    endloop
  endfacet
  facet normal -0.8577286100002691 -0.5141027441932269 0
    outer loop
      vertex 14.24049502274298 82.83340818839997 0
      vertex 14.49779844817661 82.4041233578126 2
      vertex 14.24049502274298 82.83340818839997 2
    endloop
  endfacet
  facet normal 0.04906767432740388 -0.9987954562051732 0
    outer loop
      vertex 10 85.1 0
      vertex 10 85.1 2
      vertex 9.500112584319242 85.0754421060282 0
    endloop
  endfacet
  facet normal -0.04906767432740388 -0.9987954562051732 0
    outer loop
      vertex 10.499887415680758 85.0754421060282 0
      vertex 10.499887415680758 85.0754421060282 2
      vertex 10 85.1 0
    endloop
  endfacet
  facet normal -0.1467304744553703 -0.9891765099647797 0
    outer loop
      vertex 10.994960642282255 85.00200493005647 0
      vertex 10.994960642282255 85.00200493005647 2
      vertex 10.499887415680758 85.0754421060282 0
    endloop
  endfacet
  facet normal -0.24298017990326626 -0.9700312531945433 0
    outer loop
      vertex 11.480451853997758 84.88039571223426 0
      vertex 11.480451853997758 84.88039571223426 2
      vertex 10.994960642282255 85.00200493005647 0
    endloop
  endfacet
  facet normal -0.4275550934302749 -0.9039892931234468 0
    outer loop
      vertex 12.404123357812587 84.49779844817661 0
      vertex 12.404123357812587 84.49779844817661 2
      vertex 11.951685505061958 84.71178561580756 0
    endloop
  endfacet
  facet normal -0.33688985339222255 -0.94154406518302 0
    outer loop
      vertex 11.951685505061958 84.71178561580756 0
      vertex 11.951685505061958 84.71178561580756 2
      vertex 11.480451853997758 84.88039571223426 0
    endloop
  endfacet
  facet normal 0.04906767432740388 -0.9987954562051732 0
    outer loop
      vertex 9.500112584319242 85.0754421060282 0
      vertex 10 85.1 2
      vertex 9.500112584319242 85.0754421060282 2
    endloop
  endfacet
  facet normal -0.04906767432740388 -0.9987954562051732 0
    outer loop
      vertex 10 85.1 0
      vertex 10.499887415680758 85.0754421060282 2
      vertex 10 85.1 2
    endloop
  endfacet
  facet normal -0.1467304744553703 -0.9891765099647797 0
    outer loop
      vertex 10.499887415680758 85.0754421060282 0
      vertex 10.994960642282255 85.00200493005647 2
      vertex 10.499887415680758 85.0754421060282 2
    endloop
  endfacet
  facet normal -0.24298017990326626 -0.9700312531945433 0
    outer loop
      vertex 10.994960642282255 85.00200493005647 0
      vertex 11.480451853997758 84.88039571223426 2
      vertex 10.994960642282255 85.00200493005647 2
    endloop
  endfacet
  facet normal -0.33688985339222255 -0.94154406518302 0
    outer loop
      vertex 11.480451853997758 84.88039571223426 0
      vertex 11.951685505061958 84.71178561580756 2
      vertex 11.480451853997758 84.88039571223426 2
    endloop
  endfacet
  facet normal -0.4275550934302749 -0.9039892931234468 0
    outer loop
      vertex 11.951685505061958 84.71178561580756 0
      vertex 12.404123357812587 84.49779844817661 2
      vertex 11.951685505061958 84.71178561580756 2
    endloop
  endfacet
  facet normal -0.5141027441932258 -0.8577286100002696 0
    outer loop
      vertex 12.404123357812587 84.49779844817661 0
      vertex 12.833408188399972 84.24049502274298 2
      vertex 12.404123357812587 84.49779844817661 2
    endloop
  endfacet
  facet normal 0.803207531480635 0.5956993044924469 -3.108018569377931e-18
    outer loop
      vertex 136.05764668785005 76.76459425076541 0
      vertex 135.75950497725702 77.16659181160003 0
      vertex 135.75950497725702 77.16659181160003 2
    endloop
  endfacet
  facet normal 0.8577286100002658 0.514102744193232 2.0570181792179464e-18
    outer loop
      vertex 135.75950497725702 77.16659181160003 0
      vertex 135.5022015518234 77.5958766421874 0
      vertex 135.5022015518234 77.5958766421874 2
    endloop
  endfacet
  facet normal 0.9039892931234378 0.427555093430294 -6.0169178278491885e-18
    outer loop
      vertex 135.5022015518234 77.5958766421874 0
      vertex 135.28821438419243 78.04831449493804 0
      vertex 135.28821438419243 78.04831449493804 2
    endloop
  endfacet
  facet normal 0.9415440651830191 0.33688985339222477 -3.3194178500182873e-19
    outer loop
      vertex 135.28821438419243 78.04831449493804 0
      vertex 135.11960428776572 78.51954814600224 0
      vertex 135.11960428776572 78.51954814600224 2
    endloop
  endfacet
  facet normal 0.8577286100002658 0.514102744193232 0
    outer loop
      vertex 135.75950497725702 77.16659181160003 0
      vertex 135.5022015518234 77.5958766421874 2
      vertex 135.75950497725702 77.16659181160003 2
    endloop
  endfacet
  facet normal 0.9039892931234378 0.427555093430294 0
    outer loop
      vertex 135.5022015518234 77.5958766421874 0
      vertex 135.28821438419243 78.04831449493804 2
      vertex 135.5022015518234 77.5958766421874 2
    endloop
  endfacet
  facet normal 0.9415440651830191 0.33688985339222477 0
    outer loop
      vertex 135.28821438419243 78.04831449493804 0
      vertex 135.11960428776572 78.51954814600224 2
      vertex 135.28821438419243 78.04831449493804 2
    endloop
  endfacet
  facet normal 0.9700312531945512 0.2429801799032354 0
    outer loop
      vertex 135.11960428776572 78.51954814600224 0
      vertex 134.99799506994353 79.00503935771775 2
      vertex 135.11960428776572 78.51954814600224 2
    endloop
  endfacet
  facet normal 0.3368898533922157 0.9415440651830222 0
    outer loop
      vertex 138.04831449493804 75.28821438419244 0
      vertex 138.04831449493804 75.28821438419244 2
      vertex 138.51954814600225 75.11960428776574 0
    endloop
  endfacet
  facet normal 0.5141027441932194 0.8577286100002733 0
    outer loop
      vertex 137.16659181160003 75.75950497725702 0
      vertex 137.16659181160003 75.75950497725702 2
      vertex 137.59587664218742 75.50220155182339 0
    endloop
  endfacet
  facet normal 0.42755509343028175 0.9039892931234434 -2.047586882658635e-19
    outer loop
      vertex 138.04831449493804 75.28821438419244 0
      vertex 137.59587664218742 75.50220155182339 0
      vertex 137.59587664218742 75.50220155182339 2
    endloop
  endfacet
  facet normal 0.24298017990326878 0.9700312531945429 0
    outer loop
      vertex 138.51954814600225 75.11960428776574 0
      vertex 138.51954814600225 75.11960428776574 2
      vertex 139.00503935771775 74.99799506994353 0
    endloop
  endfacet
  facet normal 0.14673047445536772 0.9891765099647801 0
    outer loop
      vertex 139.00503935771775 74.99799506994353 0
      vertex 139.00503935771775 74.99799506994353 2
      vertex 139.50011258431925 74.9245578939718 0
    endloop
  endfacet
  facet normal 0.04906767432740509 0.998795456205173 0
    outer loop
      vertex 139.50011258431925 74.9245578939718 0
      vertex 139.50011258431925 74.9245578939718 2
      vertex 140 74.9 0
    endloop
  endfacet
  facet normal -0.04906767432740509 0.998795456205173 0
    outer loop
      vertex 140 74.9 0
      vertex 140 74.9 2
      vertex 140.49988741568075 74.9245578939718 0
    endloop
  endfacet
  facet normal 0.5956993044924286 0.8032075314806485 0
    outer loop
      vertex 137.16659181160003 75.75950497725702 0
      vertex 136.7645942507654 76.05764668785004 2
      vertex 137.16659181160003 75.75950497725702 2
    endloop
  endfacet
  facet normal 0.5141027441932194 0.8577286100002733 -4.5798770774383885e-18
    outer loop
      vertex 137.16659181160003 75.75950497725702 2
      vertex 137.59587664218742 75.50220155182339 2
      vertex 137.59587664218742 75.50220155182339 0
    endloop
  endfacet
  facet normal 0.42755509343028175 0.9039892931234434 0
    outer loop
      vertex 138.04831449493804 75.28821438419244 0
      vertex 137.59587664218742 75.50220155182339 2
      vertex 138.04831449493804 75.28821438419244 2
    endloop
  endfacet
  facet normal 0.3368898533922157 0.9415440651830222 0
    outer loop
      vertex 138.51954814600225 75.11960428776574 0
      vertex 138.04831449493804 75.28821438419244 2
      vertex 138.51954814600225 75.11960428776574 2
    endloop
  endfacet
  facet normal 0.24298017990326878 0.9700312531945429 0
    outer loop
      vertex 139.00503935771775 74.99799506994353 0
      vertex 138.51954814600225 75.11960428776574 2
      vertex 139.00503935771775 74.99799506994353 2
    endloop
  endfacet
  facet normal 0.14673047445536772 0.9891765099647801 0
    outer loop
      vertex 139.50011258431925 74.9245578939718 0
      vertex 139.00503935771775 74.99799506994353 2
      vertex 139.50011258431925 74.9245578939718 2
    endloop
  endfacet
  facet normal 0.04906767432740509 0.998795456205173 0
    outer loop
      vertex 140 74.9 0
      vertex 139.50011258431925 74.9245578939718 2
      vertex 140 74.9 2
    endloop
  endfacet
  facet normal -0.04906767432740509 0.998795456205173 0
    outer loop
      vertex 140.49988741568075 74.9245578939718 0
      vertex 140 74.9 2
      vertex 140.49988741568075 74.9245578939718 2
    endloop
  endfacet
  facet normal 0.6715589548470239 0.7409511253549541 -1.5275317440401946e-18
    outer loop
      vertex 136.7645942507654 76.05764668785004 0
      vertex 136.39375541594862 76.3937554159486 0
      vertex 136.39375541594862 76.3937554159486 2
    endloop
  endfacet
  facet normal 0.5956993044924286 0.8032075314806485 0
    outer loop
      vertex 136.7645942507654 76.05764668785004 0
      vertex 136.7645942507654 76.05764668785004 2
      vertex 137.16659181160003 75.75950497725702 0
    endloop
  endfacet
  facet normal 0.7409511253549669 0.6715589548470098 -3.958445727946649e-18
    outer loop
      vertex 136.39375541594862 76.3937554159486 0
      vertex 136.05764668785005 76.76459425076541 0
      vertex 136.05764668785005 76.76459425076541 2
    endloop
  endfacet
  facet normal 0.7409511253549669 0.6715589548470098 0
    outer loop
      vertex 136.39375541594862 76.3937554159486 0
      vertex 136.05764668785005 76.76459425076541 2
      vertex 136.39375541594862 76.3937554159486 2
    endloop
  endfacet
  facet normal 0.6715589548470239 0.7409511253549541 0
    outer loop
      vertex 136.7645942507654 76.05764668785004 0
      vertex 136.39375541594862 76.3937554159486 2
      vertex 136.7645942507654 76.05764668785004 2
    endloop
  endfacet
  facet normal 0.803207531480635 0.5956993044924469 0
    outer loop
      vertex 136.05764668785005 76.76459425076541 0
      vertex 135.75950497725702 77.16659181160003 2
      vertex 136.05764668785005 76.76459425076541 2
    endloop
  endfacet
  facet normal -0.14673047445536772 0.9891765099647801 0
    outer loop
      vertex 140.49988741568075 74.9245578939718 0
      vertex 140.49988741568075 74.9245578939718 2
      vertex 140.99496064228225 74.99799506994353 0
    endloop
  endfacet
  facet normal -0.24298017990326878 0.9700312531945429 0
    outer loop
      vertex 140.99496064228225 74.99799506994353 0
      vertex 140.99496064228225 74.99799506994353 2
      vertex 141.48045185399775 75.11960428776574 0
    endloop
  endfacet
  facet normal -0.3368898533922157 0.9415440651830222 0
    outer loop
      vertex 141.48045185399775 75.11960428776574 0
      vertex 141.48045185399775 75.11960428776574 2
      vertex 141.95168550506196 75.28821438419244 0
    endloop
  endfacet
  facet normal -0.42755509343028175 0.9039892931234434 0
    outer loop
      vertex 141.95168550506196 75.28821438419244 0
      vertex 141.95168550506196 75.28821438419244 2
      vertex 142.40412335781258 75.50220155182339 0
    endloop
  endfacet
  facet normal -0.5141027441932194 0.8577286100002733 0
    outer loop
      vertex 142.40412335781258 75.50220155182339 0
      vertex 142.40412335781258 75.50220155182339 2
      vertex 142.83340818839997 75.75950497725702 0
    endloop
  endfacet
  facet normal -0.5956993044924286 0.8032075314806485 0
    outer loop
      vertex 142.83340818839997 75.75950497725702 0
      vertex 142.83340818839997 75.75950497725702 2
      vertex 143.2354057492346 76.05764668785004 0
    endloop
  endfacet
  facet normal -0.14673047445536772 0.9891765099647801 0
    outer loop
      vertex 140.99496064228225 74.99799506994353 0
      vertex 140.49988741568075 74.9245578939718 2
      vertex 140.99496064228225 74.99799506994353 2
    endloop
  endfacet
  facet normal -0.24298017990326878 0.9700312531945429 0
    outer loop
      vertex 141.48045185399775 75.11960428776574 0
      vertex 140.99496064228225 74.99799506994353 2
      vertex 141.48045185399775 75.11960428776574 2
    endloop
  endfacet
  facet normal -0.3368898533922157 0.9415440651830222 0
    outer loop
      vertex 141.95168550506196 75.28821438419244 0
      vertex 141.48045185399775 75.11960428776574 2
      vertex 141.95168550506196 75.28821438419244 2
    endloop
  endfacet
  facet normal -0.42755509343028175 0.9039892931234434 0
    outer loop
      vertex 142.40412335781258 75.50220155182339 0
      vertex 141.95168550506196 75.28821438419244 2
      vertex 142.40412335781258 75.50220155182339 2
    endloop
  endfacet
  facet normal -0.5141027441932194 0.8577286100002733 0
    outer loop
      vertex 142.83340818839997 75.75950497725702 0
      vertex 142.40412335781258 75.50220155182339 2
      vertex 142.83340818839997 75.75950497725702 2
    endloop
  endfacet
  facet normal -0.6715589548470239 0.7409511253549541 0
    outer loop
      vertex 143.2354057492346 76.05764668785004 0
      vertex 143.2354057492346 76.05764668785004 2
      vertex 143.60624458405138 76.3937554159486 0
    endloop
  endfacet
  facet normal -0.7409511253549669 0.6715589548470098 0
    outer loop
      vertex 143.60624458405138 76.3937554159486 0
      vertex 143.60624458405138 76.3937554159486 2
      vertex 143.94235331214995 76.76459425076541 0
    endloop
  endfacet
  facet normal -0.803207531480635 0.5956993044924469 0
    outer loop
      vertex 143.94235331214995 76.76459425076541 0
      vertex 143.94235331214995 76.76459425076541 2
      vertex 144.24049502274298 77.16659181160003 0
    endloop
  endfacet
  facet normal -0.8577286100002658 0.514102744193232 -2.0570181792179464e-18
    outer loop
      vertex 144.4977984481766 77.5958766421874 0
      vertex 144.24049502274298 77.16659181160003 0
      vertex 144.24049502274298 77.16659181160003 2
    endloop
  endfacet
  facet normal -0.9039892931234378 0.427555093430294 6.0169178278491885e-18
    outer loop
      vertex 144.71178561580757 78.04831449493804 0
      vertex 144.4977984481766 77.5958766421874 0
      vertex 144.4977984481766 77.5958766421874 2
    endloop
  endfacet
  facet normal -0.9415440651830191 0.33688985339222477 3.3194178500182873e-19
    outer loop
      vertex 144.88039571223428 78.51954814600224 0
      vertex 144.71178561580757 78.04831449493804 0
      vertex 144.71178561580757 78.04831449493804 2
    endloop
  endfacet
  facet normal -0.9700312531945512 0.2429801799032354 1.6276766566956774e-18
    outer loop
      vertex 145.00200493005647 79.00503935771775 0
      vertex 144.88039571223428 78.51954814600224 0
      vertex 144.88039571223428 78.51954814600224 2
    endloop
  endfacet
  facet normal -0.5956993044924286 0.8032075314806485 0
    outer loop
      vertex 143.2354057492346 76.05764668785004 0
      vertex 142.83340818839997 75.75950497725702 2
      vertex 143.2354057492346 76.05764668785004 2
    endloop
  endfacet
  facet normal -0.6715589548470239 0.7409511253549541 0
    outer loop
      vertex 143.60624458405138 76.3937554159486 0
      vertex 143.2354057492346 76.05764668785004 2
      vertex 143.60624458405138 76.3937554159486 2
    endloop
  endfacet
  facet normal -0.7409511253549669 0.6715589548470098 0
    outer loop
      vertex 143.94235331214995 76.76459425076541 0
      vertex 143.60624458405138 76.3937554159486 2
      vertex 143.94235331214995 76.76459425076541 2
    endloop
  endfacet
  facet normal -0.803207531480635 0.5956993044924469 0
    outer loop
      vertex 144.24049502274298 77.16659181160003 0
      vertex 143.94235331214995 76.76459425076541 2
      vertex 144.24049502274298 77.16659181160003 2
    endloop
  endfacet
  facet normal -0.8577286100002658 0.514102744193232 0
    outer loop
      vertex 144.4977984481766 77.5958766421874 0
      vertex 144.24049502274298 77.16659181160003 2
      vertex 144.4977984481766 77.5958766421874 2
    endloop
  endfacet
  facet normal -0.9039892931234378 0.427555093430294 0
    outer loop
      vertex 144.71178561580757 78.04831449493804 0
      vertex 144.4977984481766 77.5958766421874 2
      vertex 144.71178561580757 78.04831449493804 2
    endloop
  endfacet
  facet normal -0.9415440651830191 0.33688985339222477 0
    outer loop
      vertex 144.88039571223428 78.51954814600224 0
      vertex 144.71178561580757 78.04831449493804 2
      vertex 144.88039571223428 78.51954814600224 2
    endloop
  endfacet
  facet normal 0.9700312531945512 0.2429801799032354 -1.6276766566956774e-18
    outer loop
      vertex 135.11960428776572 78.51954814600224 0
      vertex 134.99799506994353 79.00503935771775 0
      vertex 134.99799506994353 79.00503935771775 2
    endloop
  endfacet
  facet normal 0.9891765099647836 0.14673047445534404 -7.905651346091949e-19
    outer loop
      vertex 134.99799506994353 79.00503935771775 0
      vertex 134.9245578939718 79.50011258431924 0
      vertex 134.9245578939718 79.50011258431924 2
    endloop
  endfacet
  facet normal 0.9987954562051716 0.049067674327432025 7.10535992735373e-19
    outer loop
      vertex 134.9245578939718 79.50011258431924 0
      vertex 134.9 80 0
      vertex 134.9 80 2
    endloop
  endfacet
  facet normal 0.9987954562051716 -0.049067674327432025 -7.10535992735373e-19
    outer loop
      vertex 134.9 80 0
      vertex 134.9245578939718 80.49988741568076 0
      vertex 134.9245578939718 80.49988741568076 2
    endloop
  endfacet
  facet normal 0.9891765099647836 -0.14673047445534404 7.905651346091949e-19
    outer loop
      vertex 134.9245578939718 80.49988741568076 0
      vertex 134.99799506994353 80.99496064228225 0
      vertex 134.99799506994353 80.99496064228225 2
    endloop
  endfacet
  facet normal 0.9700312531945512 -0.2429801799032354 1.6276766566956774e-18
    outer loop
      vertex 134.99799506994353 80.99496064228225 0
      vertex 135.11960428776572 81.48045185399776 0
      vertex 135.11960428776572 81.48045185399776 2
    endloop
  endfacet
  facet normal 0.9891765099647836 0.14673047445534404 -7.905651346091949e-19
    outer loop
      vertex 134.9245578939718 79.50011258431924 2
      vertex 134.99799506994353 79.00503935771775 2
      vertex 134.99799506994353 79.00503935771775 0
    endloop
  endfacet
  facet normal 0.9987954562051716 0.049067674327432025 0
    outer loop
      vertex 134.9245578939718 79.50011258431924 0
      vertex 134.9 80 2
      vertex 134.9245578939718 79.50011258431924 2
    endloop
  endfacet
  facet normal 0.9987954562051716 -0.049067674327432025 0
    outer loop
      vertex 134.9 80 0
      vertex 134.9245578939718 80.49988741568076 2
      vertex 134.9 80 2
    endloop
  endfacet
  facet normal 0.9891765099647836 -0.14673047445534404 0
    outer loop
      vertex 134.9245578939718 80.49988741568076 0
      vertex 134.99799506994353 80.99496064228225 2
      vertex 134.9245578939718 80.49988741568076 2
    endloop
  endfacet
  facet normal 0.9700312531945512 -0.2429801799032354 0
    outer loop
      vertex 134.99799506994353 80.99496064228225 0
      vertex 135.11960428776572 81.48045185399776 2
      vertex 134.99799506994353 80.99496064228225 2
    endloop
  endfacet
  facet normal 0.9415440651830191 -0.33688985339222477 3.3194178500182873e-19
    outer loop
      vertex 135.11960428776572 81.48045185399776 0
      vertex 135.28821438419243 81.95168550506196 0
      vertex 135.28821438419243 81.95168550506196 2
    endloop
  endfacet
  facet normal 0.9039892931234378 -0.427555093430294 6.0169178278491885e-18
    outer loop
      vertex 135.28821438419243 81.95168550506196 0
      vertex 135.5022015518234 82.4041233578126 0
      vertex 135.5022015518234 82.4041233578126 2
    endloop
  endfacet
  facet normal 0.8577286100002658 -0.514102744193232 -2.0570181792179464e-18
    outer loop
      vertex 135.5022015518234 82.4041233578126 0
      vertex 135.75950497725702 82.83340818839997 0
      vertex 135.75950497725702 82.83340818839997 2
    endloop
  endfacet
  facet normal 0.9415440651830191 -0.33688985339222477 0
    outer loop
      vertex 135.11960428776572 81.48045185399776 2
      vertex 135.11960428776572 81.48045185399776 0
      vertex 135.28821438419243 81.95168550506196 2
    endloop
  endfacet
  facet normal 0.9039892931234378 -0.427555093430294 0
    outer loop
      vertex 135.28821438419243 81.95168550506196 0
      vertex 135.5022015518234 82.4041233578126 2
      vertex 135.28821438419243 81.95168550506196 2
    endloop
  endfacet
  facet normal 0.8577286100002658 -0.514102744193232 0
    outer loop
      vertex 135.5022015518234 82.4041233578126 0
      vertex 135.75950497725702 82.83340818839997 2
      vertex 135.5022015518234 82.4041233578126 2
    endloop
  endfacet
  facet normal 0.803207531480635 -0.5956993044924469 0
    outer loop
      vertex 135.75950497725702 82.83340818839997 0
      vertex 136.05764668785005 83.23540574923459 2
      vertex 135.75950497725702 82.83340818839997 2
    endloop
  endfacet
  facet normal 0.803207531480635 -0.5956993044924469 3.108018569377931e-18
    outer loop
      vertex 135.75950497725702 82.83340818839997 0
      vertex 136.05764668785005 83.23540574923459 0
      vertex 136.05764668785005 83.23540574923459 2
    endloop
  endfacet
  facet normal 0.7409511253549669 -0.6715589548470098 3.958445727946649e-18
    outer loop
      vertex 136.05764668785005 83.23540574923459 0
      vertex 136.39375541594862 83.6062445840514 0
      vertex 136.39375541594862 83.6062445840514 2
    endloop
  endfacet
  facet normal 0.6715589548470239 -0.7409511253549541 0
    outer loop
      vertex 136.7645942507654 83.94235331214996 0
      vertex 136.7645942507654 83.94235331214996 2
      vertex 136.39375541594862 83.6062445840514 0
    endloop
  endfacet
  facet normal 0.5956993044924286 -0.8032075314806485 0
    outer loop
      vertex 137.16659181160003 84.24049502274298 0
      vertex 137.16659181160003 84.24049502274298 2
      vertex 136.7645942507654 83.94235331214996 0
    endloop
  endfacet
  facet normal 0.7409511253549669 -0.6715589548470098 0
    outer loop
      vertex 136.05764668785005 83.23540574923459 0
      vertex 136.39375541594862 83.6062445840514 2
      vertex 136.05764668785005 83.23540574923459 2
    endloop
  endfacet
  facet normal 0.6715589548470239 -0.7409511253549541 0
    outer loop
      vertex 136.39375541594862 83.6062445840514 0
      vertex 136.7645942507654 83.94235331214996 2
      vertex 136.39375541594862 83.6062445840514 2
    endloop
  endfacet
  facet normal 0.5956993044924286 -0.8032075314806485 0
    outer loop
      vertex 136.7645942507654 83.94235331214996 0
      vertex 137.16659181160003 84.24049502274298 2
      vertex 136.7645942507654 83.94235331214996 2
    endloop
  endfacet
  facet normal 0.5141027441932194 -0.8577286100002733 0
    outer loop
      vertex 137.16659181160003 84.24049502274298 0
      vertex 137.59587664218742 84.49779844817661 2
      vertex 137.16659181160003 84.24049502274298 2
    endloop
  endfacet
  facet normal 0.5141027441932194 -0.8577286100002733 0
    outer loop
      vertex 137.59587664218742 84.49779844817661 0
      vertex 137.59587664218742 84.49779844817661 2
      vertex 137.16659181160003 84.24049502274298 0
    endloop
  endfacet
  facet normal 0.42755509343028175 -0.9039892931234434 0
    outer loop
      vertex 138.04831449493804 84.71178561580756 0
      vertex 138.04831449493804 84.71178561580756 2
      vertex 137.59587664218742 84.49779844817661 0
    endloop
  endfacet
  facet normal 0.3368898533922157 -0.9415440651830222 0
    outer loop
      vertex 138.51954814600225 84.88039571223426 0
      vertex 138.51954814600225 84.88039571223426 2
      vertex 138.04831449493804 84.71178561580756 0
    endloop
  endfacet
  facet normal 0.24298017990326878 -0.9700312531945429 0
    outer loop
      vertex 139.00503935771775 85.00200493005647 0
      vertex 139.00503935771775 85.00200493005647 2
      vertex 138.51954814600225 84.88039571223426 0
    endloop
  endfacet
  facet normal 0.14673047445536772 -0.9891765099647801 0
    outer loop
      vertex 139.50011258431925 85.0754421060282 0
      vertex 139.50011258431925 85.0754421060282 2
      vertex 139.00503935771775 85.00200493005647 0
    endloop
  endfacet
  facet normal 0.04906767432740509 -0.998795456205173 0
    outer loop
      vertex 140 85.1 0
      vertex 140 85.1 2
      vertex 139.50011258431925 85.0754421060282 0
    endloop
  endfacet
  facet normal -0.04906767432740509 -0.998795456205173 0
    outer loop
      vertex 140.49988741568075 85.0754421060282 0
      vertex 140.49988741568075 85.0754421060282 2
      vertex 140 85.1 0
    endloop
  endfacet
  facet normal 0.42755509343028175 -0.9039892931234434 0
    outer loop
      vertex 137.59587664218742 84.49779844817661 0
      vertex 138.04831449493804 84.71178561580756 2
      vertex 137.59587664218742 84.49779844817661 2
    endloop
  endfacet
  facet normal 0.3368898533922157 -0.9415440651830222 0
    outer loop
      vertex 138.04831449493804 84.71178561580756 0
      vertex 138.51954814600225 84.88039571223426 2
      vertex 138.04831449493804 84.71178561580756 2
    endloop
  endfacet
  facet normal 0.24298017990326878 -0.9700312531945429 0
    outer loop
      vertex 138.51954814600225 84.88039571223426 0
      vertex 139.00503935771775 85.00200493005647 2
      vertex 138.51954814600225 84.88039571223426 2
    endloop
  endfacet
  facet normal 0.14673047445536772 -0.9891765099647801 0
    outer loop
      vertex 139.00503935771775 85.00200493005647 0
      vertex 139.50011258431925 85.0754421060282 2
      vertex 139.00503935771775 85.00200493005647 2
    endloop
  endfacet
  facet normal 0.04906767432740509 -0.998795456205173 0
    outer loop
      vertex 139.50011258431925 85.0754421060282 0
      vertex 140 85.1 2
      vertex 139.50011258431925 85.0754421060282 2
    endloop
  endfacet
  facet normal -0.04906767432740509 -0.998795456205173 0
    outer loop
      vertex 140 85.1 0
      vertex 140.49988741568075 85.0754421060282 2
      vertex 140 85.1 2
    endloop
  endfacet
  facet normal -0.9891765099647836 0.14673047445534404 7.905651346091949e-19
    outer loop
      vertex 145.0754421060282 79.50011258431924 0
      vertex 145.00200493005647 79.00503935771775 0
      vertex 145.00200493005647 79.00503935771775 2
    endloop
  endfacet
  facet normal -0.9987954562051716 0.049067674327432025 -7.10535992735373e-19
    outer loop
      vertex 145.1 80 0
      vertex 145.0754421060282 79.50011258431924 0
      vertex 145.0754421060282 79.50011258431924 2
    endloop
  endfacet
  facet normal -0.9987954562051716 -0.049067674327432025 7.10535992735373e-19
    outer loop
      vertex 145.0754421060282 80.49988741568076 0
      vertex 145.1 80 0
      vertex 145.1 80 2
    endloop
  endfacet
  facet normal -0.9891765099647836 -0.14673047445534404 -7.905651346091949e-19
    outer loop
      vertex 145.00200493005647 80.99496064228225 0
      vertex 145.0754421060282 80.49988741568076 0
      vertex 145.0754421060282 80.49988741568076 2
    endloop
  endfacet
  facet normal -0.9700312531945512 -0.2429801799032354 -1.6276766566956774e-18
    outer loop
      vertex 144.88039571223428 81.48045185399776 0
      vertex 145.00200493005647 80.99496064228225 0
      vertex 145.00200493005647 80.99496064228225 2
    endloop
  endfacet
  facet normal -0.9700312531945512 0.2429801799032354 0
    outer loop
      vertex 145.00200493005647 79.00503935771775 0
      vertex 144.88039571223428 78.51954814600224 2
      vertex 145.00200493005647 79.00503935771775 2
    endloop
  endfacet
  facet normal -0.9891765099647836 0.14673047445534404 0
    outer loop
      vertex 145.0754421060282 79.50011258431924 0
      vertex 145.00200493005647 79.00503935771775 2
      vertex 145.0754421060282 79.50011258431924 2
    endloop
  endfacet
  facet normal -0.9987954562051716 0.049067674327432025 0
    outer loop
      vertex 145.1 80 0
      vertex 145.0754421060282 79.50011258431924 2
      vertex 145.1 80 2
    endloop
  endfacet
  facet normal -0.9987954562051716 -0.049067674327432025 0
    outer loop
      vertex 145.0754421060282 80.49988741568076 0
      vertex 145.1 80 2
      vertex 145.0754421060282 80.49988741568076 2
    endloop
  endfacet
  facet normal -0.9891765099647836 -0.14673047445534404 -7.905651346091949e-19
    outer loop
      vertex 145.0754421060282 80.49988741568076 2
      vertex 145.00200493005647 80.99496064228225 2
      vertex 145.00200493005647 80.99496064228225 0
    endloop
  endfacet
  facet normal -0.9700312531945512 -0.2429801799032354 0
    outer loop
      vertex 144.88039571223428 81.48045185399776 0
      vertex 145.00200493005647 80.99496064228225 2
      vertex 144.88039571223428 81.48045185399776 2
    endloop
  endfacet
  facet normal -0.5141027441932194 -0.8577286100002733 0
    outer loop
      vertex 142.83340818839997 84.24049502274298 0
      vertex 142.83340818839997 84.24049502274298 2
      vertex 142.40412335781258 84.49779844817661 0
    endloop
  endfacet
  facet normal -0.9039892931234378 -0.427555093430294 -6.0169178278491885e-18
    outer loop
      vertex 144.4977984481766 82.4041233578126 0
      vertex 144.71178561580757 81.95168550506196 0
      vertex 144.71178561580757 81.95168550506196 2
    endloop
  endfacet
  facet normal -0.9415440651830191 -0.33688985339222477 0
    outer loop
      vertex 144.88039571223428 81.48045185399776 0
      vertex 144.88039571223428 81.48045185399776 2
      vertex 144.71178561580757 81.95168550506196 0
    endloop
  endfacet
  facet normal -0.8577286100002658 -0.514102744193232 2.0570181792179464e-18
    outer loop
      vertex 144.24049502274298 82.83340818839997 0
      vertex 144.4977984481766 82.4041233578126 0
      vertex 144.4977984481766 82.4041233578126 2
    endloop
  endfacet
  facet normal -0.803207531480635 -0.5956993044924469 -3.108018569377931e-18
    outer loop
      vertex 143.94235331214995 83.23540574923459 0
      vertex 144.24049502274298 82.83340818839997 0
      vertex 144.24049502274298 82.83340818839997 2
    endloop
  endfacet
  facet normal -0.7409511253549669 -0.6715589548470098 -3.958445727946649e-18
    outer loop
      vertex 143.60624458405138 83.6062445840514 0
      vertex 143.94235331214995 83.23540574923459 0
      vertex 143.94235331214995 83.23540574923459 2
    endloop
  endfacet
  facet normal -0.6715589548470239 -0.7409511253549541 0
    outer loop
      vertex 143.60624458405138 83.6062445840514 0
      vertex 143.60624458405138 83.6062445840514 2
      vertex 143.2354057492346 83.94235331214996 0
    endloop
  endfacet
  facet normal -0.5956993044924286 -0.8032075314806485 0
    outer loop
      vertex 143.2354057492346 83.94235331214996 0
      vertex 143.2354057492346 83.94235331214996 2
      vertex 142.83340818839997 84.24049502274298 0
    endloop
  endfacet
  facet normal -0.5956993044924286 -0.8032075314806485 5.841349945691207e-18
    outer loop
      vertex 143.2354057492346 83.94235331214996 2
      vertex 142.83340818839997 84.24049502274298 2
      vertex 142.83340818839997 84.24049502274298 0
    endloop
  endfacet
  facet normal -0.9039892931234378 -0.427555093430294 0
    outer loop
      vertex 144.4977984481766 82.4041233578126 0
      vertex 144.71178561580757 81.95168550506196 2
      vertex 144.4977984481766 82.4041233578126 2
    endloop
  endfacet
  facet normal -0.9415440651830191 -0.33688985339222477 0
    outer loop
      vertex 144.71178561580757 81.95168550506196 0
      vertex 144.88039571223428 81.48045185399776 2
      vertex 144.71178561580757 81.95168550506196 2
    endloop
  endfacet
  facet normal -0.8577286100002658 -0.514102744193232 0
    outer loop
      vertex 144.24049502274298 82.83340818839997 0
      vertex 144.4977984481766 82.4041233578126 2
      vertex 144.24049502274298 82.83340818839997 2
    endloop
  endfacet
  facet normal -0.803207531480635 -0.5956993044924469 0
    outer loop
      vertex 143.94235331214995 83.23540574923459 0
      vertex 144.24049502274298 82.83340818839997 2
      vertex 143.94235331214995 83.23540574923459 2
    endloop
  endfacet
  facet normal -0.7409511253549669 -0.6715589548470098 0
    outer loop
      vertex 143.60624458405138 83.6062445840514 0
      vertex 143.94235331214995 83.23540574923459 2
      vertex 143.60624458405138 83.6062445840514 2
    endloop
  endfacet
  facet normal -0.6715589548470239 -0.7409511253549541 0
    outer loop
      vertex 143.2354057492346 83.94235331214996 0
      vertex 143.60624458405138 83.6062445840514 2
      vertex 143.2354057492346 83.94235331214996 2
    endloop
  endfacet
  facet normal -0.14673047445536772 -0.9891765099647801 0
    outer loop
      vertex 140.99496064228225 85.00200493005647 0
      vertex 140.99496064228225 85.00200493005647 2
      vertex 140.49988741568075 85.0754421060282 0
    endloop
  endfacet
  facet normal -0.24298017990326878 -0.9700312531945429 -3.2243013611557636e-18
    outer loop
      vertex 140.99496064228225 85.00200493005647 0
      vertex 141.48045185399775 84.88039571223426 0
      vertex 141.48045185399775 84.88039571223426 2
    endloop
  endfacet
  facet normal -0.3368898533922157 -0.9415440651830222 0
    outer loop
      vertex 141.95168550506196 84.71178561580756 0
      vertex 141.95168550506196 84.71178561580756 2
      vertex 141.48045185399775 84.88039571223426 0
    endloop
  endfacet
  facet normal -0.42755509343028175 -0.9039892931234434 0
    outer loop
      vertex 142.40412335781258 84.49779844817661 0
      vertex 142.40412335781258 84.49779844817661 2
      vertex 141.95168550506196 84.71178561580756 0
    endloop
  endfacet
  facet normal -0.14673047445536772 -0.9891765099647801 0
    outer loop
      vertex 140.49988741568075 85.0754421060282 0
      vertex 140.99496064228225 85.00200493005647 2
      vertex 140.49988741568075 85.0754421060282 2
    endloop
  endfacet
  facet normal -0.24298017990326878 -0.9700312531945429 0
    outer loop
      vertex 140.99496064228225 85.00200493005647 0
      vertex 141.48045185399775 84.88039571223426 2
      vertex 140.99496064228225 85.00200493005647 2
    endloop
  endfacet
  facet normal -0.3368898533922157 -0.9415440651830222 0
    outer loop
      vertex 141.48045185399775 84.88039571223426 0
      vertex 141.95168550506196 84.71178561580756 2
      vertex 141.48045185399775 84.88039571223426 2
    endloop
  endfacet
  facet normal -0.42755509343028175 -0.9039892931234434 0
    outer loop
      vertex 141.95168550506196 84.71178561580756 0
      vertex 142.40412335781258 84.49779844817661 2
      vertex 141.95168550506196 84.71178561580756 2
    endloop
  endfacet
  facet normal -0.5141027441932194 -0.8577286100002733 0
    outer loop
      vertex 142.40412335781258 84.49779844817661 0
      vertex 142.83340818839997 84.24049502274298 2
      vertex 142.40412335781258 84.49779844817661 2
    endloop
  endfacet
  facet normal 0 0 1
    outer loop
      vertex 150 38.4 12.9
      vertex 147.6 51.599999999999994 12.9
      vertex 147.6 38.4 12.9
    endloop
  endfacet
  facet normal 0 1 0
    outer loop
      vertex 150 38.4 21.1
      vertex 150 38.4 12.9
      vertex 147.6 38.4 12.9
    endloop
  endfacet
  facet normal 0 1 0
    outer loop
      vertex 147.6 38.4 12.9
      vertex 147.6 38.4 21.1
      vertex 150 38.4 21.1
    endloop
  endfacet
  facet normal 0 0 -1
    outer loop
      vertex 150 51.599999999999994 21.1
      vertex 150 38.4 21.1
      vertex 147.6 38.4 21.1
    endloop
  endfacet
  facet normal 0 0 1
    outer loop
      vertex 150 38.4 12.9
      vertex 150 51.599999999999994 12.9
      vertex 147.6 51.599999999999994 12.9
    endloop
  endfacet
  facet normal 0 -1 0
    outer loop
      vertex 147.6 51.599999999999994 21.1
      vertex 147.6 51.599999999999994 12.9
      vertex 150 51.599999999999994 12.9
    endloop
  endfacet
  facet normal 0 0 -1
    outer loop
      vertex 147.6 38.4 21.1
      vertex 147.6 51.599999999999994 21.1
      vertex 150 51.599999999999994 21.1
    endloop
  endfacet
  facet normal 0 -1 0
    outer loop
      vertex 150 51.599999999999994 12.9
      vertex 150 51.599999999999994 21.1
      vertex 147.6 51.599999999999994 21.1
    endloop
  endfacet
  facet normal -2.3866885907934216e-19 0.5141027441932237 0.8577286100002709
    outer loop
      vertex 0 43.58580978952201 14.854236206954935
      vertex 0 43.333289300941196 15.005591163092365
      vertex 2.4 43.333289300941196 15.005591163092365
    endloop
  endfacet
  facet normal 0 0.5956993044924275 0.8032075314806492
    outer loop
      vertex 0 43.096820147509064 15.18096863991179
      vertex 2.4 43.096820147509064 15.18096863991179
      vertex 0 43.333289300941196 15.005591163092365
    endloop
  endfacet
  facet normal 0 0.5141027441932237 0.8577286100002709
    outer loop
      vertex 0 43.58580978952201 14.854236206954935
      vertex 2.4 43.333289300941196 15.005591163092365
      vertex 2.4 43.58580978952201 14.854236206954935
    endloop
  endfacet
  facet normal 0 0.6715589548470138 0.7409511253549633
    outer loop
      vertex 0 43.096820147509064 15.18096863991179
      vertex 2.4 42.878679656440355 15.378679656440358
      vertex 2.4 43.096820147509064 15.18096863991179
    endloop
  endfacet
  facet normal -4.595128436011894e-18 0.5956993044924275 0.8032075314806492
    outer loop
      vertex 2.4 43.096820147509064 15.18096863991179
      vertex 2.4 43.333289300941196 15.005591163092365
      vertex 0 43.333289300941196 15.005591163092365
    endloop
  endfacet
  facet normal 0 0.3368898533922226 0.9415440651830199
    outer loop
      vertex 0 43.85194970290473 14.72836140246614
      vertex 2.4 43.85194970290473 14.72836140246614
      vertex 0 44.129145968236614 14.629178992803373
    endloop
  endfacet
  facet normal 0 0.24298017990326343 0.9700312531945442
    outer loop
      vertex 0 44.129145968236614 14.629178992803373
      vertex 2.4 44.129145968236614 14.629178992803373
      vertex 0 44.414729033951616 14.557644158790309
    endloop
  endfacet
  facet normal 0 0.14673047445536117 0.9891765099647811
    outer loop
      vertex 0 44.414729033951616 14.557644158790309
      vertex 2.4 44.414729033951616 14.557644158790309
      vertex 0 44.70594857901132 14.51444581998341
    endloop
  endfacet
  facet normal 0 0.04906767432741864 0.9987954562051724
    outer loop
      vertex 0 44.70594857901132 14.51444581998341
      vertex 2.4 44.70594857901132 14.51444581998341
      vertex 0 45 14.5
    endloop
  endfacet
  facet normal 0 0.3368898533922226 0.9415440651830199
    outer loop
      vertex 0 44.129145968236614 14.629178992803373
      vertex 2.4 43.85194970290473 14.72836140246614
      vertex 2.4 44.129145968236614 14.629178992803373
    endloop
  endfacet
  facet normal 0 0.24298017990326343 0.9700312531945442
    outer loop
      vertex 0 44.414729033951616 14.557644158790309
      vertex 2.4 44.129145968236614 14.629178992803373
      vertex 2.4 44.414729033951616 14.557644158790309
    endloop
  endfacet
  facet normal 0 0.14673047445536117 0.9891765099647811
    outer loop
      vertex 0 44.70594857901132 14.51444581998341
      vertex 2.4 44.414729033951616 14.557644158790309
      vertex 2.4 44.70594857901132 14.51444581998341
    endloop
  endfacet
  facet normal 0 0.04906767432741864 0.9987954562051724
    outer loop
      vertex 0 45 14.5
      vertex 2.4 44.70594857901132 14.51444581998341
      vertex 2.4 45 14.5
    endloop
  endfacet
  facet normal 0 0.42755509343028275 0.903989293123443
    outer loop
      vertex 0 43.58580978952201 14.854236206954935
      vertex 2.4 43.58580978952201 14.854236206954935
      vertex 0 43.85194970290473 14.72836140246614
    endloop
  endfacet
  facet normal 0 0.42755509343028275 0.903989293123443
    outer loop
      vertex 0 43.85194970290473 14.72836140246614
      vertex 2.4 43.58580978952201 14.854236206954935
      vertex 2.4 43.85194970290473 14.72836140246614
    endloop
  endfacet
  facet normal 3.12166685189159e-19 0.9415440651830213 0.3368898533922187
    outer loop
      vertex 0 42.22836140246614 16.35194970290473
      vertex 0 42.129178992803375 16.629145968236614
      vertex 2.4 42.129178992803375 16.629145968236614
    endloop
  endfacet
  facet normal 1.2301918278481097e-19 0.9700312531945442 0.24298017990326343
    outer loop
      vertex 0 42.129178992803375 16.629145968236614
      vertex 0 42.05764415879031 16.914729033951616
      vertex 2.4 42.05764415879031 16.914729033951616
    endloop
  endfacet
  facet normal 0 0.9700312531945442 0.24298017990326343
    outer loop
      vertex 0 42.129178992803375 16.629145968236614
      vertex 2.4 42.05764415879031 16.914729033951616
      vertex 2.4 42.129178992803375 16.629145968236614
    endloop
  endfacet
  facet normal -7.221805163381339e-19 0.9891765099647791 0.14673047445537474
    outer loop
      vertex 0 42.05764415879031 16.914729033951616
      vertex 0 42.01444581998341 17.205948579011316
      vertex 2.4 42.01444581998341 17.205948579011316
    endloop
  endfacet
  facet normal -1.0864464513949285e-19 0.9987954562051727 0.049067674327412034
    outer loop
      vertex 0 42.01444581998341 17.205948579011316
      vertex 0 42 17.5
      vertex 2.4 42 17.5
    endloop
  endfacet
  facet normal 0 0.9891765099647791 0.14673047445537474
    outer loop
      vertex 0 42.05764415879031 16.914729033951616
      vertex 2.4 42.01444581998341 17.205948579011316
      vertex 2.4 42.05764415879031 16.914729033951616
    endloop
  endfacet
  facet normal -1.0864464513949285e-19 0.9987954562051727 0.049067674327412034
    outer loop
      vertex 2.4 42 17.5
      vertex 2.4 42.01444581998341 17.205948579011316
      vertex 0 42.01444581998341 17.205948579011316
    endloop
  endfacet
  facet normal 1.4116237157898867e-18 0.740951125354964 0.6715589548470132
    outer loop
      vertex 0 42.878679656440355 15.378679656440358
      vertex 0 42.68096863991179 15.596820147509064
      vertex 2.4 42.68096863991179 15.596820147509064
    endloop
  endfacet
  facet normal 2.486035247615961e-18 0.8032075314806391 0.5956993044924411
    outer loop
      vertex 0 42.68096863991179 15.596820147509064
      vertex 0 42.50559116309236 15.833289300941193
      vertex 2.4 42.50559116309236 15.833289300941193
    endloop
  endfacet
  facet normal 2.2368192657009915e-18 0.6715589548470138 0.7409511253549633
    outer loop
      vertex 0 43.096820147509064 15.18096863991179
      vertex 0 42.878679656440355 15.378679656440358
      vertex 2.4 42.878679656440355 15.378679656440358
    endloop
  endfacet
  facet normal 0 0.740951125354964 0.6715589548470132
    outer loop
      vertex 0 42.878679656440355 15.378679656440358
      vertex 2.4 42.68096863991179 15.596820147509064
      vertex 2.4 42.878679656440355 15.378679656440358
    endloop
  endfacet
  facet normal 0 0.8032075314806391 0.5956993044924411
    outer loop
      vertex 0 42.68096863991179 15.596820147509064
      vertex 2.4 42.50559116309236 15.833289300941193
      vertex 2.4 42.68096863991179 15.596820147509064
    endloop
  endfacet
  facet normal -8.697791154343814e-19 0.8577286100002789 0.5141027441932103
    outer loop
      vertex 0 42.50559116309236 15.833289300941193
      vertex 0 42.35423620695494 16.085809789522006
      vertex 2.4 42.35423620695494 16.085809789522006
    endloop
  endfacet
  facet normal -1.7897999695672503e-18 0.903989293123443 0.42755509343028275
    outer loop
      vertex 0 42.35423620695494 16.085809789522006
      vertex 0 42.22836140246614 16.35194970290473
      vertex 2.4 42.22836140246614 16.35194970290473
    endloop
  endfacet
  facet normal 0 0.8577286100002789 0.5141027441932103
    outer loop
      vertex 0 42.50559116309236 15.833289300941193
      vertex 2.4 42.35423620695494 16.085809789522006
      vertex 2.4 42.50559116309236 15.833289300941193
    endloop
  endfacet
  facet normal 0 0.903989293123443 0.42755509343028275
    outer loop
      vertex 0 42.35423620695494 16.085809789522006
      vertex 2.4 42.22836140246614 16.35194970290473
      vertex 2.4 42.35423620695494 16.085809789522006
    endloop
  endfacet
  facet normal 0 0.9415440651830213 0.3368898533922187
    outer loop
      vertex 0 42.22836140246614 16.35194970290473
      vertex 2.4 42.129178992803375 16.629145968236614
      vertex 2.4 42.22836140246614 16.35194970290473
    endloop
  endfacet
  facet normal 1.0864464513949285e-19 0.9987954562051727 -0.049067674327412034
    outer loop
      vertex 0 42 17.5
      vertex 0 42.01444581998341 17.794051420988684
      vertex 2.4 42.01444581998341 17.794051420988684
    endloop
  endfacet
  facet normal 7.221805163381339e-19 0.9891765099647791 -0.14673047445537474
    outer loop
      vertex 0 42.01444581998341 17.794051420988684
      vertex 0 42.05764415879031 18.085270966048384
      vertex 2.4 42.05764415879031 18.085270966048384
    endloop
  endfacet
  facet normal 0 0.9987954562051727 -0.049067674327412034
    outer loop
      vertex 0 42 17.5
      vertex 2.4 42.01444581998341 17.794051420988684
      vertex 2.4 42 17.5
    endloop
  endfacet
  facet normal 0 0.9891765099647791 -0.14673047445537474
    outer loop
      vertex 0 42.01444581998341 17.794051420988684
      vertex 2.4 42.05764415879031 18.085270966048384
      vertex 2.4 42.01444581998341 17.794051420988684
    endloop
  endfacet
  facet normal -1.2301918278481097e-19 0.9700312531945442 -0.24298017990326343
    outer loop
      vertex 0 42.05764415879031 18.085270966048384
      vertex 0 42.129178992803375 18.370854031763386
      vertex 2.4 42.129178992803375 18.370854031763386
    endloop
  endfacet
  facet normal 0 0.9700312531945442 -0.24298017990326343
    outer loop
      vertex 0 42.05764415879031 18.085270966048384
      vertex 2.4 42.129178992803375 18.370854031763386
      vertex 2.4 42.05764415879031 18.085270966048384
    endloop
  endfacet
  facet normal 0 0.9415440651830213 -0.3368898533922187
    outer loop
      vertex 0 42.129178992803375 18.370854031763386
      vertex 2.4 42.22836140246614 18.64805029709527
      vertex 2.4 42.129178992803375 18.370854031763386
    endloop
  endfacet
  facet normal -3.12166685189159e-19 0.9415440651830213 -0.3368898533922187
    outer loop
      vertex 0 42.129178992803375 18.370854031763386
      vertex 0 42.22836140246614 18.64805029709527
      vertex 2.4 42.22836140246614 18.64805029709527
    endloop
  endfacet
  facet normal 1.7897999695672503e-18 0.903989293123443 -0.42755509343028275
    outer loop
      vertex 0 42.22836140246614 18.64805029709527
      vertex 0 42.35423620695494 18.914190210477994
      vertex 2.4 42.35423620695494 18.914190210477994
    endloop
  endfacet
  facet normal 8.697791154343814e-19 0.8577286100002789 -0.5141027441932103
    outer loop
      vertex 0 42.35423620695494 18.914190210477994
      vertex 0 42.50559116309236 19.166710699058807
      vertex 2.4 42.50559116309236 19.166710699058807
    endloop
  endfacet
  facet normal 0 0.903989293123443 -0.42755509343028275
    outer loop
      vertex 0 42.22836140246614 18.64805029709527
      vertex 2.4 42.35423620695494 18.914190210477994
      vertex 2.4 42.22836140246614 18.64805029709527
    endloop
  endfacet
  facet normal 0 0.8577286100002789 -0.5141027441932103
    outer loop
      vertex 0 42.35423620695494 18.914190210477994
      vertex 2.4 42.50559116309236 19.166710699058807
      vertex 2.4 42.35423620695494 18.914190210477994
    endloop
  endfacet
  facet normal -2.486035247615961e-18 0.8032075314806391 -0.5956993044924411
    outer loop
      vertex 0 42.50559116309236 19.166710699058807
      vertex 0 42.68096863991179 19.403179852490936
      vertex 2.4 42.68096863991179 19.403179852490936
    endloop
  endfacet
  facet normal -1.4116237157898867e-18 0.740951125354964 -0.6715589548470132
    outer loop
      vertex 0 42.68096863991179 19.403179852490936
      vertex 0 42.878679656440355 19.621320343559642
      vertex 2.4 42.878679656440355 19.621320343559642
    endloop
  endfacet
  facet normal 0 0.8032075314806391 -0.5956993044924411
    outer loop
      vertex 0 42.50559116309236 19.166710699058807
      vertex 2.4 42.68096863991179 19.403179852490936
      vertex 2.4 42.50559116309236 19.166710699058807
    endloop
  endfacet
  facet normal 0 0.740951125354964 -0.6715589548470132
    outer loop
      vertex 0 42.68096863991179 19.403179852490936
      vertex 2.4 42.878679656440355 19.621320343559642
      vertex 2.4 42.68096863991179 19.403179852490936
    endloop
  endfacet
  facet normal 0 0.6715589548470138 -0.7409511253549633
    outer loop
      vertex 0 42.878679656440355 19.621320343559642
      vertex 2.4 43.096820147509064 19.81903136008821
      vertex 2.4 42.878679656440355 19.621320343559642
    endloop
  endfacet
  facet normal 0 0.6715589548470138 -0.7409511253549633
    outer loop
      vertex 0 43.096820147509064 19.81903136008821
      vertex 2.4 43.096820147509064 19.81903136008821
      vertex 0 42.878679656440355 19.621320343559642
    endloop
  endfacet
  facet normal 0 0.5956993044924275 -0.8032075314806492
    outer loop
      vertex 0 43.333289300941196 19.994408836907635
      vertex 2.4 43.333289300941196 19.994408836907635
      vertex 0 43.096820147509064 19.81903136008821
    endloop
  endfacet
  facet normal 0 0.5141027441932281 -0.8577286100002682
    outer loop
      vertex 0 43.58580978952201 20.145763793045067
      vertex 2.4 43.58580978952201 20.145763793045067
      vertex 0 43.333289300941196 19.994408836907635
    endloop
  endfacet
  facet normal 0 0.5956993044924275 -0.8032075314806492
    outer loop
      vertex 0 43.096820147509064 19.81903136008821
      vertex 2.4 43.333289300941196 19.994408836907635
      vertex 2.4 43.096820147509064 19.81903136008821
    endloop
  endfacet
  facet normal 0 0.5141027441932281 -0.8577286100002682
    outer loop
      vertex 0 43.333289300941196 19.994408836907635
      vertex 2.4 43.58580978952201 20.145763793045067
      vertex 2.4 43.333289300941196 19.994408836907635
    endloop
  endfacet
  facet normal 0 0.42755509343027287 -0.9039892931234477
    outer loop
      vertex 0 43.85194970290473 20.271638597533858
      vertex 2.4 43.85194970290473 20.271638597533858
      vertex 0 43.58580978952201 20.145763793045067
    endloop
  endfacet
  facet normal 0 0.42755509343027287 -0.9039892931234477
    outer loop
      vertex 0 43.58580978952201 20.145763793045067
      vertex 2.4 43.85194970290473 20.271638597533858
      vertex 2.4 43.58580978952201 20.145763793045067
    endloop
  endfacet
  facet normal 0 0.3368898533922226 -0.9415440651830199
    outer loop
      vertex 0 44.129145968236614 20.370821007196625
      vertex 2.4 44.129145968236614 20.370821007196625
      vertex 0 43.85194970290473 20.271638597533858
    endloop
  endfacet
  facet normal 0 0.24298017990326343 -0.9700312531945442
    outer loop
      vertex 0 44.414729033951616 20.44235584120969
      vertex 2.4 44.414729033951616 20.44235584120969
      vertex 0 44.129145968236614 20.370821007196625
    endloop
  endfacet
  facet normal 0 0.146730474455373 -0.9891765099647793
    outer loop
      vertex 0 44.70594857901132 20.485554180016592
      vertex 2.4 44.70594857901132 20.485554180016592
      vertex 0 44.414729033951616 20.44235584120969
    endloop
  endfacet
  facet normal -1.0013689604641764e-19 0.04906767432741262 -0.9987954562051727
    outer loop
      vertex 0 44.70594857901132 20.485554180016592
      vertex 0 45 20.5
      vertex 2.4 45 20.5
    endloop
  endfacet
  facet normal 0 0.3368898533922226 -0.9415440651830199
    outer loop
      vertex 0 43.85194970290473 20.271638597533858
      vertex 2.4 44.129145968236614 20.370821007196625
      vertex 2.4 43.85194970290473 20.271638597533858
    endloop
  endfacet
  facet normal 0 0.24298017990326343 -0.9700312531945442
    outer loop
      vertex 0 44.129145968236614 20.370821007196625
      vertex 2.4 44.414729033951616 20.44235584120969
      vertex 2.4 44.129145968236614 20.370821007196625
    endloop
  endfacet
  facet normal 0 0.146730474455373 -0.9891765099647793
    outer loop
      vertex 0 44.414729033951616 20.44235584120969
      vertex 2.4 44.70594857901132 20.485554180016592
      vertex 2.4 44.414729033951616 20.44235584120969
    endloop
  endfacet
  facet normal -1.0013689604641764e-19 0.04906767432741262 -0.9987954562051727
    outer loop
      vertex 2.4 45 20.5
      vertex 2.4 44.70594857901132 20.485554180016592
      vertex 0 44.70594857901132 20.485554180016592
    endloop
  endfacet
  facet normal 0 -0.04906767432741864 0.9987954562051724
    outer loop
      vertex 0 45 14.5
      vertex 2.4 45 14.5
      vertex 0 45.29405142098868 14.51444581998341
    endloop
  endfacet
  facet normal 0 -0.14673047445536117 0.9891765099647811
    outer loop
      vertex 0 45.29405142098868 14.51444581998341
      vertex 2.4 45.29405142098868 14.51444581998341
      vertex 0 45.585270966048384 14.557644158790309
    endloop
  endfacet
  facet normal 0 -0.24298017990326343 0.9700312531945442
    outer loop
      vertex 0 45.585270966048384 14.557644158790309
      vertex 2.4 45.585270966048384 14.557644158790309
      vertex 0 45.870854031763386 14.629178992803373
    endloop
  endfacet
  facet normal 0 -0.3368898533922226 0.9415440651830199
    outer loop
      vertex 0 45.870854031763386 14.629178992803373
      vertex 2.4 45.870854031763386 14.629178992803373
      vertex 0 46.14805029709527 14.72836140246614
    endloop
  endfacet
  facet normal 0 -0.04906767432741864 0.9987954562051724
    outer loop
      vertex 0 45.29405142098868 14.51444581998341
      vertex 2.4 45 14.5
      vertex 2.4 45.29405142098868 14.51444581998341
    endloop
  endfacet
  facet normal 0 -0.14673047445536117 0.9891765099647811
    outer loop
      vertex 0 45.585270966048384 14.557644158790309
      vertex 2.4 45.29405142098868 14.51444581998341
      vertex 2.4 45.585270966048384 14.557644158790309
    endloop
  endfacet
  facet normal 0 -0.24298017990326343 0.9700312531945442
    outer loop
      vertex 0 45.870854031763386 14.629178992803373
      vertex 2.4 45.585270966048384 14.557644158790309
      vertex 2.4 45.870854031763386 14.629178992803373
    endloop
  endfacet
  facet normal 0 -0.3368898533922226 0.9415440651830199
    outer loop
      vertex 0 46.14805029709527 14.72836140246614
      vertex 2.4 45.870854031763386 14.629178992803373
      vertex 2.4 46.14805029709527 14.72836140246614
    endloop
  endfacet
  facet normal 0 -0.42755509343028275 0.903989293123443
    outer loop
      vertex 0 46.14805029709527 14.72836140246614
      vertex 2.4 46.14805029709527 14.72836140246614
      vertex 0 46.41419021047799 14.854236206954935
    endloop
  endfacet
  facet normal 0 -0.42755509343028275 0.903989293123443
    outer loop
      vertex 0 46.41419021047799 14.854236206954935
      vertex 2.4 46.14805029709527 14.72836140246614
      vertex 2.4 46.41419021047799 14.854236206954935
    endloop
  endfacet
  facet normal 0 -0.5141027441932237 0.8577286100002709
    outer loop
      vertex 0 46.41419021047799 14.854236206954935
      vertex 2.4 46.41419021047799 14.854236206954935
      vertex 0 46.666710699058804 15.005591163092365
    endloop
  endfacet
  facet normal 0 -0.5956993044924275 0.8032075314806492
    outer loop
      vertex 0 46.666710699058804 15.005591163092365
      vertex 2.4 46.666710699058804 15.005591163092365
      vertex 0 46.903179852490936 15.18096863991179
    endloop
  endfacet
  facet normal 0 -0.6715589548470138 0.7409511253549633
    outer loop
      vertex 0 46.903179852490936 15.18096863991179
      vertex 2.4 46.903179852490936 15.18096863991179
      vertex 0 47.121320343559645 15.378679656440358
    endloop
  endfacet
  facet normal 0 -0.5141027441932237 0.8577286100002709
    outer loop
      vertex 0 46.666710699058804 15.005591163092365
      vertex 2.4 46.41419021047799 14.854236206954935
      vertex 2.4 46.666710699058804 15.005591163092365
    endloop
  endfacet
  facet normal 0 -0.5956993044924275 0.8032075314806492
    outer loop
      vertex 0 46.903179852490936 15.18096863991179
      vertex 2.4 46.666710699058804 15.005591163092365
      vertex 2.4 46.903179852490936 15.18096863991179
    endloop
  endfacet
  facet normal 0 -0.740951125354964 0.6715589548470132
    outer loop
      vertex 0 47.121320343559645 15.378679656440358
      vertex 2.4 47.121320343559645 15.378679656440358
      vertex 0 47.31903136008821 15.596820147509064
    endloop
  endfacet
  facet normal -2.486035247615961e-18 -0.8032075314806391 0.5956993044924411
    outer loop
      vertex 0 47.49440883690764 15.833289300941193
      vertex 0 47.31903136008821 15.596820147509064
      vertex 2.4 47.31903136008821 15.596820147509064
    endloop
  endfacet
  facet normal 0 -0.6715589548470138 0.7409511253549633
    outer loop
      vertex 0 47.121320343559645 15.378679656440358
      vertex 2.4 46.903179852490936 15.18096863991179
      vertex 2.4 47.121320343559645 15.378679656440358
    endloop
  endfacet
  facet normal 0 -0.740951125354964 0.6715589548470132
    outer loop
      vertex 0 47.31903136008821 15.596820147509064
      vertex 2.4 47.121320343559645 15.378679656440358
      vertex 2.4 47.31903136008821 15.596820147509064
    endloop
  endfacet
  facet normal 0 -0.8032075314806391 0.5956993044924411
    outer loop
      vertex 0 47.49440883690764 15.833289300941193
      vertex 2.4 47.31903136008821 15.596820147509064
      vertex 2.4 47.49440883690764 15.833289300941193
    endloop
  endfacet
  facet normal 8.697791154343814e-19 -0.8577286100002789 0.5141027441932103
    outer loop
      vertex 0 47.64576379304506 16.085809789522006
      vertex 0 47.49440883690764 15.833289300941193
      vertex 2.4 47.49440883690764 15.833289300941193
    endloop
  endfacet
  facet normal 1.7897999695672503e-18 -0.903989293123443 0.42755509343028275
    outer loop
      vertex 0 47.77163859753386 16.35194970290473
      vertex 0 47.64576379304506 16.085809789522006
      vertex 2.4 47.64576379304506 16.085809789522006
    endloop
  endfacet
  facet normal 0 -0.8577286100002789 0.5141027441932103
    outer loop
      vertex 0 47.64576379304506 16.085809789522006
      vertex 2.4 47.49440883690764 15.833289300941193
      vertex 2.4 47.64576379304506 16.085809789522006
    endloop
  endfacet
  facet normal 0 -0.903989293123443 0.42755509343028275
    outer loop
      vertex 0 47.77163859753386 16.35194970290473
      vertex 2.4 47.64576379304506 16.085809789522006
      vertex 2.4 47.77163859753386 16.35194970290473
    endloop
  endfacet
  facet normal -3.12166685189159e-19 -0.9415440651830213 0.3368898533922187
    outer loop
      vertex 0 47.870821007196625 16.629145968236614
      vertex 0 47.77163859753386 16.35194970290473
      vertex 2.4 47.77163859753386 16.35194970290473
    endloop
  endfacet
  facet normal -1.2301918278481097e-19 -0.9700312531945442 0.24298017990326343
    outer loop
      vertex 0 47.94235584120969 16.914729033951616
      vertex 0 47.870821007196625 16.629145968236614
      vertex 2.4 47.870821007196625 16.629145968236614
    endloop
  endfacet
  facet normal 0 -0.9415440651830213 0.3368898533922187
    outer loop
      vertex 0 47.870821007196625 16.629145968236614
      vertex 2.4 47.77163859753386 16.35194970290473
      vertex 2.4 47.870821007196625 16.629145968236614
    endloop
  endfacet
  facet normal 0 -0.9700312531945442 0.24298017990326343
    outer loop
      vertex 0 47.94235584120969 16.914729033951616
      vertex 2.4 47.870821007196625 16.629145968236614
      vertex 2.4 47.94235584120969 16.914729033951616
    endloop
  endfacet
  facet normal 0 -0.9891765099647791 0.14673047445537474
    outer loop
      vertex 0 47.94235584120969 16.914729033951616
      vertex 2.4 47.94235584120969 16.914729033951616
      vertex 0 47.98555418001659 17.205948579011316
    endloop
  endfacet
  facet normal 0 -0.9987954562051727 0.049067674327412034
    outer loop
      vertex 0 47.98555418001659 17.205948579011316
      vertex 2.4 47.98555418001659 17.205948579011316
      vertex 0 48 17.5
    endloop
  endfacet
  facet normal 0 -0.9891765099647791 0.14673047445537474
    outer loop
      vertex 0 47.98555418001659 17.205948579011316
      vertex 2.4 47.94235584120969 16.914729033951616
      vertex 2.4 47.98555418001659 17.205948579011316
    endloop
  endfacet
  facet normal 0 -0.9987954562051727 0.049067674327412034
    outer loop
      vertex 0 48 17.5
      vertex 2.4 47.98555418001659 17.205948579011316
      vertex 2.4 48 17.5
    endloop
  endfacet
  facet normal 0 -0.9415440651830213 -0.3368898533922187
    outer loop
      vertex 0 47.77163859753386 18.64805029709527
      vertex 2.4 47.870821007196625 18.370854031763386
      vertex 2.4 47.77163859753386 18.64805029709527
    endloop
  endfacet
  facet normal -1.7897999695672503e-18 -0.903989293123443 -0.42755509343028275
    outer loop
      vertex 0 47.64576379304506 18.914190210477994
      vertex 0 47.77163859753386 18.64805029709527
      vertex 2.4 47.77163859753386 18.64805029709527
    endloop
  endfacet
  facet normal -8.697791154343814e-19 -0.8577286100002789 -0.5141027441932103
    outer loop
      vertex 0 47.49440883690764 19.166710699058807
      vertex 0 47.64576379304506 18.914190210477994
      vertex 2.4 47.64576379304506 18.914190210477994
    endloop
  endfacet
  facet normal 0 -0.903989293123443 -0.42755509343028275
    outer loop
      vertex 0 47.64576379304506 18.914190210477994
      vertex 2.4 47.77163859753386 18.64805029709527
      vertex 2.4 47.64576379304506 18.914190210477994
    endloop
  endfacet
  facet normal 0 -0.8577286100002789 -0.5141027441932103
    outer loop
      vertex 0 47.49440883690764 19.166710699058807
      vertex 2.4 47.64576379304506 18.914190210477994
      vertex 2.4 47.49440883690764 19.166710699058807
    endloop
  endfacet
  facet normal 0 -0.6715589548470138 -0.7409511253549633
    outer loop
      vertex 0 47.121320343559645 19.621320343559642
      vertex 2.4 47.121320343559645 19.621320343559642
      vertex 0 46.903179852490936 19.81903136008821
    endloop
  endfacet
  facet normal 0 -0.8032075314806391 -0.5956993044924411
    outer loop
      vertex 0 47.49440883690764 19.166710699058807
      vertex 2.4 47.49440883690764 19.166710699058807
      vertex 0 47.31903136008821 19.403179852490936
    endloop
  endfacet
  facet normal 0 -0.740951125354964 -0.6715589548470132
    outer loop
      vertex 0 47.31903136008821 19.403179852490936
      vertex 2.4 47.31903136008821 19.403179852490936
      vertex 0 47.121320343559645 19.621320343559642
    endloop
  endfacet
  facet normal 2.486035247615961e-18 -0.8032075314806391 -0.5956993044924411
    outer loop
      vertex 2.4 47.49440883690764 19.166710699058807
      vertex 2.4 47.31903136008821 19.403179852490936
      vertex 0 47.31903136008821 19.403179852490936
    endloop
  endfacet
  facet normal 0 -0.740951125354964 -0.6715589548470132
    outer loop
      vertex 0 47.121320343559645 19.621320343559642
      vertex 2.4 47.31903136008821 19.403179852490936
      vertex 2.4 47.121320343559645 19.621320343559642
    endloop
  endfacet
  facet normal -1.0864464513949285e-19 -0.9987954562051727 -0.049067674327412034
    outer loop
      vertex 0 47.98555418001659 17.794051420988684
      vertex 0 48 17.5
      vertex 2.4 48 17.5
    endloop
  endfacet
  facet normal -7.221805163381339e-19 -0.9891765099647791 -0.14673047445537474
    outer loop
      vertex 0 47.94235584120969 18.085270966048384
      vertex 0 47.98555418001659 17.794051420988684
      vertex 2.4 47.98555418001659 17.794051420988684
    endloop
  endfacet
  facet normal 0 -0.9987954562051727 -0.049067674327412034
    outer loop
      vertex 0 47.98555418001659 17.794051420988684
      vertex 2.4 48 17.5
      vertex 2.4 47.98555418001659 17.794051420988684
    endloop
  endfacet
  facet normal 0 -0.9891765099647791 -0.14673047445537474
    outer loop
      vertex 0 47.94235584120969 18.085270966048384
      vertex 2.4 47.98555418001659 17.794051420988684
      vertex 2.4 47.94235584120969 18.085270966048384
    endloop
  endfacet
  facet normal 1.2301918278481097e-19 -0.9700312531945442 -0.24298017990326343
    outer loop
      vertex 0 47.870821007196625 18.370854031763386
      vertex 0 47.94235584120969 18.085270966048384
      vertex 2.4 47.94235584120969 18.085270966048384
    endloop
  endfacet
  facet normal 3.12166685189159e-19 -0.9415440651830213 -0.3368898533922187
    outer loop
      vertex 0 47.77163859753386 18.64805029709527
      vertex 0 47.870821007196625 18.370854031763386
      vertex 2.4 47.870821007196625 18.370854031763386
    endloop
  endfacet
  facet normal 0 -0.9700312531945442 -0.24298017990326343
    outer loop
      vertex 0 47.870821007196625 18.370854031763386
      vertex 2.4 47.94235584120969 18.085270966048384
      vertex 2.4 47.870821007196625 18.370854031763386
    endloop
  endfacet
  facet normal 0 -0.42755509343027287 -0.9039892931234477
    outer loop
      vertex 0 46.41419021047799 20.145763793045067
      vertex 2.4 46.41419021047799 20.145763793045067
      vertex 0 46.14805029709527 20.271638597533858
    endloop
  endfacet
  facet normal 0 -0.42755509343027287 -0.9039892931234477
    outer loop
      vertex 0 46.14805029709527 20.271638597533858
      vertex 2.4 46.41419021047799 20.145763793045067
      vertex 2.4 46.14805029709527 20.271638597533858
    endloop
  endfacet
  facet normal 0 -0.04906767432741262 -0.9987954562051727
    outer loop
      vertex 0 45.29405142098868 20.485554180016592
      vertex 2.4 45.29405142098868 20.485554180016592
      vertex 0 45 20.5
    endloop
  endfacet
  facet normal 0 -0.146730474455373 -0.9891765099647793
    outer loop
      vertex 0 45.585270966048384 20.44235584120969
      vertex 2.4 45.585270966048384 20.44235584120969
      vertex 0 45.29405142098868 20.485554180016592
    endloop
  endfacet
  facet normal 0 -0.24298017990326343 -0.9700312531945442
    outer loop
      vertex 0 45.870854031763386 20.370821007196625
      vertex 2.4 45.870854031763386 20.370821007196625
      vertex 0 45.585270966048384 20.44235584120969
    endloop
  endfacet
  facet normal 0 -0.3368898533922226 -0.9415440651830199
    outer loop
      vertex 0 46.14805029709527 20.271638597533858
      vertex 2.4 46.14805029709527 20.271638597533858
      vertex 0 45.870854031763386 20.370821007196625
    endloop
  endfacet
  facet normal 0 -0.04906767432741262 -0.9987954562051727
    outer loop
      vertex 0 45 20.5
      vertex 2.4 45.29405142098868 20.485554180016592
      vertex 2.4 45 20.5
    endloop
  endfacet
  facet normal 0 -0.146730474455373 -0.9891765099647793
    outer loop
      vertex 0 45.29405142098868 20.485554180016592
      vertex 2.4 45.585270966048384 20.44235584120969
      vertex 2.4 45.29405142098868 20.485554180016592
    endloop
  endfacet
  facet normal 0 -0.24298017990326343 -0.9700312531945442
    outer loop
      vertex 0 45.585270966048384 20.44235584120969
      vertex 2.4 45.870854031763386 20.370821007196625
      vertex 2.4 45.585270966048384 20.44235584120969
    endloop
  endfacet
  facet normal 0 -0.3368898533922226 -0.9415440651830199
    outer loop
      vertex 0 45.870854031763386 20.370821007196625
      vertex 2.4 46.14805029709527 20.271638597533858
      vertex 2.4 45.870854031763386 20.370821007196625
    endloop
  endfacet
  facet normal 0 -0.5956993044924275 -0.8032075314806492
    outer loop
      vertex 0 46.903179852490936 19.81903136008821
      vertex 2.4 46.903179852490936 19.81903136008821
      vertex 0 46.666710699058804 19.994408836907635
    endloop
  endfacet
  facet normal 0 -0.5141027441932281 -0.8577286100002682
    outer loop
      vertex 0 46.666710699058804 19.994408836907635
      vertex 2.4 46.666710699058804 19.994408836907635
      vertex 0 46.41419021047799 20.145763793045067
    endloop
  endfacet
  facet normal 0 -0.5956993044924275 -0.8032075314806492
    outer loop
      vertex 0 46.666710699058804 19.994408836907635
      vertex 2.4 46.903179852490936 19.81903136008821
      vertex 2.4 46.666710699058804 19.994408836907635
    endloop
  endfacet
  facet normal 0 -0.6715589548470138 -0.7409511253549633
    outer loop
      vertex 0 46.903179852490936 19.81903136008821
      vertex 2.4 47.121320343559645 19.621320343559642
      vertex 2.4 46.903179852490936 19.81903136008821
    endloop
  endfacet
  facet normal 0 -0.5141027441932281 -0.8577286100002682
    outer loop
      vertex 0 46.41419021047799 20.145763793045067
      vertex 2.4 46.666710699058804 19.994408836907635
      vertex 2.4 46.41419021047799 20.145763793045067
    endloop
  endfacet
endsolid OpenSCAD_Model
