solid OpenSCAD_Model
  facet normal -1 0 0
    outer loop
      vertex 0 0 0
      vertex 0 0 30
      vertex 0 32.54935475537783 26.3
    endloop
  endfacet
  facet normal 0 -1 0
    outer loop
      vertex 0 0 0
      vertex 40.04935475537783 0 26.3
      vertex 0 0 30
    endloop
  endfacet
  facet normal -1 0 0
    outer loop
      vertex 0 0 0
      vertex 0 32.54935475537783 26.3
      vertex 0 42.45064524462217 26.3
    endloop
  endfacet
  facet normal -1 0 0
    outer loop
      vertex 0 0 30
      vertex 0 32.54935475537783 29.5
      vertex 0 32.54935475537783 26.3
    endloop
  endfacet
  facet normal 0 0 1
    outer loop
      vertex 0 0 30
      vertex 2.4 2.4 30
      vertex 0 75 30
    endloop
  endfacet
  facet normal -1 0 0
    outer loop
      vertex 0 0 30
      vertex 0 75 30
      vertex 0 32.54935475537783 29.5
    endloop
  endfacet
  facet normal 0 -1 0
    outer loop
      vertex 0 0 0
      vertex 49.95064524462217 0 26.3
      vertex 40.04935475537783 0 26.3
    endloop
  endfacet
  facet normal 0 -1 0
    outer loop
      vertex 0 0 30
      vertex 40.04935475537783 0 26.3
      vertex 40.04935475537783 0 29.5
    endloop
  endfacet
  facet normal 0 0 1
    outer loop
      vertex 0 0 30
      vertex 90 0 30
      vertex 2.4 2.4 30
    endloop
  endfacet
  facet normal 0 -1 0
    outer loop
      vertex 0 0 30
      vertex 40.04935475537783 0 29.5
      vertex 90 0 30
    endloop
  endfacet
  facet normal -1 0 0
    outer loop
      vertex 0 0 0
      vertex 0 75 30
      vertex 0 75 0
    endloop
  endfacet
  facet normal 0 0 -1
    outer loop
      vertex 0 0 0
      vertex 0 75 0
      vertex 90 75 0
    endloop
  endfacet
  facet normal 0 1 0
    outer loop
      vertex 0 75 0
      vertex 0 75 30
      vertex 90 75 0
    endloop
  endfacet
  facet normal -1 0 0
    outer loop
      vertex 0 0 0
      vertex 0 42.45064524462217 26.3
      vertex 0 75 30
    endloop
  endfacet
  facet normal -1 0 0
    outer loop
      vertex 0 75 30
      vertex 0 42.45064524462217 29.5
      vertex 0 32.54935475537783 29.5
    endloop
  endfacet
  facet normal 0 0 1
    outer loop
      vertex 2.4 2.4 30
      vertex 2.4 72.60000000000001 30
      vertex 0 75 30
    endloop
  endfacet
  facet normal -1 0 0
    outer loop
      vertex 0 75 30
      vertex 0 42.45064524462217 26.3
      vertex 0 42.45064524462217 29.5
    endloop
  endfacet
  facet normal 0 1 0
    outer loop
      vertex 0 75 30
      vertex 40.04935475537783 75 26.3
      vertex 90 75 0
    endloop
  endfacet
  facet normal 0 1 0
    outer loop
      vertex 0 75 30
      vertex 40.04935475537783 75 29.5
      vertex 40.04935475537783 75 26.3
    endloop
  endfacet
  facet normal 0 0 1
    outer loop
      vertex 2.4 72.60000000000001 30
      vertex 87.60000000000001 72.60000000000001 30
      vertex 0 75 30
    endloop
  endfacet
  facet normal 0 1 0
    outer loop
      vertex 0 75 30
      vertex 49.95064524462217 75 29.5
      vertex 40.04935475537783 75 29.5
    endloop
  endfacet
  facet normal 0 0 -1
    outer loop
      vertex 0 0 0
      vertex 79.46242686334541 4.9079581865490525 0
      vertex 79.7777190679216 4.674121550789819 0
    endloop
  endfacet
  facet normal 0 0 -1
    outer loop
      vertex 0 0 0
      vertex 79.17157287525382 5.17157287525381 0
      vertex 79.46242686334541 4.9079581865490525 0
    endloop
  endfacet
  facet normal 0 0 -1
    outer loop
      vertex 0 0 0
      vertex 79.7777190679216 4.674121550789819 0
      vertex 80.11441305269601 4.47231494260658 0
    endloop
  endfacet
  facet normal 0 0 -1
    outer loop
      vertex 0 0 0
      vertex 78.47231494260657 6.114413052696009 0
      vertex 78.67412155078982 5.777719067921591 0
    endloop
  endfacet
  facet normal 0 0 -1
    outer loop
      vertex 0 0 0
      vertex 78.67412155078982 5.777719067921591 0
      vertex 78.90795818654905 5.462426863345418 0
    endloop
  endfacet
  facet normal 0 0 -1
    outer loop
      vertex 0 0 0
      vertex 78.90795818654905 5.462426863345418 0
      vertex 79.17157287525382 5.17157287525381 0
    endloop
  endfacet
  facet normal 0 0 -1
    outer loop
      vertex 0 0 0
      vertex 78.30448186995486 6.469266270539641 0
      vertex 78.47231494260657 6.114413052696009 0
    endloop
  endfacet
  facet normal 0 0 -1
    outer loop
      vertex 0 0 0
      vertex 78.17223865707116 6.838861290982151 0
      vertex 78.30448186995486 6.469266270539641 0
    endloop
  endfacet
  facet normal 0 0 -1
    outer loop
      vertex 0 0 0
      vertex 78.07685887838707 7.219638711935487 0
      vertex 78.17223865707116 6.838861290982151 0
    endloop
  endfacet
  facet normal 0 0 -1
    outer loop
      vertex 0 0 0
      vertex 80.11441305269601 4.47231494260658 0
      vertex 80.46926627053963 4.304481869954853 0
    endloop
  endfacet
  facet normal 0 0 -1
    outer loop
      vertex 0 0 0
      vertex 80.46926627053963 4.304481869954853 0
      vertex 80.83886129098215 4.172238657071165 0
    endloop
  endfacet
  facet normal 0 0 -1
    outer loop
      vertex 0 0 0
      vertex 80.83886129098215 4.172238657071165 0
      vertex 81.21963871193549 4.076858878387078 0
    endloop
  endfacet
  facet normal 0 0 -1
    outer loop
      vertex 0 0 0
      vertex 81.21963871193549 4.076858878387078 0
      vertex 81.60793143868176 4.019261093311212 0
    endloop
  endfacet
  facet normal 0 0 -1
    outer loop
      vertex 0 0 0
      vertex 81.60793143868176 4.019261093311212 0
      vertex 82 4 0
    endloop
  endfacet
  facet normal 0 0 -1
    outer loop
      vertex 0 0 0
      vertex 78 8 0
      vertex 78.01926109331121 7.607931438681757 0
    endloop
  endfacet
  facet normal 0 0 -1
    outer loop
      vertex 0 0 0
      vertex 78.01926109331121 8.392068561318242 0
      vertex 78 8 0
    endloop
  endfacet
  facet normal 0 0 -1
    outer loop
      vertex 0 0 0
      vertex 78.01926109331121 7.607931438681757 0
      vertex 78.07685887838707 7.219638711935487 0
    endloop
  endfacet
  facet normal 0 0 -1
    outer loop
      vertex 0 0 0
      vertex 78.07685887838707 8.780361288064514 0
      vertex 78.01926109331121 8.392068561318242 0
    endloop
  endfacet
  facet normal 0 0 -1
    outer loop
      vertex 0 0 0
      vertex 82 4 0
      vertex 90 0 0
    endloop
  endfacet
  facet normal 0 -1 0
    outer loop
      vertex 0 0 0
      vertex 90 0 0
      vertex 90 0 30
    endloop
  endfacet
  facet normal 0 0 -1
    outer loop
      vertex 0 0 0
      vertex 90 75 0
      vertex 78.07685887838707 8.780361288064514 0
    endloop
  endfacet
  facet normal 0 0 -1
    outer loop
      vertex 90 0 0
      vertex 82 4 0
      vertex 82.39206856131824 4.019261093311212 0
    endloop
  endfacet
  facet normal 0 0 -1
    outer loop
      vertex 90 0 0
      vertex 82.39206856131824 4.019261093311212 0
      vertex 82.78036128806451 4.076858878387078 0
    endloop
  endfacet
  facet normal 0 0 -1
    outer loop
      vertex 90 0 0
      vertex 82.78036128806451 4.076858878387078 0
      vertex 83.16113870901785 4.172238657071165 0
    endloop
  endfacet
  facet normal 0 0 -1
    outer loop
      vertex 90 0 0
      vertex 83.16113870901785 4.172238657071165 0
      vertex 83.53073372946037 4.304481869954853 0
    endloop
  endfacet
  facet normal 0 0 -1
    outer loop
      vertex 90 0 0
      vertex 83.53073372946037 4.304481869954853 0
      vertex 83.88558694730399 4.47231494260658 0
    endloop
  endfacet
  facet normal 0 0 -1
    outer loop
      vertex 90 0 0
      vertex 83.88558694730399 4.47231494260658 0
      vertex 84.2222809320784 4.674121550789819 0
    endloop
  endfacet
  facet normal 0 0 -1
    outer loop
      vertex 90 0 0
      vertex 84.2222809320784 4.674121550789819 0
      vertex 84.53757313665459 4.9079581865490525 0
    endloop
  endfacet
  facet normal 0 0 -1
    outer loop
      vertex 90 0 0
      vertex 84.53757313665459 4.9079581865490525 0
      vertex 84.82842712474618 5.17157287525381 0
    endloop
  endfacet
  facet normal 0 0 -1
    outer loop
      vertex 90 0 0
      vertex 84.82842712474618 5.17157287525381 0
      vertex 85.09204181345095 5.462426863345418 0
    endloop
  endfacet
  facet normal 0 0 -1
    outer loop
      vertex 90 0 0
      vertex 85.09204181345095 5.462426863345418 0
      vertex 85.32587844921018 5.777719067921591 0
    endloop
  endfacet
  facet normal 0 0 -1
    outer loop
      vertex 90 0 0
      vertex 85.32587844921018 5.777719067921591 0
      vertex 85.52768505739343 6.114413052696009 0
    endloop
  endfacet
  facet normal 0 0 -1
    outer loop
      vertex 90 0 0
      vertex 85.52768505739343 6.114413052696009 0
      vertex 85.69551813004514 6.469266270539641 0
    endloop
  endfacet
  facet normal 0 0 -1
    outer loop
      vertex 90 0 0
      vertex 85.69551813004514 6.469266270539641 0
      vertex 85.82776134292884 6.838861290982151 0
    endloop
  endfacet
  facet normal 0 0 -1
    outer loop
      vertex 90 0 0
      vertex 85.82776134292884 6.838861290982151 0
      vertex 85.92314112161293 7.219638711935487 0
    endloop
  endfacet
  facet normal 0 0 -1
    outer loop
      vertex 90 0 0
      vertex 85.82776134292884 9.16113870901785 0
      vertex 85.69551813004514 9.530733729460358 0
    endloop
  endfacet
  facet normal 0 0 -1
    outer loop
      vertex 90 0 0
      vertex 85.92314112161293 7.219638711935487 0
      vertex 85.98073890668879 7.607931438681757 0
    endloop
  endfacet
  facet normal 0 0 -1
    outer loop
      vertex 90 0 0
      vertex 85.98073890668879 7.607931438681757 0
      vertex 86 8 0
    endloop
  endfacet
  facet normal 0 0 -1
    outer loop
      vertex 90 0 0
      vertex 86 8 0
      vertex 85.98073890668879 8.392068561318242 0
    endloop
  endfacet
  facet normal 0 0 -1
    outer loop
      vertex 90 0 0
      vertex 85.98073890668879 8.392068561318242 0
      vertex 85.92314112161293 8.780361288064514 0
    endloop
  endfacet
  facet normal 0 0 -1
    outer loop
      vertex 90 0 0
      vertex 85.92314112161293 8.780361288064514 0
      vertex 85.82776134292884 9.16113870901785 0
    endloop
  endfacet
  facet normal 1 0 0
    outer loop
      vertex 90 0 0
      vertex 90 17.228361402466142 13.851949702904731
      vertex 90 0 30
    endloop
  endfacet
  facet normal 1 0 0
    outer loop
      vertex 90 0 0
      vertex 90 17.505591163092365 13.333289300941193
      vertex 90 17.354236206954933 13.585809789522006
    endloop
  endfacet
  facet normal 1 0 0
    outer loop
      vertex 90 0 0
      vertex 90 17.354236206954933 13.585809789522006
      vertex 90 17.228361402466142 13.851949702904731
    endloop
  endfacet
  facet normal 1 0 0
    outer loop
      vertex 90 0 0
      vertex 90 18.333289300941193 12.505591163092365
      vertex 90 18.096820147509064 12.68096863991179
    endloop
  endfacet
  facet normal 1 0 0
    outer loop
      vertex 90 0 0
      vertex 90 18.85194970290473 12.22836140246614
      vertex 90 18.585809789522006 12.354236206954935
    endloop
  endfacet
  facet normal 1 0 0
    outer loop
      vertex 90 0 0
      vertex 90 19.414729033951616 12.057644158790309
      vertex 90 19.129145968236614 12.129178992803373
    endloop
  endfacet
  facet normal 1 0 0
    outer loop
      vertex 90 0 0
      vertex 90 19.129145968236614 12.129178992803373
      vertex 90 18.85194970290473 12.22836140246614
    endloop
  endfacet
  facet normal 1 0 0
    outer loop
      vertex 90 0 0
      vertex 90 18.585809789522006 12.354236206954935
      vertex 90 18.333289300941193 12.505591163092365
    endloop
  endfacet
  facet normal 1 0 0
    outer loop
      vertex 90 0 0
      vertex 90 19.705948579011316 12.01444581998341
      vertex 90 19.414729033951616 12.057644158790309
    endloop
  endfacet
  facet normal 1 0 0
    outer loop
      vertex 90 0 0
      vertex 90 20 12
      vertex 90 19.705948579011316 12.01444581998341
    endloop
  endfacet
  facet normal 1 0 0
    outer loop
      vertex 90 0 0
      vertex 90 20.294051420988684 12.01444581998341
      vertex 90 20 12
    endloop
  endfacet
  facet normal 1 0 0
    outer loop
      vertex 90 0 0
      vertex 90 20.585270966048384 12.057644158790309
      vertex 90 20.294051420988684 12.01444581998341
    endloop
  endfacet
  facet normal 1 0 0
    outer loop
      vertex 90 0 0
      vertex 90 20.870854031763386 12.129178992803373
      vertex 90 20.585270966048384 12.057644158790309
    endloop
  endfacet
  facet normal 1 0 0
    outer loop
      vertex 90 0 0
      vertex 90 21.14805029709527 12.22836140246614
      vertex 90 20.870854031763386 12.129178992803373
    endloop
  endfacet
  facet normal 1 0 0
    outer loop
      vertex 90 0 0
      vertex 90 18.096820147509064 12.68096863991179
      vertex 90 17.878679656440358 12.878679656440358
    endloop
  endfacet
  facet normal 1 0 0
    outer loop
      vertex 90 0 0
      vertex 90 17.878679656440358 12.878679656440358
      vertex 90 17.68096863991179 13.096820147509064
    endloop
  endfacet
  facet normal 1 0 0
    outer loop
      vertex 90 0 0
      vertex 90 17.68096863991179 13.096820147509064
      vertex 90 17.505591163092365 13.333289300941193
    endloop
  endfacet
  facet normal 1 0 0
    outer loop
      vertex 90 0 0
      vertex 90 21.414190210477994 12.354236206954935
      vertex 90 21.14805029709527 12.22836140246614
    endloop
  endfacet
  facet normal 0 0 -1
    outer loop
      vertex 90 75 0
      vertex 78.17223865707116 9.16113870901785 0
      vertex 78.07685887838707 8.780361288064514 0
    endloop
  endfacet
  facet normal 0 0 -1
    outer loop
      vertex 90 75 0
      vertex 78.30448186995486 9.530733729460358 0
      vertex 78.17223865707116 9.16113870901785 0
    endloop
  endfacet
  facet normal 0 0 -1
    outer loop
      vertex 90 75 0
      vertex 78.47231494260657 9.88558694730399 0
      vertex 78.30448186995486 9.530733729460358 0
    endloop
  endfacet
  facet normal 0 0 -1
    outer loop
      vertex 90 75 0
      vertex 78.67412155078982 10.222280932078409 0
      vertex 78.47231494260657 9.88558694730399 0
    endloop
  endfacet
  facet normal 0 0 -1
    outer loop
      vertex 90 75 0
      vertex 78.90795818654905 10.537573136654583 0
      vertex 78.67412155078982 10.222280932078409 0
    endloop
  endfacet
  facet normal 0 0 -1
    outer loop
      vertex 90 75 0
      vertex 79.17157287525382 10.82842712474619 0
      vertex 78.90795818654905 10.537573136654583 0
    endloop
  endfacet
  facet normal 0 0 -1
    outer loop
      vertex 90 75 0
      vertex 79.46242686334541 11.092041813450948 0
      vertex 79.17157287525382 10.82842712474619 0
    endloop
  endfacet
  facet normal 0 0 -1
    outer loop
      vertex 90 75 0
      vertex 79.7777190679216 11.325878449210181 0
      vertex 79.46242686334541 11.092041813450948 0
    endloop
  endfacet
  facet normal 0 0 -1
    outer loop
      vertex 90 75 0
      vertex 80.11441305269601 11.52768505739342 0
      vertex 79.7777190679216 11.325878449210181 0
    endloop
  endfacet
  facet normal 0 0 -1
    outer loop
      vertex 90 75 0
      vertex 80.46926627053963 11.695518130045148 0
      vertex 80.11441305269601 11.52768505739342 0
    endloop
  endfacet
  facet normal 0 0 -1
    outer loop
      vertex 90 75 0
      vertex 80.83886129098215 11.827761342928834 0
      vertex 80.46926627053963 11.695518130045148 0
    endloop
  endfacet
  facet normal 0 0 -1
    outer loop
      vertex 90 75 0
      vertex 81.21963871193549 11.923141121612922 0
      vertex 80.83886129098215 11.827761342928834 0
    endloop
  endfacet
  facet normal 0 0 -1
    outer loop
      vertex 90 75 0
      vertex 81.60793143868176 11.980738906688789 0
      vertex 81.21963871193549 11.923141121612922 0
    endloop
  endfacet
  facet normal 0 0 -1
    outer loop
      vertex 90 75 0
      vertex 85.69551813004514 9.530733729460358 0
      vertex 85.52768505739343 9.88558694730399 0
    endloop
  endfacet
  facet normal 0 0 -1
    outer loop
      vertex 90 75 0
      vertex 83.88558694730399 11.52768505739342 0
      vertex 83.53073372946037 11.695518130045148 0
    endloop
  endfacet
  facet normal 0 0 -1
    outer loop
      vertex 90 75 0
      vertex 84.2222809320784 11.325878449210181 0
      vertex 83.88558694730399 11.52768505739342 0
    endloop
  endfacet
  facet normal 0 0 -1
    outer loop
      vertex 90 75 0
      vertex 84.53757313665459 11.092041813450948 0
      vertex 84.2222809320784 11.325878449210181 0
    endloop
  endfacet
  facet normal 0 0 -1
    outer loop
      vertex 90 75 0
      vertex 84.82842712474618 10.82842712474619 0
      vertex 84.53757313665459 11.092041813450948 0
    endloop
  endfacet
  facet normal 0 0 -1
    outer loop
      vertex 90 75 0
      vertex 85.32587844921018 10.222280932078409 0
      vertex 85.09204181345095 10.537573136654583 0
    endloop
  endfacet
  facet normal 0 0 -1
    outer loop
      vertex 90 75 0
      vertex 85.09204181345095 10.537573136654583 0
      vertex 84.82842712474618 10.82842712474619 0
    endloop
  endfacet
  facet normal 0 0 -1
    outer loop
      vertex 90 75 0
      vertex 85.52768505739343 9.88558694730399 0
      vertex 85.32587844921018 10.222280932078409 0
    endloop
  endfacet
  facet normal 0 0 -1
    outer loop
      vertex 90 0 0
      vertex 85.69551813004514 9.530733729460358 0
      vertex 90 75 0
    endloop
  endfacet
  facet normal 0 0 -1
    outer loop
      vertex 90 75 0
      vertex 82 12 0
      vertex 81.60793143868176 11.980738906688789 0
    endloop
  endfacet
  facet normal 0 0 -1
    outer loop
      vertex 90 75 0
      vertex 82.39206856131824 11.980738906688789 0
      vertex 82 12 0
    endloop
  endfacet
  facet normal 0 0 -1
    outer loop
      vertex 90 75 0
      vertex 82.78036128806451 11.923141121612922 0
      vertex 82.39206856131824 11.980738906688789 0
    endloop
  endfacet
  facet normal 0 0 -1
    outer loop
      vertex 90 75 0
      vertex 83.16113870901785 11.827761342928834 0
      vertex 82.78036128806451 11.923141121612922 0
    endloop
  endfacet
  facet normal 0 0 -1
    outer loop
      vertex 90 75 0
      vertex 83.53073372946037 11.695518130045148 0
      vertex 83.16113870901785 11.827761342928834 0
    endloop
  endfacet
  facet normal 1 0 0
    outer loop
      vertex 90 0 0
      vertex 90 75 0
      vertex 90 21.414190210477994 12.354236206954935
    endloop
  endfacet
  facet normal 0 -1 0
    outer loop
      vertex 0 0 0
      vertex 90 0 30
      vertex 49.95064524462217 0 26.3
    endloop
  endfacet
  facet normal 0 0 1
    outer loop
      vertex 2.4 2.4 30
      vertex 90 0 30
      vertex 77.81398534740731 2.4 30
    endloop
  endfacet
  facet normal 0 -1 0
    outer loop
      vertex 90 0 30
      vertex 40.04935475537783 0 29.5
      vertex 49.95064524462217 0 29.5
    endloop
  endfacet
  facet normal 0 -1 0
    outer loop
      vertex 90 0 30
      vertex 49.95064524462217 0 29.5
      vertex 49.95064524462217 0 26.3
    endloop
  endfacet
  facet normal 1 0 0
    outer loop
      vertex 90 0 30
      vertex 90 17.228361402466142 13.851949702904731
      vertex 90 17.129178992803375 14.129145968236614
    endloop
  endfacet
  facet normal 1 0 0
    outer loop
      vertex 90 0 30
      vertex 90 17.129178992803375 14.129145968236614
      vertex 90 17.05764415879031 14.414729033951616
    endloop
  endfacet
  facet normal 1 0 0
    outer loop
      vertex 90 0 30
      vertex 90 17.05764415879031 14.414729033951616
      vertex 90 17.014445819983408 14.705948579011318
    endloop
  endfacet
  facet normal 1 0 0
    outer loop
      vertex 90 0 30
      vertex 90 17.014445819983408 14.705948579011318
      vertex 90 17 15
    endloop
  endfacet
  facet normal 1 0 0
    outer loop
      vertex 90 0 30
      vertex 90 17 15
      vertex 90 17.014445819983408 15.294051420988682
    endloop
  endfacet
  facet normal 1 0 0
    outer loop
      vertex 90 0 30
      vertex 90 17.014445819983408 15.294051420988682
      vertex 90 17.05764415879031 15.585270966048384
    endloop
  endfacet
  facet normal 1 0 0
    outer loop
      vertex 90 0 30
      vertex 90 17.05764415879031 15.585270966048384
      vertex 90 17.129178992803375 15.870854031763386
    endloop
  endfacet
  facet normal 1 0 0
    outer loop
      vertex 90 0 30
      vertex 90 17.129178992803375 15.870854031763386
      vertex 90 17.228361402466142 16.14805029709527
    endloop
  endfacet
  facet normal 1 0 0
    outer loop
      vertex 90 0 30
      vertex 90 17.228361402466142 16.14805029709527
      vertex 90 17.354236206954933 16.414190210477994
    endloop
  endfacet
  facet normal 1 0 0
    outer loop
      vertex 90 0 30
      vertex 90 17.354236206954933 16.414190210477994
      vertex 90 17.505591163092365 16.666710699058807
    endloop
  endfacet
  facet normal 1 0 0
    outer loop
      vertex 90 0 30
      vertex 90 17.505591163092365 16.666710699058807
      vertex 90 17.68096863991179 16.903179852490936
    endloop
  endfacet
  facet normal 1 0 0
    outer loop
      vertex 90 0 30
      vertex 90 17.68096863991179 16.903179852490936
      vertex 90 17.878679656440358 17.121320343559642
    endloop
  endfacet
  facet normal 1 0 0
    outer loop
      vertex 90 0 30
      vertex 90 17.878679656440358 17.121320343559642
      vertex 90 18.096820147509064 17.31903136008821
    endloop
  endfacet
  facet normal 1 0 0
    outer loop
      vertex 90 0 30
      vertex 90 18.096820147509064 17.31903136008821
      vertex 90 18.333289300941193 17.494408836907635
    endloop
  endfacet
  facet normal 1 0 0
    outer loop
      vertex 90 0 30
      vertex 90 18.333289300941193 17.494408836907635
      vertex 90 18.585809789522006 17.645763793045067
    endloop
  endfacet
  facet normal 1 0 0
    outer loop
      vertex 90 0 30
      vertex 90 18.585809789522006 17.645763793045067
      vertex 90 18.85194970290473 17.771638597533858
    endloop
  endfacet
  facet normal 1 0 0
    outer loop
      vertex 90 0 30
      vertex 90 18.85194970290473 17.771638597533858
      vertex 90 19.129145968236614 17.870821007196625
    endloop
  endfacet
  facet normal 1 0 0
    outer loop
      vertex 90 0 30
      vertex 90 19.129145968236614 17.870821007196625
      vertex 90 19.414729033951616 17.94235584120969
    endloop
  endfacet
  facet normal 1 0 0
    outer loop
      vertex 90 0 30
      vertex 90 19.414729033951616 17.94235584120969
      vertex 90 19.705948579011316 17.985554180016592
    endloop
  endfacet
  facet normal 1 0 0
    outer loop
      vertex 90 0 30
      vertex 90 19.705948579011316 17.985554180016592
      vertex 90 20 18
    endloop
  endfacet
  facet normal 1 0 0
    outer loop
      vertex 90 0 30
      vertex 90 20 18
      vertex 90 20.294051420988684 17.985554180016592
    endloop
  endfacet
  facet normal 1 0 0
    outer loop
      vertex 90 0 30
      vertex 90 20.294051420988684 17.985554180016592
      vertex 90 20.585270966048384 17.94235584120969
    endloop
  endfacet
  facet normal 1 0 0
    outer loop
      vertex 90 0 30
      vertex 90 20.585270966048384 17.94235584120969
      vertex 90 20.870854031763386 17.870821007196625
    endloop
  endfacet
  facet normal 0 0 1
    outer loop
      vertex 77.81398534740731 2.4 30
      vertex 90 0 30
      vertex 86.18601465259269 2.4 30
    endloop
  endfacet
  facet normal 0 0 1
    outer loop
      vertex 86.18601465259269 2.4 30
      vertex 90 0 30
      vertex 87.60000000000001 2.4 30
    endloop
  endfacet
  facet normal 0 0 1
    outer loop
      vertex 90 0 30
      vertex 87.60000000000001 3.813985347407325 30
      vertex 87.60000000000001 2.4 30
    endloop
  endfacet
  facet normal 0 0 1
    outer loop
      vertex 90 0 30
      vertex 87.60000000000001 12.186014652592675 30
      vertex 87.60000000000001 3.813985347407325 30
    endloop
  endfacet
  facet normal 1 0 0
    outer loop
      vertex 90 0 30
      vertex 90 20.870854031763386 17.870821007196625
      vertex 90 75 0
    endloop
  endfacet
  facet normal 0 0 1
    outer loop
      vertex 90 0 30
      vertex 87.60000000000001 72.60000000000001 30
      vertex 87.60000000000001 12.186014652592675 30
    endloop
  endfacet
  facet normal 1 0 0
    outer loop
      vertex 90 0 30
      vertex 90 55.04935475537783 26.3
      vertex 90 55.04935475537783 29.5
    endloop
  endfacet
  facet normal 1 0 0
    outer loop
      vertex 90 75 0
      vertex 90 21.666710699058807 12.505591163092365
      vertex 90 21.414190210477994 12.354236206954935
    endloop
  endfacet
  facet normal 1 0 0
    outer loop
      vertex 90 75 0
      vertex 90 21.903179852490936 12.68096863991179
      vertex 90 21.666710699058807 12.505591163092365
    endloop
  endfacet
  facet normal 1 0 0
    outer loop
      vertex 90 75 0
      vertex 90 22.121320343559642 12.878679656440358
      vertex 90 21.903179852490936 12.68096863991179
    endloop
  endfacet
  facet normal 1 0 0
    outer loop
      vertex 90 75 0
      vertex 90 22.31903136008821 13.096820147509064
      vertex 90 22.121320343559642 12.878679656440358
    endloop
  endfacet
  facet normal 1 0 0
    outer loop
      vertex 90 75 0
      vertex 90 22.494408836907635 13.333289300941193
      vertex 90 22.31903136008821 13.096820147509064
    endloop
  endfacet
  facet normal 1 0 0
    outer loop
      vertex 90 75 0
      vertex 90 22.645763793045067 13.585809789522006
      vertex 90 22.494408836907635 13.333289300941193
    endloop
  endfacet
  facet normal 1 0 0
    outer loop
      vertex 90 75 0
      vertex 90 22.771638597533858 13.851949702904731
      vertex 90 22.645763793045067 13.585809789522006
    endloop
  endfacet
  facet normal 1 0 0
    outer loop
      vertex 90 75 0
      vertex 90 22.870821007196625 14.129145968236614
      vertex 90 22.771638597533858 13.851949702904731
    endloop
  endfacet
  facet normal 1 0 0
    outer loop
      vertex 90 75 0
      vertex 90 22.94235584120969 14.414729033951616
      vertex 90 22.870821007196625 14.129145968236614
    endloop
  endfacet
  facet normal 1 0 0
    outer loop
      vertex 90 75 0
      vertex 90 22.985554180016592 14.705948579011318
      vertex 90 22.94235584120969 14.414729033951616
    endloop
  endfacet
  facet normal 1 0 0
    outer loop
      vertex 90 75 0
      vertex 90 23 15
      vertex 90 22.985554180016592 14.705948579011318
    endloop
  endfacet
  facet normal 1 0 0
    outer loop
      vertex 90 75 0
      vertex 90 22.985554180016592 15.294051420988682
      vertex 90 23 15
    endloop
  endfacet
  facet normal 1 0 0
    outer loop
      vertex 90 75 0
      vertex 90 22.94235584120969 15.585270966048384
      vertex 90 22.985554180016592 15.294051420988682
    endloop
  endfacet
  facet normal 1 0 0
    outer loop
      vertex 90 75 0
      vertex 90 22.870821007196625 15.870854031763386
      vertex 90 22.94235584120969 15.585270966048384
    endloop
  endfacet
  facet normal 1 0 0
    outer loop
      vertex 90 75 0
      vertex 90 22.771638597533858 16.14805029709527
      vertex 90 22.870821007196625 15.870854031763386
    endloop
  endfacet
  facet normal 1 0 0
    outer loop
      vertex 90 75 0
      vertex 90 22.645763793045067 16.414190210477994
      vertex 90 22.771638597533858 16.14805029709527
    endloop
  endfacet
  facet normal 1 0 0
    outer loop
      vertex 90 75 0
      vertex 90 22.494408836907635 16.666710699058807
      vertex 90 22.645763793045067 16.414190210477994
    endloop
  endfacet
  facet normal 1 0 0
    outer loop
      vertex 90 75 0
      vertex 90 22.31903136008821 16.903179852490936
      vertex 90 22.494408836907635 16.666710699058807
    endloop
  endfacet
  facet normal 1 0 0
    outer loop
      vertex 90 75 0
      vertex 90 22.121320343559642 17.121320343559642
      vertex 90 22.31903136008821 16.903179852490936
    endloop
  endfacet
  facet normal 1 0 0
    outer loop
      vertex 90 75 0
      vertex 90 21.903179852490936 17.31903136008821
      vertex 90 22.121320343559642 17.121320343559642
    endloop
  endfacet
  facet normal 1 0 0
    outer loop
      vertex 90 75 0
      vertex 90 21.414190210477994 17.645763793045067
      vertex 90 21.666710699058807 17.494408836907635
    endloop
  endfacet
  facet normal 1 0 0
    outer loop
      vertex 90 75 0
      vertex 90 21.666710699058807 17.494408836907635
      vertex 90 21.903179852490936 17.31903136008821
    endloop
  endfacet
  facet normal 1 0 0
    outer loop
      vertex 90 75 0
      vertex 90 21.14805029709527 17.771638597533858
      vertex 90 21.414190210477994 17.645763793045067
    endloop
  endfacet
  facet normal 1 0 0
    outer loop
      vertex 90 75 0
      vertex 90 20.870854031763386 17.870821007196625
      vertex 90 21.14805029709527 17.771638597533858
    endloop
  endfacet
  facet normal 0 1 0
    outer loop
      vertex 90 75 0
      vertex 40.04935475537783 75 26.3
      vertex 49.95064524462217 75 26.3
    endloop
  endfacet
  facet normal 0 1 0
    outer loop
      vertex 0 75 30
      vertex 90 75 30
      vertex 49.95064524462217 75 29.5
    endloop
  endfacet
  facet normal 0 0 1
    outer loop
      vertex 0 75 30
      vertex 87.60000000000001 72.60000000000001 30
      vertex 90 75 30
    endloop
  endfacet
  facet normal 0 1 0
    outer loop
      vertex 90 75 30
      vertex 49.95064524462217 75 26.3
      vertex 49.95064524462217 75 29.5
    endloop
  endfacet
  facet normal 1 0 0
    outer loop
      vertex 90 0 30
      vertex 90 75 0
      vertex 90 55.04935475537783 26.3
    endloop
  endfacet
  facet normal 1 0 0
    outer loop
      vertex 90 0 30
      vertex 90 55.04935475537783 29.5
      vertex 90 64.95064524462218 29.5
    endloop
  endfacet
  facet normal 1 0 0
    outer loop
      vertex 90 0 30
      vertex 90 64.95064524462218 29.5
      vertex 90 75 30
    endloop
  endfacet
  facet normal 0 0 1
    outer loop
      vertex 90 0 30
      vertex 90 75 30
      vertex 87.60000000000001 72.60000000000001 30
    endloop
  endfacet
  facet normal 0 1 0
    outer loop
      vertex 90 75 0
      vertex 49.95064524462217 75 26.3
      vertex 90 75 30
    endloop
  endfacet
  facet normal 1 0 0
    outer loop
      vertex 90 75 0
      vertex 90 64.95064524462218 26.3
      vertex 90 55.04935475537783 26.3
    endloop
  endfacet
  facet normal 1 0 0
    outer loop
      vertex 90 75 0
      vertex 90 75 30
      vertex 90 64.95064524462218 26.3
    endloop
  endfacet
  facet normal 1 0 0
    outer loop
      vertex 90 75 30
      vertex 90 64.95064524462218 29.5
      vertex 90 64.95064524462218 26.3
    endloop
  endfacet
  facet normal 0 0 1
    outer loop
      vertex 2.4 2.4 2
      vertex 9.314016789590884 6.567473866593158 2
      vertex 9.13223304703363 6.732233047033631 2
    endloop
  endfacet
  facet normal 0 0 1
    outer loop
      vertex 2.4 2.4 2
      vertex 8.821325969243635 7.111074417450995 2
      vertex 8.69519683912911 7.321508157935006 2
    endloop
  endfacet
  facet normal 0 0 1
    outer loop
      vertex 2.4 2.4 2
      vertex 8.69519683912911 7.321508157935006 2
      vertex 8.590301168721782 7.543291419087275 2
    endloop
  endfacet
  facet normal 0 0 1
    outer loop
      vertex 2.4 2.4 2
      vertex 9.13223304703363 6.732233047033631 2
      vertex 8.967473866593156 6.914016789590886 2
    endloop
  endfacet
  facet normal 0 0 1
    outer loop
      vertex 2.4 2.4 2
      vertex 8.967473866593156 6.914016789590886 2
      vertex 8.821325969243635 7.111074417450995 2
    endloop
  endfacet
  facet normal 0 0 1
    outer loop
      vertex 2.4 2.4 2
      vertex 8.590301168721782 7.543291419087275 2
      vertex 8.507649160669477 7.774288306863844 2
    endloop
  endfacet
  facet normal 0 0 1
    outer loop
      vertex 2.4 2.4 2
      vertex 8.507649160669477 7.774288306863844 2
      vertex 8.448036798991922 8.01227419495968 2
    endloop
  endfacet
  facet normal 0 0 1
    outer loop
      vertex 2.4 2.4 2
      vertex 8.448036798991922 8.01227419495968 2
      vertex 8.412038183319506 8.254957149176098 2
    endloop
  endfacet
  facet normal 0 0 1
    outer loop
      vertex 2.4 2.4 2
      vertex 9.943291419087274 6.190301168721783 2
      vertex 9.721508157935004 6.295196839129112 2
    endloop
  endfacet
  facet normal 0 0 1
    outer loop
      vertex 2.4 2.4 2
      vertex 9.511074417450994 6.421325969243637 2
      vertex 9.314016789590884 6.567473866593158 2
    endloop
  endfacet
  facet normal 0 0 1
    outer loop
      vertex 2.4 2.4 2
      vertex 9.721508157935004 6.295196839129112 2
      vertex 9.511074417450994 6.421325969243637 2
    endloop
  endfacet
  facet normal 0 0 1
    outer loop
      vertex 2.4 2.4 2
      vertex 10.174288306863843 6.107649160669478 2
      vertex 9.943291419087274 6.190301168721783 2
    endloop
  endfacet
  facet normal 0 0 1
    outer loop
      vertex 2.4 2.4 2
      vertex 10.412274194959679 6.048036798991924 2
      vertex 10.174288306863843 6.107649160669478 2
    endloop
  endfacet
  facet normal 0 0 1
    outer loop
      vertex 2.4 2.4 2
      vertex 10.654957149176097 6.012038183319508 2
      vertex 10.412274194959679 6.048036798991924 2
    endloop
  endfacet
  facet normal 0 0 1
    outer loop
      vertex 2.4 2.4 2
      vertex 10.899999999999999 6 2
      vertex 10.654957149176097 6.012038183319508 2
    endloop
  endfacet
  facet normal 0 0 1
    outer loop
      vertex 9.933736933296577 7.707008394795443 2
      vertex 11.262855846568076 7.303824580334739 2
      vertex 9.860662984621817 7.8055372087254975 2
    endloop
  endfacet
  facet normal 0 0 1
    outer loop
      vertex 10.310754078967502 7.397598419564556 2
      vertex 10.421645709543636 7.3451505843608915 2
      vertex 10.899999999999999 7.25 2
    endloop
  endfacet
  facet normal 0 0 1
    outer loop
      vertex 10.107008394795441 7.533736933296579 2
      vertex 10.205537208725495 7.460662984621818 2
      vertex 11.262855846568076 7.303824580334739 2
    endloop
  endfacet
  facet normal 0 0 1
    outer loop
      vertex 10.016116523516814 7.616116523516816 2
      vertex 11.262855846568076 7.303824580334739 2
      vertex 9.933736933296577 7.707008394795443 2
    endloop
  endfacet
  facet normal 0 0 1
    outer loop
      vertex 10.016116523516814 7.616116523516816 2
      vertex 10.107008394795441 7.533736933296579 2
      vertex 11.262855846568076 7.303824580334739 2
    endloop
  endfacet
  facet normal 0 0 1
    outer loop
      vertex 9.797598419564554 7.910754078967503 2
      vertex 9.860662984621817 7.8055372087254975 2
      vertex 11.262855846568076 7.303824580334739 2
    endloop
  endfacet
  facet normal 0 0 1
    outer loop
      vertex 9.74515058436089 8.021645709543638 2
      vertex 9.797598419564554 7.910754078967503 2
      vertex 11.489245921032495 7.397598419564556 2
    endloop
  endfacet
  facet normal 0 0 1
    outer loop
      vertex 9.74515058436089 8.021645709543638 2
      vertex 11.489245921032495 7.397598419564556 2
      vertex 9.703824580334738 8.137144153431922 2
    endloop
  endfacet
  facet normal 0 0 1
    outer loop
      vertex 9.703824580334738 8.137144153431922 2
      vertex 12.09617541966526 8.137144153431922 2
      vertex 9.67401839949596 8.25613709747984 2
    endloop
  endfacet
  facet normal 0 0 1
    outer loop
      vertex 10.537144153431921 7.303824580334739 2
      vertex 10.899999999999999 7.25 2
      vertex 10.421645709543636 7.3451505843608915 2
    endloop
  endfacet
  facet normal 0 0 1
    outer loop
      vertex 10.537144153431921 7.303824580334739 2
      vertex 10.656137097479839 7.2740183994959615 2
      vertex 10.777478574588049 7.256019091659754 2
    endloop
  endfacet
  facet normal 0 0 1
    outer loop
      vertex 10.310754078967502 7.397598419564556 2
      vertex 10.899999999999999 7.25 2
      vertex 11.022521425411949 7.256019091659754 2
    endloop
  endfacet
  facet normal 0 0 1
    outer loop
      vertex 10.537144153431921 7.303824580334739 2
      vertex 10.777478574588049 7.256019091659754 2
      vertex 10.899999999999999 7.25 2
    endloop
  endfacet
  facet normal 0 0 1
    outer loop
      vertex 10.310754078967502 7.397598419564556 2
      vertex 11.022521425411949 7.256019091659754 2
      vertex 11.143862902520159 7.2740183994959615 2
    endloop
  endfacet
  facet normal 0 0 1
    outer loop
      vertex 10.205537208725495 7.460662984621818 2
      vertex 10.310754078967502 7.397598419564556 2
      vertex 11.262855846568076 7.303824580334739 2
    endloop
  endfacet
  facet normal 0 0 1
    outer loop
      vertex 9.797598419564554 7.910754078967503 2
      vertex 11.262855846568076 7.303824580334739 2
      vertex 11.378354290456361 7.3451505843608915 2
    endloop
  endfacet
  facet normal 0 0 1
    outer loop
      vertex 9.797598419564554 7.910754078967503 2
      vertex 11.378354290456361 7.3451505843608915 2
      vertex 11.489245921032495 7.397598419564556 2
    endloop
  endfacet
  facet normal 0 0 1
    outer loop
      vertex 10.310754078967502 7.397598419564556 2
      vertex 11.143862902520159 7.2740183994959615 2
      vertex 11.262855846568076 7.303824580334739 2
    endloop
  endfacet
  facet normal 0 0 1
    outer loop
      vertex 9.703824580334738 8.137144153431922 2
      vertex 11.489245921032495 7.397598419564556 2
      vertex 11.594462791274502 7.460662984621818 2
    endloop
  endfacet
  facet normal 0 0 1
    outer loop
      vertex 9.703824580334738 8.137144153431922 2
      vertex 11.692991605204556 7.533736933296579 2
      vertex 11.783883476483183 7.616116523516816 2
    endloop
  endfacet
  facet normal 0 0 1
    outer loop
      vertex 9.703824580334738 8.137144153431922 2
      vertex 11.594462791274502 7.460662984621818 2
      vertex 11.692991605204556 7.533736933296579 2
    endloop
  endfacet
  facet normal 0 0 1
    outer loop
      vertex 9.703824580334738 8.137144153431922 2
      vertex 11.783883476483183 7.616116523516816 2
      vertex 11.86626306670342 7.707008394795443 2
    endloop
  endfacet
  facet normal 0 0 1
    outer loop
      vertex 9.703824580334738 8.137144153431922 2
      vertex 11.86626306670342 7.707008394795443 2
      vertex 11.93933701537818 7.8055372087254975 2
    endloop
  endfacet
  facet normal 0 0 1
    outer loop
      vertex 9.703824580334738 8.137144153431922 2
      vertex 11.93933701537818 7.8055372087254975 2
      vertex 12.002401580435443 7.910754078967503 2
    endloop
  endfacet
  facet normal 0 0 1
    outer loop
      vertex 9.656019091659752 8.37747857458805 2
      vertex 9.67401839949596 8.25613709747984 2
      vertex 12.09617541966526 8.137144153431922 2
    endloop
  endfacet
  facet normal 0 0 1
    outer loop
      vertex 9.656019091659752 8.37747857458805 2
      vertex 12.143980908340245 8.62252142541195 2
      vertex 9.649999999999999 8.5 2
    endloop
  endfacet
  facet normal 0 0 1
    outer loop
      vertex 9.649999999999999 8.5 2
      vertex 11.143862902520159 9.725981600504038 2
      vertex 9.656019091659752 8.62252142541195 2
    endloop
  endfacet
  facet normal 0 0 1
    outer loop
      vertex 9.656019091659752 8.62252142541195 2
      vertex 11.022521425411949 9.743980908340246 2
      vertex 9.67401839949596 8.74386290252016 2
    endloop
  endfacet
  facet normal 0 0 1
    outer loop
      vertex 9.703824580334738 8.862855846568078 2
      vertex 10.777478574588049 9.743980908340246 2
      vertex 9.74515058436089 8.978354290456362 2
    endloop
  endfacet
  facet normal 0 0 1
    outer loop
      vertex 9.67401839949596 8.74386290252016 2
      vertex 11.022521425411949 9.743980908340246 2
      vertex 9.703824580334738 8.862855846568078 2
    endloop
  endfacet
  facet normal 0 0 1
    outer loop
      vertex 9.74515058436089 8.978354290456362 2
      vertex 10.777478574588049 9.743980908340246 2
      vertex 9.797598419564554 9.089245921032497 2
    endloop
  endfacet
  facet normal 0 0 1
    outer loop
      vertex 9.797598419564554 9.089245921032497 2
      vertex 10.537144153431921 9.696175419665261 2
      vertex 9.860662984621817 9.194462791274503 2
    endloop
  endfacet
  facet normal 0 0 1
    outer loop
      vertex 9.656019091659752 8.62252142541195 2
      vertex 11.143862902520159 9.725981600504038 2
      vertex 11.022521425411949 9.743980908340246 2
    endloop
  endfacet
  facet normal 0 0 1
    outer loop
      vertex 9.649999999999999 8.5 2
      vertex 11.262855846568076 9.696175419665261 2
      vertex 11.143862902520159 9.725981600504038 2
    endloop
  endfacet
  facet normal 0 0 1
    outer loop
      vertex 9.649999999999999 8.5 2
      vertex 11.378354290456361 9.65484941563911 2
      vertex 11.262855846568076 9.696175419665261 2
    endloop
  endfacet
  facet normal 0 0 1
    outer loop
      vertex 9.649999999999999 8.5 2
      vertex 11.489245921032495 9.602401580435444 2
      vertex 11.378354290456361 9.65484941563911 2
    endloop
  endfacet
  facet normal 0 0 1
    outer loop
      vertex 9.649999999999999 8.5 2
      vertex 12.054849415639108 8.978354290456362 2
      vertex 12.002401580435443 9.089245921032497 2
    endloop
  endfacet
  facet normal 0 0 1
    outer loop
      vertex 9.649999999999999 8.5 2
      vertex 12.002401580435443 9.089245921032497 2
      vertex 11.93933701537818 9.194462791274503 2
    endloop
  endfacet
  facet normal 0 0 1
    outer loop
      vertex 9.649999999999999 8.5 2
      vertex 11.93933701537818 9.194462791274503 2
      vertex 11.86626306670342 9.292991605204557 2
    endloop
  endfacet
  facet normal 0 0 1
    outer loop
      vertex 9.649999999999999 8.5 2
      vertex 11.86626306670342 9.292991605204557 2
      vertex 11.783883476483183 9.383883476483184 2
    endloop
  endfacet
  facet normal 0 0 1
    outer loop
      vertex 9.649999999999999 8.5 2
      vertex 11.594462791274502 9.539337015378182 2
      vertex 11.489245921032495 9.602401580435444 2
    endloop
  endfacet
  facet normal 0 0 1
    outer loop
      vertex 9.649999999999999 8.5 2
      vertex 11.692991605204556 9.466263066703421 2
      vertex 11.594462791274502 9.539337015378182 2
    endloop
  endfacet
  facet normal 0 0 1
    outer loop
      vertex 9.649999999999999 8.5 2
      vertex 11.783883476483183 9.383883476483184 2
      vertex 11.692991605204556 9.466263066703421 2
    endloop
  endfacet
  facet normal 0 0 1
    outer loop
      vertex 9.860662984621817 9.194462791274503 2
      vertex 10.537144153431921 9.696175419665261 2
      vertex 9.933736933296577 9.292991605204557 2
    endloop
  endfacet
  facet normal 0 0 1
    outer loop
      vertex 9.933736933296577 9.292991605204557 2
      vertex 10.537144153431921 9.696175419665261 2
      vertex 10.016116523516814 9.383883476483184 2
    endloop
  endfacet
  facet normal 0 0 1
    outer loop
      vertex 10.016116523516814 9.383883476483184 2
      vertex 10.421645709543636 9.65484941563911 2
      vertex 10.107008394795441 9.466263066703421 2
    endloop
  endfacet
  facet normal 0 0 1
    outer loop
      vertex 9.797598419564554 9.089245921032497 2
      vertex 10.656137097479839 9.725981600504038 2
      vertex 10.537144153431921 9.696175419665261 2
    endloop
  endfacet
  facet normal 0 0 1
    outer loop
      vertex 10.107008394795441 9.466263066703421 2
      vertex 10.310754078967502 9.602401580435444 2
      vertex 10.205537208725495 9.539337015378182 2
    endloop
  endfacet
  facet normal 0 0 1
    outer loop
      vertex 10.107008394795441 9.466263066703421 2
      vertex 10.421645709543636 9.65484941563911 2
      vertex 10.310754078967502 9.602401580435444 2
    endloop
  endfacet
  facet normal 0 0 1
    outer loop
      vertex 10.016116523516814 9.383883476483184 2
      vertex 10.537144153431921 9.696175419665261 2
      vertex 10.421645709543636 9.65484941563911 2
    endloop
  endfacet
  facet normal 0 0 1
    outer loop
      vertex 9.797598419564554 9.089245921032497 2
      vertex 10.777478574588049 9.743980908340246 2
      vertex 10.656137097479839 9.725981600504038 2
    endloop
  endfacet
  facet normal 0 0 1
    outer loop
      vertex 9.703824580334738 8.862855846568078 2
      vertex 11.022521425411949 9.743980908340246 2
      vertex 10.899999999999999 9.75 2
    endloop
  endfacet
  facet normal 0 0 1
    outer loop
      vertex 9.703824580334738 8.862855846568078 2
      vertex 10.899999999999999 9.75 2
      vertex 10.777478574588049 9.743980908340246 2
    endloop
  endfacet
  facet normal 0 0 1
    outer loop
      vertex 9.703824580334738 8.137144153431922 2
      vertex 12.002401580435443 7.910754078967503 2
      vertex 12.054849415639108 8.021645709543638 2
    endloop
  endfacet
  facet normal 0 0 1
    outer loop
      vertex 9.703824580334738 8.137144153431922 2
      vertex 12.054849415639108 8.021645709543638 2
      vertex 12.09617541966526 8.137144153431922 2
    endloop
  endfacet
  facet normal 0 0 1
    outer loop
      vertex 9.656019091659752 8.37747857458805 2
      vertex 12.09617541966526 8.137144153431922 2
      vertex 12.125981600504037 8.25613709747984 2
    endloop
  endfacet
  facet normal 0 0 1
    outer loop
      vertex 9.656019091659752 8.37747857458805 2
      vertex 12.125981600504037 8.25613709747984 2
      vertex 12.143980908340245 8.37747857458805 2
    endloop
  endfacet
  facet normal 0 0 1
    outer loop
      vertex 9.656019091659752 8.37747857458805 2
      vertex 12.143980908340245 8.37747857458805 2
      vertex 12.149999999999999 8.5 2
    endloop
  endfacet
  facet normal 0 0 1
    outer loop
      vertex 9.656019091659752 8.37747857458805 2
      vertex 12.149999999999999 8.5 2
      vertex 12.143980908340245 8.62252142541195 2
    endloop
  endfacet
  facet normal 0 0 1
    outer loop
      vertex 9.649999999999999 8.5 2
      vertex 12.143980908340245 8.62252142541195 2
      vertex 12.125981600504037 8.74386290252016 2
    endloop
  endfacet
  facet normal 0 0 1
    outer loop
      vertex 9.649999999999999 8.5 2
      vertex 12.125981600504037 8.74386290252016 2
      vertex 12.09617541966526 8.862855846568078 2
    endloop
  endfacet
  facet normal 0 0 1
    outer loop
      vertex 9.649999999999999 8.5 2
      vertex 12.09617541966526 8.862855846568078 2
      vertex 12.054849415639108 8.978354290456362 2
    endloop
  endfacet
  facet normal 0 0 1
    outer loop
      vertex 2.4 2.4 2
      vertex 8.412038183319506 8.254957149176098 2
      vertex 2.4 72.60000000000001 2
    endloop
  endfacet
  facet normal 0 0 1
    outer loop
      vertex 8.412038183319506 8.254957149176098 2
      vertex 8.399999999999999 8.5 2
      vertex 2.4 72.60000000000001 2
    endloop
  endfacet
  facet normal 0 0 1
    outer loop
      vertex 8.399999999999999 8.5 2
      vertex 8.412038183319506 8.745042850823902 2
      vertex 2.4 72.60000000000001 2
    endloop
  endfacet
  facet normal 0 0 1
    outer loop
      vertex 8.412038183319506 8.745042850823902 2
      vertex 8.448036798991922 8.98772580504032 2
      vertex 2.4 72.60000000000001 2
    endloop
  endfacet
  facet normal 0 0 1
    outer loop
      vertex 8.448036798991922 8.98772580504032 2
      vertex 8.507649160669477 9.225711693136155 2
      vertex 2.4 72.60000000000001 2
    endloop
  endfacet
  facet normal 0 0 1
    outer loop
      vertex 8.507649160669477 9.225711693136155 2
      vertex 8.590301168721782 9.456708580912725 2
      vertex 2.4 72.60000000000001 2
    endloop
  endfacet
  facet normal 0 0 1
    outer loop
      vertex 8.590301168721782 9.456708580912725 2
      vertex 8.69519683912911 9.678491842064995 2
      vertex 2.4 72.60000000000001 2
    endloop
  endfacet
  facet normal 0 0 1
    outer loop
      vertex 8.69519683912911 9.678491842064995 2
      vertex 8.821325969243635 9.888925582549005 2
      vertex 2.4 72.60000000000001 2
    endloop
  endfacet
  facet normal 0 0 1
    outer loop
      vertex 8.821325969243635 9.888925582549005 2
      vertex 8.967473866593156 10.085983210409115 2
      vertex 2.4 72.60000000000001 2
    endloop
  endfacet
  facet normal 0 0 1
    outer loop
      vertex 8.967473866593156 10.085983210409115 2
      vertex 9.13223304703363 10.267766952966369 2
      vertex 2.4 72.60000000000001 2
    endloop
  endfacet
  facet normal 0 0 1
    outer loop
      vertex 9.13223304703363 10.267766952966369 2
      vertex 9.314016789590884 10.432526133406842 2
      vertex 2.4 72.60000000000001 2
    endloop
  endfacet
  facet normal 0 0 1
    outer loop
      vertex 9.314016789590884 10.432526133406842 2
      vertex 9.511074417450994 10.578674030756364 2
      vertex 2.4 72.60000000000001 2
    endloop
  endfacet
  facet normal 0 0 1
    outer loop
      vertex 9.511074417450994 10.578674030756364 2
      vertex 9.721508157935004 10.704803160870888 2
      vertex 2.4 72.60000000000001 2
    endloop
  endfacet
  facet normal 0 0 1
    outer loop
      vertex 9.721508157935004 10.704803160870888 2
      vertex 9.943291419087274 10.809698831278217 2
      vertex 2.4 72.60000000000001 2
    endloop
  endfacet
  facet normal 0 0 1
    outer loop
      vertex 9.943291419087274 10.809698831278217 2
      vertex 10.174288306863843 10.892350839330522 2
      vertex 2.4 72.60000000000001 2
    endloop
  endfacet
  facet normal 0 0 1
    outer loop
      vertex 10.174288306863843 10.892350839330522 2
      vertex 10.412274194959679 10.951963201008077 2
      vertex 2.4 72.60000000000001 2
    endloop
  endfacet
  facet normal 0 0 1
    outer loop
      vertex 10.412274194959679 10.951963201008077 2
      vertex 10.654957149176097 10.987961816680492 2
      vertex 2.4 72.60000000000001 2
    endloop
  endfacet
  facet normal 0 0 1
    outer loop
      vertex 10.654957149176097 10.987961816680492 2
      vertex 10.899999999999999 11 2
      vertex 2.4 72.60000000000001 2
    endloop
  endfacet
  facet normal 0 0 1
    outer loop
      vertex 10.899999999999999 11 2
      vertex 11.1450428508239 10.987961816680492 2
      vertex 2.4 72.60000000000001 2
    endloop
  endfacet
  facet normal 0 0 1
    outer loop
      vertex 11.1450428508239 10.987961816680492 2
      vertex 11.387725805040319 10.951963201008077 2
      vertex 2.4 72.60000000000001 2
    endloop
  endfacet
  facet normal 0 0 1
    outer loop
      vertex 11.387725805040319 10.951963201008077 2
      vertex 11.625711693136154 10.892350839330522 2
      vertex 2.4 72.60000000000001 2
    endloop
  endfacet
  facet normal 0 0 1
    outer loop
      vertex 11.856708580912724 10.809698831278217 2
      vertex 2.4 72.60000000000001 2
      vertex 11.625711693136154 10.892350839330522 2
    endloop
  endfacet
  facet normal 0 0 1
    outer loop
      vertex 11.856708580912724 10.809698831278217 2
      vertex 12.078491842064993 10.704803160870888 2
      vertex 2.4 72.60000000000001 2
    endloop
  endfacet
  facet normal 0 0 1
    outer loop
      vertex 12.078491842064993 10.704803160870888 2
      vertex 12.288925582549004 10.578674030756364 2
      vertex 2.4 72.60000000000001 2
    endloop
  endfacet
  facet normal 0 0 1
    outer loop
      vertex 2.4 2.4 2
      vertex 75.30141764987454 5.968007259218764 2
      vertex 10.899999999999999 6 2
    endloop
  endfacet
  facet normal 0 0 1
    outer loop
      vertex 10.899999999999999 6 2
      vertex 75.30141764987454 5.968007259218764 2
      vertex 11.1450428508239 6.012038183319508 2
    endloop
  endfacet
  facet normal 0 0 1
    outer loop
      vertex 11.1450428508239 6.012038183319508 2
      vertex 75.30141764987454 5.968007259218764 2
      vertex 11.387725805040319 6.048036798991924 2
    endloop
  endfacet
  facet normal 0 0 1
    outer loop
      vertex 11.387725805040319 6.048036798991924 2
      vertex 75.30141764987454 5.968007259218764 2
      vertex 11.625711693136154 6.107649160669478 2
    endloop
  endfacet
  facet normal 0 0 1
    outer loop
      vertex 11.625711693136154 6.107649160669478 2
      vertex 75.30141764987454 5.968007259218764 2
      vertex 11.856708580912724 6.190301168721783 2
    endloop
  endfacet
  facet normal 0 0 1
    outer loop
      vertex 11.856708580912724 6.190301168721783 2
      vertex 83.56066298462181 15.305537208725497 2
      vertex 12.078491842064993 6.295196839129112 2
    endloop
  endfacet
  facet normal 0 0 1
    outer loop
      vertex 12.078491842064993 6.295196839129112 2
      vertex 83.56066298462181 15.305537208725497 2
      vertex 12.288925582549004 6.421325969243637 2
    endloop
  endfacet
  facet normal 0 0 1
    outer loop
      vertex 12.288925582549004 6.421325969243637 2
      vertex 83.56066298462181 15.305537208725497 2
      vertex 12.485983210409113 6.567473866593158 2
    endloop
  endfacet
  facet normal 0 0 1
    outer loop
      vertex 12.485983210409113 6.567473866593158 2
      vertex 83.56066298462181 15.305537208725497 2
      vertex 12.667766952966367 6.732233047033631 2
    endloop
  endfacet
  facet normal 0 0 1
    outer loop
      vertex 12.667766952966367 6.732233047033631 2
      vertex 83.56066298462181 15.305537208725497 2
      vertex 12.83252613340684 6.914016789590886 2
    endloop
  endfacet
  facet normal 0 0 1
    outer loop
      vertex 12.83252613340684 6.914016789590886 2
      vertex 83.37401839949595 16.24386290252016 2
      vertex 12.978674030756363 7.111074417450995 2
    endloop
  endfacet
  facet normal 0 0 1
    outer loop
      vertex 12.978674030756363 7.111074417450995 2
      vertex 83.44515058436089 23.521645709543638 2
      vertex 13.104803160870887 7.321508157935006 2
    endloop
  endfacet
  facet normal 0 0 1
    outer loop
      vertex 13.104803160870887 7.321508157935006 2
      vertex 83.44515058436089 23.521645709543638 2
      vertex 13.209698831278216 7.543291419087275 2
    endloop
  endfacet
  facet normal 0 0 1
    outer loop
      vertex 13.209698831278216 7.543291419087275 2
      vertex 83.44515058436089 23.521645709543638 2
      vertex 13.29235083933052 7.774288306863844 2
    endloop
  endfacet
  facet normal 0 0 1
    outer loop
      vertex 13.29235083933052 7.774288306863844 2
      vertex 83.44515058436089 23.521645709543638 2
      vertex 13.351963201008076 8.01227419495968 2
    endloop
  endfacet
  facet normal 0 0 1
    outer loop
      vertex 13.351963201008076 8.01227419495968 2
      vertex 83.44515058436089 23.521645709543638 2
      vertex 13.387961816680491 8.254957149176098 2
    endloop
  endfacet
  facet normal 0 0 1
    outer loop
      vertex 13.387961816680491 8.254957149176098 2
      vertex 87.60000000000001 72.60000000000001 2
      vertex 13.399999999999999 8.5 2
    endloop
  endfacet
  facet normal 0 0 1
    outer loop
      vertex 13.399999999999999 8.5 2
      vertex 87.60000000000001 72.60000000000001 2
      vertex 13.387961816680491 8.745042850823902 2
    endloop
  endfacet
  facet normal 0 0 1
    outer loop
      vertex 13.351963201008076 8.98772580504032 2
      vertex 13.387961816680491 8.745042850823902 2
      vertex 87.60000000000001 72.60000000000001 2
    endloop
  endfacet
  facet normal 0 0 1
    outer loop
      vertex 13.351963201008076 8.98772580504032 2
      vertex 87.60000000000001 72.60000000000001 2
      vertex 13.29235083933052 9.225711693136155 2
    endloop
  endfacet
  facet normal 0 0 1
    outer loop
      vertex 13.29235083933052 9.225711693136155 2
      vertex 87.60000000000001 72.60000000000001 2
      vertex 13.209698831278216 9.456708580912725 2
    endloop
  endfacet
  facet normal 0 0 1
    outer loop
      vertex 12.978674030756363 9.888925582549005 2
      vertex 13.104803160870887 9.678491842064995 2
      vertex 87.60000000000001 72.60000000000001 2
    endloop
  endfacet
  facet normal 0 0 1
    outer loop
      vertex 12.83252613340684 10.085983210409115 2
      vertex 87.60000000000001 72.60000000000001 2
      vertex 12.667766952966367 10.267766952966369 2
    endloop
  endfacet
  facet normal 0 0 1
    outer loop
      vertex 12.978674030756363 9.888925582549005 2
      vertex 87.60000000000001 72.60000000000001 2
      vertex 12.83252613340684 10.085983210409115 2
    endloop
  endfacet
  facet normal 0 0 1
    outer loop
      vertex 12.485983210409113 10.432526133406842 2
      vertex 12.667766952966367 10.267766952966369 2
      vertex 87.60000000000001 72.60000000000001 2
    endloop
  endfacet
  facet normal 0 0 1
    outer loop
      vertex 12.485983210409113 10.432526133406842 2
      vertex 87.60000000000001 72.60000000000001 2
      vertex 12.288925582549004 10.578674030756364 2
    endloop
  endfacet
  facet normal 0 0 1
    outer loop
      vertex 13.209698831278216 9.456708580912725 2
      vertex 87.60000000000001 72.60000000000001 2
      vertex 13.104803160870887 9.678491842064995 2
    endloop
  endfacet
  facet normal 1 0 0
    outer loop
      vertex 2.4 2.4 2
      vertex 2.4 32.54935475537783 26.3
      vertex 2.4 2.4 30
    endloop
  endfacet
  facet normal 0 1 0
    outer loop
      vertex 2.4 2.4 2
      vertex 2.4 2.4 30
      vertex 40.04935475537783 2.4 26.3
    endloop
  endfacet
  facet normal 1 0 0
    outer loop
      vertex 2.4 2.4 2
      vertex 2.4 42.45064524462217 26.3
      vertex 2.4 32.54935475537783 26.3
    endloop
  endfacet
  facet normal 1 0 0
    outer loop
      vertex 2.4 2.4 30
      vertex 2.4 32.54935475537783 26.3
      vertex 2.4 32.54935475537783 29.5
    endloop
  endfacet
  facet normal 1 0 0
    outer loop
      vertex 2.4 2.4 30
      vertex 2.4 32.54935475537783 29.5
      vertex 2.4 42.45064524462217 29.5
    endloop
  endfacet
  facet normal 0 1 0
    outer loop
      vertex 2.4 2.4 2
      vertex 40.04935475537783 2.4 26.3
      vertex 49.95064524462217 2.4 26.3
    endloop
  endfacet
  facet normal 0 1 0
    outer loop
      vertex 2.4 2.4 2
      vertex 49.95064524462217 2.4 26.3
      vertex 77.81398534740731 2.4 30
    endloop
  endfacet
  facet normal 0 1 0
    outer loop
      vertex 2.4 2.4 30
      vertex 40.04935475537783 2.4 29.5
      vertex 40.04935475537783 2.4 26.3
    endloop
  endfacet
  facet normal 0 1 0
    outer loop
      vertex 2.4 2.4 30
      vertex 49.95064524462217 2.4 29.5
      vertex 40.04935475537783 2.4 29.5
    endloop
  endfacet
  facet normal 0 1 0
    outer loop
      vertex 2.4 2.4 30
      vertex 77.81398534740731 2.4 30
      vertex 49.95064524462217 2.4 29.5
    endloop
  endfacet
  facet normal 0 0 1
    outer loop
      vertex 12.288925582549004 10.578674030756364 2
      vertex 9.13223304703363 64.73223304703363 2
      vertex 8.967473866593156 64.91401678959089 2
    endloop
  endfacet
  facet normal 0 0 1
    outer loop
      vertex 12.288925582549004 10.578674030756364 2
      vertex 9.721508157935004 64.29519683912912 2
      vertex 9.511074417450994 64.42132596924364 2
    endloop
  endfacet
  facet normal 0 0 1
    outer loop
      vertex 12.288925582549004 10.578674030756364 2
      vertex 9.511074417450994 64.42132596924364 2
      vertex 9.314016789590884 64.56747386659316 2
    endloop
  endfacet
  facet normal 0 0 1
    outer loop
      vertex 12.288925582549004 10.578674030756364 2
      vertex 9.314016789590884 64.56747386659316 2
      vertex 9.13223304703363 64.73223304703363 2
    endloop
  endfacet
  facet normal 0 0 1
    outer loop
      vertex 12.288925582549004 10.578674030756364 2
      vertex 10.412274194959679 64.04803679899193 2
      vertex 10.174288306863843 64.10764916066948 2
    endloop
  endfacet
  facet normal 0 0 1
    outer loop
      vertex 12.288925582549004 10.578674030756364 2
      vertex 10.654957149176097 64.0120381833195 2
      vertex 10.412274194959679 64.04803679899193 2
    endloop
  endfacet
  facet normal 0 0 1
    outer loop
      vertex 12.288925582549004 10.578674030756364 2
      vertex 9.943291419087274 64.19030116872179 2
      vertex 9.721508157935004 64.29519683912912 2
    endloop
  endfacet
  facet normal 0 0 1
    outer loop
      vertex 12.288925582549004 10.578674030756364 2
      vertex 10.174288306863843 64.10764916066948 2
      vertex 9.943291419087274 64.19030116872179 2
    endloop
  endfacet
  facet normal 0 0 1
    outer loop
      vertex 12.288925582549004 10.578674030756364 2
      vertex 8.967473866593156 64.91401678959089 2
      vertex 2.4 72.60000000000001 2
    endloop
  endfacet
  facet normal 0 0 1
    outer loop
      vertex 12.288925582549004 10.578674030756364 2
      vertex 10.899999999999999 64 2
      vertex 10.654957149176097 64.0120381833195 2
    endloop
  endfacet
  facet normal 0 0 1
    outer loop
      vertex 12.288925582549004 10.578674030756364 2
      vertex 11.1450428508239 64.0120381833195 2
      vertex 10.899999999999999 64 2
    endloop
  endfacet
  facet normal 0 0 1
    outer loop
      vertex 12.288925582549004 10.578674030756364 2
      vertex 11.387725805040319 64.04803679899193 2
      vertex 11.1450428508239 64.0120381833195 2
    endloop
  endfacet
  facet normal 0 0 1
    outer loop
      vertex 12.288925582549004 10.578674030756364 2
      vertex 11.625711693136154 64.10764916066948 2
      vertex 11.387725805040319 64.04803679899193 2
    endloop
  endfacet
  facet normal 0 0 1
    outer loop
      vertex 12.288925582549004 10.578674030756364 2
      vertex 11.856708580912724 64.19030116872179 2
      vertex 11.625711693136154 64.10764916066948 2
    endloop
  endfacet
  facet normal 1 0 0
    outer loop
      vertex 2.4 2.4 2
      vertex 2.4 72.60000000000001 2
      vertex 2.4 72.60000000000001 30
    endloop
  endfacet
  facet normal 0 0 1
    outer loop
      vertex 10.537144153431921 65.30382458033473 2
      vertex 10.656137097479839 65.27401839949596 2
      vertex 10.421645709543636 65.3451505843609 2
    endloop
  endfacet
  facet normal 0 0 1
    outer loop
      vertex 10.310754078967502 65.39759841956456 2
      vertex 10.421645709543636 65.3451505843609 2
      vertex 10.899999999999999 65.25 2
    endloop
  endfacet
  facet normal 0 0 1
    outer loop
      vertex 10.421645709543636 65.3451505843609 2
      vertex 10.656137097479839 65.27401839949596 2
      vertex 10.777478574588049 65.25601909165975 2
    endloop
  endfacet
  facet normal 0 0 1
    outer loop
      vertex 10.421645709543636 65.3451505843609 2
      vertex 10.777478574588049 65.25601909165975 2
      vertex 10.899999999999999 65.25 2
    endloop
  endfacet
  facet normal 0 0 1
    outer loop
      vertex 10.310754078967502 65.39759841956456 2
      vertex 10.899999999999999 65.25 2
      vertex 11.022521425411949 65.25601909165975 2
    endloop
  endfacet
  facet normal 0 0 1
    outer loop
      vertex 10.310754078967502 65.39759841956456 2
      vertex 11.022521425411949 65.25601909165975 2
      vertex 11.143862902520159 65.27401839949596 2
    endloop
  endfacet
  facet normal 0 0 1
    outer loop
      vertex 10.107008394795441 65.53373693329658 2
      vertex 10.205537208725495 65.46066298462182 2
      vertex 11.489245921032495 65.39759841956456 2
    endloop
  endfacet
  facet normal 0 0 1
    outer loop
      vertex 10.205537208725495 65.46066298462182 2
      vertex 10.310754078967502 65.39759841956456 2
      vertex 11.489245921032495 65.39759841956456 2
    endloop
  endfacet
  facet normal 0 0 1
    outer loop
      vertex 10.016116523516814 65.61611652351681 2
      vertex 10.107008394795441 65.53373693329658 2
      vertex 11.692991605204556 65.53373693329658 2
    endloop
  endfacet
  facet normal 0 0 1
    outer loop
      vertex 10.016116523516814 65.61611652351681 2
      vertex 11.692991605204556 65.53373693329658 2
      vertex 9.933736933296577 65.70700839479544 2
    endloop
  endfacet
  facet normal 0 0 1
    outer loop
      vertex 10.310754078967502 65.39759841956456 2
      vertex 11.143862902520159 65.27401839949596 2
      vertex 11.262855846568076 65.30382458033473 2
    endloop
  endfacet
  facet normal 0 0 1
    outer loop
      vertex 10.310754078967502 65.39759841956456 2
      vertex 11.262855846568076 65.30382458033473 2
      vertex 11.378354290456361 65.3451505843609 2
    endloop
  endfacet
  facet normal 0 0 1
    outer loop
      vertex 10.310754078967502 65.39759841956456 2
      vertex 11.378354290456361 65.3451505843609 2
      vertex 11.489245921032495 65.39759841956456 2
    endloop
  endfacet
  facet normal 0 0 1
    outer loop
      vertex 10.107008394795441 65.53373693329658 2
      vertex 11.489245921032495 65.39759841956456 2
      vertex 11.594462791274502 65.46066298462182 2
    endloop
  endfacet
  facet normal 0 0 1
    outer loop
      vertex 10.107008394795441 65.53373693329658 2
      vertex 11.594462791274502 65.46066298462182 2
      vertex 11.692991605204556 65.53373693329658 2
    endloop
  endfacet
  facet normal 0 0 1
    outer loop
      vertex 8.69519683912911 65.321508157935 2
      vertex 8.590301168721782 65.54329141908728 2
      vertex 2.4 72.60000000000001 2
    endloop
  endfacet
  facet normal 0 0 1
    outer loop
      vertex 8.69519683912911 65.321508157935 2
      vertex 2.4 72.60000000000001 2
      vertex 8.821325969243635 65.111074417451 2
    endloop
  endfacet
  facet normal 0 0 1
    outer loop
      vertex 8.967473866593156 64.91401678959089 2
      vertex 8.821325969243635 65.111074417451 2
      vertex 2.4 72.60000000000001 2
    endloop
  endfacet
  facet normal 0 0 1
    outer loop
      vertex 8.590301168721782 65.54329141908728 2
      vertex 8.507649160669477 65.77428830686384 2
      vertex 2.4 72.60000000000001 2
    endloop
  endfacet
  facet normal 0 0 1
    outer loop
      vertex 2.4 72.60000000000001 2
      vertex 8.507649160669477 65.77428830686384 2
      vertex 8.448036798991922 66.01227419495967 2
    endloop
  endfacet
  facet normal 0 0 1
    outer loop
      vertex 2.4 72.60000000000001 2
      vertex 8.448036798991922 66.01227419495967 2
      vertex 8.412038183319506 66.2549571491761 2
    endloop
  endfacet
  facet normal 0 0 1
    outer loop
      vertex 2.4 72.60000000000001 2
      vertex 8.412038183319506 66.2549571491761 2
      vertex 8.399999999999999 66.5 2
    endloop
  endfacet
  facet normal 0 0 1
    outer loop
      vertex 2.4 72.60000000000001 2
      vertex 8.399999999999999 66.5 2
      vertex 8.412038183319506 66.7450428508239 2
    endloop
  endfacet
  facet normal 0 0 1
    outer loop
      vertex 2.4 72.60000000000001 2
      vertex 8.412038183319506 66.7450428508239 2
      vertex 8.448036798991922 66.98772580504033 2
    endloop
  endfacet
  facet normal 0 0 1
    outer loop
      vertex 2.4 72.60000000000001 2
      vertex 8.448036798991922 66.98772580504033 2
      vertex 8.507649160669477 67.22571169313616 2
    endloop
  endfacet
  facet normal 0 0 1
    outer loop
      vertex 2.4 72.60000000000001 2
      vertex 8.507649160669477 67.22571169313616 2
      vertex 8.590301168721782 67.45670858091272 2
    endloop
  endfacet
  facet normal 0 0 1
    outer loop
      vertex 2.4 72.60000000000001 2
      vertex 8.590301168721782 67.45670858091272 2
      vertex 8.69519683912911 67.678491842065 2
    endloop
  endfacet
  facet normal 0 0 1
    outer loop
      vertex 2.4 72.60000000000001 2
      vertex 8.69519683912911 67.678491842065 2
      vertex 8.821325969243635 67.888925582549 2
    endloop
  endfacet
  facet normal 0 0 1
    outer loop
      vertex 2.4 72.60000000000001 2
      vertex 8.821325969243635 67.888925582549 2
      vertex 8.967473866593156 68.08598321040911 2
    endloop
  endfacet
  facet normal 0 0 1
    outer loop
      vertex 2.4 72.60000000000001 2
      vertex 8.967473866593156 68.08598321040911 2
      vertex 9.13223304703363 68.26776695296637 2
    endloop
  endfacet
  facet normal 0 0 1
    outer loop
      vertex 2.4 72.60000000000001 2
      vertex 9.13223304703363 68.26776695296637 2
      vertex 9.314016789590884 68.43252613340684 2
    endloop
  endfacet
  facet normal 0 0 1
    outer loop
      vertex 2.4 72.60000000000001 2
      vertex 9.314016789590884 68.43252613340684 2
      vertex 9.511074417450994 68.57867403075636 2
    endloop
  endfacet
  facet normal 0 0 1
    outer loop
      vertex 2.4 72.60000000000001 2
      vertex 9.511074417450994 68.57867403075636 2
      vertex 9.721508157935004 68.70480316087088 2
    endloop
  endfacet
  facet normal 0 0 1
    outer loop
      vertex 2.4 72.60000000000001 2
      vertex 9.721508157935004 68.70480316087088 2
      vertex 9.943291419087274 68.80969883127821 2
    endloop
  endfacet
  facet normal 0 0 1
    outer loop
      vertex 2.4 72.60000000000001 2
      vertex 9.943291419087274 68.80969883127821 2
      vertex 10.174288306863843 68.89235083933052 2
    endloop
  endfacet
  facet normal 0 0 1
    outer loop
      vertex 2.4 72.60000000000001 2
      vertex 10.174288306863843 68.89235083933052 2
      vertex 10.412274194959679 68.95196320100807 2
    endloop
  endfacet
  facet normal 0 0 1
    outer loop
      vertex 2.4 72.60000000000001 2
      vertex 10.412274194959679 68.95196320100807 2
      vertex 10.654957149176097 68.9879618166805 2
    endloop
  endfacet
  facet normal 0 0 1
    outer loop
      vertex 2.4 72.60000000000001 2
      vertex 10.654957149176097 68.9879618166805 2
      vertex 10.899999999999999 69 2
    endloop
  endfacet
  facet normal 0 0 1
    outer loop
      vertex 9.797598419564554 65.9107540789675 2
      vertex 9.860662984621817 65.8055372087255 2
      vertex 11.692991605204556 65.53373693329658 2
    endloop
  endfacet
  facet normal 0 0 1
    outer loop
      vertex 9.933736933296577 65.70700839479544 2
      vertex 11.692991605204556 65.53373693329658 2
      vertex 9.860662984621817 65.8055372087255 2
    endloop
  endfacet
  facet normal 0 0 1
    outer loop
      vertex 9.797598419564554 65.9107540789675 2
      vertex 11.692991605204556 65.53373693329658 2
      vertex 9.74515058436089 66.02164570954363 2
    endloop
  endfacet
  facet normal 0 0 1
    outer loop
      vertex 9.74515058436089 66.02164570954363 2
      vertex 11.692991605204556 65.53373693329658 2
      vertex 9.703824580334738 66.13714415343192 2
    endloop
  endfacet
  facet normal 0 0 1
    outer loop
      vertex 9.703824580334738 66.13714415343192 2
      vertex 11.692991605204556 65.53373693329658 2
      vertex 9.67401839949596 66.25613709747984 2
    endloop
  endfacet
  facet normal 0 0 1
    outer loop
      vertex 9.656019091659752 66.37747857458805 2
      vertex 9.67401839949596 66.25613709747984 2
      vertex 11.692991605204556 65.53373693329658 2
    endloop
  endfacet
  facet normal 0 0 1
    outer loop
      vertex 9.656019091659752 66.37747857458805 2
      vertex 11.692991605204556 65.53373693329658 2
      vertex 9.649999999999999 66.5 2
    endloop
  endfacet
  facet normal 0 0 1
    outer loop
      vertex 9.649999999999999 66.5 2
      vertex 11.692991605204556 65.53373693329658 2
      vertex 9.656019091659752 66.62252142541195 2
    endloop
  endfacet
  facet normal 0 0 1
    outer loop
      vertex 9.656019091659752 66.62252142541195 2
      vertex 11.692991605204556 65.53373693329658 2
      vertex 9.67401839949596 66.74386290252016 2
    endloop
  endfacet
  facet normal 0 0 1
    outer loop
      vertex 9.67401839949596 66.74386290252016 2
      vertex 11.692991605204556 65.53373693329658 2
      vertex 9.703824580334738 66.86285584656808 2
    endloop
  endfacet
  facet normal 0 0 1
    outer loop
      vertex 9.703824580334738 66.86285584656808 2
      vertex 11.692991605204556 65.53373693329658 2
      vertex 9.74515058436089 66.97835429045637 2
    endloop
  endfacet
  facet normal 0 0 1
    outer loop
      vertex 9.74515058436089 66.97835429045637 2
      vertex 11.692991605204556 65.53373693329658 2
      vertex 9.797598419564554 67.0892459210325 2
    endloop
  endfacet
  facet normal 0 0 1
    outer loop
      vertex 9.797598419564554 67.0892459210325 2
      vertex 11.692991605204556 65.53373693329658 2
      vertex 9.860662984621817 67.1944627912745 2
    endloop
  endfacet
  facet normal 0 0 1
    outer loop
      vertex 9.860662984621817 67.1944627912745 2
      vertex 11.692991605204556 65.53373693329658 2
      vertex 9.933736933296577 67.29299160520456 2
    endloop
  endfacet
  facet normal 0 0 1
    outer loop
      vertex 10.107008394795441 67.46626306670342 2
      vertex 11.692991605204556 65.53373693329658 2
      vertex 11.783883476483183 65.61611652351681 2
    endloop
  endfacet
  facet normal 0 0 1
    outer loop
      vertex 9.933736933296577 67.29299160520456 2
      vertex 11.692991605204556 65.53373693329658 2
      vertex 10.016116523516814 67.38388347648319 2
    endloop
  endfacet
  facet normal 0 0 1
    outer loop
      vertex 10.016116523516814 67.38388347648319 2
      vertex 11.692991605204556 65.53373693329658 2
      vertex 10.107008394795441 67.46626306670342 2
    endloop
  endfacet
  facet normal 0 0 1
    outer loop
      vertex 10.107008394795441 67.46626306670342 2
      vertex 11.783883476483183 65.61611652351681 2
      vertex 10.205537208725495 67.53933701537818 2
    endloop
  endfacet
  facet normal 0 0 1
    outer loop
      vertex 10.205537208725495 67.53933701537818 2
      vertex 11.93933701537818 65.8055372087255 2
      vertex 10.310754078967502 67.60240158043544 2
    endloop
  endfacet
  facet normal 0 0 1
    outer loop
      vertex 10.310754078967502 67.60240158043544 2
      vertex 12.002401580435443 65.9107540789675 2
      vertex 10.421645709543636 67.6548494156391 2
    endloop
  endfacet
  facet normal 0 0 1
    outer loop
      vertex 10.421645709543636 67.6548494156391 2
      vertex 11.86626306670342 67.29299160520456 2
      vertex 10.537144153431921 67.69617541966527 2
    endloop
  endfacet
  facet normal 0 0 1
    outer loop
      vertex 10.537144153431921 67.69617541966527 2
      vertex 11.692991605204556 67.46626306670342 2
      vertex 10.656137097479839 67.72598160050404 2
    endloop
  endfacet
  facet normal 0 0 1
    outer loop
      vertex 10.656137097479839 67.72598160050404 2
      vertex 11.594462791274502 67.53933701537818 2
      vertex 10.777478574588049 67.74398090834025 2
    endloop
  endfacet
  facet normal 0 0 1
    outer loop
      vertex 10.777478574588049 67.74398090834025 2
      vertex 11.594462791274502 67.53933701537818 2
      vertex 10.899999999999999 67.75 2
    endloop
  endfacet
  facet normal 0 0 1
    outer loop
      vertex 10.899999999999999 67.75 2
      vertex 11.378354290456361 67.6548494156391 2
      vertex 11.022521425411949 67.74398090834025 2
    endloop
  endfacet
  facet normal 0 0 1
    outer loop
      vertex 11.022521425411949 67.74398090834025 2
      vertex 11.378354290456361 67.6548494156391 2
      vertex 11.143862902520159 67.72598160050404 2
    endloop
  endfacet
  facet normal 0 0 1
    outer loop
      vertex 10.205537208725495 67.53933701537818 2
      vertex 11.783883476483183 65.61611652351681 2
      vertex 11.86626306670342 65.70700839479544 2
    endloop
  endfacet
  facet normal 0 0 1
    outer loop
      vertex 10.205537208725495 67.53933701537818 2
      vertex 11.86626306670342 65.70700839479544 2
      vertex 11.93933701537818 65.8055372087255 2
    endloop
  endfacet
  facet normal 0 0 1
    outer loop
      vertex 10.310754078967502 67.60240158043544 2
      vertex 11.93933701537818 65.8055372087255 2
      vertex 12.002401580435443 65.9107540789675 2
    endloop
  endfacet
  facet normal 0 0 1
    outer loop
      vertex 10.421645709543636 67.6548494156391 2
      vertex 12.002401580435443 65.9107540789675 2
      vertex 12.054849415639108 66.02164570954363 2
    endloop
  endfacet
  facet normal 0 0 1
    outer loop
      vertex 10.421645709543636 67.6548494156391 2
      vertex 12.054849415639108 66.02164570954363 2
      vertex 12.09617541966526 66.13714415343192 2
    endloop
  endfacet
  facet normal 0 0 1
    outer loop
      vertex 10.421645709543636 67.6548494156391 2
      vertex 12.09617541966526 66.13714415343192 2
      vertex 12.125981600504037 66.25613709747984 2
    endloop
  endfacet
  facet normal 0 0 1
    outer loop
      vertex 10.421645709543636 67.6548494156391 2
      vertex 12.125981600504037 66.25613709747984 2
      vertex 12.143980908340245 66.37747857458805 2
    endloop
  endfacet
  facet normal 0 0 1
    outer loop
      vertex 10.421645709543636 67.6548494156391 2
      vertex 12.143980908340245 66.37747857458805 2
      vertex 12.149999999999999 66.5 2
    endloop
  endfacet
  facet normal 0 0 1
    outer loop
      vertex 10.421645709543636 67.6548494156391 2
      vertex 12.149999999999999 66.5 2
      vertex 12.143980908340245 66.62252142541195 2
    endloop
  endfacet
  facet normal 0 0 1
    outer loop
      vertex 10.421645709543636 67.6548494156391 2
      vertex 12.143980908340245 66.62252142541195 2
      vertex 12.125981600504037 66.74386290252016 2
    endloop
  endfacet
  facet normal 0 0 1
    outer loop
      vertex 10.421645709543636 67.6548494156391 2
      vertex 12.125981600504037 66.74386290252016 2
      vertex 12.09617541966526 66.86285584656808 2
    endloop
  endfacet
  facet normal 0 0 1
    outer loop
      vertex 10.421645709543636 67.6548494156391 2
      vertex 11.93933701537818 67.1944627912745 2
      vertex 11.86626306670342 67.29299160520456 2
    endloop
  endfacet
  facet normal 0 0 1
    outer loop
      vertex 10.421645709543636 67.6548494156391 2
      vertex 12.09617541966526 66.86285584656808 2
      vertex 12.054849415639108 66.97835429045637 2
    endloop
  endfacet
  facet normal 0 0 1
    outer loop
      vertex 10.421645709543636 67.6548494156391 2
      vertex 12.054849415639108 66.97835429045637 2
      vertex 12.002401580435443 67.0892459210325 2
    endloop
  endfacet
  facet normal 0 0 1
    outer loop
      vertex 10.421645709543636 67.6548494156391 2
      vertex 12.002401580435443 67.0892459210325 2
      vertex 11.93933701537818 67.1944627912745 2
    endloop
  endfacet
  facet normal 0 0 1
    outer loop
      vertex 10.537144153431921 67.69617541966527 2
      vertex 11.86626306670342 67.29299160520456 2
      vertex 11.783883476483183 67.38388347648319 2
    endloop
  endfacet
  facet normal 0 0 1
    outer loop
      vertex 10.537144153431921 67.69617541966527 2
      vertex 11.783883476483183 67.38388347648319 2
      vertex 11.692991605204556 67.46626306670342 2
    endloop
  endfacet
  facet normal 0 0 1
    outer loop
      vertex 10.656137097479839 67.72598160050404 2
      vertex 11.692991605204556 67.46626306670342 2
      vertex 11.594462791274502 67.53933701537818 2
    endloop
  endfacet
  facet normal 0 0 1
    outer loop
      vertex 10.899999999999999 67.75 2
      vertex 11.594462791274502 67.53933701537818 2
      vertex 11.489245921032495 67.60240158043544 2
    endloop
  endfacet
  facet normal 0 0 1
    outer loop
      vertex 10.899999999999999 67.75 2
      vertex 11.489245921032495 67.60240158043544 2
      vertex 11.378354290456361 67.6548494156391 2
    endloop
  endfacet
  facet normal 0 0 1
    outer loop
      vertex 11.143862902520159 67.72598160050404 2
      vertex 11.378354290456361 67.6548494156391 2
      vertex 11.262855846568076 67.69617541966527 2
    endloop
  endfacet
  facet normal 0 0 1
    outer loop
      vertex 12.288925582549004 10.578674030756364 2
      vertex 67.94329141908729 64.19030116872179 2
      vertex 11.856708580912724 64.19030116872179 2
    endloop
  endfacet
  facet normal 0 0 1
    outer loop
      vertex 11.856708580912724 64.19030116872179 2
      vertex 67.721508157935 64.29519683912912 2
      vertex 12.078491842064993 64.29519683912912 2
    endloop
  endfacet
  facet normal 0 0 1
    outer loop
      vertex 12.078491842064993 64.29519683912912 2
      vertex 67.721508157935 64.29519683912912 2
      vertex 12.288925582549004 64.42132596924364 2
    endloop
  endfacet
  facet normal 0 0 1
    outer loop
      vertex 12.288925582549004 64.42132596924364 2
      vertex 67.511074417451 64.42132596924364 2
      vertex 12.485983210409113 64.56747386659316 2
    endloop
  endfacet
  facet normal 0 0 1
    outer loop
      vertex 12.485983210409113 64.56747386659316 2
      vertex 67.13223304703364 64.73223304703363 2
      vertex 12.667766952966367 64.73223304703363 2
    endloop
  endfacet
  facet normal 0 0 1
    outer loop
      vertex 12.667766952966367 64.73223304703363 2
      vertex 67.13223304703364 64.73223304703363 2
      vertex 12.83252613340684 64.91401678959089 2
    endloop
  endfacet
  facet normal 0 0 1
    outer loop
      vertex 12.83252613340684 64.91401678959089 2
      vertex 66.96747386659317 64.91401678959089 2
      vertex 12.978674030756363 65.111074417451 2
    endloop
  endfacet
  facet normal 0 0 1
    outer loop
      vertex 12.978674030756363 65.111074417451 2
      vertex 66.82132596924365 65.111074417451 2
      vertex 13.104803160870887 65.321508157935 2
    endloop
  endfacet
  facet normal 0 0 1
    outer loop
      vertex 13.104803160870887 65.321508157935 2
      vertex 66.5903011687218 65.54329141908728 2
      vertex 13.209698831278216 65.54329141908728 2
    endloop
  endfacet
  facet normal 0 0 1
    outer loop
      vertex 12.978674030756363 67.888925582549 2
      vertex 66.82132596924365 67.888925582549 2
      vertex 12.83252613340684 68.08598321040911 2
    endloop
  endfacet
  facet normal 0 0 1
    outer loop
      vertex 12.83252613340684 68.08598321040911 2
      vertex 67.13223304703364 68.26776695296637 2
      vertex 12.667766952966367 68.26776695296637 2
    endloop
  endfacet
  facet normal 0 0 1
    outer loop
      vertex 12.485983210409113 68.43252613340684 2
      vertex 12.667766952966367 68.26776695296637 2
      vertex 67.13223304703364 68.26776695296637 2
    endloop
  endfacet
  facet normal 0 0 1
    outer loop
      vertex 12.485983210409113 68.43252613340684 2
      vertex 67.511074417451 68.57867403075636 2
      vertex 12.288925582549004 68.57867403075636 2
    endloop
  endfacet
  facet normal 0 0 1
    outer loop
      vertex 11.856708580912724 68.80969883127821 2
      vertex 12.078491842064993 68.70480316087088 2
      vertex 67.721508157935 68.70480316087088 2
    endloop
  endfacet
  facet normal 0 0 1
    outer loop
      vertex 12.078491842064993 68.70480316087088 2
      vertex 12.288925582549004 68.57867403075636 2
      vertex 67.721508157935 68.70480316087088 2
    endloop
  endfacet
  facet normal 0 0 1
    outer loop
      vertex 13.209698831278216 65.54329141908728 2
      vertex 66.50764916066949 65.77428830686384 2
      vertex 13.29235083933052 65.77428830686384 2
    endloop
  endfacet
  facet normal 0 0 1
    outer loop
      vertex 13.29235083933052 65.77428830686384 2
      vertex 66.50764916066949 65.77428830686384 2
      vertex 13.351963201008076 66.01227419495967 2
    endloop
  endfacet
  facet normal 0 0 1
    outer loop
      vertex 13.351963201008076 66.01227419495967 2
      vertex 66.41203818331951 66.2549571491761 2
      vertex 13.387961816680491 66.2549571491761 2
    endloop
  endfacet
  facet normal 0 0 1
    outer loop
      vertex 13.387961816680491 66.2549571491761 2
      vertex 66.41203818331951 66.2549571491761 2
      vertex 13.399999999999999 66.5 2
    endloop
  endfacet
  facet normal 0 0 1
    outer loop
      vertex 13.399999999999999 66.5 2
      vertex 66.41203818331951 66.7450428508239 2
      vertex 13.387961816680491 66.7450428508239 2
    endloop
  endfacet
  facet normal 0 0 1
    outer loop
      vertex 13.387961816680491 66.7450428508239 2
      vertex 66.41203818331951 66.7450428508239 2
      vertex 13.351963201008076 66.98772580504033 2
    endloop
  endfacet
  facet normal 0 0 1
    outer loop
      vertex 13.351963201008076 66.98772580504033 2
      vertex 66.50764916066949 67.22571169313616 2
      vertex 13.29235083933052 67.22571169313616 2
    endloop
  endfacet
  facet normal 0 0 1
    outer loop
      vertex 13.29235083933052 67.22571169313616 2
      vertex 66.50764916066949 67.22571169313616 2
      vertex 13.209698831278216 67.45670858091272 2
    endloop
  endfacet
  facet normal 0 0 1
    outer loop
      vertex 13.209698831278216 67.45670858091272 2
      vertex 66.5903011687218 67.45670858091272 2
      vertex 13.104803160870887 67.678491842065 2
    endloop
  endfacet
  facet normal 0 0 1
    outer loop
      vertex 12.978674030756363 67.888925582549 2
      vertex 13.104803160870887 67.678491842065 2
      vertex 66.82132596924365 67.888925582549 2
    endloop
  endfacet
  facet normal 0 0 1
    outer loop
      vertex 2.4 72.60000000000001 2
      vertex 10.899999999999999 69 2
      vertex 87.60000000000001 72.60000000000001 2
    endloop
  endfacet
  facet normal 0 0 1
    outer loop
      vertex 10.899999999999999 69 2
      vertex 11.1450428508239 68.9879618166805 2
      vertex 87.60000000000001 72.60000000000001 2
    endloop
  endfacet
  facet normal 0 0 1
    outer loop
      vertex 11.1450428508239 68.9879618166805 2
      vertex 11.387725805040319 68.95196320100807 2
      vertex 87.60000000000001 72.60000000000001 2
    endloop
  endfacet
  facet normal 0 0 1
    outer loop
      vertex 11.387725805040319 68.95196320100807 2
      vertex 11.625711693136154 68.89235083933052 2
      vertex 87.60000000000001 72.60000000000001 2
    endloop
  endfacet
  facet normal 0 0 1
    outer loop
      vertex 11.856708580912724 68.80969883127821 2
      vertex 87.60000000000001 72.60000000000001 2
      vertex 11.625711693136154 68.89235083933052 2
    endloop
  endfacet
  facet normal 1 0 0
    outer loop
      vertex 2.4 2.4 2
      vertex 2.4 72.60000000000001 30
      vertex 2.4 42.45064524462217 26.3
    endloop
  endfacet
  facet normal 1 0 0
    outer loop
      vertex 2.4 2.4 30
      vertex 2.4 42.45064524462217 29.5
      vertex 2.4 72.60000000000001 30
    endloop
  endfacet
  facet normal 1 0 0
    outer loop
      vertex 2.4 72.60000000000001 30
      vertex 2.4 42.45064524462217 29.5
      vertex 2.4 42.45064524462217 26.3
    endloop
  endfacet
  facet normal 0 -1 0
    outer loop
      vertex 2.4 72.60000000000001 2
      vertex 40.04935475537782 72.60000000000001 26.3
      vertex 2.4 72.60000000000001 30
    endloop
  endfacet
  facet normal 0 -1 0
    outer loop
      vertex 2.4 72.60000000000001 2
      vertex 49.95064524462218 72.60000000000001 26.3
      vertex 40.04935475537782 72.60000000000001 26.3
    endloop
  endfacet
  facet normal 0 -1 0
    outer loop
      vertex 2.4 72.60000000000001 30
      vertex 40.04935475537782 72.60000000000001 26.3
      vertex 40.04935475537782 72.60000000000001 29.5
    endloop
  endfacet
  facet normal 0 -1 0
    outer loop
      vertex 2.4 72.60000000000001 30
      vertex 40.04935475537782 72.60000000000001 29.5
      vertex 87.60000000000001 72.60000000000001 30
    endloop
  endfacet
  facet normal 0 0 1
    outer loop
      vertex 11.856708580912724 6.190301168721783 2
      vertex 66.82132596924365 7.111074417450995 2
      vertex 66.69519683912912 7.321508157935006 2
    endloop
  endfacet
  facet normal 0 0 1
    outer loop
      vertex 11.856708580912724 6.190301168721783 2
      vertex 66.69519683912912 7.321508157935006 2
      vertex 66.5903011687218 7.543291419087275 2
    endloop
  endfacet
  facet normal 0 0 1
    outer loop
      vertex 11.856708580912724 6.190301168721783 2
      vertex 67.511074417451 6.421325969243637 2
      vertex 67.3140167895909 6.567473866593158 2
    endloop
  endfacet
  facet normal 0 0 1
    outer loop
      vertex 11.856708580912724 6.190301168721783 2
      vertex 67.721508157935 6.295196839129112 2
      vertex 67.511074417451 6.421325969243637 2
    endloop
  endfacet
  facet normal 0 0 1
    outer loop
      vertex 11.856708580912724 6.190301168721783 2
      vertex 67.94329141908729 6.190301168721783 2
      vertex 67.721508157935 6.295196839129112 2
    endloop
  endfacet
  facet normal 0 0 1
    outer loop
      vertex 11.856708580912724 6.190301168721783 2
      vertex 67.13223304703364 6.732233047033631 2
      vertex 66.96747386659317 6.914016789590886 2
    endloop
  endfacet
  facet normal 0 0 1
    outer loop
      vertex 11.856708580912724 6.190301168721783 2
      vertex 67.3140167895909 6.567473866593158 2
      vertex 67.13223304703364 6.732233047033631 2
    endloop
  endfacet
  facet normal 0 0 1
    outer loop
      vertex 11.856708580912724 6.190301168721783 2
      vertex 66.96747386659317 6.914016789590886 2
      vertex 66.82132596924365 7.111074417450995 2
    endloop
  endfacet
  facet normal 0 0 1
    outer loop
      vertex 11.856708580912724 6.190301168721783 2
      vertex 68.41227419495968 6.048036798991924 2
      vertex 68.17428830686384 6.107649160669478 2
    endloop
  endfacet
  facet normal 0 0 1
    outer loop
      vertex 11.856708580912724 6.190301168721783 2
      vertex 68.17428830686384 6.107649160669478 2
      vertex 67.94329141908729 6.190301168721783 2
    endloop
  endfacet
  facet normal 0 0 1
    outer loop
      vertex 11.856708580912724 6.190301168721783 2
      vertex 68.6549571491761 6.012038183319508 2
      vertex 68.41227419495968 6.048036798991924 2
    endloop
  endfacet
  facet normal 0 0 1
    outer loop
      vertex 11.856708580912724 6.190301168721783 2
      vertex 68.9 6 2
      vertex 68.6549571491761 6.012038183319508 2
    endloop
  endfacet
  facet normal 0 0 1
    outer loop
      vertex 11.856708580912724 6.190301168721783 2
      vertex 66.5903011687218 7.543291419087275 2
      vertex 66.50764916066949 7.774288306863844 2
    endloop
  endfacet
  facet normal 0 0 1
    outer loop
      vertex 11.856708580912724 6.190301168721783 2
      vertex 66.50764916066949 7.774288306863844 2
      vertex 66.44803679899194 8.01227419495968 2
    endloop
  endfacet
  facet normal 0 0 1
    outer loop
      vertex 11.856708580912724 6.190301168721783 2
      vertex 66.44803679899194 8.01227419495968 2
      vertex 66.41203818331951 8.254957149176098 2
    endloop
  endfacet
  facet normal 0 0 1
    outer loop
      vertex 11.856708580912724 6.190301168721783 2
      vertex 66.41203818331951 8.254957149176098 2
      vertex 66.4 8.5 2
    endloop
  endfacet
  facet normal 0 0 1
    outer loop
      vertex 11.856708580912724 6.190301168721783 2
      vertex 66.4 8.5 2
      vertex 66.41203818331951 8.745042850823902 2
    endloop
  endfacet
  facet normal 0 0 1
    outer loop
      vertex 11.856708580912724 6.190301168721783 2
      vertex 66.41203818331951 8.745042850823902 2
      vertex 66.44803679899194 8.98772580504032 2
    endloop
  endfacet
  facet normal 0 0 1
    outer loop
      vertex 11.856708580912724 6.190301168721783 2
      vertex 66.44803679899194 8.98772580504032 2
      vertex 66.50764916066949 9.225711693136155 2
    endloop
  endfacet
  facet normal 0 0 1
    outer loop
      vertex 11.856708580912724 6.190301168721783 2
      vertex 66.50764916066949 9.225711693136155 2
      vertex 66.5903011687218 9.456708580912725 2
    endloop
  endfacet
  facet normal 0 0 1
    outer loop
      vertex 11.856708580912724 6.190301168721783 2
      vertex 66.5903011687218 9.456708580912725 2
      vertex 66.69519683912912 9.678491842064995 2
    endloop
  endfacet
  facet normal 0 0 1
    outer loop
      vertex 11.856708580912724 6.190301168721783 2
      vertex 66.69519683912912 9.678491842064995 2
      vertex 66.82132596924365 9.888925582549005 2
    endloop
  endfacet
  facet normal 0 0 1
    outer loop
      vertex 11.856708580912724 6.190301168721783 2
      vertex 66.82132596924365 9.888925582549005 2
      vertex 66.96747386659317 10.085983210409115 2
    endloop
  endfacet
  facet normal 0 0 1
    outer loop
      vertex 11.856708580912724 6.190301168721783 2
      vertex 66.96747386659317 10.085983210409115 2
      vertex 67.13223304703364 10.267766952966369 2
    endloop
  endfacet
  facet normal 0 0 1
    outer loop
      vertex 11.856708580912724 6.190301168721783 2
      vertex 67.13223304703364 10.267766952966369 2
      vertex 67.3140167895909 10.432526133406842 2
    endloop
  endfacet
  facet normal 0 0 1
    outer loop
      vertex 11.856708580912724 6.190301168721783 2
      vertex 67.3140167895909 10.432526133406842 2
      vertex 67.511074417451 10.578674030756364 2
    endloop
  endfacet
  facet normal 0 0 1
    outer loop
      vertex 11.856708580912724 6.190301168721783 2
      vertex 67.511074417451 10.578674030756364 2
      vertex 67.721508157935 10.704803160870888 2
    endloop
  endfacet
  facet normal 0 0 1
    outer loop
      vertex 11.856708580912724 6.190301168721783 2
      vertex 67.721508157935 10.704803160870888 2
      vertex 67.94329141908729 10.809698831278217 2
    endloop
  endfacet
  facet normal 0 0 1
    outer loop
      vertex 11.856708580912724 6.190301168721783 2
      vertex 67.94329141908729 10.809698831278217 2
      vertex 68.17428830686384 10.892350839330522 2
    endloop
  endfacet
  facet normal 0 0 1
    outer loop
      vertex 11.856708580912724 6.190301168721783 2
      vertex 68.17428830686384 10.892350839330522 2
      vertex 68.41227419495968 10.951963201008077 2
    endloop
  endfacet
  facet normal 0 0 1
    outer loop
      vertex 2.4 2.4 2
      vertex 77.05025253169417 3.0502525316941673 2
      vertex 76.58892682646083 3.559247010854482 2
    endloop
  endfacet
  facet normal 0 0 1
    outer loop
      vertex 2.4 2.4 2
      vertex 76.58892682646083 3.559247010854482 2
      vertex 76.17971271388218 4.111008368862785 2
    endloop
  endfacet
  facet normal 0 0 1
    outer loop
      vertex 2.4 2.4 2
      vertex 75.82655114956151 4.700222842218016 2
      vertex 75.53284327242099 5.321215973444371 2
    endloop
  endfacet
  facet normal 0 0 1
    outer loop
      vertex 2.4 2.4 2
      vertex 75.53284327242099 5.321215973444371 2
      vertex 75.30141764987454 5.968007259218764 2
    endloop
  endfacet
  facet normal 0 0 1
    outer loop
      vertex 2.4 2.4 2
      vertex 76.17971271388218 4.111008368862785 2
      vertex 75.82655114956151 4.700222842218016 2
    endloop
  endfacet
  facet normal 0 0 1
    outer loop
      vertex 2.4 2.4 2
      vertex 77.55924701085448 2.588926826460841 2
      vertex 77.05025253169417 3.0502525316941673 2
    endloop
  endfacet
  facet normal 0 0 1
    outer loop
      vertex 2.4 2.4 2
      vertex 77.81398534740731 2.4 2
      vertex 77.55924701085448 2.588926826460841 2
    endloop
  endfacet
  facet normal 0 0 1
    outer loop
      vertex 11.856708580912724 6.190301168721783 2
      vertex 75.30141764987454 5.968007259218764 2
      vertex 68.9 6 2
    endloop
  endfacet
  facet normal 0 0 1
    outer loop
      vertex 11.856708580912724 6.190301168721783 2
      vertex 68.41227419495968 10.951963201008077 2
      vertex 78.70022284221801 14.173448850438486 2
    endloop
  endfacet
  facet normal 0 0 1
    outer loop
      vertex 11.856708580912724 6.190301168721783 2
      vertex 78.70022284221801 14.173448850438486 2
      vertex 79.32121597344437 14.467156727579006 2
    endloop
  endfacet
  facet normal 0 0 1
    outer loop
      vertex 11.856708580912724 6.190301168721783 2
      vertex 79.32121597344437 14.467156727579006 2
      vertex 79.96800725921877 14.698582350125463 2
    endloop
  endfacet
  facet normal 0 0 1
    outer loop
      vertex 11.856708580912724 6.190301168721783 2
      vertex 79.96800725921877 14.698582350125463 2
      vertex 80.6343677458871 14.865496962822613 2
    endloop
  endfacet
  facet normal 0 0 1
    outer loop
      vertex 11.856708580912724 6.190301168721783 2
      vertex 80.6343677458871 14.865496962822613 2
      vertex 81.31388001769308 14.966293086705377 2
    endloop
  endfacet
  facet normal 0 0 1
    outer loop
      vertex 11.856708580912724 6.190301168721783 2
      vertex 81.31388001769308 14.966293086705377 2
      vertex 83.56066298462181 15.305537208725497 2
    endloop
  endfacet
  facet normal 0 0 1
    outer loop
      vertex 12.83252613340684 6.914016789590886 2
      vertex 83.56066298462181 15.305537208725497 2
      vertex 83.49759841956455 15.410754078967503 2
    endloop
  endfacet
  facet normal 0 0 1
    outer loop
      vertex 12.83252613340684 6.914016789590886 2
      vertex 83.49759841956455 15.410754078967503 2
      vertex 83.44515058436089 15.521645709543638 2
    endloop
  endfacet
  facet normal 0 0 1
    outer loop
      vertex 12.83252613340684 6.914016789590886 2
      vertex 83.44515058436089 15.521645709543638 2
      vertex 83.40382458033473 15.637144153431922 2
    endloop
  endfacet
  facet normal 0 0 1
    outer loop
      vertex 12.83252613340684 6.914016789590886 2
      vertex 83.40382458033473 15.637144153431922 2
      vertex 83.37401839949595 15.75613709747984 2
    endloop
  endfacet
  facet normal 0 0 1
    outer loop
      vertex 12.83252613340684 6.914016789590886 2
      vertex 83.37401839949595 15.75613709747984 2
      vertex 83.35601909165975 15.87747857458805 2
    endloop
  endfacet
  facet normal 0 0 1
    outer loop
      vertex 12.83252613340684 6.914016789590886 2
      vertex 83.35601909165975 15.87747857458805 2
      vertex 83.35 16 2
    endloop
  endfacet
  facet normal 0 0 1
    outer loop
      vertex 12.83252613340684 6.914016789590886 2
      vertex 83.35 16 2
      vertex 83.35601909165975 16.12252142541195 2
    endloop
  endfacet
  facet normal 0 0 1
    outer loop
      vertex 12.83252613340684 6.914016789590886 2
      vertex 83.35601909165975 16.12252142541195 2
      vertex 83.37401839949595 16.24386290252016 2
    endloop
  endfacet
  facet normal 0 0 1
    outer loop
      vertex 12.978674030756363 7.111074417450995 2
      vertex 83.37401839949595 16.24386290252016 2
      vertex 83.40382458033473 16.362855846568078 2
    endloop
  endfacet
  facet normal 0 0 1
    outer loop
      vertex 12.978674030756363 7.111074417450995 2
      vertex 83.40382458033473 16.362855846568078 2
      vertex 83.44515058436089 16.478354290456362 2
    endloop
  endfacet
  facet normal 0 0 1
    outer loop
      vertex 12.978674030756363 7.111074417450995 2
      vertex 83.44515058436089 16.478354290456362 2
      vertex 83.49759841956455 16.589245921032497 2
    endloop
  endfacet
  facet normal 0 0 1
    outer loop
      vertex 12.978674030756363 7.111074417450995 2
      vertex 83.49759841956455 16.589245921032497 2
      vertex 83.56066298462181 16.694462791274503 2
    endloop
  endfacet
  facet normal 0 0 1
    outer loop
      vertex 12.978674030756363 7.111074417450995 2
      vertex 83.56066298462181 16.694462791274503 2
      vertex 83.63373693329657 16.792991605204556 2
    endloop
  endfacet
  facet normal 0 0 1
    outer loop
      vertex 12.978674030756363 7.111074417450995 2
      vertex 83.63373693329657 16.792991605204556 2
      vertex 83.7161165235168 16.883883476483184 2
    endloop
  endfacet
  facet normal 0 0 1
    outer loop
      vertex 12.978674030756363 7.111074417450995 2
      vertex 83.7161165235168 16.883883476483184 2
      vertex 83.7161165235168 23.116116523516816 2
    endloop
  endfacet
  facet normal 0 0 1
    outer loop
      vertex 12.978674030756363 7.111074417450995 2
      vertex 83.7161165235168 23.116116523516816 2
      vertex 83.63373693329657 23.207008394795444 2
    endloop
  endfacet
  facet normal 0 0 1
    outer loop
      vertex 12.978674030756363 7.111074417450995 2
      vertex 83.56066298462181 23.305537208725497 2
      vertex 83.49759841956455 23.410754078967503 2
    endloop
  endfacet
  facet normal 0 0 1
    outer loop
      vertex 12.978674030756363 7.111074417450995 2
      vertex 83.49759841956455 23.410754078967503 2
      vertex 83.44515058436089 23.521645709543638 2
    endloop
  endfacet
  facet normal 0 0 1
    outer loop
      vertex 12.978674030756363 7.111074417450995 2
      vertex 83.63373693329657 23.207008394795444 2
      vertex 83.56066298462181 23.305537208725497 2
    endloop
  endfacet
  facet normal 0 0 1
    outer loop
      vertex 13.387961816680491 8.254957149176098 2
      vertex 83.44515058436089 23.521645709543638 2
      vertex 83.40382458033473 23.637144153431922 2
    endloop
  endfacet
  facet normal 0 0 1
    outer loop
      vertex 13.387961816680491 8.254957149176098 2
      vertex 83.40382458033473 23.637144153431922 2
      vertex 83.37401839949595 23.75613709747984 2
    endloop
  endfacet
  facet normal 0 0 1
    outer loop
      vertex 13.387961816680491 8.254957149176098 2
      vertex 83.37401839949595 23.75613709747984 2
      vertex 83.35601909165975 23.87747857458805 2
    endloop
  endfacet
  facet normal 0 0 1
    outer loop
      vertex 13.387961816680491 8.254957149176098 2
      vertex 83.35601909165975 23.87747857458805 2
      vertex 83.35 24 2
    endloop
  endfacet
  facet normal 0 1 0
    outer loop
      vertex 2.4 2.4 2
      vertex 77.81398534740731 2.4 30
      vertex 77.81398534740731 2.4 2
    endloop
  endfacet
  facet normal 0 0 1
    outer loop
      vertex 13.387961816680491 8.254957149176098 2
      vertex 83.35 24 2
      vertex 83.35601909165975 24.12252142541195 2
    endloop
  endfacet
  facet normal 0 0 1
    outer loop
      vertex 13.387961816680491 8.254957149176098 2
      vertex 83.35601909165975 24.12252142541195 2
      vertex 83.37401839949595 24.24386290252016 2
    endloop
  endfacet
  facet normal 0 0 1
    outer loop
      vertex 13.387961816680491 8.254957149176098 2
      vertex 83.37401839949595 24.24386290252016 2
      vertex 83.40382458033473 24.362855846568078 2
    endloop
  endfacet
  facet normal 0 0 1
    outer loop
      vertex 13.387961816680491 8.254957149176098 2
      vertex 83.40382458033473 24.362855846568078 2
      vertex 83.44515058436089 24.478354290456362 2
    endloop
  endfacet
  facet normal 0 0 1
    outer loop
      vertex 13.387961816680491 8.254957149176098 2
      vertex 83.44515058436089 24.478354290456362 2
      vertex 83.49759841956455 24.589245921032497 2
    endloop
  endfacet
  facet normal 0 0 1
    outer loop
      vertex 13.387961816680491 8.254957149176098 2
      vertex 83.49759841956455 24.589245921032497 2
      vertex 83.56066298462181 24.694462791274503 2
    endloop
  endfacet
  facet normal 0 0 1
    outer loop
      vertex 13.387961816680491 8.254957149176098 2
      vertex 83.56066298462181 24.694462791274503 2
      vertex 83.63373693329657 24.792991605204556 2
    endloop
  endfacet
  facet normal 0 0 1
    outer loop
      vertex 13.387961816680491 8.254957149176098 2
      vertex 83.63373693329657 24.792991605204556 2
      vertex 83.7161165235168 24.883883476483184 2
    endloop
  endfacet
  facet normal 0 0 1
    outer loop
      vertex 13.387961816680491 8.254957149176098 2
      vertex 83.7161165235168 24.883883476483184 2
      vertex 83.80700839479543 24.966263066703423 2
    endloop
  endfacet
  facet normal 0 0 1
    outer loop
      vertex 13.387961816680491 8.254957149176098 2
      vertex 83.80700839479543 24.966263066703423 2
      vertex 87.60000000000001 72.60000000000001 2
    endloop
  endfacet
  facet normal 0 0 1
    outer loop
      vertex 68.10700839479544 7.533736933296579 2
      vertex 68.2055372087255 7.460662984621818 2
      vertex 69.86626306670343 9.292991605204557 2
    endloop
  endfacet
  facet normal 0 0 1
    outer loop
      vertex 68.01611652351681 7.616116523516816 2
      vertex 68.10700839479544 7.533736933296579 2
      vertex 69.86626306670343 9.292991605204557 2
    endloop
  endfacet
  facet normal 0 0 1
    outer loop
      vertex 68.2055372087255 7.460662984621818 2
      vertex 68.3107540789675 7.397598419564556 2
      vertex 69.86626306670343 9.292991605204557 2
    endloop
  endfacet
  facet normal 0 0 1
    outer loop
      vertex 68.3107540789675 7.397598419564556 2
      vertex 68.42164570954364 7.3451505843608915 2
      vertex 69.86626306670343 9.292991605204557 2
    endloop
  endfacet
  facet normal 0 0 1
    outer loop
      vertex 67.67401839949596 8.25613709747984 2
      vertex 67.86066298462183 9.194462791274503 2
      vertex 67.65601909165976 8.37747857458805 2
    endloop
  endfacet
  facet normal 0 0 1
    outer loop
      vertex 67.70382458033474 8.137144153431922 2
      vertex 67.93373693329659 9.292991605204557 2
      vertex 67.67401839949596 8.25613709747984 2
    endloop
  endfacet
  facet normal 0 0 1
    outer loop
      vertex 67.65601909165976 8.37747857458805 2
      vertex 67.86066298462183 9.194462791274503 2
      vertex 67.65 8.5 2
    endloop
  endfacet
  facet normal 0 0 1
    outer loop
      vertex 67.65 8.5 2
      vertex 67.7451505843609 8.978354290456362 2
      vertex 67.65601909165976 8.62252142541195 2
    endloop
  endfacet
  facet normal 0 0 1
    outer loop
      vertex 67.65601909165976 8.62252142541195 2
      vertex 67.7451505843609 8.978354290456362 2
      vertex 67.67401839949596 8.74386290252016 2
    endloop
  endfacet
  facet normal 0 0 1
    outer loop
      vertex 67.7451505843609 8.021645709543638 2
      vertex 68.10700839479544 9.466263066703421 2
      vertex 67.70382458033474 8.137144153431922 2
    endloop
  endfacet
  facet normal 0 0 1
    outer loop
      vertex 67.65 8.5 2
      vertex 67.79759841956457 9.089245921032497 2
      vertex 67.7451505843609 8.978354290456362 2
    endloop
  endfacet
  facet normal 0 0 1
    outer loop
      vertex 67.67401839949596 8.74386290252016 2
      vertex 67.7451505843609 8.978354290456362 2
      vertex 67.70382458033474 8.862855846568078 2
    endloop
  endfacet
  facet normal 0 0 1
    outer loop
      vertex 67.67401839949596 8.25613709747984 2
      vertex 67.93373693329659 9.292991605204557 2
      vertex 67.86066298462183 9.194462791274503 2
    endloop
  endfacet
  facet normal 0 0 1
    outer loop
      vertex 67.65 8.5 2
      vertex 67.86066298462183 9.194462791274503 2
      vertex 67.79759841956457 9.089245921032497 2
    endloop
  endfacet
  facet normal 0 0 1
    outer loop
      vertex 67.70382458033474 8.137144153431922 2
      vertex 68.01611652351681 9.383883476483184 2
      vertex 67.93373693329659 9.292991605204557 2
    endloop
  endfacet
  facet normal 0 0 1
    outer loop
      vertex 67.70382458033474 8.137144153431922 2
      vertex 68.10700839479544 9.466263066703421 2
      vertex 68.01611652351681 9.383883476483184 2
    endloop
  endfacet
  facet normal 0 0 1
    outer loop
      vertex 67.7451505843609 8.021645709543638 2
      vertex 68.2055372087255 9.539337015378182 2
      vertex 68.10700839479544 9.466263066703421 2
    endloop
  endfacet
  facet normal 0 0 1
    outer loop
      vertex 67.7451505843609 8.021645709543638 2
      vertex 68.3107540789675 9.602401580435444 2
      vertex 68.2055372087255 9.539337015378182 2
    endloop
  endfacet
  facet normal 0 0 1
    outer loop
      vertex 67.7451505843609 8.021645709543638 2
      vertex 68.42164570954364 9.65484941563911 2
      vertex 68.3107540789675 9.602401580435444 2
    endloop
  endfacet
  facet normal 0 0 1
    outer loop
      vertex 67.93373693329659 7.707008394795443 2
      vertex 69.7838834764832 9.383883476483184 2
      vertex 67.86066298462183 7.8055372087254975 2
    endloop
  endfacet
  facet normal 0 0 1
    outer loop
      vertex 67.79759841956457 7.910754078967503 2
      vertex 67.86066298462183 7.8055372087254975 2
      vertex 69.59446279127451 9.539337015378182 2
    endloop
  endfacet
  facet normal 0 0 1
    outer loop
      vertex 67.7451505843609 8.021645709543638 2
      vertex 67.79759841956457 7.910754078967503 2
      vertex 69.4892459210325 9.602401580435444 2
    endloop
  endfacet
  facet normal 0 0 1
    outer loop
      vertex 68.01611652351681 7.616116523516816 2
      vertex 69.86626306670343 9.292991605204557 2
      vertex 67.93373693329659 7.707008394795443 2
    endloop
  endfacet
  facet normal 0 0 1
    outer loop
      vertex 67.7451505843609 8.021645709543638 2
      vertex 68.53714415343192 9.696175419665261 2
      vertex 68.42164570954364 9.65484941563911 2
    endloop
  endfacet
  facet normal 0 0 1
    outer loop
      vertex 67.7451505843609 8.021645709543638 2
      vertex 68.65613709747984 9.725981600504038 2
      vertex 68.53714415343192 9.696175419665261 2
    endloop
  endfacet
  facet normal 0 0 1
    outer loop
      vertex 67.7451505843609 8.021645709543638 2
      vertex 68.77747857458806 9.743980908340246 2
      vertex 68.65613709747984 9.725981600504038 2
    endloop
  endfacet
  facet normal 0 0 1
    outer loop
      vertex 67.7451505843609 8.021645709543638 2
      vertex 68.9 9.75 2
      vertex 68.77747857458806 9.743980908340246 2
    endloop
  endfacet
  facet normal 0 0 1
    outer loop
      vertex 67.7451505843609 8.021645709543638 2
      vertex 69.14386290252017 9.725981600504038 2
      vertex 69.02252142541195 9.743980908340246 2
    endloop
  endfacet
  facet normal 0 0 1
    outer loop
      vertex 67.7451505843609 8.021645709543638 2
      vertex 69.02252142541195 9.743980908340246 2
      vertex 68.9 9.75 2
    endloop
  endfacet
  facet normal 0 0 1
    outer loop
      vertex 67.7451505843609 8.021645709543638 2
      vertex 69.26285584656809 9.696175419665261 2
      vertex 69.14386290252017 9.725981600504038 2
    endloop
  endfacet
  facet normal 0 0 1
    outer loop
      vertex 67.7451505843609 8.021645709543638 2
      vertex 69.37835429045637 9.65484941563911 2
      vertex 69.26285584656809 9.696175419665261 2
    endloop
  endfacet
  facet normal 0 0 1
    outer loop
      vertex 67.7451505843609 8.021645709543638 2
      vertex 69.4892459210325 9.602401580435444 2
      vertex 69.37835429045637 9.65484941563911 2
    endloop
  endfacet
  facet normal 0 0 1
    outer loop
      vertex 68.53714415343192 7.303824580334739 2
      vertex 69.86626306670343 9.292991605204557 2
      vertex 68.42164570954364 7.3451505843608915 2
    endloop
  endfacet
  facet normal 0 0 1
    outer loop
      vertex 68.53714415343192 7.303824580334739 2
      vertex 68.65613709747984 7.2740183994959615 2
      vertex 69.86626306670343 9.292991605204557 2
    endloop
  endfacet
  facet normal 0 0 1
    outer loop
      vertex 68.65613709747984 7.2740183994959615 2
      vertex 68.77747857458806 7.256019091659754 2
      vertex 69.86626306670343 9.292991605204557 2
    endloop
  endfacet
  facet normal 0 0 1
    outer loop
      vertex 68.77747857458806 7.256019091659754 2
      vertex 68.9 7.25 2
      vertex 69.86626306670343 9.292991605204557 2
    endloop
  endfacet
  facet normal 0 0 1
    outer loop
      vertex 69.02252142541195 7.256019091659754 2
      vertex 69.14386290252017 7.2740183994959615 2
      vertex 69.86626306670343 9.292991605204557 2
    endloop
  endfacet
  facet normal 0 0 1
    outer loop
      vertex 68.9 7.25 2
      vertex 69.02252142541195 7.256019091659754 2
      vertex 69.86626306670343 9.292991605204557 2
    endloop
  endfacet
  facet normal 0 0 1
    outer loop
      vertex 69.14386290252017 7.2740183994959615 2
      vertex 69.26285584656809 7.303824580334739 2
      vertex 69.86626306670343 9.292991605204557 2
    endloop
  endfacet
  facet normal 0 0 1
    outer loop
      vertex 69.26285584656809 7.303824580334739 2
      vertex 69.37835429045637 7.3451505843608915 2
      vertex 69.86626306670343 9.292991605204557 2
    endloop
  endfacet
  facet normal 0 0 1
    outer loop
      vertex 69.37835429045637 7.3451505843608915 2
      vertex 69.4892459210325 7.397598419564556 2
      vertex 69.86626306670343 9.292991605204557 2
    endloop
  endfacet
  facet normal 0 0 1
    outer loop
      vertex 69.4892459210325 7.397598419564556 2
      vertex 69.59446279127451 7.460662984621818 2
      vertex 69.86626306670343 9.292991605204557 2
    endloop
  endfacet
  facet normal 0 0 1
    outer loop
      vertex 69.59446279127451 7.460662984621818 2
      vertex 69.69299160520457 7.533736933296579 2
      vertex 69.86626306670343 9.292991605204557 2
    endloop
  endfacet
  facet normal 0 0 1
    outer loop
      vertex 69.69299160520457 7.533736933296579 2
      vertex 69.7838834764832 7.616116523516816 2
      vertex 69.86626306670343 9.292991605204557 2
    endloop
  endfacet
  facet normal 0 0 1
    outer loop
      vertex 69.86626306670343 7.707008394795443 2
      vertex 69.93933701537819 7.8055372087254975 2
      vertex 70.00240158043545 9.089245921032497 2
    endloop
  endfacet
  facet normal 0 0 1
    outer loop
      vertex 70.05484941563911 8.021645709543638 2
      vertex 70.09617541966527 8.137144153431922 2
      vertex 70.12598160050405 8.25613709747984 2
    endloop
  endfacet
  facet normal 0 0 1
    outer loop
      vertex 70.00240158043545 7.910754078967503 2
      vertex 70.05484941563911 8.021645709543638 2
      vertex 70.15 8.5 2
    endloop
  endfacet
  facet normal 0 0 1
    outer loop
      vertex 67.79759841956457 7.910754078967503 2
      vertex 69.59446279127451 9.539337015378182 2
      vertex 69.4892459210325 9.602401580435444 2
    endloop
  endfacet
  facet normal 0 0 1
    outer loop
      vertex 67.86066298462183 7.8055372087254975 2
      vertex 69.69299160520457 9.466263066703421 2
      vertex 69.59446279127451 9.539337015378182 2
    endloop
  endfacet
  facet normal 0 0 1
    outer loop
      vertex 67.86066298462183 7.8055372087254975 2
      vertex 69.7838834764832 9.383883476483184 2
      vertex 69.69299160520457 9.466263066703421 2
    endloop
  endfacet
  facet normal 0 0 1
    outer loop
      vertex 67.93373693329659 7.707008394795443 2
      vertex 69.86626306670343 9.292991605204557 2
      vertex 69.7838834764832 9.383883476483184 2
    endloop
  endfacet
  facet normal 0 0 1
    outer loop
      vertex 69.7838834764832 7.616116523516816 2
      vertex 69.86626306670343 7.707008394795443 2
      vertex 69.86626306670343 9.292991605204557 2
    endloop
  endfacet
  facet normal 0 0 1
    outer loop
      vertex 69.86626306670343 7.707008394795443 2
      vertex 70.00240158043545 9.089245921032497 2
      vertex 69.93933701537819 9.194462791274503 2
    endloop
  endfacet
  facet normal 0 0 1
    outer loop
      vertex 69.86626306670343 7.707008394795443 2
      vertex 69.93933701537819 9.194462791274503 2
      vertex 69.86626306670343 9.292991605204557 2
    endloop
  endfacet
  facet normal 0 0 1
    outer loop
      vertex 69.93933701537819 7.8055372087254975 2
      vertex 70.00240158043545 7.910754078967503 2
      vertex 70.00240158043545 9.089245921032497 2
    endloop
  endfacet
  facet normal 0 0 1
    outer loop
      vertex 70.05484941563911 8.021645709543638 2
      vertex 70.12598160050405 8.25613709747984 2
      vertex 70.14398090834025 8.37747857458805 2
    endloop
  endfacet
  facet normal 0 0 1
    outer loop
      vertex 70.05484941563911 8.021645709543638 2
      vertex 70.14398090834025 8.37747857458805 2
      vertex 70.15 8.5 2
    endloop
  endfacet
  facet normal 0 0 1
    outer loop
      vertex 70.00240158043545 7.910754078967503 2
      vertex 70.15 8.5 2
      vertex 70.14398090834025 8.62252142541195 2
    endloop
  endfacet
  facet normal 0 0 1
    outer loop
      vertex 70.00240158043545 7.910754078967503 2
      vertex 70.14398090834025 8.62252142541195 2
      vertex 70.12598160050405 8.74386290252016 2
    endloop
  endfacet
  facet normal 0 0 1
    outer loop
      vertex 70.00240158043545 7.910754078967503 2
      vertex 70.12598160050405 8.74386290252016 2
      vertex 70.09617541966527 8.862855846568078 2
    endloop
  endfacet
  facet normal 0 0 1
    outer loop
      vertex 70.00240158043545 7.910754078967503 2
      vertex 70.09617541966527 8.862855846568078 2
      vertex 70.05484941563911 8.978354290456362 2
    endloop
  endfacet
  facet normal 0 0 1
    outer loop
      vertex 70.00240158043545 7.910754078967503 2
      vertex 70.05484941563911 8.978354290456362 2
      vertex 70.00240158043545 9.089245921032497 2
    endloop
  endfacet
  facet normal 0 0 1
    outer loop
      vertex 68.9 6 2
      vertex 75.30141764987454 5.968007259218764 2
      vertex 69.14504285082391 6.012038183319508 2
    endloop
  endfacet
  facet normal 0 0 1
    outer loop
      vertex 69.14504285082391 6.012038183319508 2
      vertex 75.30141764987454 5.968007259218764 2
      vertex 69.38772580504033 6.048036798991924 2
    endloop
  endfacet
  facet normal 0 0 1
    outer loop
      vertex 69.38772580504033 6.048036798991924 2
      vertex 75.30141764987454 5.968007259218764 2
      vertex 69.62571169313617 6.107649160669478 2
    endloop
  endfacet
  facet normal 0 0 1
    outer loop
      vertex 69.62571169313617 6.107649160669478 2
      vertex 75.30141764987454 5.968007259218764 2
      vertex 69.85670858091272 6.190301168721783 2
    endloop
  endfacet
  facet normal 0 0 1
    outer loop
      vertex 69.85670858091272 6.190301168721783 2
      vertex 75.30141764987454 5.968007259218764 2
      vertex 70.078491842065 6.295196839129112 2
    endloop
  endfacet
  facet normal 0 0 1
    outer loop
      vertex 70.078491842065 6.295196839129112 2
      vertex 75.30141764987454 5.968007259218764 2
      vertex 70.28892558254901 6.421325969243637 2
    endloop
  endfacet
  facet normal 0 0 1
    outer loop
      vertex 70.28892558254901 6.421325969243637 2
      vertex 75.30141764987454 5.968007259218764 2
      vertex 70.48598321040912 6.567473866593158 2
    endloop
  endfacet
  facet normal 0 0 1
    outer loop
      vertex 70.48598321040912 6.567473866593158 2
      vertex 75.30141764987454 5.968007259218764 2
      vertex 70.66776695296637 6.732233047033631 2
    endloop
  endfacet
  facet normal 0 0 1
    outer loop
      vertex 70.66776695296637 6.732233047033631 2
      vertex 75.30141764987454 5.968007259218764 2
      vertex 70.83252613340684 6.914016789590886 2
    endloop
  endfacet
  facet normal 0 0 1
    outer loop
      vertex 70.83252613340684 6.914016789590886 2
      vertex 75.30141764987454 5.968007259218764 2
      vertex 70.97867403075637 7.111074417450995 2
    endloop
  endfacet
  facet normal 0 0 1
    outer loop
      vertex 70.97867403075637 7.111074417450995 2
      vertex 75.13450303717738 6.634367745887102 2
      vertex 71.10480316087089 7.321508157935006 2
    endloop
  endfacet
  facet normal 0 0 1
    outer loop
      vertex 71.10480316087089 7.321508157935006 2
      vertex 75.13450303717738 6.634367745887102 2
      vertex 71.20969883127822 7.543291419087275 2
    endloop
  endfacet
  facet normal 0 0 1
    outer loop
      vertex 71.20969883127822 7.543291419087275 2
      vertex 75.03370691329462 7.313880017693076 2
      vertex 71.29235083933052 7.774288306863844 2
    endloop
  endfacet
  facet normal 0 0 1
    outer loop
      vertex 71.29235083933052 7.774288306863844 2
      vertex 75.03370691329462 7.313880017693076 2
      vertex 71.35196320100808 8.01227419495968 2
    endloop
  endfacet
  facet normal 0 0 1
    outer loop
      vertex 71.35196320100808 8.01227419495968 2
      vertex 75 8 2
      vertex 71.3879618166805 8.254957149176098 2
    endloop
  endfacet
  facet normal 0 0 1
    outer loop
      vertex 71.3879618166805 8.254957149176098 2
      vertex 75 8 2
      vertex 71.4 8.5 2
    endloop
  endfacet
  facet normal 0 0 1
    outer loop
      vertex 71.4 8.5 2
      vertex 75.03370691329462 8.686119982306924 2
      vertex 71.3879618166805 8.745042850823902 2
    endloop
  endfacet
  facet normal 0 0 1
    outer loop
      vertex 71.3879618166805 8.745042850823902 2
      vertex 75.13450303717738 9.365632254112898 2
      vertex 71.35196320100808 8.98772580504032 2
    endloop
  endfacet
  facet normal 0 0 1
    outer loop
      vertex 71.35196320100808 8.98772580504032 2
      vertex 75.13450303717738 9.365632254112898 2
      vertex 71.29235083933052 9.225711693136155 2
    endloop
  endfacet
  facet normal 0 0 1
    outer loop
      vertex 70.97867403075637 7.111074417450995 2
      vertex 75.30141764987454 5.968007259218764 2
      vertex 75.13450303717738 6.634367745887102 2
    endloop
  endfacet
  facet normal 0 0 1
    outer loop
      vertex 71.20969883127822 7.543291419087275 2
      vertex 75.13450303717738 6.634367745887102 2
      vertex 75.03370691329462 7.313880017693076 2
    endloop
  endfacet
  facet normal 0 0 1
    outer loop
      vertex 71.35196320100808 8.01227419495968 2
      vertex 75.03370691329462 7.313880017693076 2
      vertex 75 8 2
    endloop
  endfacet
  facet normal 0 0 1
    outer loop
      vertex 71.4 8.5 2
      vertex 75 8 2
      vertex 75.03370691329462 8.686119982306924 2
    endloop
  endfacet
  facet normal 0 0 1
    outer loop
      vertex 71.3879618166805 8.745042850823902 2
      vertex 75.03370691329462 8.686119982306924 2
      vertex 75.13450303717738 9.365632254112898 2
    endloop
  endfacet
  facet normal 0 0 1
    outer loop
      vertex 71.29235083933052 9.225711693136155 2
      vertex 75.30141764987454 10.031992740781236 2
      vertex 71.20969883127822 9.456708580912725 2
    endloop
  endfacet
  facet normal 0 0 1
    outer loop
      vertex 71.20969883127822 9.456708580912725 2
      vertex 75.30141764987454 10.031992740781236 2
      vertex 71.10480316087089 9.678491842064995 2
    endloop
  endfacet
  facet normal 0 0 1
    outer loop
      vertex 70.97867403075637 9.888925582549005 2
      vertex 71.10480316087089 9.678491842064995 2
      vertex 75.53284327242099 10.678784026555629 2
    endloop
  endfacet
  facet normal 0 0 1
    outer loop
      vertex 70.97867403075637 9.888925582549005 2
      vertex 75.53284327242099 10.678784026555629 2
      vertex 70.83252613340684 10.085983210409115 2
    endloop
  endfacet
  facet normal 0 0 1
    outer loop
      vertex 70.48598321040912 10.432526133406842 2
      vertex 70.66776695296637 10.267766952966369 2
      vertex 75.82655114956151 11.299777157781984 2
    endloop
  endfacet
  facet normal 0 0 1
    outer loop
      vertex 70.078491842065 10.704803160870888 2
      vertex 70.28892558254901 10.578674030756364 2
      vertex 76.17971271388218 11.888991631137216 2
    endloop
  endfacet
  facet normal 0 0 1
    outer loop
      vertex 70.28892558254901 10.578674030756364 2
      vertex 70.48598321040912 10.432526133406842 2
      vertex 76.17971271388218 11.888991631137216 2
    endloop
  endfacet
  facet normal 0 0 1
    outer loop
      vertex 69.38772580504033 10.951963201008077 2
      vertex 69.62571169313617 10.892350839330522 2
      vertex 77.05025253169417 12.949747468305834 2
    endloop
  endfacet
  facet normal 0 0 1
    outer loop
      vertex 69.85670858091272 10.809698831278217 2
      vertex 70.078491842065 10.704803160870888 2
      vertex 76.58892682646083 12.440752989145519 2
    endloop
  endfacet
  facet normal 0 0 1
    outer loop
      vertex 69.85670858091272 10.809698831278217 2
      vertex 77.05025253169417 12.949747468305834 2
      vertex 69.62571169313617 10.892350839330522 2
    endloop
  endfacet
  facet normal 0 0 1
    outer loop
      vertex 70.83252613340684 10.085983210409115 2
      vertex 75.82655114956151 11.299777157781984 2
      vertex 70.66776695296637 10.267766952966369 2
    endloop
  endfacet
  facet normal 0 0 1
    outer loop
      vertex 68.9 11 2
      vertex 69.14504285082391 10.987961816680492 2
      vertex 77.55924701085448 13.411073173539158 2
    endloop
  endfacet
  facet normal 0 0 1
    outer loop
      vertex 68.6549571491761 10.987961816680492 2
      vertex 68.9 11 2
      vertex 78.11100836886278 13.820287286117818 2
    endloop
  endfacet
  facet normal 0 0 1
    outer loop
      vertex 69.14504285082391 10.987961816680492 2
      vertex 69.38772580504033 10.951963201008077 2
      vertex 77.55924701085448 13.411073173539158 2
    endloop
  endfacet
  facet normal 0 0 1
    outer loop
      vertex 68.41227419495968 10.951963201008077 2
      vertex 68.6549571491761 10.987961816680492 2
      vertex 78.70022284221801 14.173448850438486 2
    endloop
  endfacet
  facet normal 0 0 1
    outer loop
      vertex 71.29235083933052 9.225711693136155 2
      vertex 75.13450303717738 9.365632254112898 2
      vertex 75.30141764987454 10.031992740781236 2
    endloop
  endfacet
  facet normal 0 0 1
    outer loop
      vertex 71.10480316087089 9.678491842064995 2
      vertex 75.30141764987454 10.031992740781236 2
      vertex 75.53284327242099 10.678784026555629 2
    endloop
  endfacet
  facet normal 0 0 1
    outer loop
      vertex 70.83252613340684 10.085983210409115 2
      vertex 75.53284327242099 10.678784026555629 2
      vertex 75.82655114956151 11.299777157781984 2
    endloop
  endfacet
  facet normal 0 0 1
    outer loop
      vertex 70.48598321040912 10.432526133406842 2
      vertex 75.82655114956151 11.299777157781984 2
      vertex 76.17971271388218 11.888991631137216 2
    endloop
  endfacet
  facet normal 0 0 1
    outer loop
      vertex 70.078491842065 10.704803160870888 2
      vertex 76.17971271388218 11.888991631137216 2
      vertex 76.58892682646083 12.440752989145519 2
    endloop
  endfacet
  facet normal 0 0 1
    outer loop
      vertex 69.85670858091272 10.809698831278217 2
      vertex 76.58892682646083 12.440752989145519 2
      vertex 77.05025253169417 12.949747468305834 2
    endloop
  endfacet
  facet normal 0 0 1
    outer loop
      vertex 69.38772580504033 10.951963201008077 2
      vertex 77.05025253169417 12.949747468305834 2
      vertex 77.55924701085448 13.411073173539158 2
    endloop
  endfacet
  facet normal 0 0 1
    outer loop
      vertex 68.9 11 2
      vertex 77.55924701085448 13.411073173539158 2
      vertex 78.11100836886278 13.820287286117818 2
    endloop
  endfacet
  facet normal 0 0 1
    outer loop
      vertex 68.6549571491761 10.987961816680492 2
      vertex 78.11100836886278 13.820287286117818 2
      vertex 78.70022284221801 14.173448850438486 2
    endloop
  endfacet
  facet normal 0 0 1
    outer loop
      vertex 86.18601465259269 2.4 2
      vertex 87.60000000000001 2.4 2
      vertex 86.44075298914552 2.588926826460841 2
    endloop
  endfacet
  facet normal 0 0 1
    outer loop
      vertex 86.44075298914552 2.588926826460841 2
      vertex 87.60000000000001 2.4 2
      vertex 86.94974746830583 3.0502525316941673 2
    endloop
  endfacet
  facet normal 0 0 1
    outer loop
      vertex 86.94974746830583 3.0502525316941673 2
      vertex 87.60000000000001 2.4 2
      vertex 87.41107317353917 3.559247010854482 2
    endloop
  endfacet
  facet normal 0 0 1
    outer loop
      vertex 87.60000000000001 2.4 2
      vertex 87.60000000000001 3.813985347407325 2
      vertex 87.41107317353917 3.559247010854482 2
    endloop
  endfacet
  facet normal 0 0 1
    outer loop
      vertex 81.31388001769308 14.966293086705377 2
      vertex 82 15 2
      vertex 83.56066298462181 15.305537208725497 2
    endloop
  endfacet
  facet normal 0 0 1
    outer loop
      vertex 82 15 2
      vertex 82.68611998230692 14.966293086705377 2
      vertex 83.56066298462181 15.305537208725497 2
    endloop
  endfacet
  facet normal 0 0 1
    outer loop
      vertex 82.68611998230692 14.966293086705377 2
      vertex 83.3656322541129 14.865496962822613 2
      vertex 83.56066298462181 15.305537208725497 2
    endloop
  endfacet
  facet normal 0 0 1
    outer loop
      vertex 83.3656322541129 14.865496962822613 2
      vertex 83.7161165235168 15.116116523516816 2
      vertex 83.63373693329657 15.207008394795443 2
    endloop
  endfacet
  facet normal 0 0 1
    outer loop
      vertex 83.3656322541129 14.865496962822613 2
      vertex 83.80700839479543 15.033736933296579 2
      vertex 83.7161165235168 15.116116523516816 2
    endloop
  endfacet
  facet normal 0 0 1
    outer loop
      vertex 83.3656322541129 14.865496962822613 2
      vertex 83.63373693329657 15.207008394795443 2
      vertex 83.56066298462181 15.305537208725497 2
    endloop
  endfacet
  facet normal 0 0 1
    outer loop
      vertex 83.3656322541129 14.865496962822613 2
      vertex 84.03199274078123 14.698582350125463 2
      vertex 84.0107540789675 14.897598419564556 2
    endloop
  endfacet
  facet normal 0 0 1
    outer loop
      vertex 83.3656322541129 14.865496962822613 2
      vertex 84.0107540789675 14.897598419564556 2
      vertex 83.90553720872549 14.960662984621818 2
    endloop
  endfacet
  facet normal 0 0 1
    outer loop
      vertex 83.3656322541129 14.865496962822613 2
      vertex 83.90553720872549 14.960662984621818 2
      vertex 83.80700839479543 15.033736933296579 2
    endloop
  endfacet
  facet normal 0 0 1
    outer loop
      vertex 84.03199274078123 14.698582350125463 2
      vertex 84.23714415343191 14.803824580334739 2
      vertex 84.12164570954363 14.84515058436089 2
    endloop
  endfacet
  facet normal 0 0 1
    outer loop
      vertex 84.0107540789675 14.897598419564556 2
      vertex 84.03199274078123 14.698582350125463 2
      vertex 84.12164570954363 14.84515058436089 2
    endloop
  endfacet
  facet normal 0 0 1
    outer loop
      vertex 84.03199274078123 14.698582350125463 2
      vertex 84.35613709747983 14.774018399495962 2
      vertex 84.23714415343191 14.803824580334739 2
    endloop
  endfacet
  facet normal 0 0 1
    outer loop
      vertex 84.03199274078123 14.698582350125463 2
      vertex 84.6 14.75 2
      vertex 84.47747857458805 14.756019091659754 2
    endloop
  endfacet
  facet normal 0 0 1
    outer loop
      vertex 84.03199274078123 14.698582350125463 2
      vertex 84.47747857458805 14.756019091659754 2
      vertex 84.35613709747983 14.774018399495962 2
    endloop
  endfacet
  facet normal 0 0 1
    outer loop
      vertex 86.94974746830583 12.949747468305834 2
      vertex 87.41107317353917 12.440752989145519 2
      vertex 85.85 16 2
    endloop
  endfacet
  facet normal 0 0 1
    outer loop
      vertex 87.60000000000001 12.186014652592675 2
      vertex 85.85 16 2
      vertex 87.41107317353917 12.440752989145519 2
    endloop
  endfacet
  facet normal 0 0 1
    outer loop
      vertex 84.03199274078123 14.698582350125463 2
      vertex 84.67878402655563 14.467156727579006 2
      vertex 84.72252142541194 14.756019091659754 2
    endloop
  endfacet
  facet normal 0 0 1
    outer loop
      vertex 84.67878402655563 14.467156727579006 2
      vertex 85.29977715778199 14.173448850438486 2
      vertex 85.1892459210325 14.897598419564556 2
    endloop
  endfacet
  facet normal 0 0 1
    outer loop
      vertex 84.03199274078123 14.698582350125463 2
      vertex 84.72252142541194 14.756019091659754 2
      vertex 84.6 14.75 2
    endloop
  endfacet
  facet normal 0 0 1
    outer loop
      vertex 84.67878402655563 14.467156727579006 2
      vertex 84.84386290252016 14.774018399495962 2
      vertex 84.72252142541194 14.756019091659754 2
    endloop
  endfacet
  facet normal 0 0 1
    outer loop
      vertex 84.67878402655563 14.467156727579006 2
      vertex 84.96285584656808 14.803824580334739 2
      vertex 84.84386290252016 14.774018399495962 2
    endloop
  endfacet
  facet normal 0 0 1
    outer loop
      vertex 84.67878402655563 14.467156727579006 2
      vertex 85.07835429045636 14.84515058436089 2
      vertex 84.96285584656808 14.803824580334739 2
    endloop
  endfacet
  facet normal 0 0 1
    outer loop
      vertex 84.67878402655563 14.467156727579006 2
      vertex 85.1892459210325 14.897598419564556 2
      vertex 85.07835429045636 14.84515058436089 2
    endloop
  endfacet
  facet normal 0 0 1
    outer loop
      vertex 85.88899163113722 13.820287286117818 2
      vertex 85.63933701537817 15.305537208725497 2
      vertex 85.29977715778199 14.173448850438486 2
    endloop
  endfacet
  facet normal 0 0 1
    outer loop
      vertex 85.29977715778199 14.173448850438486 2
      vertex 85.2944627912745 14.960662984621818 2
      vertex 85.1892459210325 14.897598419564556 2
    endloop
  endfacet
  facet normal 0 0 1
    outer loop
      vertex 85.29977715778199 14.173448850438486 2
      vertex 85.39299160520456 15.033736933296579 2
      vertex 85.2944627912745 14.960662984621818 2
    endloop
  endfacet
  facet normal 0 0 1
    outer loop
      vertex 85.29977715778199 14.173448850438486 2
      vertex 85.48388347648319 15.116116523516816 2
      vertex 85.39299160520456 15.033736933296579 2
    endloop
  endfacet
  facet normal 0 0 1
    outer loop
      vertex 85.29977715778199 14.173448850438486 2
      vertex 85.56626306670341 15.207008394795443 2
      vertex 85.48388347648319 15.116116523516816 2
    endloop
  endfacet
  facet normal 0 0 1
    outer loop
      vertex 85.29977715778199 14.173448850438486 2
      vertex 85.63933701537817 15.305537208725497 2
      vertex 85.56626306670341 15.207008394795443 2
    endloop
  endfacet
  facet normal 0 0 1
    outer loop
      vertex 85.88899163113722 13.820287286117818 2
      vertex 85.70240158043543 15.410754078967503 2
      vertex 85.63933701537817 15.305537208725497 2
    endloop
  endfacet
  facet normal 0 0 1
    outer loop
      vertex 86.44075298914552 13.411073173539158 2
      vertex 85.82598160050404 15.75613709747984 2
      vertex 85.88899163113722 13.820287286117818 2
    endloop
  endfacet
  facet normal 0 0 1
    outer loop
      vertex 86.44075298914552 13.411073173539158 2
      vertex 86.94974746830583 12.949747468305834 2
      vertex 85.85 16 2
    endloop
  endfacet
  facet normal 0 0 1
    outer loop
      vertex 85.88899163113722 13.820287286117818 2
      vertex 85.7548494156391 15.521645709543638 2
      vertex 85.70240158043543 15.410754078967503 2
    endloop
  endfacet
  facet normal 0 0 1
    outer loop
      vertex 85.88899163113722 13.820287286117818 2
      vertex 85.79617541966526 15.637144153431922 2
      vertex 85.7548494156391 15.521645709543638 2
    endloop
  endfacet
  facet normal 0 0 1
    outer loop
      vertex 85.88899163113722 13.820287286117818 2
      vertex 85.82598160050404 15.75613709747984 2
      vertex 85.79617541966526 15.637144153431922 2
    endloop
  endfacet
  facet normal 0 0 1
    outer loop
      vertex 86.44075298914552 13.411073173539158 2
      vertex 85.84398090834024 15.87747857458805 2
      vertex 85.82598160050404 15.75613709747984 2
    endloop
  endfacet
  facet normal 0 0 1
    outer loop
      vertex 86.44075298914552 13.411073173539158 2
      vertex 85.85 16 2
      vertex 85.84398090834024 15.87747857458805 2
    endloop
  endfacet
  facet normal 0 0 1
    outer loop
      vertex 87.60000000000001 12.186014652592675 2
      vertex 85.85 24 2
      vertex 85.85 16 2
    endloop
  endfacet
  facet normal 0 0 1
    outer loop
      vertex 85.85 16 2
      vertex 85.85 24 2
      vertex 85.84398090834024 16.12252142541195 2
    endloop
  endfacet
  facet normal 0 0 1
    outer loop
      vertex 85.84398090834024 16.12252142541195 2
      vertex 85.84398090834024 23.87747857458805 2
      vertex 85.82598160050404 16.24386290252016 2
    endloop
  endfacet
  facet normal 0 1 0
    outer loop
      vertex 86.18601465259269 2.4 2
      vertex 87.60000000000001 2.4 30
      vertex 87.60000000000001 2.4 2
    endloop
  endfacet
  facet normal -1 0 0
    outer loop
      vertex 87.60000000000001 2.4 2
      vertex 87.60000000000001 3.813985347407325 30
      vertex 87.60000000000001 3.813985347407325 2
    endloop
  endfacet
  facet normal -1 0 0
    outer loop
      vertex 87.60000000000001 12.186014652592675 2
      vertex 87.60000000000001 18.333289300941193 12.505591163092365
      vertex 87.60000000000001 18.585809789522006 12.354236206954935
    endloop
  endfacet
  facet normal -1 0 0
    outer loop
      vertex 87.60000000000001 12.186014652592675 2
      vertex 87.60000000000001 18.096820147509064 12.68096863991179
      vertex 87.60000000000001 18.333289300941193 12.505591163092365
    endloop
  endfacet
  facet normal -1 0 0
    outer loop
      vertex 87.60000000000001 12.186014652592675 2
      vertex 87.60000000000001 17.878679656440358 12.878679656440358
      vertex 87.60000000000001 18.096820147509064 12.68096863991179
    endloop
  endfacet
  facet normal -1 0 0
    outer loop
      vertex 87.60000000000001 12.186014652592675 2
      vertex 87.60000000000001 17.68096863991179 13.096820147509064
      vertex 87.60000000000001 17.878679656440358 12.878679656440358
    endloop
  endfacet
  facet normal -1 0 0
    outer loop
      vertex 87.60000000000001 12.186014652592675 2
      vertex 87.60000000000001 18.585809789522006 12.354236206954935
      vertex 87.60000000000001 18.85194970290473 12.22836140246614
    endloop
  endfacet
  facet normal -1 0 0
    outer loop
      vertex 87.60000000000001 12.186014652592675 2
      vertex 87.60000000000001 18.85194970290473 12.22836140246614
      vertex 87.60000000000001 19.129145968236614 12.129178992803373
    endloop
  endfacet
  facet normal -1 0 0
    outer loop
      vertex 87.60000000000001 12.186014652592675 2
      vertex 87.60000000000001 19.129145968236614 12.129178992803373
      vertex 87.60000000000001 19.414729033951616 12.057644158790309
    endloop
  endfacet
  facet normal -1 0 0
    outer loop
      vertex 87.60000000000001 12.186014652592675 2
      vertex 87.60000000000001 19.705948579011316 12.01444581998341
      vertex 87.60000000000001 20 12
    endloop
  endfacet
  facet normal -1 0 0
    outer loop
      vertex 87.60000000000001 12.186014652592675 2
      vertex 87.60000000000001 20 12
      vertex 87.60000000000001 20.294051420988684 12.01444581998341
    endloop
  endfacet
  facet normal -1 0 0
    outer loop
      vertex 87.60000000000001 12.186014652592675 2
      vertex 87.60000000000001 19.414729033951616 12.057644158790309
      vertex 87.60000000000001 19.705948579011316 12.01444581998341
    endloop
  endfacet
  facet normal -1 0 0
    outer loop
      vertex 87.60000000000001 12.186014652592675 2
      vertex 87.60000000000001 20.294051420988684 12.01444581998341
      vertex 87.60000000000001 20.585270966048384 12.057644158790309
    endloop
  endfacet
  facet normal -1 0 0
    outer loop
      vertex 87.60000000000001 12.186014652592675 2
      vertex 87.60000000000001 20.585270966048384 12.057644158790309
      vertex 87.60000000000001 20.870854031763386 12.129178992803373
    endloop
  endfacet
  facet normal -1 0 0
    outer loop
      vertex 87.60000000000001 12.186014652592675 2
      vertex 87.60000000000001 20.870854031763386 12.129178992803373
      vertex 87.60000000000001 21.14805029709527 12.22836140246614
    endloop
  endfacet
  facet normal -1 0 0
    outer loop
      vertex 87.60000000000001 12.186014652592675 2
      vertex 87.60000000000001 17.505591163092365 13.333289300941193
      vertex 87.60000000000001 17.68096863991179 13.096820147509064
    endloop
  endfacet
  facet normal -1 0 0
    outer loop
      vertex 87.60000000000001 12.186014652592675 2
      vertex 87.60000000000001 17.354236206954933 13.585809789522006
      vertex 87.60000000000001 17.505591163092365 13.333289300941193
    endloop
  endfacet
  facet normal -1 0 0
    outer loop
      vertex 87.60000000000001 12.186014652592675 2
      vertex 87.60000000000001 17.228361402466142 13.851949702904731
      vertex 87.60000000000001 17.354236206954933 13.585809789522006
    endloop
  endfacet
  facet normal -1 0 0
    outer loop
      vertex 87.60000000000001 12.186014652592675 2
      vertex 87.60000000000001 17.129178992803375 14.129145968236614
      vertex 87.60000000000001 17.228361402466142 13.851949702904731
    endloop
  endfacet
  facet normal -1 0 0
    outer loop
      vertex 87.60000000000001 12.186014652592675 2
      vertex 87.60000000000001 17.05764415879031 14.414729033951616
      vertex 87.60000000000001 17.129178992803375 14.129145968236614
    endloop
  endfacet
  facet normal -1 0 0
    outer loop
      vertex 87.60000000000001 12.186014652592675 2
      vertex 87.60000000000001 17.014445819983408 14.705948579011318
      vertex 87.60000000000001 17.05764415879031 14.414729033951616
    endloop
  endfacet
  facet normal -1 0 0
    outer loop
      vertex 87.60000000000001 12.186014652592675 2
      vertex 87.60000000000001 17 15
      vertex 87.60000000000001 17.014445819983408 14.705948579011318
    endloop
  endfacet
  facet normal 0 0 1
    outer loop
      vertex 83.7161165235168 16.883883476483184 2
      vertex 83.80700839479543 16.966263066703423 2
      vertex 83.80700839479543 23.033736933296577 2
    endloop
  endfacet
  facet normal 0 0 1
    outer loop
      vertex 83.80700839479543 16.966263066703423 2
      vertex 83.90553720872549 17.03933701537818 2
      vertex 83.90553720872549 22.96066298462182 2
    endloop
  endfacet
  facet normal 0 0 1
    outer loop
      vertex 83.90553720872549 17.03933701537818 2
      vertex 84.0107540789675 17.102401580435444 2
      vertex 84.0107540789675 22.897598419564556 2
    endloop
  endfacet
  facet normal 0 0 1
    outer loop
      vertex 84.0107540789675 17.102401580435444 2
      vertex 84.12164570954363 17.15484941563911 2
      vertex 84.12164570954363 22.84515058436089 2
    endloop
  endfacet
  facet normal 0 0 1
    outer loop
      vertex 84.12164570954363 17.15484941563911 2
      vertex 84.23714415343191 17.19617541966526 2
      vertex 84.23714415343191 22.80382458033474 2
    endloop
  endfacet
  facet normal 0 0 1
    outer loop
      vertex 84.23714415343191 17.19617541966526 2
      vertex 84.35613709747983 17.22598160050404 2
      vertex 84.35613709747983 22.77401839949596 2
    endloop
  endfacet
  facet normal 0 0 1
    outer loop
      vertex 83.7161165235168 16.883883476483184 2
      vertex 83.80700839479543 23.033736933296577 2
      vertex 83.7161165235168 23.116116523516816 2
    endloop
  endfacet
  facet normal 0 0 1
    outer loop
      vertex 83.80700839479543 16.966263066703423 2
      vertex 83.90553720872549 22.96066298462182 2
      vertex 83.80700839479543 23.033736933296577 2
    endloop
  endfacet
  facet normal 0 0 1
    outer loop
      vertex 83.90553720872549 17.03933701537818 2
      vertex 84.0107540789675 22.897598419564556 2
      vertex 83.90553720872549 22.96066298462182 2
    endloop
  endfacet
  facet normal 0 0 1
    outer loop
      vertex 84.12164570954363 17.15484941563911 2
      vertex 84.23714415343191 22.80382458033474 2
      vertex 84.12164570954363 22.84515058436089 2
    endloop
  endfacet
  facet normal 0 0 1
    outer loop
      vertex 84.0107540789675 17.102401580435444 2
      vertex 84.12164570954363 22.84515058436089 2
      vertex 84.0107540789675 22.897598419564556 2
    endloop
  endfacet
  facet normal 0 0 1
    outer loop
      vertex 84.23714415343191 17.19617541966526 2
      vertex 84.35613709747983 22.77401839949596 2
      vertex 84.23714415343191 22.80382458033474 2
    endloop
  endfacet
  facet normal 0 0 1
    outer loop
      vertex 84.35613709747983 17.22598160050404 2
      vertex 84.47747857458805 17.243980908340248 2
      vertex 84.47747857458805 22.756019091659752 2
    endloop
  endfacet
  facet normal 0 0 1
    outer loop
      vertex 84.47747857458805 17.243980908340248 2
      vertex 84.6 17.25 2
      vertex 84.6 22.75 2
    endloop
  endfacet
  facet normal 0 0 1
    outer loop
      vertex 84.6 17.25 2
      vertex 84.72252142541194 17.243980908340248 2
      vertex 84.72252142541194 22.756019091659752 2
    endloop
  endfacet
  facet normal 0 0 1
    outer loop
      vertex 84.72252142541194 17.243980908340248 2
      vertex 84.84386290252016 17.22598160050404 2
      vertex 84.84386290252016 22.77401839949596 2
    endloop
  endfacet
  facet normal 0 0 1
    outer loop
      vertex 84.84386290252016 17.22598160050404 2
      vertex 84.96285584656808 17.19617541966526 2
      vertex 84.96285584656808 22.80382458033474 2
    endloop
  endfacet
  facet normal 0 0 1
    outer loop
      vertex 84.96285584656808 17.19617541966526 2
      vertex 85.07835429045636 17.15484941563911 2
      vertex 85.07835429045636 22.84515058436089 2
    endloop
  endfacet
  facet normal 0 0 1
    outer loop
      vertex 85.1892459210325 17.102401580435444 2
      vertex 85.2944627912745 17.03933701537818 2
      vertex 85.2944627912745 22.96066298462182 2
    endloop
  endfacet
  facet normal 0 0 1
    outer loop
      vertex 85.39299160520456 16.966263066703423 2
      vertex 85.39299160520456 23.033736933296577 2
      vertex 85.2944627912745 17.03933701537818 2
    endloop
  endfacet
  facet normal 0 0 1
    outer loop
      vertex 85.1892459210325 17.102401580435444 2
      vertex 85.1892459210325 22.897598419564556 2
      vertex 85.07835429045636 17.15484941563911 2
    endloop
  endfacet
  facet normal 0 0 1
    outer loop
      vertex 85.39299160520456 16.966263066703423 2
      vertex 85.48388347648319 16.883883476483184 2
      vertex 85.48388347648319 23.116116523516816 2
    endloop
  endfacet
  facet normal 0 0 1
    outer loop
      vertex 85.56626306670341 16.792991605204556 2
      vertex 85.56626306670341 23.207008394795444 2
      vertex 85.48388347648319 16.883883476483184 2
    endloop
  endfacet
  facet normal 0 0 1
    outer loop
      vertex 85.7548494156391 16.478354290456362 2
      vertex 85.7548494156391 23.521645709543638 2
      vertex 85.70240158043543 16.589245921032497 2
    endloop
  endfacet
  facet normal 0 0 1
    outer loop
      vertex 85.63933701537817 16.694462791274503 2
      vertex 85.70240158043543 16.589245921032497 2
      vertex 85.70240158043543 23.410754078967503 2
    endloop
  endfacet
  facet normal 0 0 1
    outer loop
      vertex 85.63933701537817 16.694462791274503 2
      vertex 85.63933701537817 23.305537208725497 2
      vertex 85.56626306670341 16.792991605204556 2
    endloop
  endfacet
  facet normal 0 0 1
    outer loop
      vertex 84.35613709747983 17.22598160050404 2
      vertex 84.47747857458805 22.756019091659752 2
      vertex 84.35613709747983 22.77401839949596 2
    endloop
  endfacet
  facet normal 0 0 1
    outer loop
      vertex 84.47747857458805 17.243980908340248 2
      vertex 84.6 22.75 2
      vertex 84.47747857458805 22.756019091659752 2
    endloop
  endfacet
  facet normal 0 0 1
    outer loop
      vertex 84.6 17.25 2
      vertex 84.72252142541194 22.756019091659752 2
      vertex 84.6 22.75 2
    endloop
  endfacet
  facet normal 0 0 1
    outer loop
      vertex 84.72252142541194 17.243980908340248 2
      vertex 84.84386290252016 22.77401839949596 2
      vertex 84.72252142541194 22.756019091659752 2
    endloop
  endfacet
  facet normal 0 0 1
    outer loop
      vertex 84.84386290252016 17.22598160050404 2
      vertex 84.96285584656808 22.80382458033474 2
      vertex 84.84386290252016 22.77401839949596 2
    endloop
  endfacet
  facet normal 0 0 1
    outer loop
      vertex 84.96285584656808 17.19617541966526 2
      vertex 85.07835429045636 22.84515058436089 2
      vertex 84.96285584656808 22.80382458033474 2
    endloop
  endfacet
  facet normal 0 0 1
    outer loop
      vertex 85.07835429045636 17.15484941563911 2
      vertex 85.1892459210325 22.897598419564556 2
      vertex 85.07835429045636 22.84515058436089 2
    endloop
  endfacet
  facet normal 0 0 1
    outer loop
      vertex 85.1892459210325 17.102401580435444 2
      vertex 85.2944627912745 22.96066298462182 2
      vertex 85.1892459210325 22.897598419564556 2
    endloop
  endfacet
  facet normal 0 0 1
    outer loop
      vertex 85.2944627912745 17.03933701537818 2
      vertex 85.39299160520456 23.033736933296577 2
      vertex 85.2944627912745 22.96066298462182 2
    endloop
  endfacet
  facet normal 0 0 1
    outer loop
      vertex 85.39299160520456 16.966263066703423 2
      vertex 85.48388347648319 23.116116523516816 2
      vertex 85.39299160520456 23.033736933296577 2
    endloop
  endfacet
  facet normal 0 0 1
    outer loop
      vertex 85.48388347648319 16.883883476483184 2
      vertex 85.56626306670341 23.207008394795444 2
      vertex 85.48388347648319 23.116116523516816 2
    endloop
  endfacet
  facet normal 0 0 1
    outer loop
      vertex 85.82598160050404 16.24386290252016 2
      vertex 85.82598160050404 23.75613709747984 2
      vertex 85.79617541966526 16.362855846568078 2
    endloop
  endfacet
  facet normal 0 0 1
    outer loop
      vertex 85.79617541966526 16.362855846568078 2
      vertex 85.79617541966526 23.637144153431922 2
      vertex 85.7548494156391 16.478354290456362 2
    endloop
  endfacet
  facet normal 0 0 1
    outer loop
      vertex 85.56626306670341 16.792991605204556 2
      vertex 85.63933701537817 23.305537208725497 2
      vertex 85.56626306670341 23.207008394795444 2
    endloop
  endfacet
  facet normal 0 0 1
    outer loop
      vertex 85.63933701537817 16.694462791274503 2
      vertex 85.70240158043543 23.410754078967503 2
      vertex 85.63933701537817 23.305537208725497 2
    endloop
  endfacet
  facet normal 0 0 1
    outer loop
      vertex 85.7548494156391 16.478354290456362 2
      vertex 85.79617541966526 23.637144153431922 2
      vertex 85.7548494156391 23.521645709543638 2
    endloop
  endfacet
  facet normal 0 0 1
    outer loop
      vertex 85.70240158043543 16.589245921032497 2
      vertex 85.7548494156391 23.521645709543638 2
      vertex 85.70240158043543 23.410754078967503 2
    endloop
  endfacet
  facet normal 0 0 1
    outer loop
      vertex 85.82598160050404 16.24386290252016 2
      vertex 85.84398090834024 23.87747857458805 2
      vertex 85.82598160050404 23.75613709747984 2
    endloop
  endfacet
  facet normal 0 0 1
    outer loop
      vertex 85.79617541966526 16.362855846568078 2
      vertex 85.82598160050404 23.75613709747984 2
      vertex 85.79617541966526 23.637144153431922 2
    endloop
  endfacet
  facet normal 0 0 1
    outer loop
      vertex 85.84398090834024 16.12252142541195 2
      vertex 85.85 24 2
      vertex 85.84398090834024 23.87747857458805 2
    endloop
  endfacet
  facet normal 0 0 1
    outer loop
      vertex 87.60000000000001 12.186014652592675 2
      vertex 87.60000000000001 72.60000000000001 2
      vertex 85.85 24 2
    endloop
  endfacet
  facet normal -1 0 0
    outer loop
      vertex 87.60000000000001 12.186014652592675 2
      vertex 87.60000000000001 21.14805029709527 12.22836140246614
      vertex 87.60000000000001 55.04935475537782 26.3
    endloop
  endfacet
  facet normal 0 1 0
    outer loop
      vertex 77.81398534740731 2.4 30
      vertex 49.95064524462217 2.4 26.3
      vertex 49.95064524462217 2.4 29.5
    endloop
  endfacet
  facet normal 0 1 0
    outer loop
      vertex 86.18601465259269 2.4 2
      vertex 86.18601465259269 2.4 30
      vertex 87.60000000000001 2.4 30
    endloop
  endfacet
  facet normal -1 0 0
    outer loop
      vertex 87.60000000000001 2.4 2
      vertex 87.60000000000001 2.4 30
      vertex 87.60000000000001 3.813985347407325 30
    endloop
  endfacet
  facet normal -1 0 0
    outer loop
      vertex 87.60000000000001 12.186014652592675 2
      vertex 87.60000000000001 12.186014652592675 30
      vertex 87.60000000000001 17 15
    endloop
  endfacet
  facet normal -1 0 0
    outer loop
      vertex 87.60000000000001 12.186014652592675 30
      vertex 87.60000000000001 17.014445819983408 15.294051420988682
      vertex 87.60000000000001 17 15
    endloop
  endfacet
  facet normal -1 0 0
    outer loop
      vertex 87.60000000000001 12.186014652592675 30
      vertex 87.60000000000001 17.05764415879031 15.585270966048384
      vertex 87.60000000000001 17.014445819983408 15.294051420988682
    endloop
  endfacet
  facet normal -1 0 0
    outer loop
      vertex 87.60000000000001 12.186014652592675 30
      vertex 87.60000000000001 17.129178992803375 15.870854031763386
      vertex 87.60000000000001 17.05764415879031 15.585270966048384
    endloop
  endfacet
  facet normal -1 0 0
    outer loop
      vertex 87.60000000000001 12.186014652592675 30
      vertex 87.60000000000001 17.228361402466142 16.14805029709527
      vertex 87.60000000000001 17.129178992803375 15.870854031763386
    endloop
  endfacet
  facet normal -1 0 0
    outer loop
      vertex 87.60000000000001 12.186014652592675 30
      vertex 87.60000000000001 17.354236206954933 16.414190210477994
      vertex 87.60000000000001 17.228361402466142 16.14805029709527
    endloop
  endfacet
  facet normal -1 0 0
    outer loop
      vertex 87.60000000000001 12.186014652592675 30
      vertex 87.60000000000001 17.505591163092365 16.666710699058807
      vertex 87.60000000000001 17.354236206954933 16.414190210477994
    endloop
  endfacet
  facet normal -1 0 0
    outer loop
      vertex 87.60000000000001 12.186014652592675 30
      vertex 87.60000000000001 17.68096863991179 16.903179852490936
      vertex 87.60000000000001 17.505591163092365 16.666710699058807
    endloop
  endfacet
  facet normal -1 0 0
    outer loop
      vertex 87.60000000000001 12.186014652592675 30
      vertex 87.60000000000001 17.878679656440358 17.121320343559642
      vertex 87.60000000000001 17.68096863991179 16.903179852490936
    endloop
  endfacet
  facet normal -1 0 0
    outer loop
      vertex 87.60000000000001 12.186014652592675 30
      vertex 87.60000000000001 18.096820147509064 17.31903136008821
      vertex 87.60000000000001 17.878679656440358 17.121320343559642
    endloop
  endfacet
  facet normal -1 0 0
    outer loop
      vertex 87.60000000000001 12.186014652592675 30
      vertex 87.60000000000001 18.333289300941193 17.494408836907635
      vertex 87.60000000000001 18.096820147509064 17.31903136008821
    endloop
  endfacet
  facet normal -1 0 0
    outer loop
      vertex 87.60000000000001 12.186014652592675 30
      vertex 87.60000000000001 18.585809789522006 17.645763793045067
      vertex 87.60000000000001 18.333289300941193 17.494408836907635
    endloop
  endfacet
  facet normal -1 0 0
    outer loop
      vertex 87.60000000000001 12.186014652592675 30
      vertex 87.60000000000001 18.85194970290473 17.771638597533858
      vertex 87.60000000000001 18.585809789522006 17.645763793045067
    endloop
  endfacet
  facet normal -1 0 0
    outer loop
      vertex 87.60000000000001 12.186014652592675 30
      vertex 87.60000000000001 19.129145968236614 17.870821007196625
      vertex 87.60000000000001 18.85194970290473 17.771638597533858
    endloop
  endfacet
  facet normal -1 0 0
    outer loop
      vertex 87.60000000000001 12.186014652592675 30
      vertex 87.60000000000001 19.414729033951616 17.94235584120969
      vertex 87.60000000000001 19.129145968236614 17.870821007196625
    endloop
  endfacet
  facet normal -1 0 0
    outer loop
      vertex 87.60000000000001 12.186014652592675 30
      vertex 87.60000000000001 19.705948579011316 17.985554180016592
      vertex 87.60000000000001 19.414729033951616 17.94235584120969
    endloop
  endfacet
  facet normal -1 0 0
    outer loop
      vertex 87.60000000000001 12.186014652592675 30
      vertex 87.60000000000001 20 18
      vertex 87.60000000000001 19.705948579011316 17.985554180016592
    endloop
  endfacet
  facet normal -1 0 0
    outer loop
      vertex 87.60000000000001 12.186014652592675 30
      vertex 87.60000000000001 20.294051420988684 17.985554180016592
      vertex 87.60000000000001 20 18
    endloop
  endfacet
  facet normal -1 0 0
    outer loop
      vertex 87.60000000000001 21.14805029709527 12.22836140246614
      vertex 87.60000000000001 21.414190210477994 12.354236206954935
      vertex 87.60000000000001 55.04935475537782 26.3
    endloop
  endfacet
  facet normal -1 0 0
    outer loop
      vertex 87.60000000000001 21.414190210477994 12.354236206954935
      vertex 87.60000000000001 21.666710699058807 12.505591163092365
      vertex 87.60000000000001 55.04935475537782 26.3
    endloop
  endfacet
  facet normal -1 0 0
    outer loop
      vertex 87.60000000000001 21.666710699058807 12.505591163092365
      vertex 87.60000000000001 21.903179852490936 12.68096863991179
      vertex 87.60000000000001 55.04935475537782 26.3
    endloop
  endfacet
  facet normal -1 0 0
    outer loop
      vertex 87.60000000000001 21.903179852490936 12.68096863991179
      vertex 87.60000000000001 22.121320343559642 12.878679656440358
      vertex 87.60000000000001 55.04935475537782 26.3
    endloop
  endfacet
  facet normal -1 0 0
    outer loop
      vertex 87.60000000000001 22.121320343559642 12.878679656440358
      vertex 87.60000000000001 22.31903136008821 13.096820147509064
      vertex 87.60000000000001 55.04935475537782 26.3
    endloop
  endfacet
  facet normal -1 0 0
    outer loop
      vertex 87.60000000000001 22.31903136008821 13.096820147509064
      vertex 87.60000000000001 22.494408836907635 13.333289300941193
      vertex 87.60000000000001 55.04935475537782 26.3
    endloop
  endfacet
  facet normal -1 0 0
    outer loop
      vertex 87.60000000000001 22.645763793045067 13.585809789522006
      vertex 87.60000000000001 55.04935475537782 26.3
      vertex 87.60000000000001 22.494408836907635 13.333289300941193
    endloop
  endfacet
  facet normal -1 0 0
    outer loop
      vertex 87.60000000000001 22.645763793045067 13.585809789522006
      vertex 87.60000000000001 22.771638597533858 13.851949702904731
      vertex 87.60000000000001 55.04935475537782 26.3
    endloop
  endfacet
  facet normal -1 0 0
    outer loop
      vertex 87.60000000000001 22.870821007196625 14.129145968236614
      vertex 87.60000000000001 55.04935475537782 26.3
      vertex 87.60000000000001 22.771638597533858 13.851949702904731
    endloop
  endfacet
  facet normal -1 0 0
    outer loop
      vertex 87.60000000000001 22.870821007196625 14.129145968236614
      vertex 87.60000000000001 22.94235584120969 14.414729033951616
      vertex 87.60000000000001 55.04935475537782 26.3
    endloop
  endfacet
  facet normal -1 0 0
    outer loop
      vertex 87.60000000000001 22.985554180016592 14.705948579011318
      vertex 87.60000000000001 55.04935475537782 26.3
      vertex 87.60000000000001 22.94235584120969 14.414729033951616
    endloop
  endfacet
  facet normal -1 0 0
    outer loop
      vertex 87.60000000000001 22.985554180016592 14.705948579011318
      vertex 87.60000000000001 23 15
      vertex 87.60000000000001 55.04935475537782 26.3
    endloop
  endfacet
  facet normal -1 0 0
    outer loop
      vertex 87.60000000000001 21.666710699058807 17.494408836907635
      vertex 87.60000000000001 21.414190210477994 17.645763793045067
      vertex 87.60000000000001 55.04935475537782 26.3
    endloop
  endfacet
  facet normal -1 0 0
    outer loop
      vertex 87.60000000000001 21.414190210477994 17.645763793045067
      vertex 87.60000000000001 21.14805029709527 17.771638597533858
      vertex 87.60000000000001 55.04935475537782 26.3
    endloop
  endfacet
  facet normal -1 0 0
    outer loop
      vertex 87.60000000000001 20.870854031763386 17.870821007196625
      vertex 87.60000000000001 20.585270966048384 17.94235584120969
      vertex 87.60000000000001 55.04935475537782 29.5
    endloop
  endfacet
  facet normal -1 0 0
    outer loop
      vertex 87.60000000000001 20.585270966048384 17.94235584120969
      vertex 87.60000000000001 20.294051420988684 17.985554180016592
      vertex 87.60000000000001 55.04935475537782 29.5
    endloop
  endfacet
  facet normal -1 0 0
    outer loop
      vertex 87.60000000000001 21.14805029709527 17.771638597533858
      vertex 87.60000000000001 20.870854031763386 17.870821007196625
      vertex 87.60000000000001 55.04935475537782 29.5
    endloop
  endfacet
  facet normal -1 0 0
    outer loop
      vertex 87.60000000000001 23 15
      vertex 87.60000000000001 22.985554180016592 15.294051420988682
      vertex 87.60000000000001 55.04935475537782 26.3
    endloop
  endfacet
  facet normal -1 0 0
    outer loop
      vertex 87.60000000000001 22.94235584120969 15.585270966048384
      vertex 87.60000000000001 55.04935475537782 26.3
      vertex 87.60000000000001 22.985554180016592 15.294051420988682
    endloop
  endfacet
  facet normal -1 0 0
    outer loop
      vertex 87.60000000000001 22.870821007196625 15.870854031763386
      vertex 87.60000000000001 55.04935475537782 26.3
      vertex 87.60000000000001 22.94235584120969 15.585270966048384
    endloop
  endfacet
  facet normal -1 0 0
    outer loop
      vertex 87.60000000000001 22.870821007196625 15.870854031763386
      vertex 87.60000000000001 22.771638597533858 16.14805029709527
      vertex 87.60000000000001 55.04935475537782 26.3
    endloop
  endfacet
  facet normal -1 0 0
    outer loop
      vertex 87.60000000000001 22.645763793045067 16.414190210477994
      vertex 87.60000000000001 55.04935475537782 26.3
      vertex 87.60000000000001 22.771638597533858 16.14805029709527
    endloop
  endfacet
  facet normal -1 0 0
    outer loop
      vertex 87.60000000000001 22.645763793045067 16.414190210477994
      vertex 87.60000000000001 22.494408836907635 16.666710699058807
      vertex 87.60000000000001 55.04935475537782 26.3
    endloop
  endfacet
  facet normal -1 0 0
    outer loop
      vertex 87.60000000000001 22.31903136008821 16.903179852490936
      vertex 87.60000000000001 55.04935475537782 26.3
      vertex 87.60000000000001 22.494408836907635 16.666710699058807
    endloop
  endfacet
  facet normal -1 0 0
    outer loop
      vertex 87.60000000000001 22.31903136008821 16.903179852490936
      vertex 87.60000000000001 22.121320343559642 17.121320343559642
      vertex 87.60000000000001 55.04935475537782 26.3
    endloop
  endfacet
  facet normal -1 0 0
    outer loop
      vertex 87.60000000000001 22.121320343559642 17.121320343559642
      vertex 87.60000000000001 21.903179852490936 17.31903136008821
      vertex 87.60000000000001 55.04935475537782 26.3
    endloop
  endfacet
  facet normal -1 0 0
    outer loop
      vertex 87.60000000000001 21.666710699058807 17.494408836907635
      vertex 87.60000000000001 55.04935475537782 26.3
      vertex 87.60000000000001 21.903179852490936 17.31903136008821
    endloop
  endfacet
  facet normal -1 0 0
    outer loop
      vertex 87.60000000000001 12.186014652592675 30
      vertex 87.60000000000001 55.04935475537782 29.5
      vertex 87.60000000000001 20.294051420988684 17.985554180016592
    endloop
  endfacet
  facet normal 0 0 1
    outer loop
      vertex 12.288925582549004 10.578674030756364 2
      vertex 68.41227419495968 64.04803679899193 2
      vertex 68.17428830686384 64.10764916066948 2
    endloop
  endfacet
  facet normal 0 0 1
    outer loop
      vertex 12.288925582549004 10.578674030756364 2
      vertex 68.6549571491761 64.0120381833195 2
      vertex 68.41227419495968 64.04803679899193 2
    endloop
  endfacet
  facet normal 0 0 1
    outer loop
      vertex 12.288925582549004 10.578674030756364 2
      vertex 68.17428830686384 64.10764916066948 2
      vertex 67.94329141908729 64.19030116872179 2
    endloop
  endfacet
  facet normal 0 0 1
    outer loop
      vertex 12.288925582549004 10.578674030756364 2
      vertex 68.9 64 2
      vertex 68.6549571491761 64.0120381833195 2
    endloop
  endfacet
  facet normal 0 0 1
    outer loop
      vertex 12.288925582549004 10.578674030756364 2
      vertex 69.14504285082391 64.0120381833195 2
      vertex 68.9 64 2
    endloop
  endfacet
  facet normal 0 0 1
    outer loop
      vertex 12.288925582549004 10.578674030756364 2
      vertex 69.38772580504033 64.04803679899193 2
      vertex 69.14504285082391 64.0120381833195 2
    endloop
  endfacet
  facet normal 0 0 1
    outer loop
      vertex 12.288925582549004 10.578674030756364 2
      vertex 69.62571169313617 64.10764916066948 2
      vertex 69.38772580504033 64.04803679899193 2
    endloop
  endfacet
  facet normal 0 0 1
    outer loop
      vertex 12.288925582549004 10.578674030756364 2
      vertex 69.85670858091272 64.19030116872179 2
      vertex 69.62571169313617 64.10764916066948 2
    endloop
  endfacet
  facet normal 0 0 1
    outer loop
      vertex 12.288925582549004 10.578674030756364 2
      vertex 70.078491842065 64.29519683912912 2
      vertex 69.85670858091272 64.19030116872179 2
    endloop
  endfacet
  facet normal 0 0 1
    outer loop
      vertex 12.288925582549004 10.578674030756364 2
      vertex 70.28892558254901 64.42132596924364 2
      vertex 70.078491842065 64.29519683912912 2
    endloop
  endfacet
  facet normal 0 0 1
    outer loop
      vertex 12.288925582549004 10.578674030756364 2
      vertex 70.48598321040912 64.56747386659316 2
      vertex 70.28892558254901 64.42132596924364 2
    endloop
  endfacet
  facet normal 0 0 1
    outer loop
      vertex 12.288925582549004 10.578674030756364 2
      vertex 70.66776695296637 64.73223304703363 2
      vertex 70.48598321040912 64.56747386659316 2
    endloop
  endfacet
  facet normal 0 0 1
    outer loop
      vertex 12.288925582549004 10.578674030756364 2
      vertex 87.60000000000001 72.60000000000001 2
      vertex 70.66776695296637 64.73223304703363 2
    endloop
  endfacet
  facet normal 0 0 1
    outer loop
      vertex 11.856708580912724 64.19030116872179 2
      vertex 67.94329141908729 64.19030116872179 2
      vertex 67.721508157935 64.29519683912912 2
    endloop
  endfacet
  facet normal 0 0 1
    outer loop
      vertex 12.288925582549004 64.42132596924364 2
      vertex 67.721508157935 64.29519683912912 2
      vertex 67.511074417451 64.42132596924364 2
    endloop
  endfacet
  facet normal 0 0 1
    outer loop
      vertex 12.485983210409113 64.56747386659316 2
      vertex 67.3140167895909 64.56747386659316 2
      vertex 67.13223304703364 64.73223304703363 2
    endloop
  endfacet
  facet normal 0 0 1
    outer loop
      vertex 12.485983210409113 64.56747386659316 2
      vertex 67.511074417451 64.42132596924364 2
      vertex 67.3140167895909 64.56747386659316 2
    endloop
  endfacet
  facet normal 0 0 1
    outer loop
      vertex 12.83252613340684 64.91401678959089 2
      vertex 67.13223304703364 64.73223304703363 2
      vertex 66.96747386659317 64.91401678959089 2
    endloop
  endfacet
  facet normal 0 0 1
    outer loop
      vertex 13.104803160870887 65.321508157935 2
      vertex 66.69519683912912 65.321508157935 2
      vertex 66.5903011687218 65.54329141908728 2
    endloop
  endfacet
  facet normal 0 0 1
    outer loop
      vertex 13.209698831278216 65.54329141908728 2
      vertex 66.5903011687218 65.54329141908728 2
      vertex 66.50764916066949 65.77428830686384 2
    endloop
  endfacet
  facet normal 0 0 1
    outer loop
      vertex 12.978674030756363 65.111074417451 2
      vertex 66.96747386659317 64.91401678959089 2
      vertex 66.82132596924365 65.111074417451 2
    endloop
  endfacet
  facet normal 0 0 1
    outer loop
      vertex 13.104803160870887 65.321508157935 2
      vertex 66.82132596924365 65.111074417451 2
      vertex 66.69519683912912 65.321508157935 2
    endloop
  endfacet
  facet normal 0 0 1
    outer loop
      vertex 13.351963201008076 66.01227419495967 2
      vertex 66.50764916066949 65.77428830686384 2
      vertex 66.44803679899194 66.01227419495967 2
    endloop
  endfacet
  facet normal 0 0 1
    outer loop
      vertex 13.351963201008076 66.01227419495967 2
      vertex 66.44803679899194 66.01227419495967 2
      vertex 66.41203818331951 66.2549571491761 2
    endloop
  endfacet
  facet normal 0 0 1
    outer loop
      vertex 13.399999999999999 66.5 2
      vertex 66.41203818331951 66.2549571491761 2
      vertex 66.4 66.5 2
    endloop
  endfacet
  facet normal 0 0 1
    outer loop
      vertex 13.399999999999999 66.5 2
      vertex 66.4 66.5 2
      vertex 66.41203818331951 66.7450428508239 2
    endloop
  endfacet
  facet normal 0 0 1
    outer loop
      vertex 13.351963201008076 66.98772580504033 2
      vertex 66.41203818331951 66.7450428508239 2
      vertex 66.44803679899194 66.98772580504033 2
    endloop
  endfacet
  facet normal 0 0 1
    outer loop
      vertex 13.351963201008076 66.98772580504033 2
      vertex 66.44803679899194 66.98772580504033 2
      vertex 66.50764916066949 67.22571169313616 2
    endloop
  endfacet
  facet normal 0 0 1
    outer loop
      vertex 13.209698831278216 67.45670858091272 2
      vertex 66.50764916066949 67.22571169313616 2
      vertex 66.5903011687218 67.45670858091272 2
    endloop
  endfacet
  facet normal 0 0 1
    outer loop
      vertex 13.104803160870887 67.678491842065 2
      vertex 66.5903011687218 67.45670858091272 2
      vertex 66.69519683912912 67.678491842065 2
    endloop
  endfacet
  facet normal 0 0 1
    outer loop
      vertex 13.104803160870887 67.678491842065 2
      vertex 66.69519683912912 67.678491842065 2
      vertex 66.82132596924365 67.888925582549 2
    endloop
  endfacet
  facet normal 0 0 1
    outer loop
      vertex 12.83252613340684 68.08598321040911 2
      vertex 66.82132596924365 67.888925582549 2
      vertex 66.96747386659317 68.08598321040911 2
    endloop
  endfacet
  facet normal 0 0 1
    outer loop
      vertex 12.83252613340684 68.08598321040911 2
      vertex 66.96747386659317 68.08598321040911 2
      vertex 67.13223304703364 68.26776695296637 2
    endloop
  endfacet
  facet normal 0 0 1
    outer loop
      vertex 12.485983210409113 68.43252613340684 2
      vertex 67.13223304703364 68.26776695296637 2
      vertex 67.3140167895909 68.43252613340684 2
    endloop
  endfacet
  facet normal 0 0 1
    outer loop
      vertex 12.485983210409113 68.43252613340684 2
      vertex 67.3140167895909 68.43252613340684 2
      vertex 67.511074417451 68.57867403075636 2
    endloop
  endfacet
  facet normal 0 0 1
    outer loop
      vertex 12.288925582549004 68.57867403075636 2
      vertex 67.511074417451 68.57867403075636 2
      vertex 67.721508157935 68.70480316087088 2
    endloop
  endfacet
  facet normal 0 0 1
    outer loop
      vertex 11.856708580912724 68.80969883127821 2
      vertex 67.721508157935 68.70480316087088 2
      vertex 67.94329141908729 68.80969883127821 2
    endloop
  endfacet
  facet normal 0 0 1
    outer loop
      vertex 11.856708580912724 68.80969883127821 2
      vertex 67.94329141908729 68.80969883127821 2
      vertex 68.17428830686384 68.89235083933052 2
    endloop
  endfacet
  facet normal 0 0 1
    outer loop
      vertex 11.856708580912724 68.80969883127821 2
      vertex 68.17428830686384 68.89235083933052 2
      vertex 68.41227419495968 68.95196320100807 2
    endloop
  endfacet
  facet normal 0 0 1
    outer loop
      vertex 11.856708580912724 68.80969883127821 2
      vertex 68.41227419495968 68.95196320100807 2
      vertex 87.60000000000001 72.60000000000001 2
    endloop
  endfacet
  facet normal 0 -1 0
    outer loop
      vertex 2.4 72.60000000000001 2
      vertex 87.60000000000001 72.60000000000001 2
      vertex 87.60000000000001 72.60000000000001 30
    endloop
  endfacet
  facet normal 0 0 1
    outer loop
      vertex 83.80700839479543 24.966263066703423 2
      vertex 83.90553720872549 25.03933701537818 2
      vertex 87.60000000000001 72.60000000000001 2
    endloop
  endfacet
  facet normal 0 0 1
    outer loop
      vertex 83.90553720872549 25.03933701537818 2
      vertex 84.0107540789675 25.102401580435444 2
      vertex 87.60000000000001 72.60000000000001 2
    endloop
  endfacet
  facet normal 0 0 1
    outer loop
      vertex 84.0107540789675 25.102401580435444 2
      vertex 84.12164570954363 25.15484941563911 2
      vertex 87.60000000000001 72.60000000000001 2
    endloop
  endfacet
  facet normal 0 0 1
    outer loop
      vertex 84.12164570954363 25.15484941563911 2
      vertex 84.23714415343191 25.19617541966526 2
      vertex 87.60000000000001 72.60000000000001 2
    endloop
  endfacet
  facet normal 0 0 1
    outer loop
      vertex 84.23714415343191 25.19617541966526 2
      vertex 84.35613709747983 25.22598160050404 2
      vertex 87.60000000000001 72.60000000000001 2
    endloop
  endfacet
  facet normal 0 0 1
    outer loop
      vertex 84.35613709747983 25.22598160050404 2
      vertex 84.47747857458805 25.243980908340248 2
      vertex 87.60000000000001 72.60000000000001 2
    endloop
  endfacet
  facet normal 0 0 1
    outer loop
      vertex 84.47747857458805 25.243980908340248 2
      vertex 84.6 25.25 2
      vertex 87.60000000000001 72.60000000000001 2
    endloop
  endfacet
  facet normal 0 0 1
    outer loop
      vertex 84.6 25.25 2
      vertex 84.72252142541194 25.243980908340248 2
      vertex 87.60000000000001 72.60000000000001 2
    endloop
  endfacet
  facet normal 0 0 1
    outer loop
      vertex 84.72252142541194 25.243980908340248 2
      vertex 84.84386290252016 25.22598160050404 2
      vertex 87.60000000000001 72.60000000000001 2
    endloop
  endfacet
  facet normal 0 0 1
    outer loop
      vertex 85.85 24 2
      vertex 87.60000000000001 72.60000000000001 2
      vertex 85.84398090834024 24.12252142541195 2
    endloop
  endfacet
  facet normal 0 0 1
    outer loop
      vertex 85.84398090834024 24.12252142541195 2
      vertex 87.60000000000001 72.60000000000001 2
      vertex 85.82598160050404 24.24386290252016 2
    endloop
  endfacet
  facet normal 0 0 1
    outer loop
      vertex 85.82598160050404 24.24386290252016 2
      vertex 87.60000000000001 72.60000000000001 2
      vertex 85.79617541966526 24.362855846568078 2
    endloop
  endfacet
  facet normal 0 0 1
    outer loop
      vertex 84.84386290252016 25.22598160050404 2
      vertex 84.96285584656808 25.19617541966526 2
      vertex 87.60000000000001 72.60000000000001 2
    endloop
  endfacet
  facet normal 0 0 1
    outer loop
      vertex 85.07835429045636 25.15484941563911 2
      vertex 85.1892459210325 25.102401580435444 2
      vertex 87.60000000000001 72.60000000000001 2
    endloop
  endfacet
  facet normal 0 0 1
    outer loop
      vertex 84.96285584656808 25.19617541966526 2
      vertex 85.07835429045636 25.15484941563911 2
      vertex 87.60000000000001 72.60000000000001 2
    endloop
  endfacet
  facet normal 0 0 1
    outer loop
      vertex 85.2944627912745 25.03933701537818 2
      vertex 85.39299160520456 24.966263066703423 2
      vertex 87.60000000000001 72.60000000000001 2
    endloop
  endfacet
  facet normal 0 0 1
    outer loop
      vertex 85.1892459210325 25.102401580435444 2
      vertex 85.2944627912745 25.03933701537818 2
      vertex 87.60000000000001 72.60000000000001 2
    endloop
  endfacet
  facet normal 0 0 1
    outer loop
      vertex 85.56626306670341 24.792991605204556 2
      vertex 85.63933701537817 24.694462791274503 2
      vertex 87.60000000000001 72.60000000000001 2
    endloop
  endfacet
  facet normal 0 0 1
    outer loop
      vertex 85.7548494156391 24.478354290456362 2
      vertex 85.79617541966526 24.362855846568078 2
      vertex 87.60000000000001 72.60000000000001 2
    endloop
  endfacet
  facet normal 0 0 1
    outer loop
      vertex 85.7548494156391 24.478354290456362 2
      vertex 87.60000000000001 72.60000000000001 2
      vertex 85.70240158043543 24.589245921032497 2
    endloop
  endfacet
  facet normal 0 0 1
    outer loop
      vertex 85.70240158043543 24.589245921032497 2
      vertex 87.60000000000001 72.60000000000001 2
      vertex 85.63933701537817 24.694462791274503 2
    endloop
  endfacet
  facet normal 0 0 1
    outer loop
      vertex 85.48388347648319 24.883883476483184 2
      vertex 85.56626306670341 24.792991605204556 2
      vertex 87.60000000000001 72.60000000000001 2
    endloop
  endfacet
  facet normal 0 0 1
    outer loop
      vertex 85.39299160520456 24.966263066703423 2
      vertex 85.48388347648319 24.883883476483184 2
      vertex 87.60000000000001 72.60000000000001 2
    endloop
  endfacet
  facet normal -1 0 0
    outer loop
      vertex 87.60000000000001 12.186014652592675 2
      vertex 87.60000000000001 64.95064524462218 26.3
      vertex 87.60000000000001 72.60000000000001 2
    endloop
  endfacet
  facet normal 0 0 1
    outer loop
      vertex 68.01611652351681 65.61611652351681 2
      vertex 68.10700839479544 65.53373693329658 2
      vertex 67.93373693329659 65.70700839479544 2
    endloop
  endfacet
  facet normal 0 0 1
    outer loop
      vertex 68.10700839479544 65.53373693329658 2
      vertex 68.2055372087255 65.46066298462182 2
      vertex 67.86066298462183 65.8055372087255 2
    endloop
  endfacet
  facet normal 0 0 1
    outer loop
      vertex 68.2055372087255 65.46066298462182 2
      vertex 68.3107540789675 65.39759841956456 2
      vertex 67.79759841956457 65.9107540789675 2
    endloop
  endfacet
  facet normal 0 0 1
    outer loop
      vertex 68.3107540789675 65.39759841956456 2
      vertex 68.42164570954364 65.3451505843609 2
      vertex 67.7451505843609 66.02164570954363 2
    endloop
  endfacet
  facet normal 0 0 1
    outer loop
      vertex 68.10700839479544 65.53373693329658 2
      vertex 67.86066298462183 65.8055372087255 2
      vertex 67.93373693329659 65.70700839479544 2
    endloop
  endfacet
  facet normal 0 0 1
    outer loop
      vertex 68.2055372087255 65.46066298462182 2
      vertex 67.79759841956457 65.9107540789675 2
      vertex 67.86066298462183 65.8055372087255 2
    endloop
  endfacet
  facet normal 0 0 1
    outer loop
      vertex 68.42164570954364 65.3451505843609 2
      vertex 67.67401839949596 66.25613709747984 2
      vertex 67.70382458033474 66.13714415343192 2
    endloop
  endfacet
  facet normal 0 0 1
    outer loop
      vertex 68.3107540789675 65.39759841956456 2
      vertex 67.7451505843609 66.02164570954363 2
      vertex 67.79759841956457 65.9107540789675 2
    endloop
  endfacet
  facet normal 0 0 1
    outer loop
      vertex 68.42164570954364 65.3451505843609 2
      vertex 67.70382458033474 66.13714415343192 2
      vertex 67.7451505843609 66.02164570954363 2
    endloop
  endfacet
  facet normal 0 0 1
    outer loop
      vertex 68.42164570954364 65.3451505843609 2
      vertex 67.65601909165976 66.37747857458805 2
      vertex 67.67401839949596 66.25613709747984 2
    endloop
  endfacet
  facet normal 0 0 1
    outer loop
      vertex 68.42164570954364 65.3451505843609 2
      vertex 67.65 66.5 2
      vertex 67.65601909165976 66.37747857458805 2
    endloop
  endfacet
  facet normal 0 0 1
    outer loop
      vertex 68.42164570954364 65.3451505843609 2
      vertex 67.65601909165976 66.62252142541195 2
      vertex 67.65 66.5 2
    endloop
  endfacet
  facet normal 0 0 1
    outer loop
      vertex 68.42164570954364 65.3451505843609 2
      vertex 67.67401839949596 66.74386290252016 2
      vertex 67.65601909165976 66.62252142541195 2
    endloop
  endfacet
  facet normal 0 0 1
    outer loop
      vertex 68.42164570954364 65.3451505843609 2
      vertex 67.70382458033474 66.86285584656808 2
      vertex 67.67401839949596 66.74386290252016 2
    endloop
  endfacet
  facet normal 0 0 1
    outer loop
      vertex 68.42164570954364 65.3451505843609 2
      vertex 67.7451505843609 66.97835429045637 2
      vertex 67.70382458033474 66.86285584656808 2
    endloop
  endfacet
  facet normal 0 0 1
    outer loop
      vertex 68.42164570954364 65.3451505843609 2
      vertex 67.79759841956457 67.0892459210325 2
      vertex 67.7451505843609 66.97835429045637 2
    endloop
  endfacet
  facet normal 0 0 1
    outer loop
      vertex 68.42164570954364 65.3451505843609 2
      vertex 67.86066298462183 67.1944627912745 2
      vertex 67.79759841956457 67.0892459210325 2
    endloop
  endfacet
  facet normal 0 0 1
    outer loop
      vertex 68.42164570954364 65.3451505843609 2
      vertex 67.93373693329659 67.29299160520456 2
      vertex 67.86066298462183 67.1944627912745 2
    endloop
  endfacet
  facet normal 0 0 1
    outer loop
      vertex 68.53714415343192 65.30382458033473 2
      vertex 67.93373693329659 67.29299160520456 2
      vertex 68.42164570954364 65.3451505843609 2
    endloop
  endfacet
  facet normal 0 0 1
    outer loop
      vertex 68.53714415343192 65.30382458033473 2
      vertex 68.65613709747984 65.27401839949596 2
      vertex 67.93373693329659 67.29299160520456 2
    endloop
  endfacet
  facet normal 0 0 1
    outer loop
      vertex 68.65613709747984 65.27401839949596 2
      vertex 68.77747857458806 65.25601909165975 2
      vertex 67.93373693329659 67.29299160520456 2
    endloop
  endfacet
  facet normal 0 0 1
    outer loop
      vertex 68.77747857458806 65.25601909165975 2
      vertex 68.9 65.25 2
      vertex 67.93373693329659 67.29299160520456 2
    endloop
  endfacet
  facet normal 0 0 1
    outer loop
      vertex 68.9 65.25 2
      vertex 69.02252142541195 65.25601909165975 2
      vertex 67.93373693329659 67.29299160520456 2
    endloop
  endfacet
  facet normal 0 0 1
    outer loop
      vertex 69.02252142541195 65.25601909165975 2
      vertex 69.14386290252017 65.27401839949596 2
      vertex 67.93373693329659 67.29299160520456 2
    endloop
  endfacet
  facet normal 0 0 1
    outer loop
      vertex 69.14386290252017 65.27401839949596 2
      vertex 69.26285584656809 65.30382458033473 2
      vertex 67.93373693329659 67.29299160520456 2
    endloop
  endfacet
  facet normal 0 0 1
    outer loop
      vertex 69.26285584656809 65.30382458033473 2
      vertex 69.37835429045637 65.3451505843609 2
      vertex 67.93373693329659 67.29299160520456 2
    endloop
  endfacet
  facet normal 0 0 1
    outer loop
      vertex 69.69299160520457 65.53373693329658 2
      vertex 68.01611652351681 67.38388347648319 2
      vertex 67.93373693329659 67.29299160520456 2
    endloop
  endfacet
  facet normal 0 0 1
    outer loop
      vertex 69.69299160520457 65.53373693329658 2
      vertex 68.10700839479544 67.46626306670342 2
      vertex 68.01611652351681 67.38388347648319 2
    endloop
  endfacet
  facet normal 0 0 1
    outer loop
      vertex 69.69299160520457 65.53373693329658 2
      vertex 68.2055372087255 67.53933701537818 2
      vertex 68.10700839479544 67.46626306670342 2
    endloop
  endfacet
  facet normal 0 0 1
    outer loop
      vertex 68.2055372087255 67.53933701537818 2
      vertex 69.93933701537819 65.8055372087255 2
      vertex 68.3107540789675 67.60240158043544 2
    endloop
  endfacet
  facet normal 0 0 1
    outer loop
      vertex 69.37835429045637 65.3451505843609 2
      vertex 69.4892459210325 65.39759841956456 2
      vertex 67.93373693329659 67.29299160520456 2
    endloop
  endfacet
  facet normal 0 0 1
    outer loop
      vertex 69.4892459210325 65.39759841956456 2
      vertex 69.59446279127451 65.46066298462182 2
      vertex 67.93373693329659 67.29299160520456 2
    endloop
  endfacet
  facet normal 0 0 1
    outer loop
      vertex 69.59446279127451 65.46066298462182 2
      vertex 69.69299160520457 65.53373693329658 2
      vertex 67.93373693329659 67.29299160520456 2
    endloop
  endfacet
  facet normal 0 0 1
    outer loop
      vertex 69.69299160520457 65.53373693329658 2
      vertex 69.7838834764832 65.61611652351681 2
      vertex 68.2055372087255 67.53933701537818 2
    endloop
  endfacet
  facet normal 0 0 1
    outer loop
      vertex 69.7838834764832 65.61611652351681 2
      vertex 69.86626306670343 65.70700839479544 2
      vertex 68.2055372087255 67.53933701537818 2
    endloop
  endfacet
  facet normal 0 0 1
    outer loop
      vertex 68.2055372087255 67.53933701537818 2
      vertex 69.86626306670343 65.70700839479544 2
      vertex 69.93933701537819 65.8055372087255 2
    endloop
  endfacet
  facet normal 0 0 1
    outer loop
      vertex 68.3107540789675 67.60240158043544 2
      vertex 69.93933701537819 65.8055372087255 2
      vertex 70.00240158043545 65.9107540789675 2
    endloop
  endfacet
  facet normal 0 0 1
    outer loop
      vertex 68.42164570954364 67.6548494156391 2
      vertex 70.00240158043545 65.9107540789675 2
      vertex 70.05484941563911 66.02164570954363 2
    endloop
  endfacet
  facet normal 0 0 1
    outer loop
      vertex 70.05484941563911 66.02164570954363 2
      vertex 70.09617541966527 66.13714415343192 2
      vertex 69.59446279127451 67.53933701537818 2
    endloop
  endfacet
  facet normal 0 0 1
    outer loop
      vertex 70.09617541966527 66.13714415343192 2
      vertex 70.12598160050405 66.25613709747984 2
      vertex 69.86626306670343 67.29299160520456 2
    endloop
  endfacet
  facet normal 0 0 1
    outer loop
      vertex 70.12598160050405 66.25613709747984 2
      vertex 70.14398090834025 66.37747857458805 2
      vertex 69.93933701537819 67.1944627912745 2
    endloop
  endfacet
  facet normal 0 0 1
    outer loop
      vertex 70.14398090834025 66.37747857458805 2
      vertex 70.15 66.5 2
      vertex 69.93933701537819 67.1944627912745 2
    endloop
  endfacet
  facet normal 0 0 1
    outer loop
      vertex 70.15 66.5 2
      vertex 70.14398090834025 66.62252142541195 2
      vertex 69.93933701537819 67.1944627912745 2
    endloop
  endfacet
  facet normal 0 0 1
    outer loop
      vertex 68.3107540789675 67.60240158043544 2
      vertex 70.00240158043545 65.9107540789675 2
      vertex 68.42164570954364 67.6548494156391 2
    endloop
  endfacet
  facet normal 0 0 1
    outer loop
      vertex 68.42164570954364 67.6548494156391 2
      vertex 70.05484941563911 66.02164570954363 2
      vertex 68.53714415343192 67.69617541966527 2
    endloop
  endfacet
  facet normal 0 0 1
    outer loop
      vertex 68.53714415343192 67.69617541966527 2
      vertex 70.05484941563911 66.02164570954363 2
      vertex 68.65613709747984 67.72598160050404 2
    endloop
  endfacet
  facet normal 0 0 1
    outer loop
      vertex 68.65613709747984 67.72598160050404 2
      vertex 70.05484941563911 66.02164570954363 2
      vertex 68.77747857458806 67.74398090834025 2
    endloop
  endfacet
  facet normal 0 0 1
    outer loop
      vertex 68.77747857458806 67.74398090834025 2
      vertex 70.05484941563911 66.02164570954363 2
      vertex 68.9 67.75 2
    endloop
  endfacet
  facet normal 0 0 1
    outer loop
      vertex 68.9 67.75 2
      vertex 70.05484941563911 66.02164570954363 2
      vertex 69.02252142541195 67.74398090834025 2
    endloop
  endfacet
  facet normal 0 0 1
    outer loop
      vertex 70.05484941563911 66.02164570954363 2
      vertex 69.14386290252017 67.72598160050404 2
      vertex 69.02252142541195 67.74398090834025 2
    endloop
  endfacet
  facet normal 0 0 1
    outer loop
      vertex 70.05484941563911 66.02164570954363 2
      vertex 69.26285584656809 67.69617541966527 2
      vertex 69.14386290252017 67.72598160050404 2
    endloop
  endfacet
  facet normal 0 0 1
    outer loop
      vertex 70.05484941563911 66.02164570954363 2
      vertex 69.37835429045637 67.6548494156391 2
      vertex 69.26285584656809 67.69617541966527 2
    endloop
  endfacet
  facet normal 0 0 1
    outer loop
      vertex 70.05484941563911 66.02164570954363 2
      vertex 69.59446279127451 67.53933701537818 2
      vertex 69.4892459210325 67.60240158043544 2
    endloop
  endfacet
  facet normal 0 0 1
    outer loop
      vertex 70.09617541966527 66.13714415343192 2
      vertex 69.86626306670343 67.29299160520456 2
      vertex 69.7838834764832 67.38388347648319 2
    endloop
  endfacet
  facet normal 0 0 1
    outer loop
      vertex 70.09617541966527 66.13714415343192 2
      vertex 69.7838834764832 67.38388347648319 2
      vertex 69.69299160520457 67.46626306670342 2
    endloop
  endfacet
  facet normal 0 0 1
    outer loop
      vertex 70.09617541966527 66.13714415343192 2
      vertex 69.69299160520457 67.46626306670342 2
      vertex 69.59446279127451 67.53933701537818 2
    endloop
  endfacet
  facet normal 0 0 1
    outer loop
      vertex 70.05484941563911 66.02164570954363 2
      vertex 69.4892459210325 67.60240158043544 2
      vertex 69.37835429045637 67.6548494156391 2
    endloop
  endfacet
  facet normal 0 0 1
    outer loop
      vertex 70.12598160050405 66.25613709747984 2
      vertex 69.93933701537819 67.1944627912745 2
      vertex 69.86626306670343 67.29299160520456 2
    endloop
  endfacet
  facet normal 0 0 1
    outer loop
      vertex 70.12598160050405 66.74386290252016 2
      vertex 70.00240158043545 67.0892459210325 2
      vertex 70.14398090834025 66.62252142541195 2
    endloop
  endfacet
  facet normal 0 0 1
    outer loop
      vertex 70.12598160050405 66.74386290252016 2
      vertex 70.09617541966527 66.86285584656808 2
      vertex 70.05484941563911 66.97835429045637 2
    endloop
  endfacet
  facet normal 0 0 1
    outer loop
      vertex 70.12598160050405 66.74386290252016 2
      vertex 70.05484941563911 66.97835429045637 2
      vertex 70.00240158043545 67.0892459210325 2
    endloop
  endfacet
  facet normal 0 0 1
    outer loop
      vertex 70.14398090834025 66.62252142541195 2
      vertex 70.00240158043545 67.0892459210325 2
      vertex 69.93933701537819 67.1944627912745 2
    endloop
  endfacet
  facet normal 0 0 1
    outer loop
      vertex 68.41227419495968 68.95196320100807 2
      vertex 68.6549571491761 68.9879618166805 2
      vertex 87.60000000000001 72.60000000000001 2
    endloop
  endfacet
  facet normal 0 0 1
    outer loop
      vertex 68.6549571491761 68.9879618166805 2
      vertex 68.9 69 2
      vertex 87.60000000000001 72.60000000000001 2
    endloop
  endfacet
  facet normal 0 0 1
    outer loop
      vertex 68.9 69 2
      vertex 69.14504285082391 68.9879618166805 2
      vertex 87.60000000000001 72.60000000000001 2
    endloop
  endfacet
  facet normal 0 0 1
    outer loop
      vertex 69.14504285082391 68.9879618166805 2
      vertex 69.38772580504033 68.95196320100807 2
      vertex 87.60000000000001 72.60000000000001 2
    endloop
  endfacet
  facet normal 0 0 1
    outer loop
      vertex 69.38772580504033 68.95196320100807 2
      vertex 69.62571169313617 68.89235083933052 2
      vertex 87.60000000000001 72.60000000000001 2
    endloop
  endfacet
  facet normal 0 0 1
    outer loop
      vertex 69.85670858091272 68.80969883127821 2
      vertex 87.60000000000001 72.60000000000001 2
      vertex 69.62571169313617 68.89235083933052 2
    endloop
  endfacet
  facet normal 0 0 1
    outer loop
      vertex 69.85670858091272 68.80969883127821 2
      vertex 70.078491842065 68.70480316087088 2
      vertex 87.60000000000001 72.60000000000001 2
    endloop
  endfacet
  facet normal 0 0 1
    outer loop
      vertex 70.66776695296637 64.73223304703363 2
      vertex 87.60000000000001 72.60000000000001 2
      vertex 70.83252613340684 64.91401678959089 2
    endloop
  endfacet
  facet normal 0 0 1
    outer loop
      vertex 70.83252613340684 64.91401678959089 2
      vertex 87.60000000000001 72.60000000000001 2
      vertex 70.97867403075637 65.111074417451 2
    endloop
  endfacet
  facet normal 0 0 1
    outer loop
      vertex 70.97867403075637 65.111074417451 2
      vertex 87.60000000000001 72.60000000000001 2
      vertex 71.10480316087089 65.321508157935 2
    endloop
  endfacet
  facet normal 0 0 1
    outer loop
      vertex 71.10480316087089 65.321508157935 2
      vertex 87.60000000000001 72.60000000000001 2
      vertex 71.20969883127822 65.54329141908728 2
    endloop
  endfacet
  facet normal 0 0 1
    outer loop
      vertex 71.20969883127822 65.54329141908728 2
      vertex 87.60000000000001 72.60000000000001 2
      vertex 71.29235083933052 65.77428830686384 2
    endloop
  endfacet
  facet normal 0 0 1
    outer loop
      vertex 71.29235083933052 65.77428830686384 2
      vertex 87.60000000000001 72.60000000000001 2
      vertex 71.35196320100808 66.01227419495967 2
    endloop
  endfacet
  facet normal 0 0 1
    outer loop
      vertex 71.35196320100808 66.01227419495967 2
      vertex 87.60000000000001 72.60000000000001 2
      vertex 71.3879618166805 66.2549571491761 2
    endloop
  endfacet
  facet normal 0 0 1
    outer loop
      vertex 71.3879618166805 66.2549571491761 2
      vertex 87.60000000000001 72.60000000000001 2
      vertex 71.4 66.5 2
    endloop
  endfacet
  facet normal 0 0 1
    outer loop
      vertex 71.4 66.5 2
      vertex 87.60000000000001 72.60000000000001 2
      vertex 71.3879618166805 66.7450428508239 2
    endloop
  endfacet
  facet normal 0 0 1
    outer loop
      vertex 71.3879618166805 66.7450428508239 2
      vertex 87.60000000000001 72.60000000000001 2
      vertex 71.35196320100808 66.98772580504033 2
    endloop
  endfacet
  facet normal 0 0 1
    outer loop
      vertex 71.35196320100808 66.98772580504033 2
      vertex 87.60000000000001 72.60000000000001 2
      vertex 71.29235083933052 67.22571169313616 2
    endloop
  endfacet
  facet normal 0 0 1
    outer loop
      vertex 71.29235083933052 67.22571169313616 2
      vertex 87.60000000000001 72.60000000000001 2
      vertex 71.20969883127822 67.45670858091272 2
    endloop
  endfacet
  facet normal 0 0 1
    outer loop
      vertex 71.20969883127822 67.45670858091272 2
      vertex 87.60000000000001 72.60000000000001 2
      vertex 71.10480316087089 67.678491842065 2
    endloop
  endfacet
  facet normal 0 0 1
    outer loop
      vertex 70.97867403075637 67.888925582549 2
      vertex 71.10480316087089 67.678491842065 2
      vertex 87.60000000000001 72.60000000000001 2
    endloop
  endfacet
  facet normal 0 0 1
    outer loop
      vertex 70.83252613340684 68.08598321040911 2
      vertex 87.60000000000001 72.60000000000001 2
      vertex 70.66776695296637 68.26776695296637 2
    endloop
  endfacet
  facet normal 0 0 1
    outer loop
      vertex 70.97867403075637 67.888925582549 2
      vertex 87.60000000000001 72.60000000000001 2
      vertex 70.83252613340684 68.08598321040911 2
    endloop
  endfacet
  facet normal 0 0 1
    outer loop
      vertex 70.078491842065 68.70480316087088 2
      vertex 70.28892558254901 68.57867403075636 2
      vertex 87.60000000000001 72.60000000000001 2
    endloop
  endfacet
  facet normal 0 0 1
    outer loop
      vertex 70.28892558254901 68.57867403075636 2
      vertex 70.48598321040912 68.43252613340684 2
      vertex 87.60000000000001 72.60000000000001 2
    endloop
  endfacet
  facet normal 0 0 1
    outer loop
      vertex 70.48598321040912 68.43252613340684 2
      vertex 70.66776695296637 68.26776695296637 2
      vertex 87.60000000000001 72.60000000000001 2
    endloop
  endfacet
  facet normal 0 -1 0
    outer loop
      vertex 2.4 72.60000000000001 2
      vertex 87.60000000000001 72.60000000000001 30
      vertex 49.95064524462218 72.60000000000001 26.3
    endloop
  endfacet
  facet normal 0 -1 0
    outer loop
      vertex 87.60000000000001 72.60000000000001 30
      vertex 40.04935475537782 72.60000000000001 29.5
      vertex 49.95064524462218 72.60000000000001 29.5
    endloop
  endfacet
  facet normal 0 -1 0
    outer loop
      vertex 87.60000000000001 72.60000000000001 30
      vertex 49.95064524462218 72.60000000000001 29.5
      vertex 49.95064524462218 72.60000000000001 26.3
    endloop
  endfacet
  facet normal -1 0 0
    outer loop
      vertex 87.60000000000001 12.186014652592675 2
      vertex 87.60000000000001 55.04935475537782 26.3
      vertex 87.60000000000001 64.95064524462218 26.3
    endloop
  endfacet
  facet normal -1 0 0
    outer loop
      vertex 87.60000000000001 21.14805029709527 17.771638597533858
      vertex 87.60000000000001 55.04935475537782 29.5
      vertex 87.60000000000001 55.04935475537782 26.3
    endloop
  endfacet
  facet normal -1 0 0
    outer loop
      vertex 87.60000000000001 12.186014652592675 30
      vertex 87.60000000000001 64.95064524462218 29.5
      vertex 87.60000000000001 55.04935475537782 29.5
    endloop
  endfacet
  facet normal -1 0 0
    outer loop
      vertex 87.60000000000001 12.186014652592675 30
      vertex 87.60000000000001 72.60000000000001 30
      vertex 87.60000000000001 64.95064524462218 29.5
    endloop
  endfacet
  facet normal -1 0 0
    outer loop
      vertex 87.60000000000001 72.60000000000001 2
      vertex 87.60000000000001 64.95064524462218 26.3
      vertex 87.60000000000001 64.95064524462218 29.5
    endloop
  endfacet
  facet normal -1 0 0
    outer loop
      vertex 87.60000000000001 72.60000000000001 2
      vertex 87.60000000000001 64.95064524462218 29.5
      vertex 87.60000000000001 72.60000000000001 30
    endloop
  endfacet
  facet normal -0.8577286100002739 -0.5141027441932189 0
    outer loop
      vertex 66.69519683912912 65.321508157935 2
      vertex 66.82132596924365 65.111074417451 2
      vertex 66.69519683912912 65.321508157935 5
    endloop
  endfacet
  facet normal -0.9039892931234508 -0.42755509343026615 1.7122593612530153e-18
    outer loop
      vertex 66.69519683912912 65.321508157935 2
      vertex 66.5903011687218 65.54329141908728 5
      vertex 66.5903011687218 65.54329141908728 2
    endloop
  endfacet
  facet normal -0.7409511253549718 -0.6715589548470046 2.2971722711988854e-18
    outer loop
      vertex 67.13223304703364 64.73223304703363 2
      vertex 66.96747386659317 64.91401678959089 5
      vertex 66.96747386659317 64.91401678959089 2
    endloop
  endfacet
  facet normal -0.6715589548470046 -0.7409511253549718 2.2971722711988854e-18
    outer loop
      vertex 67.13223304703364 64.73223304703363 2
      vertex 67.3140167895909 64.56747386659316 2
      vertex 67.3140167895909 64.56747386659316 5
    endloop
  endfacet
  facet normal -0.5956993044924437 -0.8032075314806372 -8.164146656183016e-19
    outer loop
      vertex 67.3140167895909 64.56747386659316 2
      vertex 67.511074417451 64.42132596924364 2
      vertex 67.511074417451 64.42132596924364 5
    endloop
  endfacet
  facet normal -0.8032075314806372 -0.5956993044924437 -8.164146656183016e-19
    outer loop
      vertex 66.96747386659317 64.91401678959089 2
      vertex 66.82132596924365 65.111074417451 5
      vertex 66.82132596924365 65.111074417451 2
    endloop
  endfacet
  facet normal -0.8577286100002739 -0.5141027441932189 0
    outer loop
      vertex 66.82132596924365 65.111074417451 2
      vertex 66.82132596924365 65.111074417451 5
      vertex 66.69519683912912 65.321508157935 5
    endloop
  endfacet
  facet normal -0.9415440651830129 -0.3368898533922422 0
    outer loop
      vertex 66.5903011687218 65.54329141908728 2
      vertex 66.5903011687218 65.54329141908728 5
      vertex 66.50764916066949 65.77428830686384 5
    endloop
  endfacet
  facet normal -0.9039892931234508 -0.42755509343026615 0
    outer loop
      vertex 66.69519683912912 65.321508157935 2
      vertex 66.69519683912912 65.321508157935 5
      vertex 66.5903011687218 65.54329141908728 5
    endloop
  endfacet
  facet normal -0.8032075314806372 -0.5956993044924437 0
    outer loop
      vertex 66.96747386659317 64.91401678959089 2
      vertex 66.96747386659317 64.91401678959089 5
      vertex 66.82132596924365 65.111074417451 5
    endloop
  endfacet
  facet normal -0.7409511253549718 -0.6715589548470046 0
    outer loop
      vertex 67.13223304703364 64.73223304703363 2
      vertex 67.13223304703364 64.73223304703363 5
      vertex 66.96747386659317 64.91401678959089 5
    endloop
  endfacet
  facet normal -0.6715589548470046 -0.7409511253549718 0
    outer loop
      vertex 67.13223304703364 64.73223304703363 2
      vertex 67.3140167895909 64.56747386659316 5
      vertex 67.13223304703364 64.73223304703363 5
    endloop
  endfacet
  facet normal -0.5956993044924437 -0.8032075314806372 0
    outer loop
      vertex 67.3140167895909 64.56747386659316 2
      vertex 67.511074417451 64.42132596924364 5
      vertex 67.3140167895909 64.56747386659316 5
    endloop
  endfacet
  facet normal -0.9891765099647751 -0.1467304744554013 -3.382479053491095e-19
    outer loop
      vertex 66.44803679899194 66.01227419495967 2
      vertex 66.41203818331951 66.2549571491761 5
      vertex 66.41203818331951 66.2549571491761 2
    endloop
  endfacet
  facet normal -0.9415440651830129 -0.3368898533922422 2.0227611497513453e-18
    outer loop
      vertex 66.5903011687218 65.54329141908728 2
      vertex 66.50764916066949 65.77428830686384 5
      vertex 66.50764916066949 65.77428830686384 2
    endloop
  endfacet
  facet normal -0.9700312531945463 -0.24298017990325432 1.095640584272211e-18
    outer loop
      vertex 66.50764916066949 65.77428830686384 2
      vertex 66.44803679899194 66.01227419495967 5
      vertex 66.44803679899194 66.01227419495967 2
    endloop
  endfacet
  facet normal -0.9987954562051733 -0.04906767432740157 8.272235776516748e-20
    outer loop
      vertex 66.41203818331951 66.2549571491761 2
      vertex 66.4 66.5 5
      vertex 66.4 66.5 2
    endloop
  endfacet
  facet normal -0.9987954562051733 0.04906767432740157 -8.272235776516748e-20
    outer loop
      vertex 66.4 66.5 2
      vertex 66.41203818331951 66.7450428508239 5
      vertex 66.41203818331951 66.7450428508239 2
    endloop
  endfacet
  facet normal -0.9891765099647751 0.1467304744554013 3.382479053491095e-19
    outer loop
      vertex 66.41203818331951 66.7450428508239 2
      vertex 66.44803679899194 66.98772580504033 5
      vertex 66.44803679899194 66.98772580504033 2
    endloop
  endfacet
  facet normal -0.9700312531945463 0.24298017990325432 -1.095640584272211e-18
    outer loop
      vertex 66.44803679899194 66.98772580504033 2
      vertex 66.50764916066949 67.22571169313616 5
      vertex 66.50764916066949 67.22571169313616 2
    endloop
  endfacet
  facet normal -0.9415440651830129 0.3368898533922422 -2.0227611497513453e-18
    outer loop
      vertex 66.50764916066949 67.22571169313616 2
      vertex 66.5903011687218 67.45670858091272 5
      vertex 66.5903011687218 67.45670858091272 2
    endloop
  endfacet
  facet normal -0.9039892931234508 0.42755509343026615 -1.7122593612530153e-18
    outer loop
      vertex 66.5903011687218 67.45670858091272 2
      vertex 66.69519683912912 67.678491842065 5
      vertex 66.69519683912912 67.678491842065 2
    endloop
  endfacet
  facet normal -0.8577286100002739 0.5141027441932189 1.9548490637726058e-18
    outer loop
      vertex 66.69519683912912 67.678491842065 2
      vertex 66.82132596924365 67.888925582549 5
      vertex 66.82132596924365 67.888925582549 2
    endloop
  endfacet
  facet normal -0.8032075314806372 0.5956993044924437 8.164146656183016e-19
    outer loop
      vertex 66.82132596924365 67.888925582549 2
      vertex 66.96747386659317 68.08598321040911 5
      vertex 66.96747386659317 68.08598321040911 2
    endloop
  endfacet
  facet normal -0.7409511253549718 0.6715589548470046 -2.2971722711988854e-18
    outer loop
      vertex 66.96747386659317 68.08598321040911 2
      vertex 67.13223304703364 68.26776695296637 5
      vertex 67.13223304703364 68.26776695296637 2
    endloop
  endfacet
  facet normal -0.6715589548470046 0.7409511253549718 0
    outer loop
      vertex 67.13223304703364 68.26776695296637 2
      vertex 67.13223304703364 68.26776695296637 5
      vertex 67.3140167895909 68.43252613340684 2
    endloop
  endfacet
  facet normal -0.5956993044924437 0.8032075314806372 0
    outer loop
      vertex 67.3140167895909 68.43252613340684 2
      vertex 67.3140167895909 68.43252613340684 5
      vertex 67.511074417451 68.57867403075636 2
    endloop
  endfacet
  facet normal -0.9891765099647751 -0.1467304744554013 0
    outer loop
      vertex 66.44803679899194 66.01227419495967 2
      vertex 66.44803679899194 66.01227419495967 5
      vertex 66.41203818331951 66.2549571491761 5
    endloop
  endfacet
  facet normal -0.9700312531945463 -0.24298017990325432 0
    outer loop
      vertex 66.50764916066949 65.77428830686384 2
      vertex 66.50764916066949 65.77428830686384 5
      vertex 66.44803679899194 66.01227419495967 5
    endloop
  endfacet
  facet normal -0.9987954562051733 -0.04906767432740157 0
    outer loop
      vertex 66.41203818331951 66.2549571491761 2
      vertex 66.41203818331951 66.2549571491761 5
      vertex 66.4 66.5 5
    endloop
  endfacet
  facet normal -0.9987954562051733 0.04906767432740157 0
    outer loop
      vertex 66.4 66.5 2
      vertex 66.4 66.5 5
      vertex 66.41203818331951 66.7450428508239 5
    endloop
  endfacet
  facet normal -0.9891765099647751 0.1467304744554013 0
    outer loop
      vertex 66.41203818331951 66.7450428508239 2
      vertex 66.41203818331951 66.7450428508239 5
      vertex 66.44803679899194 66.98772580504033 5
    endloop
  endfacet
  facet normal -0.9700312531945463 0.24298017990325432 0
    outer loop
      vertex 66.44803679899194 66.98772580504033 2
      vertex 66.44803679899194 66.98772580504033 5
      vertex 66.50764916066949 67.22571169313616 5
    endloop
  endfacet
  facet normal -0.9415440651830129 0.3368898533922422 0
    outer loop
      vertex 66.50764916066949 67.22571169313616 2
      vertex 66.50764916066949 67.22571169313616 5
      vertex 66.5903011687218 67.45670858091272 5
    endloop
  endfacet
  facet normal -0.9039892931234508 0.42755509343026615 0
    outer loop
      vertex 66.5903011687218 67.45670858091272 2
      vertex 66.5903011687218 67.45670858091272 5
      vertex 66.69519683912912 67.678491842065 5
    endloop
  endfacet
  facet normal -0.8577286100002739 0.5141027441932189 0
    outer loop
      vertex 66.69519683912912 67.678491842065 2
      vertex 66.69519683912912 67.678491842065 5
      vertex 66.82132596924365 67.888925582549 5
    endloop
  endfacet
  facet normal -0.8032075314806372 0.5956993044924437 0
    outer loop
      vertex 66.82132596924365 67.888925582549 2
      vertex 66.82132596924365 67.888925582549 5
      vertex 66.96747386659317 68.08598321040911 5
    endloop
  endfacet
  facet normal 0 0 1
    outer loop
      vertex 66.5903011687218 65.54329141908728 5
      vertex 66.50764916066949 67.22571169313616 5
      vertex 66.50764916066949 65.77428830686384 5
    endloop
  endfacet
  facet normal 0 0 1
    outer loop
      vertex 66.69519683912912 65.321508157935 5
      vertex 66.82132596924365 65.111074417451 5
      vertex 66.69519683912912 67.678491842065 5
    endloop
  endfacet
  facet normal 0 0 1
    outer loop
      vertex 66.69519683912912 65.321508157935 5
      vertex 66.5903011687218 67.45670858091272 5
      vertex 66.5903011687218 65.54329141908728 5
    endloop
  endfacet
  facet normal 0 0 1
    outer loop
      vertex 66.44803679899194 66.01227419495967 5
      vertex 66.41203818331951 66.7450428508239 5
      vertex 66.41203818331951 66.2549571491761 5
    endloop
  endfacet
  facet normal 0 0 1
    outer loop
      vertex 66.41203818331951 66.2549571491761 5
      vertex 66.41203818331951 66.7450428508239 5
      vertex 66.4 66.5 5
    endloop
  endfacet
  facet normal 0 0 1
    outer loop
      vertex 66.44803679899194 66.01227419495967 5
      vertex 66.44803679899194 66.98772580504033 5
      vertex 66.41203818331951 66.7450428508239 5
    endloop
  endfacet
  facet normal 0 0 1
    outer loop
      vertex 66.50764916066949 65.77428830686384 5
      vertex 66.44803679899194 66.98772580504033 5
      vertex 66.44803679899194 66.01227419495967 5
    endloop
  endfacet
  facet normal 0 0 1
    outer loop
      vertex 66.50764916066949 65.77428830686384 5
      vertex 66.50764916066949 67.22571169313616 5
      vertex 66.44803679899194 66.98772580504033 5
    endloop
  endfacet
  facet normal 0 0 1
    outer loop
      vertex 66.5903011687218 65.54329141908728 5
      vertex 66.5903011687218 67.45670858091272 5
      vertex 66.50764916066949 67.22571169313616 5
    endloop
  endfacet
  facet normal 0 0 1
    outer loop
      vertex 67.13223304703364 64.73223304703363 5
      vertex 66.96747386659317 68.08598321040911 5
      vertex 66.96747386659317 64.91401678959089 5
    endloop
  endfacet
  facet normal 0 0 1
    outer loop
      vertex 66.96747386659317 64.91401678959089 5
      vertex 66.82132596924365 67.888925582549 5
      vertex 66.82132596924365 65.111074417451 5
    endloop
  endfacet
  facet normal 0 0 1
    outer loop
      vertex 67.13223304703364 64.73223304703363 5
      vertex 67.3140167895909 64.56747386659316 5
      vertex 67.13223304703364 68.26776695296637 5
    endloop
  endfacet
  facet normal 0 0 1
    outer loop
      vertex 67.3140167895909 64.56747386659316 5
      vertex 67.511074417451 64.42132596924364 5
      vertex 67.3140167895909 68.43252613340684 5
    endloop
  endfacet
  facet normal 0 0 1
    outer loop
      vertex 66.69519683912912 65.321508157935 5
      vertex 66.69519683912912 67.678491842065 5
      vertex 66.5903011687218 67.45670858091272 5
    endloop
  endfacet
  facet normal 0 0 1
    outer loop
      vertex 66.82132596924365 65.111074417451 5
      vertex 66.82132596924365 67.888925582549 5
      vertex 66.69519683912912 67.678491842065 5
    endloop
  endfacet
  facet normal 0 0 1
    outer loop
      vertex 66.96747386659317 64.91401678959089 5
      vertex 66.96747386659317 68.08598321040911 5
      vertex 66.82132596924365 67.888925582549 5
    endloop
  endfacet
  facet normal 0 0 1
    outer loop
      vertex 67.13223304703364 64.73223304703363 5
      vertex 67.13223304703364 68.26776695296637 5
      vertex 66.96747386659317 68.08598321040911 5
    endloop
  endfacet
  facet normal 0 0 1
    outer loop
      vertex 67.3140167895909 64.56747386659316 5
      vertex 67.3140167895909 68.43252613340684 5
      vertex 67.13223304703364 68.26776695296637 5
    endloop
  endfacet
  facet normal 0 0 1
    outer loop
      vertex 67.3140167895909 68.43252613340684 5
      vertex 67.511074417451 64.42132596924364 5
      vertex 67.511074417451 68.57867403075636 5
    endloop
  endfacet
  facet normal -0.7409511253549718 0.6715589548470046 0
    outer loop
      vertex 66.96747386659317 68.08598321040911 2
      vertex 66.96747386659317 68.08598321040911 5
      vertex 67.13223304703364 68.26776695296637 5
    endloop
  endfacet
  facet normal -0.6715589548470046 0.7409511253549718 0
    outer loop
      vertex 67.3140167895909 68.43252613340684 2
      vertex 67.13223304703364 68.26776695296637 5
      vertex 67.3140167895909 68.43252613340684 5
    endloop
  endfacet
  facet normal -0.5956993044924437 0.8032075314806372 8.164146656183016e-19
    outer loop
      vertex 67.3140167895909 68.43252613340684 5
      vertex 67.511074417451 68.57867403075636 5
      vertex 67.511074417451 68.57867403075636 2
    endloop
  endfacet
  facet normal -0.5141027441932189 -0.8577286100002739 -1.9548490637726058e-18
    outer loop
      vertex 67.511074417451 64.42132596924364 2
      vertex 67.721508157935 64.29519683912912 2
      vertex 67.721508157935 64.29519683912912 5
    endloop
  endfacet
  facet normal -0.3368898533922422 -0.9415440651830129 0
    outer loop
      vertex 68.17428830686384 64.10764916066948 2
      vertex 68.17428830686384 64.10764916066948 5
      vertex 67.94329141908729 64.19030116872179 2
    endloop
  endfacet
  facet normal -0.42755509343026615 -0.9039892931234508 1.7122593612530153e-18
    outer loop
      vertex 67.721508157935 64.29519683912912 2
      vertex 67.94329141908729 64.19030116872179 2
      vertex 67.94329141908729 64.19030116872179 5
    endloop
  endfacet
  facet normal -0.24298017990325432 -0.9700312531945463 1.095640584272211e-18
    outer loop
      vertex 68.17428830686384 64.10764916066948 2
      vertex 68.41227419495968 64.04803679899193 2
      vertex 68.41227419495968 64.04803679899193 5
    endloop
  endfacet
  facet normal -0.1467304744554013 -0.9891765099647751 -3.382479053491095e-19
    outer loop
      vertex 68.41227419495968 64.04803679899193 2
      vertex 68.6549571491761 64.0120381833195 2
      vertex 68.6549571491761 64.0120381833195 5
    endloop
  endfacet
  facet normal -0.04906767432740157 -0.9987954562051733 8.272235776516748e-20
    outer loop
      vertex 68.6549571491761 64.0120381833195 2
      vertex 68.9 64 2
      vertex 68.9 64 5
    endloop
  endfacet
  facet normal 0.04906767432740157 -0.9987954562051733 -8.272235776516748e-20
    outer loop
      vertex 68.9 64 2
      vertex 69.14504285082391 64.0120381833195 2
      vertex 69.14504285082391 64.0120381833195 5
    endloop
  endfacet
  facet normal 0.1467304744554013 -0.9891765099647751 3.382479053491095e-19
    outer loop
      vertex 69.14504285082391 64.0120381833195 2
      vertex 69.38772580504033 64.04803679899193 2
      vertex 69.38772580504033 64.04803679899193 5
    endloop
  endfacet
  facet normal 0.24298017990325432 -0.9700312531945463 -1.095640584272211e-18
    outer loop
      vertex 69.38772580504033 64.04803679899193 2
      vertex 69.62571169313617 64.10764916066948 2
      vertex 69.62571169313617 64.10764916066948 5
    endloop
  endfacet
  facet normal 0.3368898533922422 -0.9415440651830129 -2.0227611497513453e-18
    outer loop
      vertex 69.62571169313617 64.10764916066948 2
      vertex 69.85670858091272 64.19030116872179 2
      vertex 69.85670858091272 64.19030116872179 5
    endloop
  endfacet
  facet normal 0.42755509343026615 -0.9039892931234508 -1.7122593612530153e-18
    outer loop
      vertex 69.85670858091272 64.19030116872179 2
      vertex 70.078491842065 64.29519683912912 2
      vertex 70.078491842065 64.29519683912912 5
    endloop
  endfacet
  facet normal 0.5141027441932189 -0.8577286100002739 1.9548490637726058e-18
    outer loop
      vertex 70.078491842065 64.29519683912912 2
      vertex 70.28892558254901 64.42132596924364 2
      vertex 70.28892558254901 64.42132596924364 5
    endloop
  endfacet
  facet normal 0.5956993044924437 -0.8032075314806372 8.164146656183016e-19
    outer loop
      vertex 70.28892558254901 64.42132596924364 2
      vertex 70.48598321040912 64.56747386659316 2
      vertex 70.48598321040912 64.56747386659316 5
    endloop
  endfacet
  facet normal 0.6715589548470046 -0.7409511253549718 -2.2971722711988854e-18
    outer loop
      vertex 70.48598321040912 64.56747386659316 2
      vertex 70.66776695296637 64.73223304703363 2
      vertex 70.66776695296637 64.73223304703363 5
    endloop
  endfacet
  facet normal 0.7409511253549718 -0.6715589548470046 0
    outer loop
      vertex 70.66776695296637 64.73223304703363 2
      vertex 70.83252613340684 64.91401678959089 2
      vertex 70.66776695296637 64.73223304703363 5
    endloop
  endfacet
  facet normal 0.8032075314806372 -0.5956993044924437 0
    outer loop
      vertex 70.83252613340684 64.91401678959089 2
      vertex 70.97867403075637 65.111074417451 2
      vertex 70.83252613340684 64.91401678959089 5
    endloop
  endfacet
  facet normal 0.8577286100002739 -0.5141027441932189 0
    outer loop
      vertex 70.97867403075637 65.111074417451 2
      vertex 71.10480316087089 65.321508157935 2
      vertex 70.97867403075637 65.111074417451 5
    endloop
  endfacet
  facet normal 0.9039892931234508 -0.42755509343026615 0
    outer loop
      vertex 71.10480316087089 65.321508157935 2
      vertex 71.20969883127822 65.54329141908728 2
      vertex 71.10480316087089 65.321508157935 5
    endloop
  endfacet
  facet normal 0.9415440651830129 -0.3368898533922422 0
    outer loop
      vertex 71.20969883127822 65.54329141908728 2
      vertex 71.29235083933052 65.77428830686384 2
      vertex 71.20969883127822 65.54329141908728 5
    endloop
  endfacet
  facet normal -0.5141027441932189 -0.8577286100002739 0
    outer loop
      vertex 67.511074417451 64.42132596924364 2
      vertex 67.721508157935 64.29519683912912 5
      vertex 67.511074417451 64.42132596924364 5
    endloop
  endfacet
  facet normal -0.42755509343026615 -0.9039892931234508 0
    outer loop
      vertex 67.721508157935 64.29519683912912 2
      vertex 67.94329141908729 64.19030116872179 5
      vertex 67.721508157935 64.29519683912912 5
    endloop
  endfacet
  facet normal -0.3368898533922422 -0.9415440651830129 0
    outer loop
      vertex 67.94329141908729 64.19030116872179 2
      vertex 68.17428830686384 64.10764916066948 5
      vertex 67.94329141908729 64.19030116872179 5
    endloop
  endfacet
  facet normal -0.24298017990325432 -0.9700312531945463 0
    outer loop
      vertex 68.17428830686384 64.10764916066948 2
      vertex 68.41227419495968 64.04803679899193 5
      vertex 68.17428830686384 64.10764916066948 5
    endloop
  endfacet
  facet normal -0.1467304744554013 -0.9891765099647751 0
    outer loop
      vertex 68.41227419495968 64.04803679899193 2
      vertex 68.6549571491761 64.0120381833195 5
      vertex 68.41227419495968 64.04803679899193 5
    endloop
  endfacet
  facet normal -0.04906767432740157 -0.9987954562051733 0
    outer loop
      vertex 68.6549571491761 64.0120381833195 2
      vertex 68.9 64 5
      vertex 68.6549571491761 64.0120381833195 5
    endloop
  endfacet
  facet normal 0.04906767432740157 -0.9987954562051733 0
    outer loop
      vertex 68.9 64 2
      vertex 69.14504285082391 64.0120381833195 5
      vertex 68.9 64 5
    endloop
  endfacet
  facet normal 0.1467304744554013 -0.9891765099647751 0
    outer loop
      vertex 69.14504285082391 64.0120381833195 2
      vertex 69.38772580504033 64.04803679899193 5
      vertex 69.14504285082391 64.0120381833195 5
    endloop
  endfacet
  facet normal 0.24298017990325432 -0.9700312531945463 0
    outer loop
      vertex 69.38772580504033 64.04803679899193 2
      vertex 69.62571169313617 64.10764916066948 5
      vertex 69.38772580504033 64.04803679899193 5
    endloop
  endfacet
  facet normal 0.3368898533922422 -0.9415440651830129 0
    outer loop
      vertex 69.62571169313617 64.10764916066948 2
      vertex 69.85670858091272 64.19030116872179 5
      vertex 69.62571169313617 64.10764916066948 5
    endloop
  endfacet
  facet normal 0.42755509343026615 -0.9039892931234508 0
    outer loop
      vertex 69.85670858091272 64.19030116872179 2
      vertex 70.078491842065 64.29519683912912 5
      vertex 69.85670858091272 64.19030116872179 5
    endloop
  endfacet
  facet normal 0.5141027441932189 -0.8577286100002739 0
    outer loop
      vertex 70.078491842065 64.29519683912912 2
      vertex 70.28892558254901 64.42132596924364 5
      vertex 70.078491842065 64.29519683912912 5
    endloop
  endfacet
  facet normal 0 0 1
    outer loop
      vertex 68.6549571491761 64.0120381833195 5
      vertex 68.9 64 5
      vertex 68.77747857458806 65.25601909165975 5
    endloop
  endfacet
  facet normal 0 0 1
    outer loop
      vertex 67.721508157935 64.29519683912912 5
      vertex 67.94329141908729 64.19030116872179 5
      vertex 67.86066298462183 65.8055372087255 5
    endloop
  endfacet
  facet normal 0 0 1
    outer loop
      vertex 68.17428830686384 64.10764916066948 5
      vertex 68.01611652351681 65.61611652351681 5
      vertex 67.94329141908729 64.19030116872179 5
    endloop
  endfacet
  facet normal 0 0 1
    outer loop
      vertex 68.17428830686384 64.10764916066948 5
      vertex 68.2055372087255 65.46066298462182 5
      vertex 68.10700839479544 65.53373693329658 5
    endloop
  endfacet
  facet normal 0 0 1
    outer loop
      vertex 67.721508157935 64.29519683912912 5
      vertex 67.79759841956457 65.9107540789675 5
      vertex 67.7451505843609 66.02164570954363 5
    endloop
  endfacet
  facet normal 0 0 1
    outer loop
      vertex 67.721508157935 64.29519683912912 5
      vertex 67.86066298462183 65.8055372087255 5
      vertex 67.79759841956457 65.9107540789675 5
    endloop
  endfacet
  facet normal 0 0 1
    outer loop
      vertex 67.721508157935 64.29519683912912 5
      vertex 67.7451505843609 66.02164570954363 5
      vertex 67.70382458033474 66.13714415343192 5
    endloop
  endfacet
  facet normal 0 0 1
    outer loop
      vertex 67.721508157935 64.29519683912912 5
      vertex 67.70382458033474 66.13714415343192 5
      vertex 67.67401839949596 66.25613709747984 5
    endloop
  endfacet
  facet normal 0 0 1
    outer loop
      vertex 67.94329141908729 64.19030116872179 5
      vertex 68.01611652351681 65.61611652351681 5
      vertex 67.93373693329659 65.70700839479544 5
    endloop
  endfacet
  facet normal 0 0 1
    outer loop
      vertex 67.94329141908729 64.19030116872179 5
      vertex 67.93373693329659 65.70700839479544 5
      vertex 67.86066298462183 65.8055372087255 5
    endloop
  endfacet
  facet normal 0 0 1
    outer loop
      vertex 68.17428830686384 64.10764916066948 5
      vertex 68.10700839479544 65.53373693329658 5
      vertex 68.01611652351681 65.61611652351681 5
    endloop
  endfacet
  facet normal 0 0 1
    outer loop
      vertex 68.17428830686384 64.10764916066948 5
      vertex 68.41227419495968 64.04803679899193 5
      vertex 68.3107540789675 65.39759841956456 5
    endloop
  endfacet
  facet normal 0 0 1
    outer loop
      vertex 68.41227419495968 64.04803679899193 5
      vertex 68.6549571491761 64.0120381833195 5
      vertex 68.53714415343192 65.30382458033473 5
    endloop
  endfacet
  facet normal 0 0 1
    outer loop
      vertex 68.17428830686384 64.10764916066948 5
      vertex 68.3107540789675 65.39759841956456 5
      vertex 68.2055372087255 65.46066298462182 5
    endloop
  endfacet
  facet normal 0 0 1
    outer loop
      vertex 68.41227419495968 64.04803679899193 5
      vertex 68.42164570954364 65.3451505843609 5
      vertex 68.3107540789675 65.39759841956456 5
    endloop
  endfacet
  facet normal 0 0 1
    outer loop
      vertex 68.41227419495968 64.04803679899193 5
      vertex 68.53714415343192 65.30382458033473 5
      vertex 68.42164570954364 65.3451505843609 5
    endloop
  endfacet
  facet normal 0 0 1
    outer loop
      vertex 68.6549571491761 64.0120381833195 5
      vertex 68.65613709747984 65.27401839949596 5
      vertex 68.53714415343192 65.30382458033473 5
    endloop
  endfacet
  facet normal 0 0 1
    outer loop
      vertex 68.6549571491761 64.0120381833195 5
      vertex 68.77747857458806 65.25601909165975 5
      vertex 68.65613709747984 65.27401839949596 5
    endloop
  endfacet
  facet normal 0 0 1
    outer loop
      vertex 68.9 64 5
      vertex 68.9 65.25 5
      vertex 68.77747857458806 65.25601909165975 5
    endloop
  endfacet
  facet normal 0 0 1
    outer loop
      vertex 68.9 64 5
      vertex 69.14504285082391 64.0120381833195 5
      vertex 69.02252142541195 65.25601909165975 5
    endloop
  endfacet
  facet normal 0 0 1
    outer loop
      vertex 69.14504285082391 64.0120381833195 5
      vertex 69.38772580504033 64.04803679899193 5
      vertex 69.14386290252017 65.27401839949596 5
    endloop
  endfacet
  facet normal 0 0 1
    outer loop
      vertex 68.9 64 5
      vertex 69.02252142541195 65.25601909165975 5
      vertex 68.9 65.25 5
    endloop
  endfacet
  facet normal 0 0 1
    outer loop
      vertex 69.14504285082391 64.0120381833195 5
      vertex 69.14386290252017 65.27401839949596 5
      vertex 69.02252142541195 65.25601909165975 5
    endloop
  endfacet
  facet normal 0 0 1
    outer loop
      vertex 69.38772580504033 64.04803679899193 5
      vertex 69.62571169313617 64.10764916066948 5
      vertex 69.37835429045637 65.3451505843609 5
    endloop
  endfacet
  facet normal 0 0 1
    outer loop
      vertex 69.38772580504033 64.04803679899193 5
      vertex 69.26285584656809 65.30382458033473 5
      vertex 69.14386290252017 65.27401839949596 5
    endloop
  endfacet
  facet normal 0 0 1
    outer loop
      vertex 69.38772580504033 64.04803679899193 5
      vertex 69.37835429045637 65.3451505843609 5
      vertex 69.26285584656809 65.30382458033473 5
    endloop
  endfacet
  facet normal 0 0 1
    outer loop
      vertex 69.62571169313617 64.10764916066948 5
      vertex 69.4892459210325 65.39759841956456 5
      vertex 69.37835429045637 65.3451505843609 5
    endloop
  endfacet
  facet normal 0 0 1
    outer loop
      vertex 69.62571169313617 64.10764916066948 5
      vertex 69.59446279127451 65.46066298462182 5
      vertex 69.4892459210325 65.39759841956456 5
    endloop
  endfacet
  facet normal 0 0 1
    outer loop
      vertex 69.62571169313617 64.10764916066948 5
      vertex 69.85670858091272 64.19030116872179 5
      vertex 69.59446279127451 65.46066298462182 5
    endloop
  endfacet
  facet normal 0 0 1
    outer loop
      vertex 69.85670858091272 64.19030116872179 5
      vertex 70.078491842065 64.29519683912912 5
      vertex 69.7838834764832 65.61611652351681 5
    endloop
  endfacet
  facet normal 0 0 1
    outer loop
      vertex 70.078491842065 64.29519683912912 5
      vertex 70.28892558254901 64.42132596924364 5
      vertex 70.05484941563911 66.02164570954363 5
    endloop
  endfacet
  facet normal 0 0 1
    outer loop
      vertex 69.85670858091272 64.19030116872179 5
      vertex 69.69299160520457 65.53373693329658 5
      vertex 69.59446279127451 65.46066298462182 5
    endloop
  endfacet
  facet normal 0 0 1
    outer loop
      vertex 69.85670858091272 64.19030116872179 5
      vertex 69.7838834764832 65.61611652351681 5
      vertex 69.69299160520457 65.53373693329658 5
    endloop
  endfacet
  facet normal 0 0 1
    outer loop
      vertex 70.078491842065 64.29519683912912 5
      vertex 69.86626306670343 65.70700839479544 5
      vertex 69.7838834764832 65.61611652351681 5
    endloop
  endfacet
  facet normal 0 0 1
    outer loop
      vertex 70.078491842065 64.29519683912912 5
      vertex 69.93933701537819 65.8055372087255 5
      vertex 69.86626306670343 65.70700839479544 5
    endloop
  endfacet
  facet normal 0 0 1
    outer loop
      vertex 70.078491842065 64.29519683912912 5
      vertex 70.00240158043545 65.9107540789675 5
      vertex 69.93933701537819 65.8055372087255 5
    endloop
  endfacet
  facet normal 0 0 1
    outer loop
      vertex 70.078491842065 64.29519683912912 5
      vertex 70.05484941563911 66.02164570954363 5
      vertex 70.00240158043545 65.9107540789675 5
    endloop
  endfacet
  facet normal 0 0 1
    outer loop
      vertex 70.28892558254901 64.42132596924364 5
      vertex 70.09617541966527 66.13714415343192 5
      vertex 70.05484941563911 66.02164570954363 5
    endloop
  endfacet
  facet normal 0 0 1
    outer loop
      vertex 70.28892558254901 64.42132596924364 5
      vertex 70.12598160050405 66.25613709747984 5
      vertex 70.09617541966527 66.13714415343192 5
    endloop
  endfacet
  facet normal 0.5956993044924437 -0.8032075314806372 0
    outer loop
      vertex 70.28892558254901 64.42132596924364 2
      vertex 70.48598321040912 64.56747386659316 5
      vertex 70.28892558254901 64.42132596924364 5
    endloop
  endfacet
  facet normal 0.6715589548470046 -0.7409511253549718 0
    outer loop
      vertex 70.48598321040912 64.56747386659316 2
      vertex 70.66776695296637 64.73223304703363 5
      vertex 70.48598321040912 64.56747386659316 5
    endloop
  endfacet
  facet normal 0.7409511253549718 -0.6715589548470046 0
    outer loop
      vertex 70.83252613340684 64.91401678959089 2
      vertex 70.83252613340684 64.91401678959089 5
      vertex 70.66776695296637 64.73223304703363 5
    endloop
  endfacet
  facet normal 0.8032075314806372 -0.5956993044924437 0
    outer loop
      vertex 70.97867403075637 65.111074417451 2
      vertex 70.97867403075637 65.111074417451 5
      vertex 70.83252613340684 64.91401678959089 5
    endloop
  endfacet
  facet normal 0.8577286100002739 -0.5141027441932189 0
    outer loop
      vertex 71.10480316087089 65.321508157935 2
      vertex 71.10480316087089 65.321508157935 5
      vertex 70.97867403075637 65.111074417451 5
    endloop
  endfacet
  facet normal 0.9039892931234508 -0.42755509343026615 0
    outer loop
      vertex 71.20969883127822 65.54329141908728 2
      vertex 71.20969883127822 65.54329141908728 5
      vertex 71.10480316087089 65.321508157935 5
    endloop
  endfacet
  facet normal -0.5141027441932189 0.8577286100002739 0
    outer loop
      vertex 67.511074417451 68.57867403075636 2
      vertex 67.511074417451 68.57867403075636 5
      vertex 67.721508157935 68.70480316087088 2
    endloop
  endfacet
  facet normal -0.42755509343026615 0.9039892931234508 0
    outer loop
      vertex 67.721508157935 68.70480316087088 2
      vertex 67.721508157935 68.70480316087088 5
      vertex 67.94329141908729 68.80969883127821 2
    endloop
  endfacet
  facet normal -0.3368898533922422 0.9415440651830129 0
    outer loop
      vertex 67.94329141908729 68.80969883127821 2
      vertex 67.94329141908729 68.80969883127821 5
      vertex 68.17428830686384 68.89235083933052 2
    endloop
  endfacet
  facet normal -0.24298017990325432 0.9700312531945463 0
    outer loop
      vertex 68.17428830686384 68.89235083933052 2
      vertex 68.17428830686384 68.89235083933052 5
      vertex 68.41227419495968 68.95196320100807 2
    endloop
  endfacet
  facet normal -0.1467304744554013 0.9891765099647751 0
    outer loop
      vertex 68.41227419495968 68.95196320100807 2
      vertex 68.41227419495968 68.95196320100807 5
      vertex 68.6549571491761 68.9879618166805 2
    endloop
  endfacet
  facet normal -0.04906767432740157 0.9987954562051733 0
    outer loop
      vertex 68.6549571491761 68.9879618166805 2
      vertex 68.6549571491761 68.9879618166805 5
      vertex 68.9 69 2
    endloop
  endfacet
  facet normal 0.04906767432740157 0.9987954562051733 0
    outer loop
      vertex 68.9 69 2
      vertex 68.9 69 5
      vertex 69.14504285082391 68.9879618166805 2
    endloop
  endfacet
  facet normal 0.1467304744554013 0.9891765099647751 0
    outer loop
      vertex 69.14504285082391 68.9879618166805 2
      vertex 69.14504285082391 68.9879618166805 5
      vertex 69.38772580504033 68.95196320100807 2
    endloop
  endfacet
  facet normal 0.24298017990325432 0.9700312531945463 0
    outer loop
      vertex 69.38772580504033 68.95196320100807 2
      vertex 69.38772580504033 68.95196320100807 5
      vertex 69.62571169313617 68.89235083933052 2
    endloop
  endfacet
  facet normal 0.42755509343026615 0.9039892931234508 0
    outer loop
      vertex 69.85670858091272 68.80969883127821 2
      vertex 69.85670858091272 68.80969883127821 5
      vertex 70.078491842065 68.70480316087088 2
    endloop
  endfacet
  facet normal 0.3368898533922422 0.9415440651830129 2.0227611497513453e-18
    outer loop
      vertex 69.85670858091272 68.80969883127821 2
      vertex 69.62571169313617 68.89235083933052 2
      vertex 69.62571169313617 68.89235083933052 5
    endloop
  endfacet
  facet normal 0.5141027441932189 0.8577286100002739 0
    outer loop
      vertex 70.078491842065 68.70480316087088 2
      vertex 70.078491842065 68.70480316087088 5
      vertex 70.28892558254901 68.57867403075636 2
    endloop
  endfacet
  facet normal 0.9700312531945463 -0.24298017990325432 0
    outer loop
      vertex 71.29235083933052 65.77428830686384 2
      vertex 71.35196320100808 66.01227419495967 2
      vertex 71.29235083933052 65.77428830686384 5
    endloop
  endfacet
  facet normal 0.9891765099647751 -0.1467304744554013 0
    outer loop
      vertex 71.35196320100808 66.01227419495967 2
      vertex 71.3879618166805 66.2549571491761 2
      vertex 71.35196320100808 66.01227419495967 5
    endloop
  endfacet
  facet normal 0.9987954562051733 -0.04906767432740157 0
    outer loop
      vertex 71.3879618166805 66.2549571491761 2
      vertex 71.4 66.5 2
      vertex 71.3879618166805 66.2549571491761 5
    endloop
  endfacet
  facet normal 0.9987954562051733 0.04906767432740157 0
    outer loop
      vertex 71.4 66.5 2
      vertex 71.3879618166805 66.7450428508239 2
      vertex 71.4 66.5 5
    endloop
  endfacet
  facet normal 0.8032075314806372 0.5956993044924437 0
    outer loop
      vertex 70.97867403075637 67.888925582549 2
      vertex 70.83252613340684 68.08598321040911 2
      vertex 70.97867403075637 67.888925582549 5
    endloop
  endfacet
  facet normal 0.9700312531945463 0.24298017990325432 0
    outer loop
      vertex 71.35196320100808 66.98772580504033 2
      vertex 71.29235083933052 67.22571169313616 2
      vertex 71.35196320100808 66.98772580504033 5
    endloop
  endfacet
  facet normal 0.9415440651830129 0.3368898533922422 0
    outer loop
      vertex 71.29235083933052 67.22571169313616 2
      vertex 71.20969883127822 67.45670858091272 2
      vertex 71.29235083933052 67.22571169313616 5
    endloop
  endfacet
  facet normal 0.9891765099647751 0.1467304744554013 0
    outer loop
      vertex 71.3879618166805 66.7450428508239 2
      vertex 71.35196320100808 66.98772580504033 2
      vertex 71.3879618166805 66.7450428508239 5
    endloop
  endfacet
  facet normal 0.9039892931234508 0.42755509343026615 0
    outer loop
      vertex 71.20969883127822 67.45670858091272 2
      vertex 71.10480316087089 67.678491842065 2
      vertex 71.20969883127822 67.45670858091272 5
    endloop
  endfacet
  facet normal 0.8577286100002739 0.5141027441932189 -1.9548490637726058e-18
    outer loop
      vertex 70.97867403075637 67.888925582549 2
      vertex 71.10480316087089 67.678491842065 5
      vertex 71.10480316087089 67.678491842065 2
    endloop
  endfacet
  facet normal 0.5956993044924437 0.8032075314806372 0
    outer loop
      vertex 70.28892558254901 68.57867403075636 2
      vertex 70.28892558254901 68.57867403075636 5
      vertex 70.48598321040912 68.43252613340684 2
    endloop
  endfacet
  facet normal 0.6715589548470046 0.7409511253549718 0
    outer loop
      vertex 70.48598321040912 68.43252613340684 2
      vertex 70.48598321040912 68.43252613340684 5
      vertex 70.66776695296637 68.26776695296637 2
    endloop
  endfacet
  facet normal 0.7409511253549718 0.6715589548470046 0
    outer loop
      vertex 70.83252613340684 68.08598321040911 2
      vertex 70.66776695296637 68.26776695296637 2
      vertex 70.83252613340684 68.08598321040911 5
    endloop
  endfacet
  facet normal 0 0 1
    outer loop
      vertex 67.511074417451 64.42132596924364 5
      vertex 67.721508157935 64.29519683912912 5
      vertex 67.511074417451 68.57867403075636 5
    endloop
  endfacet
  facet normal 0 0 1
    outer loop
      vertex 67.721508157935 64.29519683912912 5
      vertex 67.67401839949596 66.25613709747984 5
      vertex 67.65601909165976 66.37747857458805 5
    endloop
  endfacet
  facet normal 0 0 1
    outer loop
      vertex 67.721508157935 64.29519683912912 5
      vertex 67.65601909165976 66.37747857458805 5
      vertex 67.65 66.5 5
    endloop
  endfacet
  facet normal 0 0 1
    outer loop
      vertex 67.721508157935 64.29519683912912 5
      vertex 67.65 66.5 5
      vertex 67.511074417451 68.57867403075636 5
    endloop
  endfacet
  facet normal 0 0 1
    outer loop
      vertex 67.65 66.5 5
      vertex 67.65601909165976 66.62252142541195 5
      vertex 67.511074417451 68.57867403075636 5
    endloop
  endfacet
  facet normal 0 0 1
    outer loop
      vertex 67.65601909165976 66.62252142541195 5
      vertex 67.67401839949596 66.74386290252016 5
      vertex 67.511074417451 68.57867403075636 5
    endloop
  endfacet
  facet normal 0 0 1
    outer loop
      vertex 67.67401839949596 66.74386290252016 5
      vertex 67.70382458033474 66.86285584656808 5
      vertex 67.511074417451 68.57867403075636 5
    endloop
  endfacet
  facet normal 0 0 1
    outer loop
      vertex 67.70382458033474 66.86285584656808 5
      vertex 67.7451505843609 66.97835429045637 5
      vertex 67.511074417451 68.57867403075636 5
    endloop
  endfacet
  facet normal 0 0 1
    outer loop
      vertex 67.7451505843609 66.97835429045637 5
      vertex 67.79759841956457 67.0892459210325 5
      vertex 67.721508157935 68.70480316087088 5
    endloop
  endfacet
  facet normal 0 0 1
    outer loop
      vertex 67.79759841956457 67.0892459210325 5
      vertex 67.86066298462183 67.1944627912745 5
      vertex 67.721508157935 68.70480316087088 5
    endloop
  endfacet
  facet normal 0 0 1
    outer loop
      vertex 67.86066298462183 67.1944627912745 5
      vertex 67.93373693329659 67.29299160520456 5
      vertex 67.721508157935 68.70480316087088 5
    endloop
  endfacet
  facet normal 0 0 1
    outer loop
      vertex 67.93373693329659 67.29299160520456 5
      vertex 68.01611652351681 67.38388347648319 5
      vertex 67.721508157935 68.70480316087088 5
    endloop
  endfacet
  facet normal 0 0 1
    outer loop
      vertex 68.01611652351681 67.38388347648319 5
      vertex 68.10700839479544 67.46626306670342 5
      vertex 67.94329141908729 68.80969883127821 5
    endloop
  endfacet
  facet normal 0 0 1
    outer loop
      vertex 68.10700839479544 67.46626306670342 5
      vertex 68.2055372087255 67.53933701537818 5
      vertex 67.94329141908729 68.80969883127821 5
    endloop
  endfacet
  facet normal 0 0 1
    outer loop
      vertex 70.28892558254901 64.42132596924364 5
      vertex 70.14398090834025 66.37747857458805 5
      vertex 70.12598160050405 66.25613709747984 5
    endloop
  endfacet
  facet normal 0 0 1
    outer loop
      vertex 70.28892558254901 64.42132596924364 5
      vertex 70.15 66.5 5
      vertex 70.14398090834025 66.37747857458805 5
    endloop
  endfacet
  facet normal 0 0 1
    outer loop
      vertex 70.28892558254901 64.42132596924364 5
      vertex 70.078491842065 68.70480316087088 5
      vertex 70.15 66.5 5
    endloop
  endfacet
  facet normal 0 0 1
    outer loop
      vertex 70.15 66.5 5
      vertex 70.078491842065 68.70480316087088 5
      vertex 70.14398090834025 66.62252142541195 5
    endloop
  endfacet
  facet normal 0 0 1
    outer loop
      vertex 70.12598160050405 66.74386290252016 5
      vertex 70.14398090834025 66.62252142541195 5
      vertex 70.078491842065 68.70480316087088 5
    endloop
  endfacet
  facet normal 0 0 1
    outer loop
      vertex 70.28892558254901 64.42132596924364 5
      vertex 70.28892558254901 68.57867403075636 5
      vertex 70.078491842065 68.70480316087088 5
    endloop
  endfacet
  facet normal 0 0 1
    outer loop
      vertex 69.59446279127451 67.53933701537818 5
      vertex 69.69299160520457 67.46626306670342 5
      vertex 69.62571169313617 68.89235083933052 5
    endloop
  endfacet
  facet normal 0 0 1
    outer loop
      vertex 69.69299160520457 67.46626306670342 5
      vertex 69.7838834764832 67.38388347648319 5
      vertex 69.62571169313617 68.89235083933052 5
    endloop
  endfacet
  facet normal 0 0 1
    outer loop
      vertex 69.93933701537819 67.1944627912745 5
      vertex 69.85670858091272 68.80969883127821 5
      vertex 69.86626306670343 67.29299160520456 5
    endloop
  endfacet
  facet normal 0 0 1
    outer loop
      vertex 69.86626306670343 67.29299160520456 5
      vertex 69.85670858091272 68.80969883127821 5
      vertex 69.7838834764832 67.38388347648319 5
    endloop
  endfacet
  facet normal 0 0 1
    outer loop
      vertex 70.12598160050405 66.74386290252016 5
      vertex 70.078491842065 68.70480316087088 5
      vertex 70.09617541966527 66.86285584656808 5
    endloop
  endfacet
  facet normal 0 0 1
    outer loop
      vertex 70.09617541966527 66.86285584656808 5
      vertex 70.078491842065 68.70480316087088 5
      vertex 70.05484941563911 66.97835429045637 5
    endloop
  endfacet
  facet normal 0 0 1
    outer loop
      vertex 70.00240158043545 67.0892459210325 5
      vertex 70.05484941563911 66.97835429045637 5
      vertex 70.078491842065 68.70480316087088 5
    endloop
  endfacet
  facet normal 0 0 1
    outer loop
      vertex 69.93933701537819 67.1944627912745 5
      vertex 70.00240158043545 67.0892459210325 5
      vertex 70.078491842065 68.70480316087088 5
    endloop
  endfacet
  facet normal -0.5141027441932189 0.8577286100002739 0
    outer loop
      vertex 67.721508157935 68.70480316087088 2
      vertex 67.511074417451 68.57867403075636 5
      vertex 67.721508157935 68.70480316087088 5
    endloop
  endfacet
  facet normal -0.42755509343026615 0.9039892931234508 0
    outer loop
      vertex 67.94329141908729 68.80969883127821 2
      vertex 67.721508157935 68.70480316087088 5
      vertex 67.94329141908729 68.80969883127821 5
    endloop
  endfacet
  facet normal -0.3368898533922422 0.9415440651830129 0
    outer loop
      vertex 68.17428830686384 68.89235083933052 2
      vertex 67.94329141908729 68.80969883127821 5
      vertex 68.17428830686384 68.89235083933052 5
    endloop
  endfacet
  facet normal -0.24298017990325432 0.9700312531945463 0
    outer loop
      vertex 68.41227419495968 68.95196320100807 2
      vertex 68.17428830686384 68.89235083933052 5
      vertex 68.41227419495968 68.95196320100807 5
    endloop
  endfacet
  facet normal -0.1467304744554013 0.9891765099647751 0
    outer loop
      vertex 68.6549571491761 68.9879618166805 2
      vertex 68.41227419495968 68.95196320100807 5
      vertex 68.6549571491761 68.9879618166805 5
    endloop
  endfacet
  facet normal -0.04906767432740157 0.9987954562051733 0
    outer loop
      vertex 68.9 69 2
      vertex 68.6549571491761 68.9879618166805 5
      vertex 68.9 69 5
    endloop
  endfacet
  facet normal 0.04906767432740157 0.9987954562051733 0
    outer loop
      vertex 69.14504285082391 68.9879618166805 2
      vertex 68.9 69 5
      vertex 69.14504285082391 68.9879618166805 5
    endloop
  endfacet
  facet normal 0.1467304744554013 0.9891765099647751 0
    outer loop
      vertex 69.38772580504033 68.95196320100807 2
      vertex 69.14504285082391 68.9879618166805 5
      vertex 69.38772580504033 68.95196320100807 5
    endloop
  endfacet
  facet normal 0.24298017990325432 0.9700312531945463 0
    outer loop
      vertex 69.62571169313617 68.89235083933052 2
      vertex 69.38772580504033 68.95196320100807 5
      vertex 69.62571169313617 68.89235083933052 5
    endloop
  endfacet
  facet normal 0.3368898533922422 0.9415440651830129 0
    outer loop
      vertex 69.85670858091272 68.80969883127821 2
      vertex 69.62571169313617 68.89235083933052 5
      vertex 69.85670858091272 68.80969883127821 5
    endloop
  endfacet
  facet normal 0.42755509343026615 0.9039892931234508 0
    outer loop
      vertex 70.078491842065 68.70480316087088 2
      vertex 69.85670858091272 68.80969883127821 5
      vertex 70.078491842065 68.70480316087088 5
    endloop
  endfacet
  facet normal 0.5141027441932189 0.8577286100002739 0
    outer loop
      vertex 70.28892558254901 68.57867403075636 2
      vertex 70.078491842065 68.70480316087088 5
      vertex 70.28892558254901 68.57867403075636 5
    endloop
  endfacet
  facet normal 0 0 1
    outer loop
      vertex 67.7451505843609 66.97835429045637 5
      vertex 67.721508157935 68.70480316087088 5
      vertex 67.511074417451 68.57867403075636 5
    endloop
  endfacet
  facet normal 0 0 1
    outer loop
      vertex 68.01611652351681 67.38388347648319 5
      vertex 67.94329141908729 68.80969883127821 5
      vertex 67.721508157935 68.70480316087088 5
    endloop
  endfacet
  facet normal 0 0 1
    outer loop
      vertex 68.2055372087255 67.53933701537818 5
      vertex 68.17428830686384 68.89235083933052 5
      vertex 67.94329141908729 68.80969883127821 5
    endloop
  endfacet
  facet normal 0 0 1
    outer loop
      vertex 68.2055372087255 67.53933701537818 5
      vertex 68.3107540789675 67.60240158043544 5
      vertex 68.17428830686384 68.89235083933052 5
    endloop
  endfacet
  facet normal 0 0 1
    outer loop
      vertex 68.3107540789675 67.60240158043544 5
      vertex 68.42164570954364 67.6548494156391 5
      vertex 68.17428830686384 68.89235083933052 5
    endloop
  endfacet
  facet normal 0 0 1
    outer loop
      vertex 68.42164570954364 67.6548494156391 5
      vertex 68.53714415343192 67.69617541966527 5
      vertex 68.41227419495968 68.95196320100807 5
    endloop
  endfacet
  facet normal 0 0 1
    outer loop
      vertex 68.53714415343192 67.69617541966527 5
      vertex 68.65613709747984 67.72598160050404 5
      vertex 68.41227419495968 68.95196320100807 5
    endloop
  endfacet
  facet normal 0 0 1
    outer loop
      vertex 68.42164570954364 67.6548494156391 5
      vertex 68.41227419495968 68.95196320100807 5
      vertex 68.17428830686384 68.89235083933052 5
    endloop
  endfacet
  facet normal 0 0 1
    outer loop
      vertex 68.65613709747984 67.72598160050404 5
      vertex 68.77747857458806 67.74398090834025 5
      vertex 68.6549571491761 68.9879618166805 5
    endloop
  endfacet
  facet normal 0 0 1
    outer loop
      vertex 68.77747857458806 67.74398090834025 5
      vertex 68.9 67.75 5
      vertex 68.9 69 5
    endloop
  endfacet
  facet normal 0 0 1
    outer loop
      vertex 68.65613709747984 67.72598160050404 5
      vertex 68.6549571491761 68.9879618166805 5
      vertex 68.41227419495968 68.95196320100807 5
    endloop
  endfacet
  facet normal 0 0 1
    outer loop
      vertex 68.77747857458806 67.74398090834025 5
      vertex 68.9 69 5
      vertex 68.6549571491761 68.9879618166805 5
    endloop
  endfacet
  facet normal 0 0 1
    outer loop
      vertex 68.9 67.75 5
      vertex 69.02252142541195 67.74398090834025 5
      vertex 68.9 69 5
    endloop
  endfacet
  facet normal 0 0 1
    outer loop
      vertex 69.02252142541195 67.74398090834025 5
      vertex 69.14386290252017 67.72598160050404 5
      vertex 69.14504285082391 68.9879618166805 5
    endloop
  endfacet
  facet normal 0 0 1
    outer loop
      vertex 69.14386290252017 67.72598160050404 5
      vertex 69.26285584656809 67.69617541966527 5
      vertex 69.14504285082391 68.9879618166805 5
    endloop
  endfacet
  facet normal 0 0 1
    outer loop
      vertex 69.37835429045637 67.6548494156391 5
      vertex 69.38772580504033 68.95196320100807 5
      vertex 69.26285584656809 67.69617541966527 5
    endloop
  endfacet
  facet normal 0 0 1
    outer loop
      vertex 69.37835429045637 67.6548494156391 5
      vertex 69.4892459210325 67.60240158043544 5
      vertex 69.38772580504033 68.95196320100807 5
    endloop
  endfacet
  facet normal 0 0 1
    outer loop
      vertex 69.4892459210325 67.60240158043544 5
      vertex 69.59446279127451 67.53933701537818 5
      vertex 69.62571169313617 68.89235083933052 5
    endloop
  endfacet
  facet normal 0 0 1
    outer loop
      vertex 69.26285584656809 67.69617541966527 5
      vertex 69.38772580504033 68.95196320100807 5
      vertex 69.14504285082391 68.9879618166805 5
    endloop
  endfacet
  facet normal 0 0 1
    outer loop
      vertex 69.4892459210325 67.60240158043544 5
      vertex 69.62571169313617 68.89235083933052 5
      vertex 69.38772580504033 68.95196320100807 5
    endloop
  endfacet
  facet normal 0 0 1
    outer loop
      vertex 69.02252142541195 67.74398090834025 5
      vertex 69.14504285082391 68.9879618166805 5
      vertex 68.9 69 5
    endloop
  endfacet
  facet normal 0 0 1
    outer loop
      vertex 69.93933701537819 67.1944627912745 5
      vertex 70.078491842065 68.70480316087088 5
      vertex 69.85670858091272 68.80969883127821 5
    endloop
  endfacet
  facet normal 0 0 1
    outer loop
      vertex 69.7838834764832 67.38388347648319 5
      vertex 69.85670858091272 68.80969883127821 5
      vertex 69.62571169313617 68.89235083933052 5
    endloop
  endfacet
  facet normal 0.9415440651830129 -0.3368898533922422 -2.0227611497513453e-18
    outer loop
      vertex 71.20969883127822 65.54329141908728 5
      vertex 71.29235083933052 65.77428830686384 2
      vertex 71.29235083933052 65.77428830686384 5
    endloop
  endfacet
  facet normal 0.9700312531945463 -0.24298017990325432 0
    outer loop
      vertex 71.35196320100808 66.01227419495967 2
      vertex 71.35196320100808 66.01227419495967 5
      vertex 71.29235083933052 65.77428830686384 5
    endloop
  endfacet
  facet normal 0.9891765099647751 -0.1467304744554013 0
    outer loop
      vertex 71.3879618166805 66.2549571491761 2
      vertex 71.3879618166805 66.2549571491761 5
      vertex 71.35196320100808 66.01227419495967 5
    endloop
  endfacet
  facet normal 0.9987954562051733 -0.04906767432740157 0
    outer loop
      vertex 71.4 66.5 2
      vertex 71.4 66.5 5
      vertex 71.3879618166805 66.2549571491761 5
    endloop
  endfacet
  facet normal 0.9987954562051733 0.04906767432740157 0
    outer loop
      vertex 71.3879618166805 66.7450428508239 2
      vertex 71.3879618166805 66.7450428508239 5
      vertex 71.4 66.5 5
    endloop
  endfacet
  facet normal 0.9891765099647751 0.1467304744554013 0
    outer loop
      vertex 71.35196320100808 66.98772580504033 2
      vertex 71.35196320100808 66.98772580504033 5
      vertex 71.3879618166805 66.7450428508239 5
    endloop
  endfacet
  facet normal 0.9700312531945463 0.24298017990325432 0
    outer loop
      vertex 71.29235083933052 67.22571169313616 2
      vertex 71.29235083933052 67.22571169313616 5
      vertex 71.35196320100808 66.98772580504033 5
    endloop
  endfacet
  facet normal 0.9415440651830129 0.3368898533922422 0
    outer loop
      vertex 71.20969883127822 67.45670858091272 2
      vertex 71.20969883127822 67.45670858091272 5
      vertex 71.29235083933052 67.22571169313616 5
    endloop
  endfacet
  facet normal 0.9039892931234508 0.42755509343026615 0
    outer loop
      vertex 71.10480316087089 67.678491842065 2
      vertex 71.10480316087089 67.678491842065 5
      vertex 71.20969883127822 67.45670858091272 5
    endloop
  endfacet
  facet normal 0.8577286100002739 0.5141027441932189 0
    outer loop
      vertex 70.97867403075637 67.888925582549 2
      vertex 70.97867403075637 67.888925582549 5
      vertex 71.10480316087089 67.678491842065 5
    endloop
  endfacet
  facet normal 0 0 1
    outer loop
      vertex 70.28892558254901 64.42132596924364 5
      vertex 70.48598321040912 64.56747386659316 5
      vertex 70.28892558254901 68.57867403075636 5
    endloop
  endfacet
  facet normal 0 0 1
    outer loop
      vertex 70.48598321040912 64.56747386659316 5
      vertex 70.66776695296637 64.73223304703363 5
      vertex 70.48598321040912 68.43252613340684 5
    endloop
  endfacet
  facet normal 0 0 1
    outer loop
      vertex 70.66776695296637 64.73223304703363 5
      vertex 70.83252613340684 64.91401678959089 5
      vertex 70.66776695296637 68.26776695296637 5
    endloop
  endfacet
  facet normal 0 0 1
    outer loop
      vertex 70.83252613340684 64.91401678959089 5
      vertex 70.97867403075637 65.111074417451 5
      vertex 70.83252613340684 68.08598321040911 5
    endloop
  endfacet
  facet normal 0 0 1
    outer loop
      vertex 70.97867403075637 65.111074417451 5
      vertex 71.10480316087089 65.321508157935 5
      vertex 70.97867403075637 67.888925582549 5
    endloop
  endfacet
  facet normal 0 0 1
    outer loop
      vertex 71.10480316087089 65.321508157935 5
      vertex 71.20969883127822 65.54329141908728 5
      vertex 71.10480316087089 67.678491842065 5
    endloop
  endfacet
  facet normal 0 0 1
    outer loop
      vertex 71.20969883127822 65.54329141908728 5
      vertex 71.29235083933052 65.77428830686384 5
      vertex 71.20969883127822 67.45670858091272 5
    endloop
  endfacet
  facet normal 0 0 1
    outer loop
      vertex 71.29235083933052 65.77428830686384 5
      vertex 71.35196320100808 66.01227419495967 5
      vertex 71.29235083933052 67.22571169313616 5
    endloop
  endfacet
  facet normal 0 0 1
    outer loop
      vertex 71.35196320100808 66.01227419495967 5
      vertex 71.3879618166805 66.2549571491761 5
      vertex 71.35196320100808 66.98772580504033 5
    endloop
  endfacet
  facet normal 0 0 1
    outer loop
      vertex 71.35196320100808 66.01227419495967 5
      vertex 71.35196320100808 66.98772580504033 5
      vertex 71.29235083933052 67.22571169313616 5
    endloop
  endfacet
  facet normal 0 0 1
    outer loop
      vertex 71.3879618166805 66.2549571491761 5
      vertex 71.4 66.5 5
      vertex 71.3879618166805 66.7450428508239 5
    endloop
  endfacet
  facet normal 0 0 1
    outer loop
      vertex 71.3879618166805 66.2549571491761 5
      vertex 71.3879618166805 66.7450428508239 5
      vertex 71.35196320100808 66.98772580504033 5
    endloop
  endfacet
  facet normal 0 0 1
    outer loop
      vertex 70.48598321040912 64.56747386659316 5
      vertex 70.48598321040912 68.43252613340684 5
      vertex 70.28892558254901 68.57867403075636 5
    endloop
  endfacet
  facet normal 0 0 1
    outer loop
      vertex 70.66776695296637 64.73223304703363 5
      vertex 70.66776695296637 68.26776695296637 5
      vertex 70.48598321040912 68.43252613340684 5
    endloop
  endfacet
  facet normal 0 0 1
    outer loop
      vertex 70.83252613340684 64.91401678959089 5
      vertex 70.83252613340684 68.08598321040911 5
      vertex 70.66776695296637 68.26776695296637 5
    endloop
  endfacet
  facet normal 0 0 1
    outer loop
      vertex 70.97867403075637 65.111074417451 5
      vertex 70.97867403075637 67.888925582549 5
      vertex 70.83252613340684 68.08598321040911 5
    endloop
  endfacet
  facet normal 0 0 1
    outer loop
      vertex 71.20969883127822 65.54329141908728 5
      vertex 71.20969883127822 67.45670858091272 5
      vertex 71.10480316087089 67.678491842065 5
    endloop
  endfacet
  facet normal 0 0 1
    outer loop
      vertex 71.10480316087089 65.321508157935 5
      vertex 71.10480316087089 67.678491842065 5
      vertex 70.97867403075637 67.888925582549 5
    endloop
  endfacet
  facet normal 0 0 1
    outer loop
      vertex 71.29235083933052 65.77428830686384 5
      vertex 71.29235083933052 67.22571169313616 5
      vertex 71.20969883127822 67.45670858091272 5
    endloop
  endfacet
  facet normal 0.5956993044924437 0.8032075314806372 0
    outer loop
      vertex 70.48598321040912 68.43252613340684 2
      vertex 70.28892558254901 68.57867403075636 5
      vertex 70.48598321040912 68.43252613340684 5
    endloop
  endfacet
  facet normal 0.6715589548470046 0.7409511253549718 0
    outer loop
      vertex 70.66776695296637 68.26776695296637 2
      vertex 70.48598321040912 68.43252613340684 5
      vertex 70.66776695296637 68.26776695296637 5
    endloop
  endfacet
  facet normal 0.7409511253549718 0.6715589548470046 0
    outer loop
      vertex 70.66776695296637 68.26776695296637 2
      vertex 70.66776695296637 68.26776695296637 5
      vertex 70.83252613340684 68.08598321040911 5
    endloop
  endfacet
  facet normal 0.8032075314806372 0.5956993044924437 0
    outer loop
      vertex 70.83252613340684 68.08598321040911 2
      vertex 70.83252613340684 68.08598321040911 5
      vertex 70.97867403075637 67.888925582549 5
    endloop
  endfacet
  facet normal -0.7409511253549668 -0.6715589548470099 1.0548174567104343e-19
    outer loop
      vertex 67.13223304703364 6.732233047033631 2
      vertex 66.96747386659317 6.914016789590886 5
      vertex 66.96747386659317 6.914016789590886 2
    endloop
  endfacet
  facet normal -0.6715589548470124 -0.7409511253549644 1.606349904857549e-18
    outer loop
      vertex 67.13223304703364 6.732233047033631 2
      vertex 67.3140167895909 6.567473866593158 2
      vertex 67.3140167895909 6.567473866593158 5
    endloop
  endfacet
  facet normal -0.5956993044924415 -0.803207531480639 1.2894998374405824e-18
    outer loop
      vertex 67.3140167895909 6.567473866593158 2
      vertex 67.511074417451 6.421325969243637 2
      vertex 67.511074417451 6.421325969243637 5
    endloop
  endfacet
  facet normal -0.8577286100002787 -0.5141027441932109 0
    outer loop
      vertex 66.69519683912912 7.321508157935006 2
      vertex 66.82132596924365 7.111074417450995 2
      vertex 66.69519683912912 7.321508157935006 5
    endloop
  endfacet
  facet normal -0.9039892931234409 -0.42755509343028714 7.665450862541178e-19
    outer loop
      vertex 66.69519683912912 7.321508157935006 2
      vertex 66.5903011687218 7.543291419087275 5
      vertex 66.5903011687218 7.543291419087275 2
    endloop
  endfacet
  facet normal -0.9891765099647749 -0.14673047445540235 -6.621290969947535e-19
    outer loop
      vertex 66.44803679899194 8.01227419495968 2
      vertex 66.41203818331951 8.254957149176098 5
      vertex 66.41203818331951 8.254957149176098 2
    endloop
  endfacet
  facet normal -0.941544065183019 -0.336889853392225 2.1401475605447126e-19
    outer loop
      vertex 66.5903011687218 7.543291419087275 2
      vertex 66.50764916066949 7.774288306863844 5
      vertex 66.50764916066949 7.774288306863844 2
    endloop
  endfacet
  facet normal -0.9700312531945465 -0.24298017990325346 -1.3355823478304654e-19
    outer loop
      vertex 66.50764916066949 7.774288306863844 2
      vertex 66.44803679899194 8.01227419495968 5
      vertex 66.44803679899194 8.01227419495968 2
    endloop
  endfacet
  facet normal -0.8032075314806436 -0.595699304492435 -1.1431233591961666e-18
    outer loop
      vertex 66.96747386659317 6.914016789590886 2
      vertex 66.82132596924365 7.111074417450995 5
      vertex 66.82132596924365 7.111074417450995 2
    endloop
  endfacet
  facet normal -0.9987954562051732 -0.04906767432740264 3.864610196589323e-20
    outer loop
      vertex 66.41203818331951 8.254957149176098 2
      vertex 66.4 8.5 5
      vertex 66.4 8.5 2
    endloop
  endfacet
  facet normal -0.9987954562051732 0.04906767432740264 -3.864610196589323e-20
    outer loop
      vertex 66.4 8.5 2
      vertex 66.41203818331951 8.745042850823902 5
      vertex 66.41203818331951 8.745042850823902 2
    endloop
  endfacet
  facet normal -0.9891765099647749 0.14673047445540235 6.621290969947535e-19
    outer loop
      vertex 66.41203818331951 8.745042850823902 2
      vertex 66.44803679899194 8.98772580504032 5
      vertex 66.44803679899194 8.98772580504032 2
    endloop
  endfacet
  facet normal -0.9700312531945463 0.24298017990325432 -1.095640584272211e-18
    outer loop
      vertex 66.44803679899194 8.98772580504032 2
      vertex 66.50764916066949 9.225711693136155 5
      vertex 66.50764916066949 9.225711693136155 2
    endloop
  endfacet
  facet normal -0.8032075314806436 -0.595699304492435 0
    outer loop
      vertex 66.96747386659317 6.914016789590886 2
      vertex 66.96747386659317 6.914016789590886 5
      vertex 66.82132596924365 7.111074417450995 5
    endloop
  endfacet
  facet normal -0.7409511253549668 -0.6715589548470099 0
    outer loop
      vertex 67.13223304703364 6.732233047033631 2
      vertex 67.13223304703364 6.732233047033631 5
      vertex 66.96747386659317 6.914016789590886 5
    endloop
  endfacet
  facet normal -0.6715589548470124 -0.7409511253549644 0
    outer loop
      vertex 67.13223304703364 6.732233047033631 2
      vertex 67.3140167895909 6.567473866593158 5
      vertex 67.13223304703364 6.732233047033631 5
    endloop
  endfacet
  facet normal -0.5956993044924415 -0.803207531480639 0
    outer loop
      vertex 67.3140167895909 6.567473866593158 2
      vertex 67.511074417451 6.421325969243637 5
      vertex 67.3140167895909 6.567473866593158 5
    endloop
  endfacet
  facet normal -0.8577286100002787 -0.5141027441932109 0
    outer loop
      vertex 66.82132596924365 7.111074417450995 2
      vertex 66.82132596924365 7.111074417450995 5
      vertex 66.69519683912912 7.321508157935006 5
    endloop
  endfacet
  facet normal -0.9039892931234409 -0.42755509343028714 0
    outer loop
      vertex 66.69519683912912 7.321508157935006 2
      vertex 66.69519683912912 7.321508157935006 5
      vertex 66.5903011687218 7.543291419087275 5
    endloop
  endfacet
  facet normal -0.9891765099647749 -0.14673047445540235 0
    outer loop
      vertex 66.44803679899194 8.01227419495968 2
      vertex 66.44803679899194 8.01227419495968 5
      vertex 66.41203818331951 8.254957149176098 5
    endloop
  endfacet
  facet normal -0.941544065183019 -0.336889853392225 0
    outer loop
      vertex 66.5903011687218 7.543291419087275 2
      vertex 66.5903011687218 7.543291419087275 5
      vertex 66.50764916066949 7.774288306863844 5
    endloop
  endfacet
  facet normal -0.9700312531945465 -0.24298017990325346 0
    outer loop
      vertex 66.50764916066949 7.774288306863844 2
      vertex 66.50764916066949 7.774288306863844 5
      vertex 66.44803679899194 8.01227419495968 5
    endloop
  endfacet
  facet normal -0.9987954562051732 -0.04906767432740264 0
    outer loop
      vertex 66.41203818331951 8.254957149176098 2
      vertex 66.41203818331951 8.254957149176098 5
      vertex 66.4 8.5 5
    endloop
  endfacet
  facet normal -0.9987954562051732 0.04906767432740264 0
    outer loop
      vertex 66.4 8.5 2
      vertex 66.4 8.5 5
      vertex 66.41203818331951 8.745042850823902 5
    endloop
  endfacet
  facet normal -0.9891765099647749 0.14673047445540235 0
    outer loop
      vertex 66.41203818331951 8.745042850823902 2
      vertex 66.41203818331951 8.745042850823902 5
      vertex 66.44803679899194 8.98772580504032 5
    endloop
  endfacet
  facet normal -0.9700312531945463 0.24298017990325432 0
    outer loop
      vertex 66.44803679899194 8.98772580504032 2
      vertex 66.44803679899194 8.98772580504032 5
      vertex 66.50764916066949 9.225711693136155 5
    endloop
  endfacet
  facet normal -0.9415440651830195 0.33688985339222377 0
    outer loop
      vertex 66.50764916066949 9.225711693136155 2
      vertex 66.50764916066949 9.225711693136155 5
      vertex 66.5903011687218 9.456708580912725 5
    endloop
  endfacet
  facet normal 0 0 1
    outer loop
      vertex 66.5903011687218 7.543291419087275 5
      vertex 66.50764916066949 9.225711693136155 5
      vertex 66.50764916066949 7.774288306863844 5
    endloop
  endfacet
  facet normal 0 0 1
    outer loop
      vertex 66.69519683912912 7.321508157935006 5
      vertex 66.82132596924365 7.111074417450995 5
      vertex 66.69519683912912 9.678491842064995 5
    endloop
  endfacet
  facet normal 0 0 1
    outer loop
      vertex 66.69519683912912 7.321508157935006 5
      vertex 66.5903011687218 9.456708580912725 5
      vertex 66.5903011687218 7.543291419087275 5
    endloop
  endfacet
  facet normal 0 0 1
    outer loop
      vertex 66.96747386659317 6.914016789590886 5
      vertex 66.82132596924365 9.888925582549005 5
      vertex 66.82132596924365 7.111074417450995 5
    endloop
  endfacet
  facet normal 0 0 1
    outer loop
      vertex 67.13223304703364 6.732233047033631 5
      vertex 66.96747386659317 10.085983210409115 5
      vertex 66.96747386659317 6.914016789590886 5
    endloop
  endfacet
  facet normal 0 0 1
    outer loop
      vertex 67.13223304703364 6.732233047033631 5
      vertex 67.3140167895909 6.567473866593158 5
      vertex 67.13223304703364 10.267766952966369 5
    endloop
  endfacet
  facet normal 0 0 1
    outer loop
      vertex 67.3140167895909 6.567473866593158 5
      vertex 67.511074417451 6.421325969243637 5
      vertex 67.3140167895909 10.432526133406842 5
    endloop
  endfacet
  facet normal 0 0 1
    outer loop
      vertex 66.44803679899194 8.01227419495968 5
      vertex 66.41203818331951 8.745042850823902 5
      vertex 66.41203818331951 8.254957149176098 5
    endloop
  endfacet
  facet normal 0 0 1
    outer loop
      vertex 66.41203818331951 8.254957149176098 5
      vertex 66.41203818331951 8.745042850823902 5
      vertex 66.4 8.5 5
    endloop
  endfacet
  facet normal 0 0 1
    outer loop
      vertex 66.44803679899194 8.01227419495968 5
      vertex 66.44803679899194 8.98772580504032 5
      vertex 66.41203818331951 8.745042850823902 5
    endloop
  endfacet
  facet normal 0 0 1
    outer loop
      vertex 66.50764916066949 7.774288306863844 5
      vertex 66.44803679899194 8.98772580504032 5
      vertex 66.44803679899194 8.01227419495968 5
    endloop
  endfacet
  facet normal 0 0 1
    outer loop
      vertex 66.50764916066949 7.774288306863844 5
      vertex 66.50764916066949 9.225711693136155 5
      vertex 66.44803679899194 8.98772580504032 5
    endloop
  endfacet
  facet normal 0 0 1
    outer loop
      vertex 66.5903011687218 7.543291419087275 5
      vertex 66.5903011687218 9.456708580912725 5
      vertex 66.50764916066949 9.225711693136155 5
    endloop
  endfacet
  facet normal 0 0 1
    outer loop
      vertex 66.69519683912912 7.321508157935006 5
      vertex 66.69519683912912 9.678491842064995 5
      vertex 66.5903011687218 9.456708580912725 5
    endloop
  endfacet
  facet normal 0 0 1
    outer loop
      vertex 66.82132596924365 7.111074417450995 5
      vertex 66.82132596924365 9.888925582549005 5
      vertex 66.69519683912912 9.678491842064995 5
    endloop
  endfacet
  facet normal 0 0 1
    outer loop
      vertex 66.96747386659317 6.914016789590886 5
      vertex 66.96747386659317 10.085983210409115 5
      vertex 66.82132596924365 9.888925582549005 5
    endloop
  endfacet
  facet normal 0 0 1
    outer loop
      vertex 67.13223304703364 6.732233047033631 5
      vertex 67.13223304703364 10.267766952966369 5
      vertex 66.96747386659317 10.085983210409115 5
    endloop
  endfacet
  facet normal 0 0 1
    outer loop
      vertex 67.3140167895909 6.567473866593158 5
      vertex 67.3140167895909 10.432526133406842 5
      vertex 67.13223304703364 10.267766952966369 5
    endloop
  endfacet
  facet normal 0 0 1
    outer loop
      vertex 67.3140167895909 10.432526133406842 5
      vertex 67.511074417451 6.421325969243637 5
      vertex 67.511074417451 10.578674030756364 5
    endloop
  endfacet
  facet normal -0.9415440651830195 0.33688985339222377 5.350784279631115e-19
    outer loop
      vertex 66.50764916066949 9.225711693136155 2
      vertex 66.5903011687218 9.456708580912725 5
      vertex 66.5903011687218 9.456708580912725 2
    endloop
  endfacet
  facet normal -0.9039892931234416 0.42755509343028575 -1.4581027956918476e-18
    outer loop
      vertex 66.5903011687218 9.456708580912725 2
      vertex 66.69519683912912 9.678491842064995 5
      vertex 66.69519683912912 9.678491842064995 2
    endloop
  endfacet
  facet normal -0.8577286100002776 0.5141027441932124 -2.0225392283918964e-18
    outer loop
      vertex 66.69519683912912 9.678491842064995 2
      vertex 66.82132596924365 9.888925582549005 5
      vertex 66.82132596924365 9.888925582549005 2
    endloop
  endfacet
  facet normal -0.8032075314806449 0.5956993044924334 -1.6198303120583496e-18
    outer loop
      vertex 66.82132596924365 9.888925582549005 2
      vertex 66.96747386659317 10.085983210409115 5
      vertex 66.96747386659317 10.085983210409115 2
    endloop
  endfacet
  facet normal -0.7409511253549651 0.6715589548470117 -9.461934649229477e-19
    outer loop
      vertex 66.96747386659317 10.085983210409115 2
      vertex 67.13223304703364 10.267766952966369 5
      vertex 67.13223304703364 10.267766952966369 2
    endloop
  endfacet
  facet normal -0.6715589548470124 0.7409511253549644 0
    outer loop
      vertex 67.13223304703364 10.267766952966369 2
      vertex 67.13223304703364 10.267766952966369 5
      vertex 67.3140167895909 10.432526133406842 2
    endloop
  endfacet
  facet normal -0.5956993044924437 0.8032075314806372 0
    outer loop
      vertex 67.3140167895909 10.432526133406842 2
      vertex 67.3140167895909 10.432526133406842 5
      vertex 67.511074417451 10.578674030756364 2
    endloop
  endfacet
  facet normal -0.9039892931234416 0.42755509343028575 0
    outer loop
      vertex 66.5903011687218 9.456708580912725 2
      vertex 66.5903011687218 9.456708580912725 5
      vertex 66.69519683912912 9.678491842064995 5
    endloop
  endfacet
  facet normal -0.8577286100002776 0.5141027441932124 0
    outer loop
      vertex 66.69519683912912 9.678491842064995 2
      vertex 66.69519683912912 9.678491842064995 5
      vertex 66.82132596924365 9.888925582549005 5
    endloop
  endfacet
  facet normal -0.8032075314806449 0.5956993044924334 0
    outer loop
      vertex 66.82132596924365 9.888925582549005 2
      vertex 66.82132596924365 9.888925582549005 5
      vertex 66.96747386659317 10.085983210409115 5
    endloop
  endfacet
  facet normal -0.7409511253549651 0.6715589548470117 0
    outer loop
      vertex 66.96747386659317 10.085983210409115 2
      vertex 66.96747386659317 10.085983210409115 5
      vertex 67.13223304703364 10.267766952966369 5
    endloop
  endfacet
  facet normal -0.6715589548470124 0.7409511253549644 0
    outer loop
      vertex 67.3140167895909 10.432526133406842 2
      vertex 67.13223304703364 10.267766952966369 5
      vertex 67.3140167895909 10.432526133406842 5
    endloop
  endfacet
  facet normal -0.5956993044924437 0.8032075314806372 8.164146656183016e-19
    outer loop
      vertex 67.3140167895909 10.432526133406842 5
      vertex 67.511074417451 10.578674030756364 5
      vertex 67.511074417451 10.578674030756364 2
    endloop
  endfacet
  facet normal -0.5141027441932322 -0.8577286100002658 1.0846831534280154e-18
    outer loop
      vertex 67.511074417451 6.421325969243637 2
      vertex 67.721508157935 6.295196839129112 2
      vertex 67.721508157935 6.295196839129112 5
    endloop
  endfacet
  facet normal -0.33688985339223576 -0.9415440651830151 0
    outer loop
      vertex 68.17428830686384 6.107649160669478 2
      vertex 68.17428830686384 6.107649160669478 5
      vertex 67.94329141908729 6.190301168721783 2
    endloop
  endfacet
  facet normal -0.42755509343026027 -0.9039892931234537 -3.9468067156185595e-19
    outer loop
      vertex 67.721508157935 6.295196839129112 2
      vertex 67.94329141908729 6.190301168721783 2
      vertex 67.94329141908729 6.190301168721783 5
    endloop
  endfacet
  facet normal -0.24298017990326456 -0.9700312531945438 -1.9199773854802772e-19
    outer loop
      vertex 68.17428830686384 6.107649160669478 2
      vertex 68.41227419495968 6.048036798991924 2
      vertex 68.41227419495968 6.048036798991924 5
    endloop
  endfacet
  facet normal -0.14673047445536236 -0.989176509964781 -8.322612046063272e-19
    outer loop
      vertex 68.41227419495968 6.048036798991924 2
      vertex 68.6549571491761 6.012038183319508 2
      vertex 68.6549571491761 6.012038183319508 5
    endloop
  endfacet
  facet normal -0.04906767432741602 -0.9987954562051725 -1.4768587647712958e-19
    outer loop
      vertex 68.6549571491761 6.012038183319508 2
      vertex 68.9 6 2
      vertex 68.9 6 5
    endloop
  endfacet
  facet normal 0.04906767432741602 -0.9987954562051725 1.4768587647712958e-19
    outer loop
      vertex 68.9 6 2
      vertex 69.14504285082391 6.012038183319508 2
      vertex 69.14504285082391 6.012038183319508 5
    endloop
  endfacet
  facet normal 0.14673047445536236 -0.989176509964781 8.322612046063272e-19
    outer loop
      vertex 69.14504285082391 6.012038183319508 2
      vertex 69.38772580504033 6.048036798991924 2
      vertex 69.38772580504033 6.048036798991924 5
    endloop
  endfacet
  facet normal 0.24298017990326456 -0.9700312531945438 1.9199773854802772e-19
    outer loop
      vertex 69.38772580504033 6.048036798991924 2
      vertex 69.62571169313617 6.107649160669478 2
      vertex 69.62571169313617 6.107649160669478 5
    endloop
  endfacet
  facet normal 0.33688985339223576 -0.9415440651830151 1.4164152328270829e-18
    outer loop
      vertex 69.62571169313617 6.107649160669478 2
      vertex 69.85670858091272 6.190301168721783 2
      vertex 69.85670858091272 6.190301168721783 5
    endloop
  endfacet
  facet normal 0.42755509343026027 -0.9039892931234537 3.9468067156185595e-19
    outer loop
      vertex 69.85670858091272 6.190301168721783 2
      vertex 70.078491842065 6.295196839129112 2
      vertex 70.078491842065 6.295196839129112 5
    endloop
  endfacet
  facet normal 0.5141027441932322 -0.8577286100002658 -1.0846831534280154e-18
    outer loop
      vertex 70.078491842065 6.295196839129112 2
      vertex 70.28892558254901 6.421325969243637 2
      vertex 70.28892558254901 6.421325969243637 5
    endloop
  endfacet
  facet normal 0.5956993044924415 -0.803207531480639 -1.2894998374405824e-18
    outer loop
      vertex 70.28892558254901 6.421325969243637 2
      vertex 70.48598321040912 6.567473866593158 2
      vertex 70.48598321040912 6.567473866593158 5
    endloop
  endfacet
  facet normal 0.6715589548470124 -0.7409511253549644 -1.606349904857549e-18
    outer loop
      vertex 70.48598321040912 6.567473866593158 2
      vertex 70.66776695296637 6.732233047033631 2
      vertex 70.66776695296637 6.732233047033631 5
    endloop
  endfacet
  facet normal 0.7409511253549668 -0.6715589548470099 0
    outer loop
      vertex 70.66776695296637 6.732233047033631 2
      vertex 70.83252613340684 6.914016789590886 2
      vertex 70.66776695296637 6.732233047033631 5
    endloop
  endfacet
  facet normal 0.8032075314806436 -0.595699304492435 0
    outer loop
      vertex 70.83252613340684 6.914016789590886 2
      vertex 70.97867403075637 7.111074417450995 2
      vertex 70.83252613340684 6.914016789590886 5
    endloop
  endfacet
  facet normal 0.8577286100002787 -0.5141027441932109 0
    outer loop
      vertex 70.97867403075637 7.111074417450995 2
      vertex 71.10480316087089 7.321508157935006 2
      vertex 70.97867403075637 7.111074417450995 5
    endloop
  endfacet
  facet normal 0.9039892931234409 -0.42755509343028714 0
    outer loop
      vertex 71.10480316087089 7.321508157935006 2
      vertex 71.20969883127822 7.543291419087275 2
      vertex 71.10480316087089 7.321508157935006 5
    endloop
  endfacet
  facet normal 0.941544065183019 -0.336889853392225 0
    outer loop
      vertex 71.20969883127822 7.543291419087275 2
      vertex 71.29235083933052 7.774288306863844 2
      vertex 71.20969883127822 7.543291419087275 5
    endloop
  endfacet
  facet normal 0.9700312531945465 -0.24298017990325346 0
    outer loop
      vertex 71.29235083933052 7.774288306863844 2
      vertex 71.35196320100808 8.01227419495968 2
      vertex 71.29235083933052 7.774288306863844 5
    endloop
  endfacet
  facet normal 0.9891765099647749 -0.14673047445540235 0
    outer loop
      vertex 71.35196320100808 8.01227419495968 2
      vertex 71.3879618166805 8.254957149176098 2
      vertex 71.35196320100808 8.01227419495968 5
    endloop
  endfacet
  facet normal 0.9987954562051732 -0.04906767432740264 0
    outer loop
      vertex 71.3879618166805 8.254957149176098 2
      vertex 71.4 8.5 2
      vertex 71.3879618166805 8.254957149176098 5
    endloop
  endfacet
  facet normal 0.9987954562051732 0.04906767432740264 0
    outer loop
      vertex 71.4 8.5 2
      vertex 71.3879618166805 8.745042850823902 2
      vertex 71.4 8.5 5
    endloop
  endfacet
  facet normal 0.9700312531945463 0.24298017990325432 0
    outer loop
      vertex 71.35196320100808 8.98772580504032 2
      vertex 71.29235083933052 9.225711693136155 2
      vertex 71.35196320100808 8.98772580504032 5
    endloop
  endfacet
  facet normal 0.9415440651830195 0.33688985339222377 0
    outer loop
      vertex 71.29235083933052 9.225711693136155 2
      vertex 71.20969883127822 9.456708580912725 2
      vertex 71.29235083933052 9.225711693136155 5
    endloop
  endfacet
  facet normal 0.9891765099647749 0.14673047445540235 0
    outer loop
      vertex 71.3879618166805 8.745042850823902 2
      vertex 71.35196320100808 8.98772580504032 2
      vertex 71.3879618166805 8.745042850823902 5
    endloop
  endfacet
  facet normal -0.5141027441932322 -0.8577286100002658 0
    outer loop
      vertex 67.511074417451 6.421325969243637 2
      vertex 67.721508157935 6.295196839129112 5
      vertex 67.511074417451 6.421325969243637 5
    endloop
  endfacet
  facet normal -0.42755509343026027 -0.9039892931234537 0
    outer loop
      vertex 67.721508157935 6.295196839129112 2
      vertex 67.94329141908729 6.190301168721783 5
      vertex 67.721508157935 6.295196839129112 5
    endloop
  endfacet
  facet normal -0.33688985339223576 -0.9415440651830151 0
    outer loop
      vertex 67.94329141908729 6.190301168721783 2
      vertex 68.17428830686384 6.107649160669478 5
      vertex 67.94329141908729 6.190301168721783 5
    endloop
  endfacet
  facet normal -0.24298017990326456 -0.9700312531945438 0
    outer loop
      vertex 68.17428830686384 6.107649160669478 2
      vertex 68.41227419495968 6.048036798991924 5
      vertex 68.17428830686384 6.107649160669478 5
    endloop
  endfacet
  facet normal -0.14673047445536236 -0.989176509964781 0
    outer loop
      vertex 68.41227419495968 6.048036798991924 2
      vertex 68.6549571491761 6.012038183319508 5
      vertex 68.41227419495968 6.048036798991924 5
    endloop
  endfacet
  facet normal -0.04906767432741602 -0.9987954562051725 0
    outer loop
      vertex 68.6549571491761 6.012038183319508 2
      vertex 68.9 6 5
      vertex 68.6549571491761 6.012038183319508 5
    endloop
  endfacet
  facet normal 0.04906767432741602 -0.9987954562051725 0
    outer loop
      vertex 68.9 6 2
      vertex 69.14504285082391 6.012038183319508 5
      vertex 68.9 6 5
    endloop
  endfacet
  facet normal 0.14673047445536236 -0.989176509964781 0
    outer loop
      vertex 69.14504285082391 6.012038183319508 2
      vertex 69.38772580504033 6.048036798991924 5
      vertex 69.14504285082391 6.012038183319508 5
    endloop
  endfacet
  facet normal 0.24298017990326456 -0.9700312531945438 0
    outer loop
      vertex 69.38772580504033 6.048036798991924 2
      vertex 69.62571169313617 6.107649160669478 5
      vertex 69.38772580504033 6.048036798991924 5
    endloop
  endfacet
  facet normal 0.33688985339223576 -0.9415440651830151 0
    outer loop
      vertex 69.62571169313617 6.107649160669478 2
      vertex 69.85670858091272 6.190301168721783 5
      vertex 69.62571169313617 6.107649160669478 5
    endloop
  endfacet
  facet normal 0.42755509343026027 -0.9039892931234537 0
    outer loop
      vertex 69.85670858091272 6.190301168721783 2
      vertex 70.078491842065 6.295196839129112 5
      vertex 69.85670858091272 6.190301168721783 5
    endloop
  endfacet
  facet normal 0.5141027441932322 -0.8577286100002658 0
    outer loop
      vertex 70.078491842065 6.295196839129112 2
      vertex 70.28892558254901 6.421325969243637 5
      vertex 70.078491842065 6.295196839129112 5
    endloop
  endfacet
  facet normal 0 0 1
    outer loop
      vertex 67.721508157935 6.295196839129112 5
      vertex 67.94329141908729 6.190301168721783 5
      vertex 67.86066298462183 7.8055372087254975 5
    endloop
  endfacet
  facet normal 0 0 1
    outer loop
      vertex 68.17428830686384 6.107649160669478 5
      vertex 68.01611652351681 7.616116523516816 5
      vertex 67.94329141908729 6.190301168721783 5
    endloop
  endfacet
  facet normal 0 0 1
    outer loop
      vertex 68.6549571491761 6.012038183319508 5
      vertex 68.9 6 5
      vertex 68.77747857458806 7.256019091659754 5
    endloop
  endfacet
  facet normal 0 0 1
    outer loop
      vertex 68.17428830686384 6.107649160669478 5
      vertex 68.41227419495968 6.048036798991924 5
      vertex 68.3107540789675 7.397598419564556 5
    endloop
  endfacet
  facet normal 0 0 1
    outer loop
      vertex 68.41227419495968 6.048036798991924 5
      vertex 68.6549571491761 6.012038183319508 5
      vertex 68.53714415343192 7.303824580334739 5
    endloop
  endfacet
  facet normal 0 0 1
    outer loop
      vertex 68.17428830686384 6.107649160669478 5
      vertex 68.3107540789675 7.397598419564556 5
      vertex 68.2055372087255 7.460662984621818 5
    endloop
  endfacet
  facet normal 0 0 1
    outer loop
      vertex 68.41227419495968 6.048036798991924 5
      vertex 68.42164570954364 7.3451505843608915 5
      vertex 68.3107540789675 7.397598419564556 5
    endloop
  endfacet
  facet normal 0 0 1
    outer loop
      vertex 68.41227419495968 6.048036798991924 5
      vertex 68.53714415343192 7.303824580334739 5
      vertex 68.42164570954364 7.3451505843608915 5
    endloop
  endfacet
  facet normal 0 0 1
    outer loop
      vertex 68.6549571491761 6.012038183319508 5
      vertex 68.65613709747984 7.2740183994959615 5
      vertex 68.53714415343192 7.303824580334739 5
    endloop
  endfacet
  facet normal 0 0 1
    outer loop
      vertex 68.6549571491761 6.012038183319508 5
      vertex 68.77747857458806 7.256019091659754 5
      vertex 68.65613709747984 7.2740183994959615 5
    endloop
  endfacet
  facet normal 0 0 1
    outer loop
      vertex 68.9 6 5
      vertex 68.9 7.25 5
      vertex 68.77747857458806 7.256019091659754 5
    endloop
  endfacet
  facet normal 0 0 1
    outer loop
      vertex 68.9 6 5
      vertex 69.14504285082391 6.012038183319508 5
      vertex 69.02252142541195 7.256019091659754 5
    endloop
  endfacet
  facet normal 0 0 1
    outer loop
      vertex 69.14504285082391 6.012038183319508 5
      vertex 69.38772580504033 6.048036798991924 5
      vertex 69.14386290252017 7.2740183994959615 5
    endloop
  endfacet
  facet normal 0 0 1
    outer loop
      vertex 68.9 6 5
      vertex 69.02252142541195 7.256019091659754 5
      vertex 68.9 7.25 5
    endloop
  endfacet
  facet normal 0 0 1
    outer loop
      vertex 69.14504285082391 6.012038183319508 5
      vertex 69.14386290252017 7.2740183994959615 5
      vertex 69.02252142541195 7.256019091659754 5
    endloop
  endfacet
  facet normal 0 0 1
    outer loop
      vertex 69.38772580504033 6.048036798991924 5
      vertex 69.62571169313617 6.107649160669478 5
      vertex 69.37835429045637 7.3451505843608915 5
    endloop
  endfacet
  facet normal 0 0 1
    outer loop
      vertex 69.38772580504033 6.048036798991924 5
      vertex 69.26285584656809 7.303824580334739 5
      vertex 69.14386290252017 7.2740183994959615 5
    endloop
  endfacet
  facet normal 0 0 1
    outer loop
      vertex 69.38772580504033 6.048036798991924 5
      vertex 69.37835429045637 7.3451505843608915 5
      vertex 69.26285584656809 7.303824580334739 5
    endloop
  endfacet
  facet normal 0 0 1
    outer loop
      vertex 69.62571169313617 6.107649160669478 5
      vertex 69.4892459210325 7.397598419564556 5
      vertex 69.37835429045637 7.3451505843608915 5
    endloop
  endfacet
  facet normal 0 0 1
    outer loop
      vertex 69.62571169313617 6.107649160669478 5
      vertex 69.59446279127451 7.460662984621818 5
      vertex 69.4892459210325 7.397598419564556 5
    endloop
  endfacet
  facet normal 0 0 1
    outer loop
      vertex 69.62571169313617 6.107649160669478 5
      vertex 69.85670858091272 6.190301168721783 5
      vertex 69.59446279127451 7.460662984621818 5
    endloop
  endfacet
  facet normal 0 0 1
    outer loop
      vertex 69.85670858091272 6.190301168721783 5
      vertex 70.078491842065 6.295196839129112 5
      vertex 69.7838834764832 7.616116523516816 5
    endloop
  endfacet
  facet normal 0 0 1
    outer loop
      vertex 70.078491842065 6.295196839129112 5
      vertex 70.28892558254901 6.421325969243637 5
      vertex 70.05484941563911 8.021645709543638 5
    endloop
  endfacet
  facet normal 0 0 1
    outer loop
      vertex 67.721508157935 6.295196839129112 5
      vertex 67.79759841956457 7.910754078967503 5
      vertex 67.7451505843609 8.021645709543638 5
    endloop
  endfacet
  facet normal 0 0 1
    outer loop
      vertex 67.721508157935 6.295196839129112 5
      vertex 67.86066298462183 7.8055372087254975 5
      vertex 67.79759841956457 7.910754078967503 5
    endloop
  endfacet
  facet normal 0 0 1
    outer loop
      vertex 67.721508157935 6.295196839129112 5
      vertex 67.7451505843609 8.021645709543638 5
      vertex 67.70382458033474 8.137144153431922 5
    endloop
  endfacet
  facet normal 0 0 1
    outer loop
      vertex 67.721508157935 6.295196839129112 5
      vertex 67.70382458033474 8.137144153431922 5
      vertex 67.67401839949596 8.25613709747984 5
    endloop
  endfacet
  facet normal 0 0 1
    outer loop
      vertex 67.94329141908729 6.190301168721783 5
      vertex 68.01611652351681 7.616116523516816 5
      vertex 67.93373693329659 7.707008394795443 5
    endloop
  endfacet
  facet normal 0 0 1
    outer loop
      vertex 67.94329141908729 6.190301168721783 5
      vertex 67.93373693329659 7.707008394795443 5
      vertex 67.86066298462183 7.8055372087254975 5
    endloop
  endfacet
  facet normal 0 0 1
    outer loop
      vertex 68.17428830686384 6.107649160669478 5
      vertex 68.10700839479544 7.533736933296579 5
      vertex 68.01611652351681 7.616116523516816 5
    endloop
  endfacet
  facet normal 0 0 1
    outer loop
      vertex 68.17428830686384 6.107649160669478 5
      vertex 68.2055372087255 7.460662984621818 5
      vertex 68.10700839479544 7.533736933296579 5
    endloop
  endfacet
  facet normal 0 0 1
    outer loop
      vertex 67.511074417451 6.421325969243637 5
      vertex 67.721508157935 6.295196839129112 5
      vertex 67.511074417451 10.578674030756364 5
    endloop
  endfacet
  facet normal 0 0 1
    outer loop
      vertex 67.721508157935 6.295196839129112 5
      vertex 67.67401839949596 8.25613709747984 5
      vertex 67.65601909165976 8.37747857458805 5
    endloop
  endfacet
  facet normal 0 0 1
    outer loop
      vertex 67.721508157935 6.295196839129112 5
      vertex 67.65601909165976 8.37747857458805 5
      vertex 67.65 8.5 5
    endloop
  endfacet
  facet normal 0 0 1
    outer loop
      vertex 67.721508157935 6.295196839129112 5
      vertex 67.65 8.5 5
      vertex 67.511074417451 10.578674030756364 5
    endloop
  endfacet
  facet normal 0 0 1
    outer loop
      vertex 67.65 8.5 5
      vertex 67.65601909165976 8.62252142541195 5
      vertex 67.511074417451 10.578674030756364 5
    endloop
  endfacet
  facet normal 0 0 1
    outer loop
      vertex 67.65601909165976 8.62252142541195 5
      vertex 67.67401839949596 8.74386290252016 5
      vertex 67.511074417451 10.578674030756364 5
    endloop
  endfacet
  facet normal 0 0 1
    outer loop
      vertex 69.85670858091272 6.190301168721783 5
      vertex 69.69299160520457 7.533736933296579 5
      vertex 69.59446279127451 7.460662984621818 5
    endloop
  endfacet
  facet normal 0 0 1
    outer loop
      vertex 69.85670858091272 6.190301168721783 5
      vertex 69.7838834764832 7.616116523516816 5
      vertex 69.69299160520457 7.533736933296579 5
    endloop
  endfacet
  facet normal 0 0 1
    outer loop
      vertex 70.078491842065 6.295196839129112 5
      vertex 69.86626306670343 7.707008394795443 5
      vertex 69.7838834764832 7.616116523516816 5
    endloop
  endfacet
  facet normal 0 0 1
    outer loop
      vertex 70.078491842065 6.295196839129112 5
      vertex 69.93933701537819 7.8055372087254975 5
      vertex 69.86626306670343 7.707008394795443 5
    endloop
  endfacet
  facet normal 0 0 1
    outer loop
      vertex 70.078491842065 6.295196839129112 5
      vertex 70.00240158043545 7.910754078967503 5
      vertex 69.93933701537819 7.8055372087254975 5
    endloop
  endfacet
  facet normal 0 0 1
    outer loop
      vertex 70.078491842065 6.295196839129112 5
      vertex 70.05484941563911 8.021645709543638 5
      vertex 70.00240158043545 7.910754078967503 5
    endloop
  endfacet
  facet normal 0 0 1
    outer loop
      vertex 70.28892558254901 6.421325969243637 5
      vertex 70.09617541966527 8.137144153431922 5
      vertex 70.05484941563911 8.021645709543638 5
    endloop
  endfacet
  facet normal 0 0 1
    outer loop
      vertex 70.28892558254901 6.421325969243637 5
      vertex 70.12598160050405 8.25613709747984 5
      vertex 70.09617541966527 8.137144153431922 5
    endloop
  endfacet
  facet normal 0 0 1
    outer loop
      vertex 70.28892558254901 6.421325969243637 5
      vertex 70.14398090834025 8.37747857458805 5
      vertex 70.12598160050405 8.25613709747984 5
    endloop
  endfacet
  facet normal 0 0 1
    outer loop
      vertex 70.28892558254901 6.421325969243637 5
      vertex 70.15 8.5 5
      vertex 70.14398090834025 8.37747857458805 5
    endloop
  endfacet
  facet normal 0 0 1
    outer loop
      vertex 70.28892558254901 6.421325969243637 5
      vertex 70.078491842065 10.704803160870888 5
      vertex 70.15 8.5 5
    endloop
  endfacet
  facet normal 0 0 1
    outer loop
      vertex 70.15 8.5 5
      vertex 70.078491842065 10.704803160870888 5
      vertex 70.14398090834025 8.62252142541195 5
    endloop
  endfacet
  facet normal 0 0 1
    outer loop
      vertex 70.12598160050405 8.74386290252016 5
      vertex 70.14398090834025 8.62252142541195 5
      vertex 70.078491842065 10.704803160870888 5
    endloop
  endfacet
  facet normal 0 0 1
    outer loop
      vertex 70.28892558254901 6.421325969243637 5
      vertex 70.28892558254901 10.578674030756364 5
      vertex 70.078491842065 10.704803160870888 5
    endloop
  endfacet
  facet normal 0.5956993044924415 -0.803207531480639 0
    outer loop
      vertex 70.28892558254901 6.421325969243637 2
      vertex 70.48598321040912 6.567473866593158 5
      vertex 70.28892558254901 6.421325969243637 5
    endloop
  endfacet
  facet normal 0.6715589548470124 -0.7409511253549644 0
    outer loop
      vertex 70.48598321040912 6.567473866593158 2
      vertex 70.66776695296637 6.732233047033631 5
      vertex 70.48598321040912 6.567473866593158 5
    endloop
  endfacet
  facet normal 0.7409511253549668 -0.6715589548470099 0
    outer loop
      vertex 70.83252613340684 6.914016789590886 2
      vertex 70.83252613340684 6.914016789590886 5
      vertex 70.66776695296637 6.732233047033631 5
    endloop
  endfacet
  facet normal 0.8032075314806436 -0.595699304492435 0
    outer loop
      vertex 70.97867403075637 7.111074417450995 2
      vertex 70.97867403075637 7.111074417450995 5
      vertex 70.83252613340684 6.914016789590886 5
    endloop
  endfacet
  facet normal 0.8577286100002787 -0.5141027441932109 0
    outer loop
      vertex 71.10480316087089 7.321508157935006 2
      vertex 71.10480316087089 7.321508157935006 5
      vertex 70.97867403075637 7.111074417450995 5
    endloop
  endfacet
  facet normal 0.9039892931234409 -0.42755509343028714 0
    outer loop
      vertex 71.20969883127822 7.543291419087275 2
      vertex 71.20969883127822 7.543291419087275 5
      vertex 71.10480316087089 7.321508157935006 5
    endloop
  endfacet
  facet normal 0.941544065183019 -0.336889853392225 0
    outer loop
      vertex 71.29235083933052 7.774288306863844 2
      vertex 71.29235083933052 7.774288306863844 5
      vertex 71.20969883127822 7.543291419087275 5
    endloop
  endfacet
  facet normal 0.9700312531945465 -0.24298017990325346 0
    outer loop
      vertex 71.35196320100808 8.01227419495968 2
      vertex 71.35196320100808 8.01227419495968 5
      vertex 71.29235083933052 7.774288306863844 5
    endloop
  endfacet
  facet normal 0.9891765099647749 -0.14673047445540235 0
    outer loop
      vertex 71.3879618166805 8.254957149176098 2
      vertex 71.3879618166805 8.254957149176098 5
      vertex 71.35196320100808 8.01227419495968 5
    endloop
  endfacet
  facet normal 0.9987954562051732 -0.04906767432740264 0
    outer loop
      vertex 71.4 8.5 2
      vertex 71.4 8.5 5
      vertex 71.3879618166805 8.254957149176098 5
    endloop
  endfacet
  facet normal 0.9987954562051732 0.04906767432740264 0
    outer loop
      vertex 71.3879618166805 8.745042850823902 2
      vertex 71.3879618166805 8.745042850823902 5
      vertex 71.4 8.5 5
    endloop
  endfacet
  facet normal 0.9891765099647749 0.14673047445540235 0
    outer loop
      vertex 71.35196320100808 8.98772580504032 2
      vertex 71.35196320100808 8.98772580504032 5
      vertex 71.3879618166805 8.745042850823902 5
    endloop
  endfacet
  facet normal 0.9700312531945463 0.24298017990325432 0
    outer loop
      vertex 71.29235083933052 9.225711693136155 2
      vertex 71.29235083933052 9.225711693136155 5
      vertex 71.35196320100808 8.98772580504032 5
    endloop
  endfacet
  facet normal 0 0 1
    outer loop
      vertex 70.28892558254901 6.421325969243637 5
      vertex 70.48598321040912 6.567473866593158 5
      vertex 70.28892558254901 10.578674030756364 5
    endloop
  endfacet
  facet normal 0 0 1
    outer loop
      vertex 70.48598321040912 6.567473866593158 5
      vertex 70.66776695296637 6.732233047033631 5
      vertex 70.48598321040912 10.432526133406842 5
    endloop
  endfacet
  facet normal 0 0 1
    outer loop
      vertex 70.66776695296637 6.732233047033631 5
      vertex 70.83252613340684 6.914016789590886 5
      vertex 70.66776695296637 10.267766952966369 5
    endloop
  endfacet
  facet normal 0 0 1
    outer loop
      vertex 70.83252613340684 6.914016789590886 5
      vertex 70.97867403075637 7.111074417450995 5
      vertex 70.83252613340684 10.085983210409115 5
    endloop
  endfacet
  facet normal 0 0 1
    outer loop
      vertex 70.97867403075637 7.111074417450995 5
      vertex 71.10480316087089 7.321508157935006 5
      vertex 70.97867403075637 9.888925582549005 5
    endloop
  endfacet
  facet normal 0 0 1
    outer loop
      vertex 71.10480316087089 7.321508157935006 5
      vertex 71.20969883127822 7.543291419087275 5
      vertex 71.10480316087089 9.678491842064995 5
    endloop
  endfacet
  facet normal 0 0 1
    outer loop
      vertex 70.48598321040912 6.567473866593158 5
      vertex 70.48598321040912 10.432526133406842 5
      vertex 70.28892558254901 10.578674030756364 5
    endloop
  endfacet
  facet normal 0 0 1
    outer loop
      vertex 70.66776695296637 6.732233047033631 5
      vertex 70.66776695296637 10.267766952966369 5
      vertex 70.48598321040912 10.432526133406842 5
    endloop
  endfacet
  facet normal 0 0 1
    outer loop
      vertex 70.97867403075637 7.111074417450995 5
      vertex 70.97867403075637 9.888925582549005 5
      vertex 70.83252613340684 10.085983210409115 5
    endloop
  endfacet
  facet normal 0 0 1
    outer loop
      vertex 70.83252613340684 6.914016789590886 5
      vertex 70.83252613340684 10.085983210409115 5
      vertex 70.66776695296637 10.267766952966369 5
    endloop
  endfacet
  facet normal 0 0 1
    outer loop
      vertex 71.20969883127822 7.543291419087275 5
      vertex 71.29235083933052 7.774288306863844 5
      vertex 71.20969883127822 9.456708580912725 5
    endloop
  endfacet
  facet normal 0 0 1
    outer loop
      vertex 71.29235083933052 7.774288306863844 5
      vertex 71.35196320100808 8.01227419495968 5
      vertex 71.29235083933052 9.225711693136155 5
    endloop
  endfacet
  facet normal 0 0 1
    outer loop
      vertex 71.35196320100808 8.01227419495968 5
      vertex 71.3879618166805 8.254957149176098 5
      vertex 71.35196320100808 8.98772580504032 5
    endloop
  endfacet
  facet normal 0 0 1
    outer loop
      vertex 71.35196320100808 8.01227419495968 5
      vertex 71.35196320100808 8.98772580504032 5
      vertex 71.29235083933052 9.225711693136155 5
    endloop
  endfacet
  facet normal 0 0 1
    outer loop
      vertex 71.3879618166805 8.254957149176098 5
      vertex 71.4 8.5 5
      vertex 71.3879618166805 8.745042850823902 5
    endloop
  endfacet
  facet normal 0 0 1
    outer loop
      vertex 71.3879618166805 8.254957149176098 5
      vertex 71.3879618166805 8.745042850823902 5
      vertex 71.35196320100808 8.98772580504032 5
    endloop
  endfacet
  facet normal 0 0 1
    outer loop
      vertex 71.20969883127822 7.543291419087275 5
      vertex 71.20969883127822 9.456708580912725 5
      vertex 71.10480316087089 9.678491842064995 5
    endloop
  endfacet
  facet normal 0 0 1
    outer loop
      vertex 71.10480316087089 7.321508157935006 5
      vertex 71.10480316087089 9.678491842064995 5
      vertex 70.97867403075637 9.888925582549005 5
    endloop
  endfacet
  facet normal 0 0 1
    outer loop
      vertex 71.29235083933052 7.774288306863844 5
      vertex 71.29235083933052 9.225711693136155 5
      vertex 71.20969883127822 9.456708580912725 5
    endloop
  endfacet
  facet normal -0.5141027441932294 0.8577286100002673 0
    outer loop
      vertex 67.511074417451 10.578674030756364 2
      vertex 67.511074417451 10.578674030756364 5
      vertex 67.721508157935 10.704803160870888 2
    endloop
  endfacet
  facet normal -0.42755509343026027 0.9039892931234537 0
    outer loop
      vertex 67.721508157935 10.704803160870888 2
      vertex 67.721508157935 10.704803160870888 5
      vertex 67.94329141908729 10.809698831278217 2
    endloop
  endfacet
  facet normal -0.33688985339223576 0.9415440651830151 0
    outer loop
      vertex 67.94329141908729 10.809698831278217 2
      vertex 67.94329141908729 10.809698831278217 5
      vertex 68.17428830686384 10.892350839330522 2
    endloop
  endfacet
  facet normal -0.24298017990326795 0.9700312531945429 0
    outer loop
      vertex 68.17428830686384 10.892350839330522 2
      vertex 68.17428830686384 10.892350839330522 5
      vertex 68.41227419495968 10.951963201008077 2
    endloop
  endfacet
  facet normal -0.1467304744553588 0.9891765099647815 0
    outer loop
      vertex 68.41227419495968 10.951963201008077 2
      vertex 68.41227419495968 10.951963201008077 5
      vertex 68.6549571491761 10.987961816680492 2
    endloop
  endfacet
  facet normal -0.04906767432741602 0.9987954562051725 0
    outer loop
      vertex 68.6549571491761 10.987961816680492 2
      vertex 68.6549571491761 10.987961816680492 5
      vertex 68.9 11 2
    endloop
  endfacet
  facet normal 0.04906767432741602 0.9987954562051725 0
    outer loop
      vertex 68.9 11 2
      vertex 68.9 11 5
      vertex 69.14504285082391 10.987961816680492 2
    endloop
  endfacet
  facet normal 0.1467304744553588 0.9891765099647815 0
    outer loop
      vertex 69.14504285082391 10.987961816680492 2
      vertex 69.14504285082391 10.987961816680492 5
      vertex 69.38772580504033 10.951963201008077 2
    endloop
  endfacet
  facet normal 0.24298017990326795 0.9700312531945429 0
    outer loop
      vertex 69.38772580504033 10.951963201008077 2
      vertex 69.38772580504033 10.951963201008077 5
      vertex 69.62571169313617 10.892350839330522 2
    endloop
  endfacet
  facet normal 0.42755509343026027 0.9039892931234537 0
    outer loop
      vertex 69.85670858091272 10.809698831278217 2
      vertex 69.85670858091272 10.809698831278217 5
      vertex 70.078491842065 10.704803160870888 2
    endloop
  endfacet
  facet normal 0.33688985339223576 0.9415440651830151 -1.4164152328270829e-18
    outer loop
      vertex 69.85670858091272 10.809698831278217 2
      vertex 69.62571169313617 10.892350839330522 2
      vertex 69.62571169313617 10.892350839330522 5
    endloop
  endfacet
  facet normal 0.5141027441932294 0.8577286100002673 0
    outer loop
      vertex 70.078491842065 10.704803160870888 2
      vertex 70.078491842065 10.704803160870888 5
      vertex 70.28892558254901 10.578674030756364 2
    endloop
  endfacet
  facet normal 0.8032075314806449 0.5956993044924334 0
    outer loop
      vertex 70.97867403075637 9.888925582549005 2
      vertex 70.83252613340684 10.085983210409115 2
      vertex 70.97867403075637 9.888925582549005 5
    endloop
  endfacet
  facet normal 0.5956993044924437 0.8032075314806372 0
    outer loop
      vertex 70.28892558254901 10.578674030756364 2
      vertex 70.28892558254901 10.578674030756364 5
      vertex 70.48598321040912 10.432526133406842 2
    endloop
  endfacet
  facet normal 0.6715589548470124 0.7409511253549644 0
    outer loop
      vertex 70.48598321040912 10.432526133406842 2
      vertex 70.48598321040912 10.432526133406842 5
      vertex 70.66776695296637 10.267766952966369 2
    endloop
  endfacet
  facet normal 0.7409511253549651 0.6715589548470117 0
    outer loop
      vertex 70.83252613340684 10.085983210409115 2
      vertex 70.66776695296637 10.267766952966369 2
      vertex 70.83252613340684 10.085983210409115 5
    endloop
  endfacet
  facet normal 0.9039892931234416 0.42755509343028575 0
    outer loop
      vertex 71.20969883127822 9.456708580912725 2
      vertex 71.10480316087089 9.678491842064995 2
      vertex 71.20969883127822 9.456708580912725 5
    endloop
  endfacet
  facet normal 0.8577286100002776 0.5141027441932124 2.0225392283918964e-18
    outer loop
      vertex 70.97867403075637 9.888925582549005 2
      vertex 71.10480316087089 9.678491842064995 5
      vertex 71.10480316087089 9.678491842064995 2
    endloop
  endfacet
  facet normal -0.5141027441932294 0.8577286100002673 0
    outer loop
      vertex 67.721508157935 10.704803160870888 2
      vertex 67.511074417451 10.578674030756364 5
      vertex 67.721508157935 10.704803160870888 5
    endloop
  endfacet
  facet normal -0.42755509343026027 0.9039892931234537 0
    outer loop
      vertex 67.94329141908729 10.809698831278217 2
      vertex 67.721508157935 10.704803160870888 5
      vertex 67.94329141908729 10.809698831278217 5
    endloop
  endfacet
  facet normal -0.33688985339223576 0.9415440651830151 0
    outer loop
      vertex 68.17428830686384 10.892350839330522 2
      vertex 67.94329141908729 10.809698831278217 5
      vertex 68.17428830686384 10.892350839330522 5
    endloop
  endfacet
  facet normal -0.24298017990326795 0.9700312531945429 0
    outer loop
      vertex 68.41227419495968 10.951963201008077 2
      vertex 68.17428830686384 10.892350839330522 5
      vertex 68.41227419495968 10.951963201008077 5
    endloop
  endfacet
  facet normal -0.1467304744553588 0.9891765099647815 0
    outer loop
      vertex 68.6549571491761 10.987961816680492 2
      vertex 68.41227419495968 10.951963201008077 5
      vertex 68.6549571491761 10.987961816680492 5
    endloop
  endfacet
  facet normal -0.04906767432741602 0.9987954562051725 0
    outer loop
      vertex 68.9 11 2
      vertex 68.6549571491761 10.987961816680492 5
      vertex 68.9 11 5
    endloop
  endfacet
  facet normal 0.04906767432741602 0.9987954562051725 0
    outer loop
      vertex 69.14504285082391 10.987961816680492 2
      vertex 68.9 11 5
      vertex 69.14504285082391 10.987961816680492 5
    endloop
  endfacet
  facet normal 0.1467304744553588 0.9891765099647815 0
    outer loop
      vertex 69.38772580504033 10.951963201008077 2
      vertex 69.14504285082391 10.987961816680492 5
      vertex 69.38772580504033 10.951963201008077 5
    endloop
  endfacet
  facet normal 0.24298017990326795 0.9700312531945429 0
    outer loop
      vertex 69.62571169313617 10.892350839330522 2
      vertex 69.38772580504033 10.951963201008077 5
      vertex 69.62571169313617 10.892350839330522 5
    endloop
  endfacet
  facet normal 0.33688985339223576 0.9415440651830151 0
    outer loop
      vertex 69.85670858091272 10.809698831278217 2
      vertex 69.62571169313617 10.892350839330522 5
      vertex 69.85670858091272 10.809698831278217 5
    endloop
  endfacet
  facet normal 0.42755509343026027 0.9039892931234537 0
    outer loop
      vertex 70.078491842065 10.704803160870888 2
      vertex 69.85670858091272 10.809698831278217 5
      vertex 70.078491842065 10.704803160870888 5
    endloop
  endfacet
  facet normal 0.5141027441932294 0.8577286100002673 0
    outer loop
      vertex 70.28892558254901 10.578674030756364 2
      vertex 70.078491842065 10.704803160870888 5
      vertex 70.28892558254901 10.578674030756364 5
    endloop
  endfacet
  facet normal 0 0 1
    outer loop
      vertex 67.67401839949596 8.74386290252016 5
      vertex 67.70382458033474 8.862855846568078 5
      vertex 67.511074417451 10.578674030756364 5
    endloop
  endfacet
  facet normal 0 0 1
    outer loop
      vertex 67.70382458033474 8.862855846568078 5
      vertex 67.7451505843609 8.978354290456362 5
      vertex 67.511074417451 10.578674030756364 5
    endloop
  endfacet
  facet normal 0 0 1
    outer loop
      vertex 67.7451505843609 8.978354290456362 5
      vertex 67.79759841956457 9.089245921032497 5
      vertex 67.721508157935 10.704803160870888 5
    endloop
  endfacet
  facet normal 0 0 1
    outer loop
      vertex 67.79759841956457 9.089245921032497 5
      vertex 67.86066298462183 9.194462791274503 5
      vertex 67.721508157935 10.704803160870888 5
    endloop
  endfacet
  facet normal 0 0 1
    outer loop
      vertex 67.86066298462183 9.194462791274503 5
      vertex 67.93373693329659 9.292991605204557 5
      vertex 67.721508157935 10.704803160870888 5
    endloop
  endfacet
  facet normal 0 0 1
    outer loop
      vertex 67.93373693329659 9.292991605204557 5
      vertex 68.01611652351681 9.383883476483184 5
      vertex 67.721508157935 10.704803160870888 5
    endloop
  endfacet
  facet normal 0 0 1
    outer loop
      vertex 68.01611652351681 9.383883476483184 5
      vertex 68.10700839479544 9.466263066703421 5
      vertex 67.94329141908729 10.809698831278217 5
    endloop
  endfacet
  facet normal 0 0 1
    outer loop
      vertex 68.10700839479544 9.466263066703421 5
      vertex 68.2055372087255 9.539337015378182 5
      vertex 67.94329141908729 10.809698831278217 5
    endloop
  endfacet
  facet normal 0 0 1
    outer loop
      vertex 67.7451505843609 8.978354290456362 5
      vertex 67.721508157935 10.704803160870888 5
      vertex 67.511074417451 10.578674030756364 5
    endloop
  endfacet
  facet normal 0 0 1
    outer loop
      vertex 68.01611652351681 9.383883476483184 5
      vertex 67.94329141908729 10.809698831278217 5
      vertex 67.721508157935 10.704803160870888 5
    endloop
  endfacet
  facet normal 0 0 1
    outer loop
      vertex 68.2055372087255 9.539337015378182 5
      vertex 68.17428830686384 10.892350839330522 5
      vertex 67.94329141908729 10.809698831278217 5
    endloop
  endfacet
  facet normal 0 0 1
    outer loop
      vertex 68.2055372087255 9.539337015378182 5
      vertex 68.3107540789675 9.602401580435444 5
      vertex 68.17428830686384 10.892350839330522 5
    endloop
  endfacet
  facet normal 0 0 1
    outer loop
      vertex 68.3107540789675 9.602401580435444 5
      vertex 68.42164570954364 9.65484941563911 5
      vertex 68.17428830686384 10.892350839330522 5
    endloop
  endfacet
  facet normal 0 0 1
    outer loop
      vertex 68.42164570954364 9.65484941563911 5
      vertex 68.53714415343192 9.696175419665261 5
      vertex 68.41227419495968 10.951963201008077 5
    endloop
  endfacet
  facet normal 0 0 1
    outer loop
      vertex 68.53714415343192 9.696175419665261 5
      vertex 68.65613709747984 9.725981600504038 5
      vertex 68.41227419495968 10.951963201008077 5
    endloop
  endfacet
  facet normal 0 0 1
    outer loop
      vertex 68.42164570954364 9.65484941563911 5
      vertex 68.41227419495968 10.951963201008077 5
      vertex 68.17428830686384 10.892350839330522 5
    endloop
  endfacet
  facet normal 0 0 1
    outer loop
      vertex 68.65613709747984 9.725981600504038 5
      vertex 68.77747857458806 9.743980908340246 5
      vertex 68.6549571491761 10.987961816680492 5
    endloop
  endfacet
  facet normal 0 0 1
    outer loop
      vertex 68.77747857458806 9.743980908340246 5
      vertex 68.9 9.75 5
      vertex 68.9 11 5
    endloop
  endfacet
  facet normal 0 0 1
    outer loop
      vertex 68.65613709747984 9.725981600504038 5
      vertex 68.6549571491761 10.987961816680492 5
      vertex 68.41227419495968 10.951963201008077 5
    endloop
  endfacet
  facet normal 0 0 1
    outer loop
      vertex 68.77747857458806 9.743980908340246 5
      vertex 68.9 11 5
      vertex 68.6549571491761 10.987961816680492 5
    endloop
  endfacet
  facet normal 0 0 1
    outer loop
      vertex 68.9 9.75 5
      vertex 69.02252142541195 9.743980908340246 5
      vertex 68.9 11 5
    endloop
  endfacet
  facet normal 0 0 1
    outer loop
      vertex 69.02252142541195 9.743980908340246 5
      vertex 69.14386290252017 9.725981600504038 5
      vertex 69.14504285082391 10.987961816680492 5
    endloop
  endfacet
  facet normal 0 0 1
    outer loop
      vertex 69.14386290252017 9.725981600504038 5
      vertex 69.26285584656809 9.696175419665261 5
      vertex 69.14504285082391 10.987961816680492 5
    endloop
  endfacet
  facet normal 0 0 1
    outer loop
      vertex 69.37835429045637 9.65484941563911 5
      vertex 69.38772580504033 10.951963201008077 5
      vertex 69.26285584656809 9.696175419665261 5
    endloop
  endfacet
  facet normal 0 0 1
    outer loop
      vertex 69.37835429045637 9.65484941563911 5
      vertex 69.4892459210325 9.602401580435444 5
      vertex 69.38772580504033 10.951963201008077 5
    endloop
  endfacet
  facet normal 0 0 1
    outer loop
      vertex 69.4892459210325 9.602401580435444 5
      vertex 69.59446279127451 9.539337015378182 5
      vertex 69.62571169313617 10.892350839330522 5
    endloop
  endfacet
  facet normal 0 0 1
    outer loop
      vertex 69.26285584656809 9.696175419665261 5
      vertex 69.38772580504033 10.951963201008077 5
      vertex 69.14504285082391 10.987961816680492 5
    endloop
  endfacet
  facet normal 0 0 1
    outer loop
      vertex 69.4892459210325 9.602401580435444 5
      vertex 69.62571169313617 10.892350839330522 5
      vertex 69.38772580504033 10.951963201008077 5
    endloop
  endfacet
  facet normal 0 0 1
    outer loop
      vertex 69.69299160520457 9.466263066703421 5
      vertex 69.7838834764832 9.383883476483184 5
      vertex 69.62571169313617 10.892350839330522 5
    endloop
  endfacet
  facet normal 0 0 1
    outer loop
      vertex 69.93933701537819 9.194462791274503 5
      vertex 69.85670858091272 10.809698831278217 5
      vertex 69.86626306670343 9.292991605204557 5
    endloop
  endfacet
  facet normal 0 0 1
    outer loop
      vertex 69.86626306670343 9.292991605204557 5
      vertex 69.85670858091272 10.809698831278217 5
      vertex 69.7838834764832 9.383883476483184 5
    endloop
  endfacet
  facet normal 0 0 1
    outer loop
      vertex 70.12598160050405 8.74386290252016 5
      vertex 70.078491842065 10.704803160870888 5
      vertex 70.09617541966527 8.862855846568078 5
    endloop
  endfacet
  facet normal 0 0 1
    outer loop
      vertex 70.09617541966527 8.862855846568078 5
      vertex 70.078491842065 10.704803160870888 5
      vertex 70.05484941563911 8.978354290456362 5
    endloop
  endfacet
  facet normal 0 0 1
    outer loop
      vertex 70.05484941563911 8.978354290456362 5
      vertex 70.078491842065 10.704803160870888 5
      vertex 70.00240158043545 9.089245921032497 5
    endloop
  endfacet
  facet normal 0 0 1
    outer loop
      vertex 69.93933701537819 9.194462791274503 5
      vertex 70.00240158043545 9.089245921032497 5
      vertex 70.078491842065 10.704803160870888 5
    endloop
  endfacet
  facet normal 0 0 1
    outer loop
      vertex 69.59446279127451 9.539337015378182 5
      vertex 69.69299160520457 9.466263066703421 5
      vertex 69.62571169313617 10.892350839330522 5
    endloop
  endfacet
  facet normal 0 0 1
    outer loop
      vertex 69.93933701537819 9.194462791274503 5
      vertex 70.078491842065 10.704803160870888 5
      vertex 69.85670858091272 10.809698831278217 5
    endloop
  endfacet
  facet normal 0 0 1
    outer loop
      vertex 69.7838834764832 9.383883476483184 5
      vertex 69.85670858091272 10.809698831278217 5
      vertex 69.62571169313617 10.892350839330522 5
    endloop
  endfacet
  facet normal 0 0 1
    outer loop
      vertex 68.9 11 5
      vertex 69.02252142541195 9.743980908340246 5
      vertex 69.14504285082391 10.987961816680492 5
    endloop
  endfacet
  facet normal 0.5956993044924437 0.8032075314806372 0
    outer loop
      vertex 70.48598321040912 10.432526133406842 2
      vertex 70.28892558254901 10.578674030756364 5
      vertex 70.48598321040912 10.432526133406842 5
    endloop
  endfacet
  facet normal 0.6715589548470124 0.7409511253549644 0
    outer loop
      vertex 70.66776695296637 10.267766952966369 2
      vertex 70.48598321040912 10.432526133406842 5
      vertex 70.66776695296637 10.267766952966369 5
    endloop
  endfacet
  facet normal 0.7409511253549651 0.6715589548470117 0
    outer loop
      vertex 70.66776695296637 10.267766952966369 2
      vertex 70.66776695296637 10.267766952966369 5
      vertex 70.83252613340684 10.085983210409115 5
    endloop
  endfacet
  facet normal 0.8032075314806449 0.5956993044924334 0
    outer loop
      vertex 70.83252613340684 10.085983210409115 2
      vertex 70.83252613340684 10.085983210409115 5
      vertex 70.97867403075637 9.888925582549005 5
    endloop
  endfacet
  facet normal 0.9039892931234416 0.42755509343028575 0
    outer loop
      vertex 71.10480316087089 9.678491842064995 2
      vertex 71.10480316087089 9.678491842064995 5
      vertex 71.20969883127822 9.456708580912725 5
    endloop
  endfacet
  facet normal 0.9415440651830195 0.33688985339222377 -5.350784279631115e-19
    outer loop
      vertex 71.29235083933052 9.225711693136155 5
      vertex 71.20969883127822 9.456708580912725 2
      vertex 71.20969883127822 9.456708580912725 5
    endloop
  endfacet
  facet normal 0.8577286100002776 0.5141027441932124 0
    outer loop
      vertex 70.97867403075637 9.888925582549005 2
      vertex 70.97867403075637 9.888925582549005 5
      vertex 71.10480316087089 9.678491842064995 5
    endloop
  endfacet
  facet normal -0.9891765099647813 -0.14673047445535986 0
    outer loop
      vertex 8.412038183319506 8.254957149176098 2
      vertex 8.448036798991922 8.01227419495968 2
      vertex 8.412038183319506 8.254957149176098 5
    endloop
  endfacet
  facet normal -0.9987954562051725 -0.049067674327417085 -1.917621322506856e-19
    outer loop
      vertex 8.412038183319506 8.254957149176098 2
      vertex 8.399999999999999 8.5 5
      vertex 8.399999999999999 8.5 2
    endloop
  endfacet
  facet normal -0.9987954562051725 0.049067674327417085 1.917621322506856e-19
    outer loop
      vertex 8.399999999999999 8.5 2
      vertex 8.412038183319506 8.745042850823902 5
      vertex 8.412038183319506 8.745042850823902 2
    endloop
  endfacet
  facet normal -0.9891765099647813 0.14673047445535986 5.58258284853329e-19
    outer loop
      vertex 8.412038183319506 8.745042850823902 2
      vertex 8.448036798991922 8.98772580504032 5
      vertex 8.448036798991922 8.98772580504032 2
    endloop
  endfacet
  facet normal -0.7409511253549597 -0.6715589548470179 -5.8534062065741555e-19
    outer loop
      vertex 9.13223304703363 6.732233047033631 2
      vertex 8.967473866593156 6.914016789590886 5
      vertex 8.967473866593156 6.914016789590886 2
    endloop
  endfacet
  facet normal -0.5141027441932258 -0.8577286100002697 3.4824576228747605e-19
    outer loop
      vertex 9.511074417450994 6.421325969243637 2
      vertex 9.721508157935004 6.295196839129112 2
      vertex 9.721508157935004 6.295196839129112 5
    endloop
  endfacet
  facet normal -0.6715589548470197 -0.7409511253549579 2.55371098598766e-19
    outer loop
      vertex 9.13223304703363 6.732233047033631 2
      vertex 9.314016789590884 6.567473866593158 2
      vertex 9.314016789590884 6.567473866593158 5
    endloop
  endfacet
  facet normal -0.595699304492431 -0.8032075314806466 0
    outer loop
      vertex 9.511074417450994 6.421325969243637 2
      vertex 9.511074417450994 6.421325969243637 5
      vertex 9.314016789590884 6.567473866593158 2
    endloop
  endfacet
  facet normal -0.3368898533922174 -0.9415440651830217 0
    outer loop
      vertex 10.174288306863843 6.107649160669478 2
      vertex 10.174288306863843 6.107649160669478 5
      vertex 9.943291419087274 6.190301168721783 2
    endloop
  endfacet
  facet normal -0.42755509343027986 -0.9039892931234444 -6.488372371531314e-19
    outer loop
      vertex 9.721508157935004 6.295196839129112 2
      vertex 9.943291419087274 6.190301168721783 2
      vertex 9.943291419087274 6.190301168721783 5
    endloop
  endfacet
  facet normal -0.24298017990326456 -0.9700312531945438 -1.9199773854802772e-19
    outer loop
      vertex 10.174288306863843 6.107649160669478 2
      vertex 10.412274194959679 6.048036798991924 2
      vertex 10.412274194959679 6.048036798991924 5
    endloop
  endfacet
  facet normal -0.14673047445536339 -0.9891765099647808 -1.1561423962755562e-18
    outer loop
      vertex 10.412274194959679 6.048036798991924 2
      vertex 10.654957149176097 6.012038183319508 2
      vertex 10.654957149176097 6.012038183319508 5
    endloop
  endfacet
  facet normal -0.049067674327417085 -0.9987954562051725 -1.917621322506856e-19
    outer loop
      vertex 10.654957149176097 6.012038183319508 2
      vertex 10.899999999999999 6 2
      vertex 10.899999999999999 6 5
    endloop
  endfacet
  facet normal 0.049067674327417085 -0.9987954562051725 1.917621322506856e-19
    outer loop
      vertex 10.899999999999999 6 2
      vertex 11.1450428508239 6.012038183319508 2
      vertex 11.1450428508239 6.012038183319508 5
    endloop
  endfacet
  facet normal -0.8577286100002722 -0.5141027441932216 0
    outer loop
      vertex 8.69519683912911 7.321508157935006 2
      vertex 8.821325969243635 7.111074417450995 2
      vertex 8.69519683912911 7.321508157935006 5
    endloop
  endfacet
  facet normal -0.9039892931234438 -0.42755509343028125 -1.340394946593014e-18
    outer loop
      vertex 8.69519683912911 7.321508157935006 2
      vertex 8.590301168721782 7.543291419087275 5
      vertex 8.590301168721782 7.543291419087275 2
    endloop
  endfacet
  facet normal -0.8032075314806436 -0.595699304492435 -1.1431233591961666e-18
    outer loop
      vertex 8.967473866593156 6.914016789590886 2
      vertex 8.821325969243635 7.111074417450995 5
      vertex 8.821325969243635 7.111074417450995 2
    endloop
  endfacet
  facet normal -0.9415440651830214 -0.33688985339221855 1.4886640567918799e-18
    outer loop
      vertex 8.590301168721782 7.543291419087275 2
      vertex 8.507649160669477 7.774288306863844 5
      vertex 8.507649160669477 7.774288306863844 2
    endloop
  endfacet
  facet normal -0.9700312531945432 -0.24298017990326712 -1.0647717180003909e-18
    outer loop
      vertex 8.507649160669477 7.774288306863844 2
      vertex 8.448036798991922 8.01227419495968 5
      vertex 8.448036798991922 8.01227419495968 2
    endloop
  endfacet
  facet normal -0.9700312531945429 0.24298017990326795 -1.6442710105914624e-19
    outer loop
      vertex 8.448036798991922 8.98772580504032 2
      vertex 8.507649160669477 9.225711693136155 5
      vertex 8.507649160669477 9.225711693136155 2
    endloop
  endfacet
  facet normal -0.9891765099647813 -0.14673047445535986 0
    outer loop
      vertex 8.448036798991922 8.01227419495968 2
      vertex 8.448036798991922 8.01227419495968 5
      vertex 8.412038183319506 8.254957149176098 5
    endloop
  endfacet
  facet normal -0.9987954562051725 -0.049067674327417085 0
    outer loop
      vertex 8.412038183319506 8.254957149176098 2
      vertex 8.412038183319506 8.254957149176098 5
      vertex 8.399999999999999 8.5 5
    endloop
  endfacet
  facet normal -0.9987954562051725 0.049067674327417085 0
    outer loop
      vertex 8.399999999999999 8.5 2
      vertex 8.399999999999999 8.5 5
      vertex 8.412038183319506 8.745042850823902 5
    endloop
  endfacet
  facet normal -0.9891765099647813 0.14673047445535986 0
    outer loop
      vertex 8.412038183319506 8.745042850823902 2
      vertex 8.412038183319506 8.745042850823902 5
      vertex 8.448036798991922 8.98772580504032 5
    endloop
  endfacet
  facet normal 0 0 1
    outer loop
      vertex 8.412038183319506 8.254957149176098 5
      vertex 8.448036798991922 8.01227419495968 5
      vertex 8.412038183319506 8.745042850823902 5
    endloop
  endfacet
  facet normal 0 0 1
    outer loop
      vertex 8.412038183319506 8.254957149176098 5
      vertex 8.412038183319506 8.745042850823902 5
      vertex 8.399999999999999 8.5 5
    endloop
  endfacet
  facet normal 0 0 1
    outer loop
      vertex 8.412038183319506 8.745042850823902 5
      vertex 8.448036798991922 8.01227419495968 5
      vertex 8.448036798991922 8.98772580504032 5
    endloop
  endfacet
  facet normal -0.8032075314806436 -0.595699304492435 0
    outer loop
      vertex 8.967473866593156 6.914016789590886 2
      vertex 8.967473866593156 6.914016789590886 5
      vertex 8.821325969243635 7.111074417450995 5
    endloop
  endfacet
  facet normal -0.7409511253549597 -0.6715589548470179 0
    outer loop
      vertex 9.13223304703363 6.732233047033631 2
      vertex 9.13223304703363 6.732233047033631 5
      vertex 8.967473866593156 6.914016789590886 5
    endloop
  endfacet
  facet normal -0.5141027441932258 -0.8577286100002697 0
    outer loop
      vertex 9.511074417450994 6.421325969243637 2
      vertex 9.721508157935004 6.295196839129112 5
      vertex 9.511074417450994 6.421325969243637 5
    endloop
  endfacet
  facet normal -0.42755509343027986 -0.9039892931234444 0
    outer loop
      vertex 9.721508157935004 6.295196839129112 2
      vertex 9.943291419087274 6.190301168721783 5
      vertex 9.721508157935004 6.295196839129112 5
    endloop
  endfacet
  facet normal -0.6715589548470197 -0.7409511253549579 0
    outer loop
      vertex 9.13223304703363 6.732233047033631 2
      vertex 9.314016789590884 6.567473866593158 5
      vertex 9.13223304703363 6.732233047033631 5
    endloop
  endfacet
  facet normal -0.595699304492431 -0.8032075314806466 0
    outer loop
      vertex 9.314016789590884 6.567473866593158 2
      vertex 9.511074417450994 6.421325969243637 5
      vertex 9.314016789590884 6.567473866593158 5
    endloop
  endfacet
  facet normal -0.3368898533922174 -0.9415440651830217 0
    outer loop
      vertex 9.943291419087274 6.190301168721783 2
      vertex 10.174288306863843 6.107649160669478 5
      vertex 9.943291419087274 6.190301168721783 5
    endloop
  endfacet
  facet normal -0.24298017990326456 -0.9700312531945438 0
    outer loop
      vertex 10.174288306863843 6.107649160669478 2
      vertex 10.412274194959679 6.048036798991924 5
      vertex 10.174288306863843 6.107649160669478 5
    endloop
  endfacet
  facet normal -0.14673047445536339 -0.9891765099647808 0
    outer loop
      vertex 10.412274194959679 6.048036798991924 2
      vertex 10.654957149176097 6.012038183319508 5
      vertex 10.412274194959679 6.048036798991924 5
    endloop
  endfacet
  facet normal -0.049067674327417085 -0.9987954562051725 0
    outer loop
      vertex 10.654957149176097 6.012038183319508 2
      vertex 10.899999999999999 6 5
      vertex 10.654957149176097 6.012038183319508 5
    endloop
  endfacet
  facet normal 0.049067674327417085 -0.9987954562051725 0
    outer loop
      vertex 10.899999999999999 6 2
      vertex 11.1450428508239 6.012038183319508 5
      vertex 10.899999999999999 6 5
    endloop
  endfacet
  facet normal 0.14673047445536339 -0.9891765099647808 0
    outer loop
      vertex 11.1450428508239 6.012038183319508 2
      vertex 11.387725805040319 6.048036798991924 5
      vertex 11.1450428508239 6.012038183319508 5
    endloop
  endfacet
  facet normal 0 0 1
    outer loop
      vertex 9.721508157935004 6.295196839129112 5
      vertex 9.943291419087274 6.190301168721783 5
      vertex 9.860662984621817 7.8055372087254975 5
    endloop
  endfacet
  facet normal 0 0 1
    outer loop
      vertex 10.174288306863843 6.107649160669478 5
      vertex 10.016116523516814 7.616116523516816 5
      vertex 9.943291419087274 6.190301168721783 5
    endloop
  endfacet
  facet normal 0 0 1
    outer loop
      vertex 10.174288306863843 6.107649160669478 5
      vertex 10.412274194959679 6.048036798991924 5
      vertex 10.310754078967502 7.397598419564556 5
    endloop
  endfacet
  facet normal 0 0 1
    outer loop
      vertex 10.412274194959679 6.048036798991924 5
      vertex 10.654957149176097 6.012038183319508 5
      vertex 10.537144153431921 7.303824580334739 5
    endloop
  endfacet
  facet normal 0 0 1
    outer loop
      vertex 10.174288306863843 6.107649160669478 5
      vertex 10.310754078967502 7.397598419564556 5
      vertex 10.205537208725495 7.460662984621818 5
    endloop
  endfacet
  facet normal 0 0 1
    outer loop
      vertex 10.412274194959679 6.048036798991924 5
      vertex 10.421645709543636 7.3451505843608915 5
      vertex 10.310754078967502 7.397598419564556 5
    endloop
  endfacet
  facet normal 0 0 1
    outer loop
      vertex 10.412274194959679 6.048036798991924 5
      vertex 10.537144153431921 7.303824580334739 5
      vertex 10.421645709543636 7.3451505843608915 5
    endloop
  endfacet
  facet normal 0 0 1
    outer loop
      vertex 10.654957149176097 6.012038183319508 5
      vertex 10.899999999999999 6 5
      vertex 10.777478574588049 7.256019091659754 5
    endloop
  endfacet
  facet normal 0 0 1
    outer loop
      vertex 10.899999999999999 6 5
      vertex 11.1450428508239 6.012038183319508 5
      vertex 11.022521425411949 7.256019091659754 5
    endloop
  endfacet
  facet normal 0 0 1
    outer loop
      vertex 11.1450428508239 6.012038183319508 5
      vertex 11.387725805040319 6.048036798991924 5
      vertex 11.143862902520159 7.2740183994959615 5
    endloop
  endfacet
  facet normal 0 0 1
    outer loop
      vertex 10.654957149176097 6.012038183319508 5
      vertex 10.656137097479839 7.2740183994959615 5
      vertex 10.537144153431921 7.303824580334739 5
    endloop
  endfacet
  facet normal 0 0 1
    outer loop
      vertex 10.654957149176097 6.012038183319508 5
      vertex 10.777478574588049 7.256019091659754 5
      vertex 10.656137097479839 7.2740183994959615 5
    endloop
  endfacet
  facet normal 0 0 1
    outer loop
      vertex 10.899999999999999 6 5
      vertex 10.899999999999999 7.25 5
      vertex 10.777478574588049 7.256019091659754 5
    endloop
  endfacet
  facet normal 0 0 1
    outer loop
      vertex 10.899999999999999 6 5
      vertex 11.022521425411949 7.256019091659754 5
      vertex 10.899999999999999 7.25 5
    endloop
  endfacet
  facet normal 0 0 1
    outer loop
      vertex 11.1450428508239 6.012038183319508 5
      vertex 11.143862902520159 7.2740183994959615 5
      vertex 11.022521425411949 7.256019091659754 5
    endloop
  endfacet
  facet normal -0.8577286100002722 -0.5141027441932216 0
    outer loop
      vertex 8.821325969243635 7.111074417450995 2
      vertex 8.821325969243635 7.111074417450995 5
      vertex 8.69519683912911 7.321508157935006 5
    endloop
  endfacet
  facet normal -0.9039892931234438 -0.42755509343028125 0
    outer loop
      vertex 8.69519683912911 7.321508157935006 2
      vertex 8.69519683912911 7.321508157935006 5
      vertex 8.590301168721782 7.543291419087275 5
    endloop
  endfacet
  facet normal -0.9415440651830214 -0.33688985339221855 0
    outer loop
      vertex 8.590301168721782 7.543291419087275 2
      vertex 8.590301168721782 7.543291419087275 5
      vertex 8.507649160669477 7.774288306863844 5
    endloop
  endfacet
  facet normal -0.9700312531945432 -0.24298017990326712 0
    outer loop
      vertex 8.507649160669477 7.774288306863844 2
      vertex 8.507649160669477 7.774288306863844 5
      vertex 8.448036798991922 8.01227419495968 5
    endloop
  endfacet
  facet normal -0.9700312531945429 0.24298017990326795 0
    outer loop
      vertex 8.448036798991922 8.98772580504032 2
      vertex 8.448036798991922 8.98772580504032 5
      vertex 8.507649160669477 9.225711693136155 5
    endloop
  endfacet
  facet normal -0.9415440651830217 0.3368898533922174 0
    outer loop
      vertex 8.507649160669477 9.225711693136155 2
      vertex 8.507649160669477 9.225711693136155 5
      vertex 8.590301168721782 9.456708580912725 5
    endloop
  endfacet
  facet normal 0 0 1
    outer loop
      vertex 8.590301168721782 7.543291419087275 5
      vertex 8.507649160669477 9.225711693136155 5
      vertex 8.507649160669477 7.774288306863844 5
    endloop
  endfacet
  facet normal 0 0 1
    outer loop
      vertex 8.69519683912911 7.321508157935006 5
      vertex 8.821325969243635 7.111074417450995 5
      vertex 8.69519683912911 9.678491842064995 5
    endloop
  endfacet
  facet normal 0 0 1
    outer loop
      vertex 8.69519683912911 7.321508157935006 5
      vertex 8.590301168721782 9.456708580912725 5
      vertex 8.590301168721782 7.543291419087275 5
    endloop
  endfacet
  facet normal 0 0 1
    outer loop
      vertex 8.967473866593156 6.914016789590886 5
      vertex 8.821325969243635 9.888925582549005 5
      vertex 8.821325969243635 7.111074417450995 5
    endloop
  endfacet
  facet normal 0 0 1
    outer loop
      vertex 9.13223304703363 6.732233047033631 5
      vertex 8.967473866593156 10.085983210409115 5
      vertex 8.967473866593156 6.914016789590886 5
    endloop
  endfacet
  facet normal 0 0 1
    outer loop
      vertex 9.721508157935004 6.295196839129112 5
      vertex 9.797598419564554 7.910754078967503 5
      vertex 9.74515058436089 8.021645709543638 5
    endloop
  endfacet
  facet normal 0 0 1
    outer loop
      vertex 9.721508157935004 6.295196839129112 5
      vertex 9.860662984621817 7.8055372087254975 5
      vertex 9.797598419564554 7.910754078967503 5
    endloop
  endfacet
  facet normal 0 0 1
    outer loop
      vertex 9.721508157935004 6.295196839129112 5
      vertex 9.74515058436089 8.021645709543638 5
      vertex 9.703824580334738 8.137144153431922 5
    endloop
  endfacet
  facet normal 0 0 1
    outer loop
      vertex 9.721508157935004 6.295196839129112 5
      vertex 9.703824580334738 8.137144153431922 5
      vertex 9.67401839949596 8.25613709747984 5
    endloop
  endfacet
  facet normal 0 0 1
    outer loop
      vertex 9.13223304703363 6.732233047033631 5
      vertex 9.314016789590884 6.567473866593158 5
      vertex 9.13223304703363 10.267766952966369 5
    endloop
  endfacet
  facet normal 0 0 1
    outer loop
      vertex 9.511074417450994 6.421325969243637 5
      vertex 9.314016789590884 10.432526133406842 5
      vertex 9.314016789590884 6.567473866593158 5
    endloop
  endfacet
  facet normal 0 0 1
    outer loop
      vertex 9.511074417450994 6.421325969243637 5
      vertex 9.721508157935004 6.295196839129112 5
      vertex 9.511074417450994 10.578674030756364 5
    endloop
  endfacet
  facet normal 0 0 1
    outer loop
      vertex 9.721508157935004 6.295196839129112 5
      vertex 9.67401839949596 8.25613709747984 5
      vertex 9.656019091659752 8.37747857458805 5
    endloop
  endfacet
  facet normal 0 0 1
    outer loop
      vertex 9.721508157935004 6.295196839129112 5
      vertex 9.656019091659752 8.37747857458805 5
      vertex 9.649999999999999 8.5 5
    endloop
  endfacet
  facet normal 0 0 1
    outer loop
      vertex 8.507649160669477 7.774288306863844 5
      vertex 8.448036798991922 8.98772580504032 5
      vertex 8.448036798991922 8.01227419495968 5
    endloop
  endfacet
  facet normal 0 0 1
    outer loop
      vertex 8.507649160669477 7.774288306863844 5
      vertex 8.507649160669477 9.225711693136155 5
      vertex 8.448036798991922 8.98772580504032 5
    endloop
  endfacet
  facet normal 0 0 1
    outer loop
      vertex 8.590301168721782 7.543291419087275 5
      vertex 8.590301168721782 9.456708580912725 5
      vertex 8.507649160669477 9.225711693136155 5
    endloop
  endfacet
  facet normal 0 0 1
    outer loop
      vertex 8.69519683912911 7.321508157935006 5
      vertex 8.69519683912911 9.678491842064995 5
      vertex 8.590301168721782 9.456708580912725 5
    endloop
  endfacet
  facet normal 0 0 1
    outer loop
      vertex 8.821325969243635 7.111074417450995 5
      vertex 8.821325969243635 9.888925582549005 5
      vertex 8.69519683912911 9.678491842064995 5
    endloop
  endfacet
  facet normal 0 0 1
    outer loop
      vertex 8.967473866593156 6.914016789590886 5
      vertex 8.967473866593156 10.085983210409115 5
      vertex 8.821325969243635 9.888925582549005 5
    endloop
  endfacet
  facet normal 0 0 1
    outer loop
      vertex 9.13223304703363 6.732233047033631 5
      vertex 9.13223304703363 10.267766952966369 5
      vertex 8.967473866593156 10.085983210409115 5
    endloop
  endfacet
  facet normal 0 0 1
    outer loop
      vertex 9.721508157935004 6.295196839129112 5
      vertex 9.649999999999999 8.5 5
      vertex 9.511074417450994 10.578674030756364 5
    endloop
  endfacet
  facet normal 0 0 1
    outer loop
      vertex 9.314016789590884 6.567473866593158 5
      vertex 9.314016789590884 10.432526133406842 5
      vertex 9.13223304703363 10.267766952966369 5
    endloop
  endfacet
  facet normal 0 0 1
    outer loop
      vertex 9.511074417450994 6.421325969243637 5
      vertex 9.511074417450994 10.578674030756364 5
      vertex 9.314016789590884 10.432526133406842 5
    endloop
  endfacet
  facet normal 0 0 1
    outer loop
      vertex 9.649999999999999 8.5 5
      vertex 9.656019091659752 8.62252142541195 5
      vertex 9.511074417450994 10.578674030756364 5
    endloop
  endfacet
  facet normal 0 0 1
    outer loop
      vertex 9.656019091659752 8.62252142541195 5
      vertex 9.67401839949596 8.74386290252016 5
      vertex 9.511074417450994 10.578674030756364 5
    endloop
  endfacet
  facet normal 0 0 1
    outer loop
      vertex 9.943291419087274 6.190301168721783 5
      vertex 10.016116523516814 7.616116523516816 5
      vertex 9.933736933296577 7.707008394795443 5
    endloop
  endfacet
  facet normal 0 0 1
    outer loop
      vertex 9.943291419087274 6.190301168721783 5
      vertex 9.933736933296577 7.707008394795443 5
      vertex 9.860662984621817 7.8055372087254975 5
    endloop
  endfacet
  facet normal 0 0 1
    outer loop
      vertex 10.174288306863843 6.107649160669478 5
      vertex 10.107008394795441 7.533736933296579 5
      vertex 10.016116523516814 7.616116523516816 5
    endloop
  endfacet
  facet normal 0 0 1
    outer loop
      vertex 10.174288306863843 6.107649160669478 5
      vertex 10.205537208725495 7.460662984621818 5
      vertex 10.107008394795441 7.533736933296579 5
    endloop
  endfacet
  facet normal -0.9415440651830217 0.3368898533922174 -7.395708727764343e-19
    outer loop
      vertex 8.507649160669477 9.225711693136155 2
      vertex 8.590301168721782 9.456708580912725 5
      vertex 8.590301168721782 9.456708580912725 2
    endloop
  endfacet
  facet normal -0.9039892931234444 0.42755509343027986 6.488372371531314e-19
    outer loop
      vertex 8.590301168721782 9.456708580912725 2
      vertex 8.69519683912911 9.678491842064995 5
      vertex 8.69519683912911 9.678491842064995 2
    endloop
  endfacet
  facet normal -0.8577286100002712 0.5141027441932231 2.5966068114835034e-19
    outer loop
      vertex 8.69519683912911 9.678491842064995 2
      vertex 8.821325969243635 9.888925582549005 5
      vertex 8.821325969243635 9.888925582549005 2
    endloop
  endfacet
  facet normal -0.8032075314806449 0.5956993044924334 -1.6198303120583496e-18
    outer loop
      vertex 8.821325969243635 9.888925582549005 2
      vertex 8.967473866593156 10.085983210409115 5
      vertex 8.967473866593156 10.085983210409115 2
    endloop
  endfacet
  facet normal -0.7409511253549579 0.6715589548470197 -2.55371098598766e-19
    outer loop
      vertex 8.967473866593156 10.085983210409115 2
      vertex 9.13223304703363 10.267766952966369 5
      vertex 9.13223304703363 10.267766952966369 2
    endloop
  endfacet
  facet normal -0.6715589548470197 0.7409511253549579 0
    outer loop
      vertex 9.13223304703363 10.267766952966369 2
      vertex 9.13223304703363 10.267766952966369 5
      vertex 9.314016789590884 10.432526133406842 2
    endloop
  endfacet
  facet normal -0.5956993044924334 0.8032075314806449 0
    outer loop
      vertex 9.314016789590884 10.432526133406842 2
      vertex 9.314016789590884 10.432526133406842 5
      vertex 9.511074417450994 10.578674030756364 2
    endloop
  endfacet
  facet normal -0.5141027441932231 0.8577286100002712 0
    outer loop
      vertex 9.511074417450994 10.578674030756364 2
      vertex 9.511074417450994 10.578674030756364 5
      vertex 9.721508157935004 10.704803160870888 2
    endloop
  endfacet
  facet normal -0.42755509343027986 0.9039892931234444 0
    outer loop
      vertex 9.721508157935004 10.704803160870888 2
      vertex 9.721508157935004 10.704803160870888 5
      vertex 9.943291419087274 10.809698831278217 2
    endloop
  endfacet
  facet normal -0.3368898533922174 0.9415440651830217 0
    outer loop
      vertex 9.943291419087274 10.809698831278217 2
      vertex 9.943291419087274 10.809698831278217 5
      vertex 10.174288306863843 10.892350839330522 2
    endloop
  endfacet
  facet normal -0.24298017990326795 0.9700312531945429 0
    outer loop
      vertex 10.174288306863843 10.892350839330522 2
      vertex 10.174288306863843 10.892350839330522 5
      vertex 10.412274194959679 10.951963201008077 2
    endloop
  endfacet
  facet normal -0.14673047445535986 0.9891765099647813 0
    outer loop
      vertex 10.412274194959679 10.951963201008077 2
      vertex 10.412274194959679 10.951963201008077 5
      vertex 10.654957149176097 10.987961816680492 2
    endloop
  endfacet
  facet normal -0.049067674327417085 0.9987954562051725 0
    outer loop
      vertex 10.654957149176097 10.987961816680492 2
      vertex 10.654957149176097 10.987961816680492 5
      vertex 10.899999999999999 11 2
    endloop
  endfacet
  facet normal 0.049067674327417085 0.9987954562051725 0
    outer loop
      vertex 10.899999999999999 11 2
      vertex 10.899999999999999 11 5
      vertex 11.1450428508239 10.987961816680492 2
    endloop
  endfacet
  facet normal 0.14673047445535986 0.9891765099647813 0
    outer loop
      vertex 11.1450428508239 10.987961816680492 2
      vertex 11.1450428508239 10.987961816680492 5
      vertex 11.387725805040319 10.951963201008077 2
    endloop
  endfacet
  facet normal -0.9039892931234444 0.42755509343027986 0
    outer loop
      vertex 8.590301168721782 9.456708580912725 2
      vertex 8.590301168721782 9.456708580912725 5
      vertex 8.69519683912911 9.678491842064995 5
    endloop
  endfacet
  facet normal -0.8577286100002712 0.5141027441932231 0
    outer loop
      vertex 8.69519683912911 9.678491842064995 2
      vertex 8.69519683912911 9.678491842064995 5
      vertex 8.821325969243635 9.888925582549005 5
    endloop
  endfacet
  facet normal -0.8032075314806449 0.5956993044924334 0
    outer loop
      vertex 8.821325969243635 9.888925582549005 2
      vertex 8.821325969243635 9.888925582549005 5
      vertex 8.967473866593156 10.085983210409115 5
    endloop
  endfacet
  facet normal -0.7409511253549579 0.6715589548470197 0
    outer loop
      vertex 8.967473866593156 10.085983210409115 2
      vertex 8.967473866593156 10.085983210409115 5
      vertex 9.13223304703363 10.267766952966369 5
    endloop
  endfacet
  facet normal -0.6715589548470197 0.7409511253549579 0
    outer loop
      vertex 9.314016789590884 10.432526133406842 2
      vertex 9.13223304703363 10.267766952966369 5
      vertex 9.314016789590884 10.432526133406842 5
    endloop
  endfacet
  facet normal -0.5956993044924334 0.8032075314806449 0
    outer loop
      vertex 9.511074417450994 10.578674030756364 2
      vertex 9.314016789590884 10.432526133406842 5
      vertex 9.511074417450994 10.578674030756364 5
    endloop
  endfacet
  facet normal -0.5141027441932231 0.8577286100002712 0
    outer loop
      vertex 9.721508157935004 10.704803160870888 2
      vertex 9.511074417450994 10.578674030756364 5
      vertex 9.721508157935004 10.704803160870888 5
    endloop
  endfacet
  facet normal -0.42755509343027986 0.9039892931234444 0
    outer loop
      vertex 9.943291419087274 10.809698831278217 2
      vertex 9.721508157935004 10.704803160870888 5
      vertex 9.943291419087274 10.809698831278217 5
    endloop
  endfacet
  facet normal -0.3368898533922174 0.9415440651830217 0
    outer loop
      vertex 10.174288306863843 10.892350839330522 2
      vertex 9.943291419087274 10.809698831278217 5
      vertex 10.174288306863843 10.892350839330522 5
    endloop
  endfacet
  facet normal -0.24298017990326795 0.9700312531945429 0
    outer loop
      vertex 10.412274194959679 10.951963201008077 2
      vertex 10.174288306863843 10.892350839330522 5
      vertex 10.412274194959679 10.951963201008077 5
    endloop
  endfacet
  facet normal -0.14673047445535986 0.9891765099647813 0
    outer loop
      vertex 10.654957149176097 10.987961816680492 2
      vertex 10.412274194959679 10.951963201008077 5
      vertex 10.654957149176097 10.987961816680492 5
    endloop
  endfacet
  facet normal -0.049067674327417085 0.9987954562051725 0
    outer loop
      vertex 10.899999999999999 11 2
      vertex 10.654957149176097 10.987961816680492 5
      vertex 10.899999999999999 11 5
    endloop
  endfacet
  facet normal 0.049067674327417085 0.9987954562051725 0
    outer loop
      vertex 11.1450428508239 10.987961816680492 2
      vertex 10.899999999999999 11 5
      vertex 11.1450428508239 10.987961816680492 5
    endloop
  endfacet
  facet normal 0 0 1
    outer loop
      vertex 9.67401839949596 8.74386290252016 5
      vertex 9.703824580334738 8.862855846568078 5
      vertex 9.511074417450994 10.578674030756364 5
    endloop
  endfacet
  facet normal 0 0 1
    outer loop
      vertex 9.703824580334738 8.862855846568078 5
      vertex 9.74515058436089 8.978354290456362 5
      vertex 9.511074417450994 10.578674030756364 5
    endloop
  endfacet
  facet normal 0 0 1
    outer loop
      vertex 9.74515058436089 8.978354290456362 5
      vertex 9.797598419564554 9.089245921032497 5
      vertex 9.721508157935004 10.704803160870888 5
    endloop
  endfacet
  facet normal 0 0 1
    outer loop
      vertex 9.797598419564554 9.089245921032497 5
      vertex 9.860662984621817 9.194462791274503 5
      vertex 9.721508157935004 10.704803160870888 5
    endloop
  endfacet
  facet normal 0 0 1
    outer loop
      vertex 9.860662984621817 9.194462791274503 5
      vertex 9.933736933296577 9.292991605204557 5
      vertex 9.721508157935004 10.704803160870888 5
    endloop
  endfacet
  facet normal 0 0 1
    outer loop
      vertex 9.74515058436089 8.978354290456362 5
      vertex 9.721508157935004 10.704803160870888 5
      vertex 9.511074417450994 10.578674030756364 5
    endloop
  endfacet
  facet normal 0 0 1
    outer loop
      vertex 9.933736933296577 9.292991605204557 5
      vertex 10.016116523516814 9.383883476483184 5
      vertex 9.721508157935004 10.704803160870888 5
    endloop
  endfacet
  facet normal 0 0 1
    outer loop
      vertex 10.016116523516814 9.383883476483184 5
      vertex 10.107008394795441 9.466263066703421 5
      vertex 9.943291419087274 10.809698831278217 5
    endloop
  endfacet
  facet normal 0 0 1
    outer loop
      vertex 10.107008394795441 9.466263066703421 5
      vertex 10.205537208725495 9.539337015378182 5
      vertex 9.943291419087274 10.809698831278217 5
    endloop
  endfacet
  facet normal 0 0 1
    outer loop
      vertex 9.721508157935004 10.704803160870888 5
      vertex 10.016116523516814 9.383883476483184 5
      vertex 9.943291419087274 10.809698831278217 5
    endloop
  endfacet
  facet normal 0 0 1
    outer loop
      vertex 10.205537208725495 9.539337015378182 5
      vertex 10.174288306863843 10.892350839330522 5
      vertex 9.943291419087274 10.809698831278217 5
    endloop
  endfacet
  facet normal 0 0 1
    outer loop
      vertex 10.205537208725495 9.539337015378182 5
      vertex 10.310754078967502 9.602401580435444 5
      vertex 10.174288306863843 10.892350839330522 5
    endloop
  endfacet
  facet normal 0 0 1
    outer loop
      vertex 10.310754078967502 9.602401580435444 5
      vertex 10.421645709543636 9.65484941563911 5
      vertex 10.174288306863843 10.892350839330522 5
    endloop
  endfacet
  facet normal 0 0 1
    outer loop
      vertex 10.421645709543636 9.65484941563911 5
      vertex 10.537144153431921 9.696175419665261 5
      vertex 10.412274194959679 10.951963201008077 5
    endloop
  endfacet
  facet normal 0 0 1
    outer loop
      vertex 10.537144153431921 9.696175419665261 5
      vertex 10.656137097479839 9.725981600504038 5
      vertex 10.412274194959679 10.951963201008077 5
    endloop
  endfacet
  facet normal 0 0 1
    outer loop
      vertex 10.421645709543636 9.65484941563911 5
      vertex 10.412274194959679 10.951963201008077 5
      vertex 10.174288306863843 10.892350839330522 5
    endloop
  endfacet
  facet normal 0 0 1
    outer loop
      vertex 10.656137097479839 9.725981600504038 5
      vertex 10.777478574588049 9.743980908340246 5
      vertex 10.654957149176097 10.987961816680492 5
    endloop
  endfacet
  facet normal 0 0 1
    outer loop
      vertex 10.777478574588049 9.743980908340246 5
      vertex 10.899999999999999 9.75 5
      vertex 10.899999999999999 11 5
    endloop
  endfacet
  facet normal 0 0 1
    outer loop
      vertex 10.899999999999999 9.75 5
      vertex 11.022521425411949 9.743980908340246 5
      vertex 10.899999999999999 11 5
    endloop
  endfacet
  facet normal 0 0 1
    outer loop
      vertex 11.022521425411949 9.743980908340246 5
      vertex 11.143862902520159 9.725981600504038 5
      vertex 11.1450428508239 10.987961816680492 5
    endloop
  endfacet
  facet normal 0 0 1
    outer loop
      vertex 11.143862902520159 9.725981600504038 5
      vertex 11.262855846568076 9.696175419665261 5
      vertex 11.1450428508239 10.987961816680492 5
    endloop
  endfacet
  facet normal 0 0 1
    outer loop
      vertex 10.656137097479839 9.725981600504038 5
      vertex 10.654957149176097 10.987961816680492 5
      vertex 10.412274194959679 10.951963201008077 5
    endloop
  endfacet
  facet normal 0 0 1
    outer loop
      vertex 10.777478574588049 9.743980908340246 5
      vertex 10.899999999999999 11 5
      vertex 10.654957149176097 10.987961816680492 5
    endloop
  endfacet
  facet normal 0 0 1
    outer loop
      vertex 11.022521425411949 9.743980908340246 5
      vertex 11.1450428508239 10.987961816680492 5
      vertex 10.899999999999999 11 5
    endloop
  endfacet
  facet normal 0.14673047445536339 -0.9891765099647808 1.1561423962755562e-18
    outer loop
      vertex 11.1450428508239 6.012038183319508 2
      vertex 11.387725805040319 6.048036798991924 2
      vertex 11.387725805040319 6.048036798991924 5
    endloop
  endfacet
  facet normal 0.24298017990326456 -0.9700312531945438 1.9199773854802772e-19
    outer loop
      vertex 11.387725805040319 6.048036798991924 2
      vertex 11.625711693136154 6.107649160669478 2
      vertex 11.625711693136154 6.107649160669478 5
    endloop
  endfacet
  facet normal 0.3368898533922174 -0.9415440651830217 -7.395708727764343e-19
    outer loop
      vertex 11.625711693136154 6.107649160669478 2
      vertex 11.856708580912724 6.190301168721783 2
      vertex 11.856708580912724 6.190301168721783 5
    endloop
  endfacet
  facet normal 0.42755509343027986 -0.9039892931234444 6.488372371531314e-19
    outer loop
      vertex 11.856708580912724 6.190301168721783 2
      vertex 12.078491842064993 6.295196839129112 2
      vertex 12.078491842064993 6.295196839129112 5
    endloop
  endfacet
  facet normal 0.5141027441932258 -0.8577286100002697 -3.4824576228747605e-19
    outer loop
      vertex 12.078491842064993 6.295196839129112 2
      vertex 12.288925582549004 6.421325969243637 2
      vertex 12.288925582549004 6.421325969243637 5
    endloop
  endfacet
  facet normal 0.595699304492431 -0.8032075314806466 9.88080868159857e-19
    outer loop
      vertex 12.288925582549004 6.421325969243637 2
      vertex 12.485983210409113 6.567473866593158 2
      vertex 12.485983210409113 6.567473866593158 5
    endloop
  endfacet
  facet normal 0.6715589548470197 -0.7409511253549579 -2.55371098598766e-19
    outer loop
      vertex 12.485983210409113 6.567473866593158 2
      vertex 12.667766952966367 6.732233047033631 2
      vertex 12.667766952966367 6.732233047033631 5
    endloop
  endfacet
  facet normal 0.7409511253549597 -0.6715589548470179 0
    outer loop
      vertex 12.667766952966367 6.732233047033631 2
      vertex 12.83252613340684 6.914016789590886 2
      vertex 12.667766952966367 6.732233047033631 5
    endloop
  endfacet
  facet normal 0.8032075314806436 -0.595699304492435 0
    outer loop
      vertex 12.83252613340684 6.914016789590886 2
      vertex 12.978674030756363 7.111074417450995 2
      vertex 12.83252613340684 6.914016789590886 5
    endloop
  endfacet
  facet normal 0.8577286100002722 -0.5141027441932216 0
    outer loop
      vertex 12.978674030756363 7.111074417450995 2
      vertex 13.104803160870887 7.321508157935006 2
      vertex 12.978674030756363 7.111074417450995 5
    endloop
  endfacet
  facet normal 0.9039892931234438 -0.42755509343028125 0
    outer loop
      vertex 13.104803160870887 7.321508157935006 2
      vertex 13.209698831278216 7.543291419087275 2
      vertex 13.104803160870887 7.321508157935006 5
    endloop
  endfacet
  facet normal 0.9415440651830214 -0.33688985339221855 0
    outer loop
      vertex 13.209698831278216 7.543291419087275 2
      vertex 13.29235083933052 7.774288306863844 2
      vertex 13.209698831278216 7.543291419087275 5
    endloop
  endfacet
  facet normal 0.9700312531945432 -0.24298017990326712 0
    outer loop
      vertex 13.29235083933052 7.774288306863844 2
      vertex 13.351963201008076 8.01227419495968 2
      vertex 13.29235083933052 7.774288306863844 5
    endloop
  endfacet
  facet normal 0.9891765099647813 -0.14673047445535986 0
    outer loop
      vertex 13.351963201008076 8.01227419495968 2
      vertex 13.387961816680491 8.254957149176098 2
      vertex 13.351963201008076 8.01227419495968 5
    endloop
  endfacet
  facet normal 0.9700312531945429 0.24298017990326795 0
    outer loop
      vertex 13.351963201008076 8.98772580504032 2
      vertex 13.29235083933052 9.225711693136155 2
      vertex 13.351963201008076 8.98772580504032 5
    endloop
  endfacet
  facet normal 0.9415440651830217 0.3368898533922174 0
    outer loop
      vertex 13.29235083933052 9.225711693136155 2
      vertex 13.209698831278216 9.456708580912725 2
      vertex 13.29235083933052 9.225711693136155 5
    endloop
  endfacet
  facet normal 0.9987954562051725 -0.049067674327417085 0
    outer loop
      vertex 13.387961816680491 8.254957149176098 2
      vertex 13.399999999999999 8.5 2
      vertex 13.387961816680491 8.254957149176098 5
    endloop
  endfacet
  facet normal 0.9987954562051725 0.049067674327417085 0
    outer loop
      vertex 13.399999999999999 8.5 2
      vertex 13.387961816680491 8.745042850823902 2
      vertex 13.399999999999999 8.5 5
    endloop
  endfacet
  facet normal 0.9891765099647813 0.14673047445535986 -5.58258284853329e-19
    outer loop
      vertex 13.351963201008076 8.98772580504032 2
      vertex 13.387961816680491 8.745042850823902 5
      vertex 13.387961816680491 8.745042850823902 2
    endloop
  endfacet
  facet normal 0.24298017990326456 -0.9700312531945438 0
    outer loop
      vertex 11.387725805040319 6.048036798991924 2
      vertex 11.625711693136154 6.107649160669478 5
      vertex 11.387725805040319 6.048036798991924 5
    endloop
  endfacet
  facet normal 0.3368898533922174 -0.9415440651830217 0
    outer loop
      vertex 11.625711693136154 6.107649160669478 2
      vertex 11.856708580912724 6.190301168721783 5
      vertex 11.625711693136154 6.107649160669478 5
    endloop
  endfacet
  facet normal 0.42755509343027986 -0.9039892931234444 0
    outer loop
      vertex 11.856708580912724 6.190301168721783 2
      vertex 12.078491842064993 6.295196839129112 5
      vertex 11.856708580912724 6.190301168721783 5
    endloop
  endfacet
  facet normal 0.5141027441932258 -0.8577286100002697 0
    outer loop
      vertex 12.078491842064993 6.295196839129112 2
      vertex 12.288925582549004 6.421325969243637 5
      vertex 12.078491842064993 6.295196839129112 5
    endloop
  endfacet
  facet normal 0.595699304492431 -0.8032075314806466 0
    outer loop
      vertex 12.288925582549004 6.421325969243637 2
      vertex 12.485983210409113 6.567473866593158 5
      vertex 12.288925582549004 6.421325969243637 5
    endloop
  endfacet
  facet normal 0.6715589548470197 -0.7409511253549579 0
    outer loop
      vertex 12.485983210409113 6.567473866593158 2
      vertex 12.667766952966367 6.732233047033631 5
      vertex 12.485983210409113 6.567473866593158 5
    endloop
  endfacet
  facet normal 0.7409511253549597 -0.6715589548470179 0
    outer loop
      vertex 12.83252613340684 6.914016789590886 2
      vertex 12.83252613340684 6.914016789590886 5
      vertex 12.667766952966367 6.732233047033631 5
    endloop
  endfacet
  facet normal 0 0 1
    outer loop
      vertex 11.387725805040319 6.048036798991924 5
      vertex 11.625711693136154 6.107649160669478 5
      vertex 11.378354290456361 7.3451505843608915 5
    endloop
  endfacet
  facet normal 0 0 1
    outer loop
      vertex 11.143862902520159 7.2740183994959615 5
      vertex 11.387725805040319 6.048036798991924 5
      vertex 11.262855846568076 7.303824580334739 5
    endloop
  endfacet
  facet normal 0 0 1
    outer loop
      vertex 11.387725805040319 6.048036798991924 5
      vertex 11.378354290456361 7.3451505843608915 5
      vertex 11.262855846568076 7.303824580334739 5
    endloop
  endfacet
  facet normal 0 0 1
    outer loop
      vertex 11.625711693136154 6.107649160669478 5
      vertex 11.489245921032495 7.397598419564556 5
      vertex 11.378354290456361 7.3451505843608915 5
    endloop
  endfacet
  facet normal 0 0 1
    outer loop
      vertex 11.625711693136154 6.107649160669478 5
      vertex 11.594462791274502 7.460662984621818 5
      vertex 11.489245921032495 7.397598419564556 5
    endloop
  endfacet
  facet normal 0 0 1
    outer loop
      vertex 11.625711693136154 6.107649160669478 5
      vertex 11.856708580912724 6.190301168721783 5
      vertex 11.594462791274502 7.460662984621818 5
    endloop
  endfacet
  facet normal 0 0 1
    outer loop
      vertex 11.856708580912724 6.190301168721783 5
      vertex 12.078491842064993 6.295196839129112 5
      vertex 11.783883476483183 7.616116523516816 5
    endloop
  endfacet
  facet normal 0 0 1
    outer loop
      vertex 12.078491842064993 6.295196839129112 5
      vertex 12.288925582549004 6.421325969243637 5
      vertex 12.054849415639108 8.021645709543638 5
    endloop
  endfacet
  facet normal 0.8032075314806436 -0.595699304492435 0
    outer loop
      vertex 12.978674030756363 7.111074417450995 2
      vertex 12.978674030756363 7.111074417450995 5
      vertex 12.83252613340684 6.914016789590886 5
    endloop
  endfacet
  facet normal 0.8577286100002722 -0.5141027441932216 0
    outer loop
      vertex 13.104803160870887 7.321508157935006 2
      vertex 13.104803160870887 7.321508157935006 5
      vertex 12.978674030756363 7.111074417450995 5
    endloop
  endfacet
  facet normal 0.9039892931234438 -0.42755509343028125 0
    outer loop
      vertex 13.209698831278216 7.543291419087275 2
      vertex 13.209698831278216 7.543291419087275 5
      vertex 13.104803160870887 7.321508157935006 5
    endloop
  endfacet
  facet normal 0.9415440651830214 -0.33688985339221855 0
    outer loop
      vertex 13.29235083933052 7.774288306863844 2
      vertex 13.29235083933052 7.774288306863844 5
      vertex 13.209698831278216 7.543291419087275 5
    endloop
  endfacet
  facet normal 0.9700312531945432 -0.24298017990326712 0
    outer loop
      vertex 13.351963201008076 8.01227419495968 2
      vertex 13.351963201008076 8.01227419495968 5
      vertex 13.29235083933052 7.774288306863844 5
    endloop
  endfacet
  facet normal 0.9891765099647813 -0.14673047445535986 0
    outer loop
      vertex 13.387961816680491 8.254957149176098 2
      vertex 13.387961816680491 8.254957149176098 5
      vertex 13.351963201008076 8.01227419495968 5
    endloop
  endfacet
  facet normal 0.9700312531945429 0.24298017990326795 0
    outer loop
      vertex 13.29235083933052 9.225711693136155 2
      vertex 13.29235083933052 9.225711693136155 5
      vertex 13.351963201008076 8.98772580504032 5
    endloop
  endfacet
  facet normal 0.9987954562051725 -0.049067674327417085 0
    outer loop
      vertex 13.399999999999999 8.5 2
      vertex 13.399999999999999 8.5 5
      vertex 13.387961816680491 8.254957149176098 5
    endloop
  endfacet
  facet normal 0.9987954562051725 0.049067674327417085 0
    outer loop
      vertex 13.387961816680491 8.745042850823902 2
      vertex 13.387961816680491 8.745042850823902 5
      vertex 13.399999999999999 8.5 5
    endloop
  endfacet
  facet normal 0.9891765099647813 0.14673047445535986 0
    outer loop
      vertex 13.351963201008076 8.98772580504032 2
      vertex 13.351963201008076 8.98772580504032 5
      vertex 13.387961816680491 8.745042850823902 5
    endloop
  endfacet
  facet normal 0 0 1
    outer loop
      vertex 11.856708580912724 6.190301168721783 5
      vertex 11.692991605204556 7.533736933296579 5
      vertex 11.594462791274502 7.460662984621818 5
    endloop
  endfacet
  facet normal 0 0 1
    outer loop
      vertex 11.856708580912724 6.190301168721783 5
      vertex 11.783883476483183 7.616116523516816 5
      vertex 11.692991605204556 7.533736933296579 5
    endloop
  endfacet
  facet normal 0 0 1
    outer loop
      vertex 12.078491842064993 6.295196839129112 5
      vertex 11.86626306670342 7.707008394795443 5
      vertex 11.783883476483183 7.616116523516816 5
    endloop
  endfacet
  facet normal 0 0 1
    outer loop
      vertex 12.078491842064993 6.295196839129112 5
      vertex 11.93933701537818 7.8055372087254975 5
      vertex 11.86626306670342 7.707008394795443 5
    endloop
  endfacet
  facet normal 0 0 1
    outer loop
      vertex 12.078491842064993 6.295196839129112 5
      vertex 12.002401580435443 7.910754078967503 5
      vertex 11.93933701537818 7.8055372087254975 5
    endloop
  endfacet
  facet normal 0 0 1
    outer loop
      vertex 12.078491842064993 6.295196839129112 5
      vertex 12.054849415639108 8.021645709543638 5
      vertex 12.002401580435443 7.910754078967503 5
    endloop
  endfacet
  facet normal 0 0 1
    outer loop
      vertex 12.288925582549004 6.421325969243637 5
      vertex 12.09617541966526 8.137144153431922 5
      vertex 12.054849415639108 8.021645709543638 5
    endloop
  endfacet
  facet normal 0 0 1
    outer loop
      vertex 12.288925582549004 6.421325969243637 5
      vertex 12.125981600504037 8.25613709747984 5
      vertex 12.09617541966526 8.137144153431922 5
    endloop
  endfacet
  facet normal 0 0 1
    outer loop
      vertex 12.288925582549004 6.421325969243637 5
      vertex 12.143980908340245 8.37747857458805 5
      vertex 12.125981600504037 8.25613709747984 5
    endloop
  endfacet
  facet normal 0 0 1
    outer loop
      vertex 12.288925582549004 6.421325969243637 5
      vertex 12.149999999999999 8.5 5
      vertex 12.143980908340245 8.37747857458805 5
    endloop
  endfacet
  facet normal 0 0 1
    outer loop
      vertex 12.288925582549004 6.421325969243637 5
      vertex 12.485983210409113 6.567473866593158 5
      vertex 12.288925582549004 10.578674030756364 5
    endloop
  endfacet
  facet normal 0 0 1
    outer loop
      vertex 12.485983210409113 6.567473866593158 5
      vertex 12.667766952966367 6.732233047033631 5
      vertex 12.485983210409113 10.432526133406842 5
    endloop
  endfacet
  facet normal 0 0 1
    outer loop
      vertex 12.288925582549004 6.421325969243637 5
      vertex 12.078491842064993 10.704803160870888 5
      vertex 12.149999999999999 8.5 5
    endloop
  endfacet
  facet normal 0 0 1
    outer loop
      vertex 12.149999999999999 8.5 5
      vertex 12.078491842064993 10.704803160870888 5
      vertex 12.143980908340245 8.62252142541195 5
    endloop
  endfacet
  facet normal 0 0 1
    outer loop
      vertex 12.125981600504037 8.74386290252016 5
      vertex 12.143980908340245 8.62252142541195 5
      vertex 12.078491842064993 10.704803160870888 5
    endloop
  endfacet
  facet normal 0 0 1
    outer loop
      vertex 12.288925582549004 6.421325969243637 5
      vertex 12.288925582549004 10.578674030756364 5
      vertex 12.078491842064993 10.704803160870888 5
    endloop
  endfacet
  facet normal 0 0 1
    outer loop
      vertex 12.485983210409113 6.567473866593158 5
      vertex 12.485983210409113 10.432526133406842 5
      vertex 12.288925582549004 10.578674030756364 5
    endloop
  endfacet
  facet normal 0 0 1
    outer loop
      vertex 12.667766952966367 6.732233047033631 5
      vertex 12.667766952966367 10.267766952966369 5
      vertex 12.485983210409113 10.432526133406842 5
    endloop
  endfacet
  facet normal 0 0 1
    outer loop
      vertex 12.667766952966367 6.732233047033631 5
      vertex 12.83252613340684 6.914016789590886 5
      vertex 12.667766952966367 10.267766952966369 5
    endloop
  endfacet
  facet normal 0 0 1
    outer loop
      vertex 12.83252613340684 6.914016789590886 5
      vertex 12.978674030756363 7.111074417450995 5
      vertex 12.83252613340684 10.085983210409115 5
    endloop
  endfacet
  facet normal 0 0 1
    outer loop
      vertex 12.978674030756363 7.111074417450995 5
      vertex 13.104803160870887 7.321508157935006 5
      vertex 12.978674030756363 9.888925582549005 5
    endloop
  endfacet
  facet normal 0 0 1
    outer loop
      vertex 13.104803160870887 7.321508157935006 5
      vertex 13.209698831278216 7.543291419087275 5
      vertex 13.104803160870887 9.678491842064995 5
    endloop
  endfacet
  facet normal 0 0 1
    outer loop
      vertex 13.209698831278216 7.543291419087275 5
      vertex 13.29235083933052 7.774288306863844 5
      vertex 13.209698831278216 9.456708580912725 5
    endloop
  endfacet
  facet normal 0 0 1
    outer loop
      vertex 13.29235083933052 7.774288306863844 5
      vertex 13.351963201008076 8.01227419495968 5
      vertex 13.29235083933052 9.225711693136155 5
    endloop
  endfacet
  facet normal 0 0 1
    outer loop
      vertex 13.351963201008076 8.01227419495968 5
      vertex 13.351963201008076 8.98772580504032 5
      vertex 13.29235083933052 9.225711693136155 5
    endloop
  endfacet
  facet normal 0 0 1
    outer loop
      vertex 12.978674030756363 7.111074417450995 5
      vertex 12.978674030756363 9.888925582549005 5
      vertex 12.83252613340684 10.085983210409115 5
    endloop
  endfacet
  facet normal 0 0 1
    outer loop
      vertex 12.83252613340684 6.914016789590886 5
      vertex 12.83252613340684 10.085983210409115 5
      vertex 12.667766952966367 10.267766952966369 5
    endloop
  endfacet
  facet normal 0 0 1
    outer loop
      vertex 13.209698831278216 7.543291419087275 5
      vertex 13.209698831278216 9.456708580912725 5
      vertex 13.104803160870887 9.678491842064995 5
    endloop
  endfacet
  facet normal 0 0 1
    outer loop
      vertex 13.104803160870887 7.321508157935006 5
      vertex 13.104803160870887 9.678491842064995 5
      vertex 12.978674030756363 9.888925582549005 5
    endloop
  endfacet
  facet normal 0 0 1
    outer loop
      vertex 13.29235083933052 7.774288306863844 5
      vertex 13.29235083933052 9.225711693136155 5
      vertex 13.209698831278216 9.456708580912725 5
    endloop
  endfacet
  facet normal 0 0 1
    outer loop
      vertex 13.351963201008076 8.01227419495968 5
      vertex 13.387961816680491 8.254957149176098 5
      vertex 13.351963201008076 8.98772580504032 5
    endloop
  endfacet
  facet normal 0 0 1
    outer loop
      vertex 13.387961816680491 8.254957149176098 5
      vertex 13.399999999999999 8.5 5
      vertex 13.387961816680491 8.745042850823902 5
    endloop
  endfacet
  facet normal 0 0 1
    outer loop
      vertex 13.351963201008076 8.98772580504032 5
      vertex 13.387961816680491 8.254957149176098 5
      vertex 13.387961816680491 8.745042850823902 5
    endloop
  endfacet
  facet normal 0.5956993044924334 0.8032075314806449 1.6198303120583496e-18
    outer loop
      vertex 12.485983210409113 10.432526133406842 2
      vertex 12.288925582549004 10.578674030756364 2
      vertex 12.288925582549004 10.578674030756364 5
    endloop
  endfacet
  facet normal 0.6715589548470197 0.7409511253549579 0
    outer loop
      vertex 12.485983210409113 10.432526133406842 2
      vertex 12.485983210409113 10.432526133406842 5
      vertex 12.667766952966367 10.267766952966369 2
    endloop
  endfacet
  facet normal 0.24298017990326795 0.9700312531945429 0
    outer loop
      vertex 11.387725805040319 10.951963201008077 2
      vertex 11.387725805040319 10.951963201008077 5
      vertex 11.625711693136154 10.892350839330522 2
    endloop
  endfacet
  facet normal 0.42755509343027986 0.9039892931234444 0
    outer loop
      vertex 11.856708580912724 10.809698831278217 2
      vertex 11.856708580912724 10.809698831278217 5
      vertex 12.078491842064993 10.704803160870888 2
    endloop
  endfacet
  facet normal 0.3368898533922174 0.9415440651830217 7.395708727764343e-19
    outer loop
      vertex 11.856708580912724 10.809698831278217 2
      vertex 11.625711693136154 10.892350839330522 2
      vertex 11.625711693136154 10.892350839330522 5
    endloop
  endfacet
  facet normal 0.5141027441932231 0.8577286100002712 0
    outer loop
      vertex 12.078491842064993 10.704803160870888 2
      vertex 12.078491842064993 10.704803160870888 5
      vertex 12.288925582549004 10.578674030756364 2
    endloop
  endfacet
  facet normal 0.8032075314806449 0.5956993044924334 0
    outer loop
      vertex 12.978674030756363 9.888925582549005 2
      vertex 12.83252613340684 10.085983210409115 2
      vertex 12.978674030756363 9.888925582549005 5
    endloop
  endfacet
  facet normal 0.9039892931234444 0.42755509343027986 0
    outer loop
      vertex 13.209698831278216 9.456708580912725 2
      vertex 13.104803160870887 9.678491842064995 2
      vertex 13.209698831278216 9.456708580912725 5
    endloop
  endfacet
  facet normal 0.8577286100002712 0.5141027441932231 -2.5966068114835034e-19
    outer loop
      vertex 12.978674030756363 9.888925582549005 2
      vertex 13.104803160870887 9.678491842064995 5
      vertex 13.104803160870887 9.678491842064995 2
    endloop
  endfacet
  facet normal 0.7409511253549579 0.6715589548470197 0
    outer loop
      vertex 12.83252613340684 10.085983210409115 2
      vertex 12.667766952966367 10.267766952966369 2
      vertex 12.83252613340684 10.085983210409115 5
    endloop
  endfacet
  facet normal 0.5956993044924334 0.8032075314806449 0
    outer loop
      vertex 12.485983210409113 10.432526133406842 2
      vertex 12.288925582549004 10.578674030756364 5
      vertex 12.485983210409113 10.432526133406842 5
    endloop
  endfacet
  facet normal 0.6715589548470197 0.7409511253549579 0
    outer loop
      vertex 12.667766952966367 10.267766952966369 2
      vertex 12.485983210409113 10.432526133406842 5
      vertex 12.667766952966367 10.267766952966369 5
    endloop
  endfacet
  facet normal 0.14673047445535986 0.9891765099647813 -5.58258284853329e-19
    outer loop
      vertex 11.1450428508239 10.987961816680492 5
      vertex 11.387725805040319 10.951963201008077 5
      vertex 11.387725805040319 10.951963201008077 2
    endloop
  endfacet
  facet normal 0.24298017990326795 0.9700312531945429 0
    outer loop
      vertex 11.625711693136154 10.892350839330522 2
      vertex 11.387725805040319 10.951963201008077 5
      vertex 11.625711693136154 10.892350839330522 5
    endloop
  endfacet
  facet normal 0.3368898533922174 0.9415440651830217 0
    outer loop
      vertex 11.856708580912724 10.809698831278217 2
      vertex 11.625711693136154 10.892350839330522 5
      vertex 11.856708580912724 10.809698831278217 5
    endloop
  endfacet
  facet normal 0.42755509343027986 0.9039892931234444 0
    outer loop
      vertex 12.078491842064993 10.704803160870888 2
      vertex 11.856708580912724 10.809698831278217 5
      vertex 12.078491842064993 10.704803160870888 5
    endloop
  endfacet
  facet normal 0.5141027441932231 0.8577286100002712 0
    outer loop
      vertex 12.288925582549004 10.578674030756364 2
      vertex 12.078491842064993 10.704803160870888 5
      vertex 12.288925582549004 10.578674030756364 5
    endloop
  endfacet
  facet normal 0.9039892931234444 0.42755509343027986 0
    outer loop
      vertex 13.104803160870887 9.678491842064995 2
      vertex 13.104803160870887 9.678491842064995 5
      vertex 13.209698831278216 9.456708580912725 5
    endloop
  endfacet
  facet normal 0.9415440651830217 0.3368898533922174 7.395708727764343e-19
    outer loop
      vertex 13.29235083933052 9.225711693136155 5
      vertex 13.209698831278216 9.456708580912725 2
      vertex 13.209698831278216 9.456708580912725 5
    endloop
  endfacet
  facet normal 0.8577286100002712 0.5141027441932231 0
    outer loop
      vertex 12.978674030756363 9.888925582549005 2
      vertex 12.978674030756363 9.888925582549005 5
      vertex 13.104803160870887 9.678491842064995 5
    endloop
  endfacet
  facet normal 0.7409511253549579 0.6715589548470197 0
    outer loop
      vertex 12.667766952966367 10.267766952966369 2
      vertex 12.667766952966367 10.267766952966369 5
      vertex 12.83252613340684 10.085983210409115 5
    endloop
  endfacet
  facet normal 0.8032075314806449 0.5956993044924334 0
    outer loop
      vertex 12.83252613340684 10.085983210409115 2
      vertex 12.83252613340684 10.085983210409115 5
      vertex 12.978674030756363 9.888925582549005 5
    endloop
  endfacet
  facet normal 0 0 1
    outer loop
      vertex 11.692991605204556 9.466263066703421 5
      vertex 11.783883476483183 9.383883476483184 5
      vertex 11.625711693136154 10.892350839330522 5
    endloop
  endfacet
  facet normal 0 0 1
    outer loop
      vertex 11.93933701537818 9.194462791274503 5
      vertex 11.856708580912724 10.809698831278217 5
      vertex 11.86626306670342 9.292991605204557 5
    endloop
  endfacet
  facet normal 0 0 1
    outer loop
      vertex 11.86626306670342 9.292991605204557 5
      vertex 11.856708580912724 10.809698831278217 5
      vertex 11.783883476483183 9.383883476483184 5
    endloop
  endfacet
  facet normal 0 0 1
    outer loop
      vertex 11.378354290456361 9.65484941563911 5
      vertex 11.387725805040319 10.951963201008077 5
      vertex 11.262855846568076 9.696175419665261 5
    endloop
  endfacet
  facet normal 0 0 1
    outer loop
      vertex 11.378354290456361 9.65484941563911 5
      vertex 11.489245921032495 9.602401580435444 5
      vertex 11.387725805040319 10.951963201008077 5
    endloop
  endfacet
  facet normal 0 0 1
    outer loop
      vertex 11.489245921032495 9.602401580435444 5
      vertex 11.594462791274502 9.539337015378182 5
      vertex 11.625711693136154 10.892350839330522 5
    endloop
  endfacet
  facet normal 0 0 1
    outer loop
      vertex 11.1450428508239 10.987961816680492 5
      vertex 11.262855846568076 9.696175419665261 5
      vertex 11.387725805040319 10.951963201008077 5
    endloop
  endfacet
  facet normal 0 0 1
    outer loop
      vertex 11.489245921032495 9.602401580435444 5
      vertex 11.625711693136154 10.892350839330522 5
      vertex 11.387725805040319 10.951963201008077 5
    endloop
  endfacet
  facet normal 0 0 1
    outer loop
      vertex 11.594462791274502 9.539337015378182 5
      vertex 11.692991605204556 9.466263066703421 5
      vertex 11.625711693136154 10.892350839330522 5
    endloop
  endfacet
  facet normal 0 0 1
    outer loop
      vertex 11.783883476483183 9.383883476483184 5
      vertex 11.856708580912724 10.809698831278217 5
      vertex 11.625711693136154 10.892350839330522 5
    endloop
  endfacet
  facet normal 0 0 1
    outer loop
      vertex 12.125981600504037 8.74386290252016 5
      vertex 12.078491842064993 10.704803160870888 5
      vertex 12.09617541966526 8.862855846568078 5
    endloop
  endfacet
  facet normal 0 0 1
    outer loop
      vertex 12.09617541966526 8.862855846568078 5
      vertex 12.078491842064993 10.704803160870888 5
      vertex 12.054849415639108 8.978354290456362 5
    endloop
  endfacet
  facet normal 0 0 1
    outer loop
      vertex 11.93933701537818 9.194462791274503 5
      vertex 12.002401580435443 9.089245921032497 5
      vertex 12.078491842064993 10.704803160870888 5
    endloop
  endfacet
  facet normal 0 0 1
    outer loop
      vertex 12.054849415639108 8.978354290456362 5
      vertex 12.078491842064993 10.704803160870888 5
      vertex 12.002401580435443 9.089245921032497 5
    endloop
  endfacet
  facet normal 0 0 1
    outer loop
      vertex 11.93933701537818 9.194462791274503 5
      vertex 12.078491842064993 10.704803160870888 5
      vertex 11.856708580912724 10.809698831278217 5
    endloop
  endfacet
  facet normal -0.5141027441932124 -0.8577286100002776 2.0225392283918964e-18
    outer loop
      vertex 9.511074417450994 64.42132596924364 2
      vertex 9.721508157935004 64.29519683912912 2
      vertex 9.721508157935004 64.29519683912912 5
    endloop
  endfacet
  facet normal -0.7409511253549644 -0.6715589548470124 1.606349904857549e-18
    outer loop
      vertex 9.13223304703363 64.73223304703363 2
      vertex 8.967473866593156 64.91401678959089 5
      vertex 8.967473866593156 64.91401678959089 2
    endloop
  endfacet
  facet normal -0.8577286100002673 -0.5141027441932294 0
    outer loop
      vertex 8.69519683912911 65.321508157935 2
      vertex 8.821325969243635 65.111074417451 2
      vertex 8.69519683912911 65.321508157935 5
    endloop
  endfacet
  facet normal -0.9039892931234537 -0.42755509343026027 -3.9468067156185595e-19
    outer loop
      vertex 8.69519683912911 65.321508157935 2
      vertex 8.590301168721782 65.54329141908728 5
      vertex 8.590301168721782 65.54329141908728 2
    endloop
  endfacet
  facet normal -0.8032075314806372 -0.5956993044924437 -8.164146656183016e-19
    outer loop
      vertex 8.967473866593156 64.91401678959089 2
      vertex 8.821325969243635 65.111074417451 5
      vertex 8.821325969243635 65.111074417451 2
    endloop
  endfacet
  facet normal -0.6715589548470117 -0.7409511253549651 9.461934649229477e-19
    outer loop
      vertex 9.13223304703363 64.73223304703363 2
      vertex 9.314016789590884 64.56747386659316 2
      vertex 9.314016789590884 64.56747386659316 5
    endloop
  endfacet
  facet normal -0.5956993044924334 -0.8032075314806449 0
    outer loop
      vertex 9.511074417450994 64.42132596924364 2
      vertex 9.511074417450994 64.42132596924364 5
      vertex 9.314016789590884 64.56747386659316 2
    endloop
  endfacet
  facet normal -0.33688985339222377 -0.9415440651830195 0
    outer loop
      vertex 10.174288306863843 64.10764916066948 2
      vertex 10.174288306863843 64.10764916066948 5
      vertex 9.943291419087274 64.19030116872179 2
    endloop
  endfacet
  facet normal -0.42755509343028575 -0.9039892931234416 1.4581027956918476e-18
    outer loop
      vertex 9.721508157935004 64.29519683912912 2
      vertex 9.943291419087274 64.19030116872179 2
      vertex 9.943291419087274 64.19030116872179 5
    endloop
  endfacet
  facet normal -0.24298017990325432 -0.9700312531945463 1.095640584272211e-18
    outer loop
      vertex 10.174288306863843 64.10764916066948 2
      vertex 10.412274194959679 64.04803679899193 2
      vertex 10.412274194959679 64.04803679899193 5
    endloop
  endfacet
  facet normal -0.14673047445540235 -0.9891765099647749 -6.621290969947535e-19
    outer loop
      vertex 10.412274194959679 64.04803679899193 2
      vertex 10.654957149176097 64.0120381833195 2
      vertex 10.654957149176097 64.0120381833195 5
    endloop
  endfacet
  facet normal -0.04906767432740264 -0.9987954562051732 3.864610196589323e-20
    outer loop
      vertex 10.654957149176097 64.0120381833195 2
      vertex 10.899999999999999 64 2
      vertex 10.899999999999999 64 5
    endloop
  endfacet
  facet normal 0.04906767432740264 -0.9987954562051732 -3.864610196589323e-20
    outer loop
      vertex 10.899999999999999 64 2
      vertex 11.1450428508239 64.0120381833195 2
      vertex 11.1450428508239 64.0120381833195 5
    endloop
  endfacet
  facet normal -0.5141027441932124 -0.8577286100002776 0
    outer loop
      vertex 9.511074417450994 64.42132596924364 2
      vertex 9.721508157935004 64.29519683912912 5
      vertex 9.511074417450994 64.42132596924364 5
    endloop
  endfacet
  facet normal -0.42755509343028575 -0.9039892931234416 0
    outer loop
      vertex 9.721508157935004 64.29519683912912 2
      vertex 9.943291419087274 64.19030116872179 5
      vertex 9.721508157935004 64.29519683912912 5
    endloop
  endfacet
  facet normal -0.8032075314806372 -0.5956993044924437 0
    outer loop
      vertex 8.967473866593156 64.91401678959089 2
      vertex 8.967473866593156 64.91401678959089 5
      vertex 8.821325969243635 65.111074417451 5
    endloop
  endfacet
  facet normal -0.7409511253549644 -0.6715589548470124 0
    outer loop
      vertex 9.13223304703363 64.73223304703363 2
      vertex 9.13223304703363 64.73223304703363 5
      vertex 8.967473866593156 64.91401678959089 5
    endloop
  endfacet
  facet normal -0.8577286100002673 -0.5141027441932294 0
    outer loop
      vertex 8.821325969243635 65.111074417451 2
      vertex 8.821325969243635 65.111074417451 5
      vertex 8.69519683912911 65.321508157935 5
    endloop
  endfacet
  facet normal -0.9415440651830151 -0.33688985339223576 0
    outer loop
      vertex 8.590301168721782 65.54329141908728 2
      vertex 8.590301168721782 65.54329141908728 5
      vertex 8.507649160669477 65.77428830686384 5
    endloop
  endfacet
  facet normal -0.9039892931234537 -0.42755509343026027 0
    outer loop
      vertex 8.69519683912911 65.321508157935 2
      vertex 8.69519683912911 65.321508157935 5
      vertex 8.590301168721782 65.54329141908728 5
    endloop
  endfacet
  facet normal -0.6715589548470117 -0.7409511253549651 0
    outer loop
      vertex 9.13223304703363 64.73223304703363 2
      vertex 9.314016789590884 64.56747386659316 5
      vertex 9.13223304703363 64.73223304703363 5
    endloop
  endfacet
  facet normal -0.5956993044924334 -0.8032075314806449 0
    outer loop
      vertex 9.314016789590884 64.56747386659316 2
      vertex 9.511074417450994 64.42132596924364 5
      vertex 9.314016789590884 64.56747386659316 5
    endloop
  endfacet
  facet normal -0.33688985339222377 -0.9415440651830195 0
    outer loop
      vertex 9.943291419087274 64.19030116872179 2
      vertex 10.174288306863843 64.10764916066948 5
      vertex 9.943291419087274 64.19030116872179 5
    endloop
  endfacet
  facet normal -0.24298017990325432 -0.9700312531945463 0
    outer loop
      vertex 10.174288306863843 64.10764916066948 2
      vertex 10.412274194959679 64.04803679899193 5
      vertex 10.174288306863843 64.10764916066948 5
    endloop
  endfacet
  facet normal -0.14673047445540235 -0.9891765099647749 0
    outer loop
      vertex 10.412274194959679 64.04803679899193 2
      vertex 10.654957149176097 64.0120381833195 5
      vertex 10.412274194959679 64.04803679899193 5
    endloop
  endfacet
  facet normal -0.04906767432740264 -0.9987954562051732 0
    outer loop
      vertex 10.654957149176097 64.0120381833195 2
      vertex 10.899999999999999 64 5
      vertex 10.654957149176097 64.0120381833195 5
    endloop
  endfacet
  facet normal 0.04906767432740264 -0.9987954562051732 0
    outer loop
      vertex 10.899999999999999 64 2
      vertex 11.1450428508239 64.0120381833195 5
      vertex 10.899999999999999 64 5
    endloop
  endfacet
  facet normal 0.14673047445540235 -0.9891765099647749 0
    outer loop
      vertex 11.1450428508239 64.0120381833195 2
      vertex 11.387725805040319 64.04803679899193 5
      vertex 11.1450428508239 64.0120381833195 5
    endloop
  endfacet
  facet normal 0 0 1
    outer loop
      vertex 9.721508157935004 64.29519683912912 5
      vertex 9.943291419087274 64.19030116872179 5
      vertex 9.860662984621817 65.8055372087255 5
    endloop
  endfacet
  facet normal 0 0 1
    outer loop
      vertex 9.721508157935004 64.29519683912912 5
      vertex 9.797598419564554 65.9107540789675 5
      vertex 9.74515058436089 66.02164570954363 5
    endloop
  endfacet
  facet normal 0 0 1
    outer loop
      vertex 9.721508157935004 64.29519683912912 5
      vertex 9.860662984621817 65.8055372087255 5
      vertex 9.797598419564554 65.9107540789675 5
    endloop
  endfacet
  facet normal 0 0 1
    outer loop
      vertex 9.721508157935004 64.29519683912912 5
      vertex 9.74515058436089 66.02164570954363 5
      vertex 9.703824580334738 66.13714415343192 5
    endloop
  endfacet
  facet normal 0 0 1
    outer loop
      vertex 9.721508157935004 64.29519683912912 5
      vertex 9.703824580334738 66.13714415343192 5
      vertex 9.67401839949596 66.25613709747984 5
    endloop
  endfacet
  facet normal 0 0 1
    outer loop
      vertex 10.654957149176097 64.0120381833195 5
      vertex 10.899999999999999 64 5
      vertex 10.777478574588049 65.25601909165975 5
    endloop
  endfacet
  facet normal 0 0 1
    outer loop
      vertex 10.899999999999999 64 5
      vertex 11.1450428508239 64.0120381833195 5
      vertex 11.022521425411949 65.25601909165975 5
    endloop
  endfacet
  facet normal 0 0 1
    outer loop
      vertex 11.1450428508239 64.0120381833195 5
      vertex 11.387725805040319 64.04803679899193 5
      vertex 11.143862902520159 65.27401839949596 5
    endloop
  endfacet
  facet normal 0 0 1
    outer loop
      vertex 10.174288306863843 64.10764916066948 5
      vertex 10.016116523516814 65.61611652351681 5
      vertex 9.943291419087274 64.19030116872179 5
    endloop
  endfacet
  facet normal 0 0 1
    outer loop
      vertex 10.174288306863843 64.10764916066948 5
      vertex 10.205537208725495 65.46066298462182 5
      vertex 10.107008394795441 65.53373693329658 5
    endloop
  endfacet
  facet normal 0 0 1
    outer loop
      vertex 10.174288306863843 64.10764916066948 5
      vertex 10.412274194959679 64.04803679899193 5
      vertex 10.310754078967502 65.39759841956456 5
    endloop
  endfacet
  facet normal 0 0 1
    outer loop
      vertex 10.412274194959679 64.04803679899193 5
      vertex 10.654957149176097 64.0120381833195 5
      vertex 10.537144153431921 65.30382458033473 5
    endloop
  endfacet
  facet normal 0 0 1
    outer loop
      vertex 10.174288306863843 64.10764916066948 5
      vertex 10.310754078967502 65.39759841956456 5
      vertex 10.205537208725495 65.46066298462182 5
    endloop
  endfacet
  facet normal 0 0 1
    outer loop
      vertex 10.412274194959679 64.04803679899193 5
      vertex 10.421645709543636 65.3451505843609 5
      vertex 10.310754078967502 65.39759841956456 5
    endloop
  endfacet
  facet normal 0 0 1
    outer loop
      vertex 10.412274194959679 64.04803679899193 5
      vertex 10.537144153431921 65.30382458033473 5
      vertex 10.421645709543636 65.3451505843609 5
    endloop
  endfacet
  facet normal 0 0 1
    outer loop
      vertex 9.943291419087274 64.19030116872179 5
      vertex 10.016116523516814 65.61611652351681 5
      vertex 9.933736933296577 65.70700839479544 5
    endloop
  endfacet
  facet normal 0 0 1
    outer loop
      vertex 9.943291419087274 64.19030116872179 5
      vertex 9.933736933296577 65.70700839479544 5
      vertex 9.860662984621817 65.8055372087255 5
    endloop
  endfacet
  facet normal 0 0 1
    outer loop
      vertex 10.174288306863843 64.10764916066948 5
      vertex 10.107008394795441 65.53373693329658 5
      vertex 10.016116523516814 65.61611652351681 5
    endloop
  endfacet
  facet normal 0 0 1
    outer loop
      vertex 10.654957149176097 64.0120381833195 5
      vertex 10.656137097479839 65.27401839949596 5
      vertex 10.537144153431921 65.30382458033473 5
    endloop
  endfacet
  facet normal 0 0 1
    outer loop
      vertex 10.654957149176097 64.0120381833195 5
      vertex 10.777478574588049 65.25601909165975 5
      vertex 10.656137097479839 65.27401839949596 5
    endloop
  endfacet
  facet normal 0 0 1
    outer loop
      vertex 10.899999999999999 64 5
      vertex 10.899999999999999 65.25 5
      vertex 10.777478574588049 65.25601909165975 5
    endloop
  endfacet
  facet normal 0 0 1
    outer loop
      vertex 10.899999999999999 64 5
      vertex 11.022521425411949 65.25601909165975 5
      vertex 10.899999999999999 65.25 5
    endloop
  endfacet
  facet normal 0 0 1
    outer loop
      vertex 11.1450428508239 64.0120381833195 5
      vertex 11.143862902520159 65.27401839949596 5
      vertex 11.022521425411949 65.25601909165975 5
    endloop
  endfacet
  facet normal -0.9891765099647815 -0.1467304744553588 0
    outer loop
      vertex 8.412038183319506 66.2549571491761 2
      vertex 8.448036798991922 66.01227419495967 2
      vertex 8.412038183319506 66.2549571491761 5
    endloop
  endfacet
  facet normal -0.9987954562051725 -0.04906767432741602 -1.4768587647712958e-19
    outer loop
      vertex 8.412038183319506 66.2549571491761 2
      vertex 8.399999999999999 66.5 5
      vertex 8.399999999999999 66.5 2
    endloop
  endfacet
  facet normal -0.9987954562051725 0.04906767432741602 1.4768587647712958e-19
    outer loop
      vertex 8.399999999999999 66.5 2
      vertex 8.412038183319506 66.7450428508239 5
      vertex 8.412038183319506 66.7450428508239 2
    endloop
  endfacet
  facet normal -0.9891765099647815 0.1467304744553588 2.3437709318196034e-19
    outer loop
      vertex 8.412038183319506 66.7450428508239 2
      vertex 8.448036798991922 66.98772580504033 5
      vertex 8.448036798991922 66.98772580504033 2
    endloop
  endfacet
  facet normal -0.9415440651830151 -0.33688985339223576 -1.4164152328270829e-18
    outer loop
      vertex 8.590301168721782 65.54329141908728 2
      vertex 8.507649160669477 65.77428830686384 5
      vertex 8.507649160669477 65.77428830686384 2
    endloop
  endfacet
  facet normal -0.9700312531945429 -0.24298017990326795 1.6442710105914624e-19
    outer loop
      vertex 8.507649160669477 65.77428830686384 2
      vertex 8.448036798991922 66.01227419495967 5
      vertex 8.448036798991922 66.01227419495967 2
    endloop
  endfacet
  facet normal -0.9700312531945429 0.24298017990326795 -1.6442710105914624e-19
    outer loop
      vertex 8.448036798991922 66.98772580504033 2
      vertex 8.507649160669477 67.22571169313616 5
      vertex 8.507649160669477 67.22571169313616 2
    endloop
  endfacet
  facet normal -0.9415440651830151 0.33688985339223576 1.4164152328270829e-18
    outer loop
      vertex 8.507649160669477 67.22571169313616 2
      vertex 8.590301168721782 67.45670858091272 5
      vertex 8.590301168721782 67.45670858091272 2
    endloop
  endfacet
  facet normal -0.9039892931234537 0.42755509343026027 3.9468067156185595e-19
    outer loop
      vertex 8.590301168721782 67.45670858091272 2
      vertex 8.69519683912911 67.678491842065 5
      vertex 8.69519683912911 67.678491842065 2
    endloop
  endfacet
  facet normal -0.8577286100002673 0.5141027441932294 -4.767767099878957e-19
    outer loop
      vertex 8.69519683912911 67.678491842065 2
      vertex 8.821325969243635 67.888925582549 5
      vertex 8.821325969243635 67.888925582549 2
    endloop
  endfacet
  facet normal -0.8032075314806372 0.5956993044924437 8.164146656183016e-19
    outer loop
      vertex 8.821325969243635 67.888925582549 2
      vertex 8.967473866593156 68.08598321040911 5
      vertex 8.967473866593156 68.08598321040911 2
    endloop
  endfacet
  facet normal -0.7409511253549644 0.6715589548470124 -1.606349904857549e-18
    outer loop
      vertex 8.967473866593156 68.08598321040911 2
      vertex 9.13223304703363 68.26776695296637 5
      vertex 9.13223304703363 68.26776695296637 2
    endloop
  endfacet
  facet normal -0.6715589548470117 0.7409511253549651 0
    outer loop
      vertex 9.13223304703363 68.26776695296637 2
      vertex 9.13223304703363 68.26776695296637 5
      vertex 9.314016789590884 68.43252613340684 2
    endloop
  endfacet
  facet normal -0.5956993044924334 0.8032075314806449 0
    outer loop
      vertex 9.314016789590884 68.43252613340684 2
      vertex 9.314016789590884 68.43252613340684 5
      vertex 9.511074417450994 68.57867403075636 2
    endloop
  endfacet
  facet normal -0.5141027441932124 0.8577286100002776 0
    outer loop
      vertex 9.511074417450994 68.57867403075636 2
      vertex 9.511074417450994 68.57867403075636 5
      vertex 9.721508157935004 68.70480316087088 2
    endloop
  endfacet
  facet normal -0.42755509343028575 0.9039892931234416 0
    outer loop
      vertex 9.721508157935004 68.70480316087088 2
      vertex 9.721508157935004 68.70480316087088 5
      vertex 9.943291419087274 68.80969883127821 2
    endloop
  endfacet
  facet normal -0.33688985339222377 0.9415440651830195 0
    outer loop
      vertex 9.943291419087274 68.80969883127821 2
      vertex 9.943291419087274 68.80969883127821 5
      vertex 10.174288306863843 68.89235083933052 2
    endloop
  endfacet
  facet normal -0.24298017990325432 0.9700312531945463 0
    outer loop
      vertex 10.174288306863843 68.89235083933052 2
      vertex 10.174288306863843 68.89235083933052 5
      vertex 10.412274194959679 68.95196320100807 2
    endloop
  endfacet
  facet normal -0.14673047445540235 0.9891765099647749 0
    outer loop
      vertex 10.412274194959679 68.95196320100807 2
      vertex 10.412274194959679 68.95196320100807 5
      vertex 10.654957149176097 68.9879618166805 2
    endloop
  endfacet
  facet normal -0.04906767432740264 0.9987954562051732 0
    outer loop
      vertex 10.654957149176097 68.9879618166805 2
      vertex 10.654957149176097 68.9879618166805 5
      vertex 10.899999999999999 69 2
    endloop
  endfacet
  facet normal 0.04906767432740264 0.9987954562051732 0
    outer loop
      vertex 10.899999999999999 69 2
      vertex 10.899999999999999 69 5
      vertex 11.1450428508239 68.9879618166805 2
    endloop
  endfacet
  facet normal 0.14673047445540235 0.9891765099647749 0
    outer loop
      vertex 11.1450428508239 68.9879618166805 2
      vertex 11.1450428508239 68.9879618166805 5
      vertex 11.387725805040319 68.95196320100807 2
    endloop
  endfacet
  facet normal -0.9891765099647815 -0.1467304744553588 0
    outer loop
      vertex 8.448036798991922 66.01227419495967 2
      vertex 8.448036798991922 66.01227419495967 5
      vertex 8.412038183319506 66.2549571491761 5
    endloop
  endfacet
  facet normal -0.9987954562051725 -0.04906767432741602 0
    outer loop
      vertex 8.412038183319506 66.2549571491761 2
      vertex 8.412038183319506 66.2549571491761 5
      vertex 8.399999999999999 66.5 5
    endloop
  endfacet
  facet normal -0.9987954562051725 0.04906767432741602 0
    outer loop
      vertex 8.399999999999999 66.5 2
      vertex 8.399999999999999 66.5 5
      vertex 8.412038183319506 66.7450428508239 5
    endloop
  endfacet
  facet normal -0.9891765099647815 0.1467304744553588 0
    outer loop
      vertex 8.412038183319506 66.7450428508239 2
      vertex 8.412038183319506 66.7450428508239 5
      vertex 8.448036798991922 66.98772580504033 5
    endloop
  endfacet
  facet normal 0 0 1
    outer loop
      vertex 8.412038183319506 66.2549571491761 5
      vertex 8.448036798991922 66.01227419495967 5
      vertex 8.412038183319506 66.7450428508239 5
    endloop
  endfacet
  facet normal 0 0 1
    outer loop
      vertex 8.412038183319506 66.2549571491761 5
      vertex 8.412038183319506 66.7450428508239 5
      vertex 8.399999999999999 66.5 5
    endloop
  endfacet
  facet normal 0 0 1
    outer loop
      vertex 8.412038183319506 66.7450428508239 5
      vertex 8.448036798991922 66.01227419495967 5
      vertex 8.448036798991922 66.98772580504033 5
    endloop
  endfacet
  facet normal -0.9700312531945429 -0.24298017990326795 0
    outer loop
      vertex 8.507649160669477 65.77428830686384 2
      vertex 8.507649160669477 65.77428830686384 5
      vertex 8.448036798991922 66.01227419495967 5
    endloop
  endfacet
  facet normal -0.9700312531945429 0.24298017990326795 0
    outer loop
      vertex 8.448036798991922 66.98772580504033 2
      vertex 8.448036798991922 66.98772580504033 5
      vertex 8.507649160669477 67.22571169313616 5
    endloop
  endfacet
  facet normal -0.9415440651830151 0.33688985339223576 0
    outer loop
      vertex 8.507649160669477 67.22571169313616 2
      vertex 8.507649160669477 67.22571169313616 5
      vertex 8.590301168721782 67.45670858091272 5
    endloop
  endfacet
  facet normal -0.9039892931234537 0.42755509343026027 0
    outer loop
      vertex 8.590301168721782 67.45670858091272 2
      vertex 8.590301168721782 67.45670858091272 5
      vertex 8.69519683912911 67.678491842065 5
    endloop
  endfacet
  facet normal -0.8577286100002673 0.5141027441932294 0
    outer loop
      vertex 8.69519683912911 67.678491842065 2
      vertex 8.69519683912911 67.678491842065 5
      vertex 8.821325969243635 67.888925582549 5
    endloop
  endfacet
  facet normal -0.8032075314806372 0.5956993044924437 0
    outer loop
      vertex 8.821325969243635 67.888925582549 2
      vertex 8.821325969243635 67.888925582549 5
      vertex 8.967473866593156 68.08598321040911 5
    endloop
  endfacet
  facet normal 0 0 1
    outer loop
      vertex 8.590301168721782 65.54329141908728 5
      vertex 8.507649160669477 67.22571169313616 5
      vertex 8.507649160669477 65.77428830686384 5
    endloop
  endfacet
  facet normal 0 0 1
    outer loop
      vertex 8.69519683912911 65.321508157935 5
      vertex 8.821325969243635 65.111074417451 5
      vertex 8.69519683912911 67.678491842065 5
    endloop
  endfacet
  facet normal 0 0 1
    outer loop
      vertex 8.69519683912911 65.321508157935 5
      vertex 8.590301168721782 67.45670858091272 5
      vertex 8.590301168721782 65.54329141908728 5
    endloop
  endfacet
  facet normal 0 0 1
    outer loop
      vertex 9.13223304703363 64.73223304703363 5
      vertex 8.967473866593156 68.08598321040911 5
      vertex 8.967473866593156 64.91401678959089 5
    endloop
  endfacet
  facet normal 0 0 1
    outer loop
      vertex 8.967473866593156 64.91401678959089 5
      vertex 8.821325969243635 67.888925582549 5
      vertex 8.821325969243635 65.111074417451 5
    endloop
  endfacet
  facet normal 0 0 1
    outer loop
      vertex 8.507649160669477 65.77428830686384 5
      vertex 8.448036798991922 66.98772580504033 5
      vertex 8.448036798991922 66.01227419495967 5
    endloop
  endfacet
  facet normal 0 0 1
    outer loop
      vertex 8.507649160669477 65.77428830686384 5
      vertex 8.507649160669477 67.22571169313616 5
      vertex 8.448036798991922 66.98772580504033 5
    endloop
  endfacet
  facet normal 0 0 1
    outer loop
      vertex 8.590301168721782 65.54329141908728 5
      vertex 8.590301168721782 67.45670858091272 5
      vertex 8.507649160669477 67.22571169313616 5
    endloop
  endfacet
  facet normal 0 0 1
    outer loop
      vertex 9.13223304703363 64.73223304703363 5
      vertex 9.314016789590884 64.56747386659316 5
      vertex 9.13223304703363 68.26776695296637 5
    endloop
  endfacet
  facet normal 0 0 1
    outer loop
      vertex 9.511074417450994 64.42132596924364 5
      vertex 9.314016789590884 68.43252613340684 5
      vertex 9.314016789590884 64.56747386659316 5
    endloop
  endfacet
  facet normal 0 0 1
    outer loop
      vertex 9.511074417450994 64.42132596924364 5
      vertex 9.721508157935004 64.29519683912912 5
      vertex 9.511074417450994 68.57867403075636 5
    endloop
  endfacet
  facet normal 0 0 1
    outer loop
      vertex 9.721508157935004 64.29519683912912 5
      vertex 9.67401839949596 66.25613709747984 5
      vertex 9.656019091659752 66.37747857458805 5
    endloop
  endfacet
  facet normal 0 0 1
    outer loop
      vertex 9.721508157935004 64.29519683912912 5
      vertex 9.656019091659752 66.37747857458805 5
      vertex 9.649999999999999 66.5 5
    endloop
  endfacet
  facet normal 0 0 1
    outer loop
      vertex 9.721508157935004 64.29519683912912 5
      vertex 9.649999999999999 66.5 5
      vertex 9.511074417450994 68.57867403075636 5
    endloop
  endfacet
  facet normal 0 0 1
    outer loop
      vertex 8.69519683912911 65.321508157935 5
      vertex 8.69519683912911 67.678491842065 5
      vertex 8.590301168721782 67.45670858091272 5
    endloop
  endfacet
  facet normal 0 0 1
    outer loop
      vertex 8.821325969243635 65.111074417451 5
      vertex 8.821325969243635 67.888925582549 5
      vertex 8.69519683912911 67.678491842065 5
    endloop
  endfacet
  facet normal 0 0 1
    outer loop
      vertex 8.967473866593156 64.91401678959089 5
      vertex 8.967473866593156 68.08598321040911 5
      vertex 8.821325969243635 67.888925582549 5
    endloop
  endfacet
  facet normal 0 0 1
    outer loop
      vertex 9.13223304703363 64.73223304703363 5
      vertex 9.13223304703363 68.26776695296637 5
      vertex 8.967473866593156 68.08598321040911 5
    endloop
  endfacet
  facet normal 0 0 1
    outer loop
      vertex 9.314016789590884 64.56747386659316 5
      vertex 9.314016789590884 68.43252613340684 5
      vertex 9.13223304703363 68.26776695296637 5
    endloop
  endfacet
  facet normal 0 0 1
    outer loop
      vertex 9.511074417450994 64.42132596924364 5
      vertex 9.511074417450994 68.57867403075636 5
      vertex 9.314016789590884 68.43252613340684 5
    endloop
  endfacet
  facet normal 0 0 1
    outer loop
      vertex 9.649999999999999 66.5 5
      vertex 9.656019091659752 66.62252142541195 5
      vertex 9.511074417450994 68.57867403075636 5
    endloop
  endfacet
  facet normal 0 0 1
    outer loop
      vertex 9.656019091659752 66.62252142541195 5
      vertex 9.67401839949596 66.74386290252016 5
      vertex 9.511074417450994 68.57867403075636 5
    endloop
  endfacet
  facet normal 0 0 1
    outer loop
      vertex 9.67401839949596 66.74386290252016 5
      vertex 9.703824580334738 66.86285584656808 5
      vertex 9.511074417450994 68.57867403075636 5
    endloop
  endfacet
  facet normal 0 0 1
    outer loop
      vertex 9.703824580334738 66.86285584656808 5
      vertex 9.74515058436089 66.97835429045637 5
      vertex 9.511074417450994 68.57867403075636 5
    endloop
  endfacet
  facet normal 0 0 1
    outer loop
      vertex 9.74515058436089 66.97835429045637 5
      vertex 9.797598419564554 67.0892459210325 5
      vertex 9.721508157935004 68.70480316087088 5
    endloop
  endfacet
  facet normal 0 0 1
    outer loop
      vertex 9.797598419564554 67.0892459210325 5
      vertex 9.860662984621817 67.1944627912745 5
      vertex 9.721508157935004 68.70480316087088 5
    endloop
  endfacet
  facet normal 0 0 1
    outer loop
      vertex 9.860662984621817 67.1944627912745 5
      vertex 9.933736933296577 67.29299160520456 5
      vertex 9.721508157935004 68.70480316087088 5
    endloop
  endfacet
  facet normal 0 0 1
    outer loop
      vertex 9.933736933296577 67.29299160520456 5
      vertex 10.016116523516814 67.38388347648319 5
      vertex 9.721508157935004 68.70480316087088 5
    endloop
  endfacet
  facet normal 0 0 1
    outer loop
      vertex 10.016116523516814 67.38388347648319 5
      vertex 10.107008394795441 67.46626306670342 5
      vertex 9.943291419087274 68.80969883127821 5
    endloop
  endfacet
  facet normal 0 0 1
    outer loop
      vertex 10.107008394795441 67.46626306670342 5
      vertex 10.205537208725495 67.53933701537818 5
      vertex 9.943291419087274 68.80969883127821 5
    endloop
  endfacet
  facet normal -0.7409511253549644 0.6715589548470124 0
    outer loop
      vertex 8.967473866593156 68.08598321040911 2
      vertex 8.967473866593156 68.08598321040911 5
      vertex 9.13223304703363 68.26776695296637 5
    endloop
  endfacet
  facet normal -0.6715589548470117 0.7409511253549651 0
    outer loop
      vertex 9.314016789590884 68.43252613340684 2
      vertex 9.13223304703363 68.26776695296637 5
      vertex 9.314016789590884 68.43252613340684 5
    endloop
  endfacet
  facet normal -0.5956993044924334 0.8032075314806449 0
    outer loop
      vertex 9.511074417450994 68.57867403075636 2
      vertex 9.314016789590884 68.43252613340684 5
      vertex 9.511074417450994 68.57867403075636 5
    endloop
  endfacet
  facet normal -0.5141027441932124 0.8577286100002776 0
    outer loop
      vertex 9.721508157935004 68.70480316087088 2
      vertex 9.511074417450994 68.57867403075636 5
      vertex 9.721508157935004 68.70480316087088 5
    endloop
  endfacet
  facet normal -0.42755509343028575 0.9039892931234416 0
    outer loop
      vertex 9.943291419087274 68.80969883127821 2
      vertex 9.721508157935004 68.70480316087088 5
      vertex 9.943291419087274 68.80969883127821 5
    endloop
  endfacet
  facet normal -0.33688985339222377 0.9415440651830195 0
    outer loop
      vertex 10.174288306863843 68.89235083933052 2
      vertex 9.943291419087274 68.80969883127821 5
      vertex 10.174288306863843 68.89235083933052 5
    endloop
  endfacet
  facet normal -0.24298017990325432 0.9700312531945463 0
    outer loop
      vertex 10.412274194959679 68.95196320100807 2
      vertex 10.174288306863843 68.89235083933052 5
      vertex 10.412274194959679 68.95196320100807 5
    endloop
  endfacet
  facet normal -0.14673047445540235 0.9891765099647749 0
    outer loop
      vertex 10.654957149176097 68.9879618166805 2
      vertex 10.412274194959679 68.95196320100807 5
      vertex 10.654957149176097 68.9879618166805 5
    endloop
  endfacet
  facet normal -0.04906767432740264 0.9987954562051732 0
    outer loop
      vertex 10.899999999999999 69 2
      vertex 10.654957149176097 68.9879618166805 5
      vertex 10.899999999999999 69 5
    endloop
  endfacet
  facet normal 0.04906767432740264 0.9987954562051732 0
    outer loop
      vertex 11.1450428508239 68.9879618166805 2
      vertex 10.899999999999999 69 5
      vertex 11.1450428508239 68.9879618166805 5
    endloop
  endfacet
  facet normal 0 0 1
    outer loop
      vertex 9.74515058436089 66.97835429045637 5
      vertex 9.721508157935004 68.70480316087088 5
      vertex 9.511074417450994 68.57867403075636 5
    endloop
  endfacet
  facet normal 0 0 1
    outer loop
      vertex 10.016116523516814 67.38388347648319 5
      vertex 9.943291419087274 68.80969883127821 5
      vertex 9.721508157935004 68.70480316087088 5
    endloop
  endfacet
  facet normal 0 0 1
    outer loop
      vertex 10.205537208725495 67.53933701537818 5
      vertex 10.174288306863843 68.89235083933052 5
      vertex 9.943291419087274 68.80969883127821 5
    endloop
  endfacet
  facet normal 0 0 1
    outer loop
      vertex 10.205537208725495 67.53933701537818 5
      vertex 10.310754078967502 67.60240158043544 5
      vertex 10.174288306863843 68.89235083933052 5
    endloop
  endfacet
  facet normal 0 0 1
    outer loop
      vertex 10.310754078967502 67.60240158043544 5
      vertex 10.421645709543636 67.6548494156391 5
      vertex 10.174288306863843 68.89235083933052 5
    endloop
  endfacet
  facet normal 0 0 1
    outer loop
      vertex 10.421645709543636 67.6548494156391 5
      vertex 10.537144153431921 67.69617541966527 5
      vertex 10.412274194959679 68.95196320100807 5
    endloop
  endfacet
  facet normal 0 0 1
    outer loop
      vertex 10.537144153431921 67.69617541966527 5
      vertex 10.656137097479839 67.72598160050404 5
      vertex 10.412274194959679 68.95196320100807 5
    endloop
  endfacet
  facet normal 0 0 1
    outer loop
      vertex 10.421645709543636 67.6548494156391 5
      vertex 10.412274194959679 68.95196320100807 5
      vertex 10.174288306863843 68.89235083933052 5
    endloop
  endfacet
  facet normal 0 0 1
    outer loop
      vertex 10.656137097479839 67.72598160050404 5
      vertex 10.777478574588049 67.74398090834025 5
      vertex 10.654957149176097 68.9879618166805 5
    endloop
  endfacet
  facet normal 0 0 1
    outer loop
      vertex 10.777478574588049 67.74398090834025 5
      vertex 10.899999999999999 67.75 5
      vertex 10.899999999999999 69 5
    endloop
  endfacet
  facet normal 0 0 1
    outer loop
      vertex 10.899999999999999 67.75 5
      vertex 11.022521425411949 67.74398090834025 5
      vertex 10.899999999999999 69 5
    endloop
  endfacet
  facet normal 0 0 1
    outer loop
      vertex 11.022521425411949 67.74398090834025 5
      vertex 11.143862902520159 67.72598160050404 5
      vertex 11.1450428508239 68.9879618166805 5
    endloop
  endfacet
  facet normal 0 0 1
    outer loop
      vertex 11.143862902520159 67.72598160050404 5
      vertex 11.262855846568076 67.69617541966527 5
      vertex 11.1450428508239 68.9879618166805 5
    endloop
  endfacet
  facet normal 0 0 1
    outer loop
      vertex 10.656137097479839 67.72598160050404 5
      vertex 10.654957149176097 68.9879618166805 5
      vertex 10.412274194959679 68.95196320100807 5
    endloop
  endfacet
  facet normal 0 0 1
    outer loop
      vertex 10.777478574588049 67.74398090834025 5
      vertex 10.899999999999999 69 5
      vertex 10.654957149176097 68.9879618166805 5
    endloop
  endfacet
  facet normal 0 0 1
    outer loop
      vertex 11.022521425411949 67.74398090834025 5
      vertex 11.1450428508239 68.9879618166805 5
      vertex 10.899999999999999 69 5
    endloop
  endfacet
  facet normal 0.14673047445540235 -0.9891765099647749 6.621290969947535e-19
    outer loop
      vertex 11.1450428508239 64.0120381833195 2
      vertex 11.387725805040319 64.04803679899193 2
      vertex 11.387725805040319 64.04803679899193 5
    endloop
  endfacet
  facet normal 0.24298017990325432 -0.9700312531945463 -1.095640584272211e-18
    outer loop
      vertex 11.387725805040319 64.04803679899193 2
      vertex 11.625711693136154 64.10764916066948 2
      vertex 11.625711693136154 64.10764916066948 5
    endloop
  endfacet
  facet normal 0.33688985339222377 -0.9415440651830195 5.350784279631115e-19
    outer loop
      vertex 11.625711693136154 64.10764916066948 2
      vertex 11.856708580912724 64.19030116872179 2
      vertex 11.856708580912724 64.19030116872179 5
    endloop
  endfacet
  facet normal 0.42755509343028575 -0.9039892931234416 -1.4581027956918476e-18
    outer loop
      vertex 11.856708580912724 64.19030116872179 2
      vertex 12.078491842064993 64.29519683912912 2
      vertex 12.078491842064993 64.29519683912912 5
    endloop
  endfacet
  facet normal 0.5141027441932124 -0.8577286100002776 -2.0225392283918964e-18
    outer loop
      vertex 12.078491842064993 64.29519683912912 2
      vertex 12.288925582549004 64.42132596924364 2
      vertex 12.288925582549004 64.42132596924364 5
    endloop
  endfacet
  facet normal 0.5956993044924334 -0.8032075314806449 -1.6198303120583496e-18
    outer loop
      vertex 12.288925582549004 64.42132596924364 2
      vertex 12.485983210409113 64.56747386659316 2
      vertex 12.485983210409113 64.56747386659316 5
    endloop
  endfacet
  facet normal 0.6715589548470117 -0.7409511253549651 -9.461934649229477e-19
    outer loop
      vertex 12.485983210409113 64.56747386659316 2
      vertex 12.667766952966367 64.73223304703363 2
      vertex 12.667766952966367 64.73223304703363 5
    endloop
  endfacet
  facet normal 0.7409511253549644 -0.6715589548470124 0
    outer loop
      vertex 12.667766952966367 64.73223304703363 2
      vertex 12.83252613340684 64.91401678959089 2
      vertex 12.667766952966367 64.73223304703363 5
    endloop
  endfacet
  facet normal 0.8032075314806372 -0.5956993044924437 0
    outer loop
      vertex 12.83252613340684 64.91401678959089 2
      vertex 12.978674030756363 65.111074417451 2
      vertex 12.83252613340684 64.91401678959089 5
    endloop
  endfacet
  facet normal 0.8577286100002673 -0.5141027441932294 0
    outer loop
      vertex 12.978674030756363 65.111074417451 2
      vertex 13.104803160870887 65.321508157935 2
      vertex 12.978674030756363 65.111074417451 5
    endloop
  endfacet
  facet normal 0.9039892931234537 -0.42755509343026027 0
    outer loop
      vertex 13.104803160870887 65.321508157935 2
      vertex 13.209698831278216 65.54329141908728 2
      vertex 13.104803160870887 65.321508157935 5
    endloop
  endfacet
  facet normal 0.9415440651830151 -0.33688985339223576 0
    outer loop
      vertex 13.209698831278216 65.54329141908728 2
      vertex 13.29235083933052 65.77428830686384 2
      vertex 13.209698831278216 65.54329141908728 5
    endloop
  endfacet
  facet normal 0.24298017990325432 -0.9700312531945463 0
    outer loop
      vertex 11.387725805040319 64.04803679899193 2
      vertex 11.625711693136154 64.10764916066948 5
      vertex 11.387725805040319 64.04803679899193 5
    endloop
  endfacet
  facet normal 0.33688985339222377 -0.9415440651830195 0
    outer loop
      vertex 11.625711693136154 64.10764916066948 2
      vertex 11.856708580912724 64.19030116872179 5
      vertex 11.625711693136154 64.10764916066948 5
    endloop
  endfacet
  facet normal 0.42755509343028575 -0.9039892931234416 0
    outer loop
      vertex 11.856708580912724 64.19030116872179 2
      vertex 12.078491842064993 64.29519683912912 5
      vertex 11.856708580912724 64.19030116872179 5
    endloop
  endfacet
  facet normal 0.5141027441932124 -0.8577286100002776 0
    outer loop
      vertex 12.078491842064993 64.29519683912912 2
      vertex 12.288925582549004 64.42132596924364 5
      vertex 12.078491842064993 64.29519683912912 5
    endloop
  endfacet
  facet normal 0.5956993044924334 -0.8032075314806449 0
    outer loop
      vertex 12.288925582549004 64.42132596924364 2
      vertex 12.485983210409113 64.56747386659316 5
      vertex 12.288925582549004 64.42132596924364 5
    endloop
  endfacet
  facet normal 0.6715589548470117 -0.7409511253549651 0
    outer loop
      vertex 12.485983210409113 64.56747386659316 2
      vertex 12.667766952966367 64.73223304703363 5
      vertex 12.485983210409113 64.56747386659316 5
    endloop
  endfacet
  facet normal 0.7409511253549644 -0.6715589548470124 0
    outer loop
      vertex 12.83252613340684 64.91401678959089 2
      vertex 12.83252613340684 64.91401678959089 5
      vertex 12.667766952966367 64.73223304703363 5
    endloop
  endfacet
  facet normal 0.8032075314806372 -0.5956993044924437 0
    outer loop
      vertex 12.978674030756363 65.111074417451 2
      vertex 12.978674030756363 65.111074417451 5
      vertex 12.83252613340684 64.91401678959089 5
    endloop
  endfacet
  facet normal 0.8577286100002673 -0.5141027441932294 0
    outer loop
      vertex 13.104803160870887 65.321508157935 2
      vertex 13.104803160870887 65.321508157935 5
      vertex 12.978674030756363 65.111074417451 5
    endloop
  endfacet
  facet normal 0.9039892931234537 -0.42755509343026027 0
    outer loop
      vertex 13.209698831278216 65.54329141908728 2
      vertex 13.209698831278216 65.54329141908728 5
      vertex 13.104803160870887 65.321508157935 5
    endloop
  endfacet
  facet normal 0 0 1
    outer loop
      vertex 11.387725805040319 64.04803679899193 5
      vertex 11.625711693136154 64.10764916066948 5
      vertex 11.378354290456361 65.3451505843609 5
    endloop
  endfacet
  facet normal 0 0 1
    outer loop
      vertex 11.143862902520159 65.27401839949596 5
      vertex 11.387725805040319 64.04803679899193 5
      vertex 11.262855846568076 65.30382458033473 5
    endloop
  endfacet
  facet normal 0 0 1
    outer loop
      vertex 11.387725805040319 64.04803679899193 5
      vertex 11.378354290456361 65.3451505843609 5
      vertex 11.262855846568076 65.30382458033473 5
    endloop
  endfacet
  facet normal 0 0 1
    outer loop
      vertex 11.625711693136154 64.10764916066948 5
      vertex 11.489245921032495 65.39759841956456 5
      vertex 11.378354290456361 65.3451505843609 5
    endloop
  endfacet
  facet normal 0 0 1
    outer loop
      vertex 11.625711693136154 64.10764916066948 5
      vertex 11.594462791274502 65.46066298462182 5
      vertex 11.489245921032495 65.39759841956456 5
    endloop
  endfacet
  facet normal 0 0 1
    outer loop
      vertex 11.625711693136154 64.10764916066948 5
      vertex 11.856708580912724 64.19030116872179 5
      vertex 11.594462791274502 65.46066298462182 5
    endloop
  endfacet
  facet normal 0 0 1
    outer loop
      vertex 11.856708580912724 64.19030116872179 5
      vertex 12.078491842064993 64.29519683912912 5
      vertex 11.783883476483183 65.61611652351681 5
    endloop
  endfacet
  facet normal 0 0 1
    outer loop
      vertex 11.856708580912724 64.19030116872179 5
      vertex 11.692991605204556 65.53373693329658 5
      vertex 11.594462791274502 65.46066298462182 5
    endloop
  endfacet
  facet normal 0 0 1
    outer loop
      vertex 11.856708580912724 64.19030116872179 5
      vertex 11.783883476483183 65.61611652351681 5
      vertex 11.692991605204556 65.53373693329658 5
    endloop
  endfacet
  facet normal 0 0 1
    outer loop
      vertex 12.078491842064993 64.29519683912912 5
      vertex 11.86626306670342 65.70700839479544 5
      vertex 11.783883476483183 65.61611652351681 5
    endloop
  endfacet
  facet normal 0 0 1
    outer loop
      vertex 12.078491842064993 64.29519683912912 5
      vertex 12.288925582549004 64.42132596924364 5
      vertex 12.054849415639108 66.02164570954363 5
    endloop
  endfacet
  facet normal 0 0 1
    outer loop
      vertex 12.078491842064993 64.29519683912912 5
      vertex 11.93933701537818 65.8055372087255 5
      vertex 11.86626306670342 65.70700839479544 5
    endloop
  endfacet
  facet normal 0 0 1
    outer loop
      vertex 12.078491842064993 64.29519683912912 5
      vertex 12.002401580435443 65.9107540789675 5
      vertex 11.93933701537818 65.8055372087255 5
    endloop
  endfacet
  facet normal 0 0 1
    outer loop
      vertex 12.078491842064993 64.29519683912912 5
      vertex 12.054849415639108 66.02164570954363 5
      vertex 12.002401580435443 65.9107540789675 5
    endloop
  endfacet
  facet normal 0 0 1
    outer loop
      vertex 12.288925582549004 64.42132596924364 5
      vertex 12.09617541966526 66.13714415343192 5
      vertex 12.054849415639108 66.02164570954363 5
    endloop
  endfacet
  facet normal 0 0 1
    outer loop
      vertex 12.288925582549004 64.42132596924364 5
      vertex 12.125981600504037 66.25613709747984 5
      vertex 12.09617541966526 66.13714415343192 5
    endloop
  endfacet
  facet normal 0.9700312531945429 -0.24298017990326795 0
    outer loop
      vertex 13.29235083933052 65.77428830686384 2
      vertex 13.351963201008076 66.01227419495967 2
      vertex 13.29235083933052 65.77428830686384 5
    endloop
  endfacet
  facet normal 0.9891765099647815 -0.1467304744553588 0
    outer loop
      vertex 13.351963201008076 66.01227419495967 2
      vertex 13.387961816680491 66.2549571491761 2
      vertex 13.351963201008076 66.01227419495967 5
    endloop
  endfacet
  facet normal 0.9987954562051725 -0.04906767432741602 0
    outer loop
      vertex 13.387961816680491 66.2549571491761 2
      vertex 13.399999999999999 66.5 2
      vertex 13.387961816680491 66.2549571491761 5
    endloop
  endfacet
  facet normal 0.9987954562051725 0.04906767432741602 0
    outer loop
      vertex 13.399999999999999 66.5 2
      vertex 13.387961816680491 66.7450428508239 2
      vertex 13.399999999999999 66.5 5
    endloop
  endfacet
  facet normal 0.9700312531945429 0.24298017990326795 0
    outer loop
      vertex 13.351963201008076 66.98772580504033 2
      vertex 13.29235083933052 67.22571169313616 2
      vertex 13.351963201008076 66.98772580504033 5
    endloop
  endfacet
  facet normal 0.9415440651830151 0.33688985339223576 0
    outer loop
      vertex 13.29235083933052 67.22571169313616 2
      vertex 13.209698831278216 67.45670858091272 2
      vertex 13.29235083933052 67.22571169313616 5
    endloop
  endfacet
  facet normal 0.8032075314806372 0.5956993044924437 0
    outer loop
      vertex 12.978674030756363 67.888925582549 2
      vertex 12.83252613340684 68.08598321040911 2
      vertex 12.978674030756363 67.888925582549 5
    endloop
  endfacet
  facet normal 0.9039892931234537 0.42755509343026027 0
    outer loop
      vertex 13.209698831278216 67.45670858091272 2
      vertex 13.104803160870887 67.678491842065 2
      vertex 13.209698831278216 67.45670858091272 5
    endloop
  endfacet
  facet normal 0.8577286100002673 0.5141027441932294 4.767767099878957e-19
    outer loop
      vertex 12.978674030756363 67.888925582549 2
      vertex 13.104803160870887 67.678491842065 5
      vertex 13.104803160870887 67.678491842065 2
    endloop
  endfacet
  facet normal 0.9891765099647815 0.1467304744553588 0
    outer loop
      vertex 13.387961816680491 66.7450428508239 2
      vertex 13.351963201008076 66.98772580504033 2
      vertex 13.387961816680491 66.7450428508239 5
    endloop
  endfacet
  facet normal 0.24298017990325432 0.9700312531945463 0
    outer loop
      vertex 11.387725805040319 68.95196320100807 2
      vertex 11.387725805040319 68.95196320100807 5
      vertex 11.625711693136154 68.89235083933052 2
    endloop
  endfacet
  facet normal 0.42755509343028575 0.9039892931234416 0
    outer loop
      vertex 11.856708580912724 68.80969883127821 2
      vertex 11.856708580912724 68.80969883127821 5
      vertex 12.078491842064993 68.70480316087088 2
    endloop
  endfacet
  facet normal 0.33688985339222377 0.9415440651830195 -5.350784279631115e-19
    outer loop
      vertex 11.856708580912724 68.80969883127821 2
      vertex 11.625711693136154 68.89235083933052 2
      vertex 11.625711693136154 68.89235083933052 5
    endloop
  endfacet
  facet normal 0.5956993044924334 0.8032075314806449 1.6198303120583496e-18
    outer loop
      vertex 12.485983210409113 68.43252613340684 2
      vertex 12.288925582549004 68.57867403075636 2
      vertex 12.288925582549004 68.57867403075636 5
    endloop
  endfacet
  facet normal 0.6715589548470117 0.7409511253549651 0
    outer loop
      vertex 12.485983210409113 68.43252613340684 2
      vertex 12.485983210409113 68.43252613340684 5
      vertex 12.667766952966367 68.26776695296637 2
    endloop
  endfacet
  facet normal 0.5141027441932124 0.8577286100002776 0
    outer loop
      vertex 12.078491842064993 68.70480316087088 2
      vertex 12.078491842064993 68.70480316087088 5
      vertex 12.288925582549004 68.57867403075636 2
    endloop
  endfacet
  facet normal 0.7409511253549644 0.6715589548470124 0
    outer loop
      vertex 12.83252613340684 68.08598321040911 2
      vertex 12.667766952966367 68.26776695296637 2
      vertex 12.83252613340684 68.08598321040911 5
    endloop
  endfacet
  facet normal 0.9415440651830151 -0.33688985339223576 1.4164152328270829e-18
    outer loop
      vertex 13.209698831278216 65.54329141908728 5
      vertex 13.29235083933052 65.77428830686384 2
      vertex 13.29235083933052 65.77428830686384 5
    endloop
  endfacet
  facet normal 0.9700312531945429 -0.24298017990326795 0
    outer loop
      vertex 13.351963201008076 66.01227419495967 2
      vertex 13.351963201008076 66.01227419495967 5
      vertex 13.29235083933052 65.77428830686384 5
    endloop
  endfacet
  facet normal 0.9891765099647815 -0.1467304744553588 0
    outer loop
      vertex 13.387961816680491 66.2549571491761 2
      vertex 13.387961816680491 66.2549571491761 5
      vertex 13.351963201008076 66.01227419495967 5
    endloop
  endfacet
  facet normal 0.9987954562051725 -0.04906767432741602 0
    outer loop
      vertex 13.399999999999999 66.5 2
      vertex 13.399999999999999 66.5 5
      vertex 13.387961816680491 66.2549571491761 5
    endloop
  endfacet
  facet normal 0.9987954562051725 0.04906767432741602 0
    outer loop
      vertex 13.387961816680491 66.7450428508239 2
      vertex 13.387961816680491 66.7450428508239 5
      vertex 13.399999999999999 66.5 5
    endloop
  endfacet
  facet normal 0.9700312531945429 0.24298017990326795 0
    outer loop
      vertex 13.29235083933052 67.22571169313616 2
      vertex 13.29235083933052 67.22571169313616 5
      vertex 13.351963201008076 66.98772580504033 5
    endloop
  endfacet
  facet normal 0.9415440651830151 0.33688985339223576 0
    outer loop
      vertex 13.209698831278216 67.45670858091272 2
      vertex 13.209698831278216 67.45670858091272 5
      vertex 13.29235083933052 67.22571169313616 5
    endloop
  endfacet
  facet normal 0.9039892931234537 0.42755509343026027 0
    outer loop
      vertex 13.104803160870887 67.678491842065 2
      vertex 13.104803160870887 67.678491842065 5
      vertex 13.209698831278216 67.45670858091272 5
    endloop
  endfacet
  facet normal 0.8577286100002673 0.5141027441932294 0
    outer loop
      vertex 12.978674030756363 67.888925582549 2
      vertex 12.978674030756363 67.888925582549 5
      vertex 13.104803160870887 67.678491842065 5
    endloop
  endfacet
  facet normal 0.9891765099647815 0.1467304744553588 0
    outer loop
      vertex 13.351963201008076 66.98772580504033 2
      vertex 13.351963201008076 66.98772580504033 5
      vertex 13.387961816680491 66.7450428508239 5
    endloop
  endfacet
  facet normal 0 0 1
    outer loop
      vertex 12.288925582549004 64.42132596924364 5
      vertex 12.143980908340245 66.37747857458805 5
      vertex 12.125981600504037 66.25613709747984 5
    endloop
  endfacet
  facet normal 0 0 1
    outer loop
      vertex 12.288925582549004 64.42132596924364 5
      vertex 12.149999999999999 66.5 5
      vertex 12.143980908340245 66.37747857458805 5
    endloop
  endfacet
  facet normal 0 0 1
    outer loop
      vertex 12.288925582549004 64.42132596924364 5
      vertex 12.485983210409113 64.56747386659316 5
      vertex 12.288925582549004 68.57867403075636 5
    endloop
  endfacet
  facet normal 0 0 1
    outer loop
      vertex 12.485983210409113 64.56747386659316 5
      vertex 12.667766952966367 64.73223304703363 5
      vertex 12.485983210409113 68.43252613340684 5
    endloop
  endfacet
  facet normal 0 0 1
    outer loop
      vertex 12.288925582549004 64.42132596924364 5
      vertex 12.078491842064993 68.70480316087088 5
      vertex 12.149999999999999 66.5 5
    endloop
  endfacet
  facet normal 0 0 1
    outer loop
      vertex 11.594462791274502 67.53933701537818 5
      vertex 11.692991605204556 67.46626306670342 5
      vertex 11.625711693136154 68.89235083933052 5
    endloop
  endfacet
  facet normal 0 0 1
    outer loop
      vertex 11.692991605204556 67.46626306670342 5
      vertex 11.783883476483183 67.38388347648319 5
      vertex 11.625711693136154 68.89235083933052 5
    endloop
  endfacet
  facet normal 0 0 1
    outer loop
      vertex 11.93933701537818 67.1944627912745 5
      vertex 11.856708580912724 68.80969883127821 5
      vertex 11.86626306670342 67.29299160520456 5
    endloop
  endfacet
  facet normal 0 0 1
    outer loop
      vertex 11.86626306670342 67.29299160520456 5
      vertex 11.856708580912724 68.80969883127821 5
      vertex 11.783883476483183 67.38388347648319 5
    endloop
  endfacet
  facet normal 0 0 1
    outer loop
      vertex 12.149999999999999 66.5 5
      vertex 12.078491842064993 68.70480316087088 5
      vertex 12.143980908340245 66.62252142541195 5
    endloop
  endfacet
  facet normal 0 0 1
    outer loop
      vertex 12.125981600504037 66.74386290252016 5
      vertex 12.143980908340245 66.62252142541195 5
      vertex 12.078491842064993 68.70480316087088 5
    endloop
  endfacet
  facet normal 0 0 1
    outer loop
      vertex 12.288925582549004 64.42132596924364 5
      vertex 12.288925582549004 68.57867403075636 5
      vertex 12.078491842064993 68.70480316087088 5
    endloop
  endfacet
  facet normal 0 0 1
    outer loop
      vertex 12.485983210409113 64.56747386659316 5
      vertex 12.485983210409113 68.43252613340684 5
      vertex 12.288925582549004 68.57867403075636 5
    endloop
  endfacet
  facet normal 0 0 1
    outer loop
      vertex 12.667766952966367 64.73223304703363 5
      vertex 12.667766952966367 68.26776695296637 5
      vertex 12.485983210409113 68.43252613340684 5
    endloop
  endfacet
  facet normal 0 0 1
    outer loop
      vertex 12.125981600504037 66.74386290252016 5
      vertex 12.078491842064993 68.70480316087088 5
      vertex 12.09617541966526 66.86285584656808 5
    endloop
  endfacet
  facet normal 0 0 1
    outer loop
      vertex 12.09617541966526 66.86285584656808 5
      vertex 12.078491842064993 68.70480316087088 5
      vertex 12.054849415639108 66.97835429045637 5
    endloop
  endfacet
  facet normal 0 0 1
    outer loop
      vertex 11.93933701537818 67.1944627912745 5
      vertex 12.002401580435443 67.0892459210325 5
      vertex 12.078491842064993 68.70480316087088 5
    endloop
  endfacet
  facet normal 0 0 1
    outer loop
      vertex 12.002401580435443 67.0892459210325 5
      vertex 12.054849415639108 66.97835429045637 5
      vertex 12.078491842064993 68.70480316087088 5
    endloop
  endfacet
  facet normal 0 0 1
    outer loop
      vertex 12.667766952966367 64.73223304703363 5
      vertex 12.83252613340684 64.91401678959089 5
      vertex 12.667766952966367 68.26776695296637 5
    endloop
  endfacet
  facet normal 0 0 1
    outer loop
      vertex 12.83252613340684 64.91401678959089 5
      vertex 12.978674030756363 65.111074417451 5
      vertex 12.83252613340684 68.08598321040911 5
    endloop
  endfacet
  facet normal 0 0 1
    outer loop
      vertex 12.978674030756363 65.111074417451 5
      vertex 13.104803160870887 65.321508157935 5
      vertex 12.978674030756363 67.888925582549 5
    endloop
  endfacet
  facet normal 0 0 1
    outer loop
      vertex 13.104803160870887 65.321508157935 5
      vertex 13.209698831278216 65.54329141908728 5
      vertex 13.104803160870887 67.678491842065 5
    endloop
  endfacet
  facet normal 0 0 1
    outer loop
      vertex 13.209698831278216 65.54329141908728 5
      vertex 13.29235083933052 65.77428830686384 5
      vertex 13.209698831278216 67.45670858091272 5
    endloop
  endfacet
  facet normal 0 0 1
    outer loop
      vertex 13.29235083933052 65.77428830686384 5
      vertex 13.351963201008076 66.01227419495967 5
      vertex 13.29235083933052 67.22571169313616 5
    endloop
  endfacet
  facet normal 0 0 1
    outer loop
      vertex 13.351963201008076 66.01227419495967 5
      vertex 13.351963201008076 66.98772580504033 5
      vertex 13.29235083933052 67.22571169313616 5
    endloop
  endfacet
  facet normal 0 0 1
    outer loop
      vertex 13.351963201008076 66.01227419495967 5
      vertex 13.387961816680491 66.2549571491761 5
      vertex 13.351963201008076 66.98772580504033 5
    endloop
  endfacet
  facet normal 0 0 1
    outer loop
      vertex 13.387961816680491 66.2549571491761 5
      vertex 13.399999999999999 66.5 5
      vertex 13.387961816680491 66.7450428508239 5
    endloop
  endfacet
  facet normal 0 0 1
    outer loop
      vertex 13.387961816680491 66.2549571491761 5
      vertex 13.387961816680491 66.7450428508239 5
      vertex 13.351963201008076 66.98772580504033 5
    endloop
  endfacet
  facet normal 0 0 1
    outer loop
      vertex 12.83252613340684 64.91401678959089 5
      vertex 12.83252613340684 68.08598321040911 5
      vertex 12.667766952966367 68.26776695296637 5
    endloop
  endfacet
  facet normal 0 0 1
    outer loop
      vertex 12.978674030756363 65.111074417451 5
      vertex 12.978674030756363 67.888925582549 5
      vertex 12.83252613340684 68.08598321040911 5
    endloop
  endfacet
  facet normal 0 0 1
    outer loop
      vertex 13.209698831278216 65.54329141908728 5
      vertex 13.209698831278216 67.45670858091272 5
      vertex 13.104803160870887 67.678491842065 5
    endloop
  endfacet
  facet normal 0 0 1
    outer loop
      vertex 13.104803160870887 65.321508157935 5
      vertex 13.104803160870887 67.678491842065 5
      vertex 12.978674030756363 67.888925582549 5
    endloop
  endfacet
  facet normal 0 0 1
    outer loop
      vertex 13.29235083933052 65.77428830686384 5
      vertex 13.29235083933052 67.22571169313616 5
      vertex 13.209698831278216 67.45670858091272 5
    endloop
  endfacet
  facet normal 0.14673047445540235 0.9891765099647749 -6.621290969947535e-19
    outer loop
      vertex 11.1450428508239 68.9879618166805 5
      vertex 11.387725805040319 68.95196320100807 5
      vertex 11.387725805040319 68.95196320100807 2
    endloop
  endfacet
  facet normal 0.24298017990325432 0.9700312531945463 0
    outer loop
      vertex 11.625711693136154 68.89235083933052 2
      vertex 11.387725805040319 68.95196320100807 5
      vertex 11.625711693136154 68.89235083933052 5
    endloop
  endfacet
  facet normal 0.33688985339222377 0.9415440651830195 0
    outer loop
      vertex 11.856708580912724 68.80969883127821 2
      vertex 11.625711693136154 68.89235083933052 5
      vertex 11.856708580912724 68.80969883127821 5
    endloop
  endfacet
  facet normal 0.5956993044924334 0.8032075314806449 0
    outer loop
      vertex 12.485983210409113 68.43252613340684 2
      vertex 12.288925582549004 68.57867403075636 5
      vertex 12.485983210409113 68.43252613340684 5
    endloop
  endfacet
  facet normal 0.6715589548470117 0.7409511253549651 0
    outer loop
      vertex 12.667766952966367 68.26776695296637 2
      vertex 12.485983210409113 68.43252613340684 5
      vertex 12.667766952966367 68.26776695296637 5
    endloop
  endfacet
  facet normal 0.42755509343028575 0.9039892931234416 0
    outer loop
      vertex 12.078491842064993 68.70480316087088 2
      vertex 11.856708580912724 68.80969883127821 5
      vertex 12.078491842064993 68.70480316087088 5
    endloop
  endfacet
  facet normal 0.5141027441932124 0.8577286100002776 0
    outer loop
      vertex 12.288925582549004 68.57867403075636 2
      vertex 12.078491842064993 68.70480316087088 5
      vertex 12.288925582549004 68.57867403075636 5
    endloop
  endfacet
  facet normal 0.7409511253549644 0.6715589548470124 0
    outer loop
      vertex 12.667766952966367 68.26776695296637 2
      vertex 12.667766952966367 68.26776695296637 5
      vertex 12.83252613340684 68.08598321040911 5
    endloop
  endfacet
  facet normal 0.8032075314806372 0.5956993044924437 0
    outer loop
      vertex 12.83252613340684 68.08598321040911 2
      vertex 12.83252613340684 68.08598321040911 5
      vertex 12.978674030756363 67.888925582549 5
    endloop
  endfacet
  facet normal 0 0 1
    outer loop
      vertex 11.378354290456361 67.6548494156391 5
      vertex 11.387725805040319 68.95196320100807 5
      vertex 11.262855846568076 67.69617541966527 5
    endloop
  endfacet
  facet normal 0 0 1
    outer loop
      vertex 11.378354290456361 67.6548494156391 5
      vertex 11.489245921032495 67.60240158043544 5
      vertex 11.387725805040319 68.95196320100807 5
    endloop
  endfacet
  facet normal 0 0 1
    outer loop
      vertex 11.489245921032495 67.60240158043544 5
      vertex 11.594462791274502 67.53933701537818 5
      vertex 11.625711693136154 68.89235083933052 5
    endloop
  endfacet
  facet normal 0 0 1
    outer loop
      vertex 11.1450428508239 68.9879618166805 5
      vertex 11.262855846568076 67.69617541966527 5
      vertex 11.387725805040319 68.95196320100807 5
    endloop
  endfacet
  facet normal 0 0 1
    outer loop
      vertex 11.489245921032495 67.60240158043544 5
      vertex 11.625711693136154 68.89235083933052 5
      vertex 11.387725805040319 68.95196320100807 5
    endloop
  endfacet
  facet normal 0 0 1
    outer loop
      vertex 11.783883476483183 67.38388347648319 5
      vertex 11.856708580912724 68.80969883127821 5
      vertex 11.625711693136154 68.89235083933052 5
    endloop
  endfacet
  facet normal 0 0 1
    outer loop
      vertex 11.93933701537818 67.1944627912745 5
      vertex 12.078491842064993 68.70480316087088 5
      vertex 11.856708580912724 68.80969883127821 5
    endloop
  endfacet
  facet normal 0.6715589548469727 0.7409511253550005 0
    outer loop
      vertex 68.01611652351681 65.61611652351681 2
      vertex 68.01611652351681 65.61611652351681 5
      vertex 68.10700839479544 65.53373693329658 2
    endloop
  endfacet
  facet normal 0.595699304492416 0.8032075314806577 0
    outer loop
      vertex 68.10700839479544 65.53373693329658 2
      vertex 68.10700839479544 65.53373693329658 5
      vertex 68.2055372087255 65.46066298462182 2
    endloop
  endfacet
  facet normal 0.3368898533922752 0.9415440651830012 -6.52310733656236e-19
    outer loop
      vertex 68.53714415343192 65.30382458033473 2
      vertex 68.42164570954364 65.3451505843609 2
      vertex 68.42164570954364 65.3451505843609 5
    endloop
  endfacet
  facet normal 0.5141027441932189 0.8577286100002739 0
    outer loop
      vertex 68.2055372087255 65.46066298462182 2
      vertex 68.2055372087255 65.46066298462182 5
      vertex 68.3107540789675 65.39759841956456 2
    endloop
  endfacet
  facet normal 0.4275550934302886 0.9039892931234403 0
    outer loop
      vertex 68.3107540789675 65.39759841956456 2
      vertex 68.3107540789675 65.39759841956456 5
      vertex 68.42164570954364 65.3451505843609 2
    endloop
  endfacet
  facet normal 0.24298017990325432 0.9700312531945463 0
    outer loop
      vertex 68.53714415343192 65.30382458033473 2
      vertex 68.53714415343192 65.30382458033473 5
      vertex 68.65613709747984 65.27401839949596 2
    endloop
  endfacet
  facet normal 0.1467304744553362 0.9891765099647847 0
    outer loop
      vertex 68.65613709747984 65.27401839949596 2
      vertex 68.65613709747984 65.27401839949596 5
      vertex 68.77747857458806 65.25601909165975 2
    endloop
  endfacet
  facet normal 0.04906767432740441 0.9987954562051731 0
    outer loop
      vertex 68.77747857458806 65.25601909165975 2
      vertex 68.77747857458806 65.25601909165975 5
      vertex 68.9 65.25 2
    endloop
  endfacet
  facet normal -0.04906767432740441 0.9987954562051731 0
    outer loop
      vertex 68.9 65.25 2
      vertex 68.9 65.25 5
      vertex 69.02252142541195 65.25601909165975 2
    endloop
  endfacet
  facet normal -0.1467304744553362 0.9891765099647847 0
    outer loop
      vertex 69.02252142541195 65.25601909165975 2
      vertex 69.02252142541195 65.25601909165975 5
      vertex 69.14386290252017 65.27401839949596 2
    endloop
  endfacet
  facet normal -0.24298017990325432 0.9700312531945463 0
    outer loop
      vertex 69.14386290252017 65.27401839949596 2
      vertex 69.14386290252017 65.27401839949596 5
      vertex 69.26285584656809 65.30382458033473 2
    endloop
  endfacet
  facet normal -0.3368898533922752 0.9415440651830012 0
    outer loop
      vertex 69.26285584656809 65.30382458033473 2
      vertex 69.26285584656809 65.30382458033473 5
      vertex 69.37835429045637 65.3451505843609 2
    endloop
  endfacet
  facet normal -0.4275550934302886 0.9039892931234403 0
    outer loop
      vertex 69.37835429045637 65.3451505843609 2
      vertex 69.37835429045637 65.3451505843609 5
      vertex 69.4892459210325 65.39759841956456 2
    endloop
  endfacet
  facet normal -0.5141027441932189 0.8577286100002739 0
    outer loop
      vertex 69.4892459210325 65.39759841956456 2
      vertex 69.4892459210325 65.39759841956456 5
      vertex 69.59446279127451 65.46066298462182 2
    endloop
  endfacet
  facet normal -0.595699304492416 0.8032075314806577 0
    outer loop
      vertex 69.59446279127451 65.46066298462182 2
      vertex 69.59446279127451 65.46066298462182 5
      vertex 69.69299160520457 65.53373693329658 2
    endloop
  endfacet
  facet normal -0.6715589548469727 0.7409511253550005 0
    outer loop
      vertex 69.69299160520457 65.53373693329658 2
      vertex 69.69299160520457 65.53373693329658 5
      vertex 69.7838834764832 65.61611652351681 2
    endloop
  endfacet
  facet normal 0.6715589548469727 0.7409511253550005 0
    outer loop
      vertex 68.10700839479544 65.53373693329658 2
      vertex 68.01611652351681 65.61611652351681 5
      vertex 68.10700839479544 65.53373693329658 5
    endloop
  endfacet
  facet normal 0.595699304492416 0.8032075314806577 0
    outer loop
      vertex 68.2055372087255 65.46066298462182 2
      vertex 68.10700839479544 65.53373693329658 5
      vertex 68.2055372087255 65.46066298462182 5
    endloop
  endfacet
  facet normal 0.3368898533922752 0.9415440651830012 0
    outer loop
      vertex 68.53714415343192 65.30382458033473 2
      vertex 68.42164570954364 65.3451505843609 5
      vertex 68.53714415343192 65.30382458033473 5
    endloop
  endfacet
  facet normal 0.5141027441932189 0.8577286100002739 0
    outer loop
      vertex 68.3107540789675 65.39759841956456 2
      vertex 68.2055372087255 65.46066298462182 5
      vertex 68.3107540789675 65.39759841956456 5
    endloop
  endfacet
  facet normal 0.4275550934302886 0.9039892931234403 0
    outer loop
      vertex 68.42164570954364 65.3451505843609 2
      vertex 68.3107540789675 65.39759841956456 5
      vertex 68.42164570954364 65.3451505843609 5
    endloop
  endfacet
  facet normal 0.24298017990325432 0.9700312531945463 0
    outer loop
      vertex 68.65613709747984 65.27401839949596 2
      vertex 68.53714415343192 65.30382458033473 5
      vertex 68.65613709747984 65.27401839949596 5
    endloop
  endfacet
  facet normal 0.1467304744553362 0.9891765099647847 0
    outer loop
      vertex 68.77747857458806 65.25601909165975 2
      vertex 68.65613709747984 65.27401839949596 5
      vertex 68.77747857458806 65.25601909165975 5
    endloop
  endfacet
  facet normal 0.04906767432740441 0.9987954562051731 0
    outer loop
      vertex 68.9 65.25 2
      vertex 68.77747857458806 65.25601909165975 5
      vertex 68.9 65.25 5
    endloop
  endfacet
  facet normal -0.04906767432740441 0.9987954562051731 0
    outer loop
      vertex 69.02252142541195 65.25601909165975 2
      vertex 68.9 65.25 5
      vertex 69.02252142541195 65.25601909165975 5
    endloop
  endfacet
  facet normal -0.1467304744553362 0.9891765099647847 0
    outer loop
      vertex 69.14386290252017 65.27401839949596 2
      vertex 69.02252142541195 65.25601909165975 5
      vertex 69.14386290252017 65.27401839949596 5
    endloop
  endfacet
  facet normal -0.24298017990325432 0.9700312531945463 0
    outer loop
      vertex 69.26285584656809 65.30382458033473 2
      vertex 69.14386290252017 65.27401839949596 5
      vertex 69.26285584656809 65.30382458033473 5
    endloop
  endfacet
  facet normal -0.3368898533922752 0.9415440651830012 0
    outer loop
      vertex 69.37835429045637 65.3451505843609 2
      vertex 69.26285584656809 65.30382458033473 5
      vertex 69.37835429045637 65.3451505843609 5
    endloop
  endfacet
  facet normal -0.4275550934302886 0.9039892931234403 0
    outer loop
      vertex 69.4892459210325 65.39759841956456 2
      vertex 69.37835429045637 65.3451505843609 5
      vertex 69.4892459210325 65.39759841956456 5
    endloop
  endfacet
  facet normal -0.5141027441932189 0.8577286100002739 0
    outer loop
      vertex 69.59446279127451 65.46066298462182 2
      vertex 69.4892459210325 65.39759841956456 5
      vertex 69.59446279127451 65.46066298462182 5
    endloop
  endfacet
  facet normal -0.595699304492416 0.8032075314806577 0
    outer loop
      vertex 69.69299160520457 65.53373693329658 2
      vertex 69.59446279127451 65.46066298462182 5
      vertex 69.69299160520457 65.53373693329658 5
    endloop
  endfacet
  facet normal -0.6715589548469727 0.7409511253550005 0
    outer loop
      vertex 69.7838834764832 65.61611652351681 2
      vertex 69.69299160520457 65.53373693329658 5
      vertex 69.7838834764832 65.61611652351681 5
    endloop
  endfacet
  facet normal 0.8577286100002739 0.5141027441932189 0
    outer loop
      vertex 67.79759841956457 65.9107540789675 2
      vertex 67.79759841956457 65.9107540789675 5
      vertex 67.86066298462183 65.8055372087255 2
    endloop
  endfacet
  facet normal 0.9039892931234403 0.4275550934302886 3.749368840819171e-20
    outer loop
      vertex 67.79759841956457 65.9107540789675 2
      vertex 67.7451505843609 66.02164570954363 2
      vertex 67.7451505843609 66.02164570954363 5
    endloop
  endfacet
  facet normal 0.9415440651830012 0.3368898533922752 -6.52310733656236e-19
    outer loop
      vertex 67.7451505843609 66.02164570954363 2
      vertex 67.70382458033474 66.13714415343192 2
      vertex 67.70382458033474 66.13714415343192 5
    endloop
  endfacet
  facet normal 0.7409511253550005 0.6715589548469727 1.7331802664032682e-19
    outer loop
      vertex 68.01611652351681 65.61611652351681 2
      vertex 67.93373693329659 65.70700839479544 2
      vertex 67.93373693329659 65.70700839479544 5
    endloop
  endfacet
  facet normal 0.8032075314806577 0.595699304492416 4.83206462451285e-19
    outer loop
      vertex 67.93373693329659 65.70700839479544 2
      vertex 67.86066298462183 65.8055372087255 2
      vertex 67.86066298462183 65.8055372087255 5
    endloop
  endfacet
  facet normal 0.9891765099647847 0.1467304744553362 1.719160133575758e-20
    outer loop
      vertex 67.67401839949596 66.25613709747984 2
      vertex 67.65601909165976 66.37747857458805 2
      vertex 67.65601909165976 66.37747857458805 5
    endloop
  endfacet
  facet normal 0.9987954562051731 0.04906767432740441 -1.1561186391819416e-19
    outer loop
      vertex 67.65601909165976 66.37747857458805 2
      vertex 67.65 66.5 2
      vertex 67.65 66.5 5
    endloop
  endfacet
  facet normal 0.9700312531945463 0.24298017990325432 5.478202921361055e-19
    outer loop
      vertex 67.70382458033474 66.13714415343192 2
      vertex 67.67401839949596 66.25613709747984 2
      vertex 67.67401839949596 66.25613709747984 5
    endloop
  endfacet
  facet normal 0.9987954562051731 -0.04906767432740441 1.1561186391819416e-19
    outer loop
      vertex 67.65 66.5 2
      vertex 67.65601909165976 66.62252142541195 2
      vertex 67.65601909165976 66.62252142541195 5
    endloop
  endfacet
  facet normal 0.9891765099647847 -0.1467304744553362 -1.719160133575758e-20
    outer loop
      vertex 67.65601909165976 66.62252142541195 2
      vertex 67.67401839949596 66.74386290252016 2
      vertex 67.67401839949596 66.74386290252016 5
    endloop
  endfacet
  facet normal 0.9700312531945463 -0.24298017990325432 -5.478202921361055e-19
    outer loop
      vertex 67.67401839949596 66.74386290252016 2
      vertex 67.70382458033474 66.86285584656808 2
      vertex 67.70382458033474 66.86285584656808 5
    endloop
  endfacet
  facet normal 0.9415440651830012 -0.3368898533922752 6.52310733656236e-19
    outer loop
      vertex 67.70382458033474 66.86285584656808 2
      vertex 67.7451505843609 66.97835429045637 2
      vertex 67.7451505843609 66.97835429045637 5
    endloop
  endfacet
  facet normal 0.9039892931234403 -0.4275550934302886 -3.749368840819171e-20
    outer loop
      vertex 67.7451505843609 66.97835429045637 2
      vertex 67.79759841956457 67.0892459210325 2
      vertex 67.79759841956457 67.0892459210325 5
    endloop
  endfacet
  facet normal 0.8577286100002739 -0.5141027441932189 9.774245318863029e-19
    outer loop
      vertex 67.79759841956457 67.0892459210325 2
      vertex 67.86066298462183 67.1944627912745 2
      vertex 67.86066298462183 67.1944627912745 5
    endloop
  endfacet
  facet normal 0.8032075314806577 -0.595699304492416 -4.83206462451285e-19
    outer loop
      vertex 67.86066298462183 67.1944627912745 2
      vertex 67.93373693329659 67.29299160520456 2
      vertex 67.93373693329659 67.29299160520456 5
    endloop
  endfacet
  facet normal 0.7409511253550005 -0.6715589548469727 -1.7331802664032682e-19
    outer loop
      vertex 67.93373693329659 67.29299160520456 2
      vertex 68.01611652351681 67.38388347648319 2
      vertex 68.01611652351681 67.38388347648319 5
    endloop
  endfacet
  facet normal 0.6715589548469727 -0.7409511253550005 -1.7331802664032682e-19
    outer loop
      vertex 68.01611652351681 67.38388347648319 2
      vertex 68.10700839479544 67.46626306670342 2
      vertex 68.10700839479544 67.46626306670342 5
    endloop
  endfacet
  facet normal 0.595699304492416 -0.8032075314806577 -4.83206462451285e-19
    outer loop
      vertex 68.10700839479544 67.46626306670342 2
      vertex 68.2055372087255 67.53933701537818 2
      vertex 68.2055372087255 67.53933701537818 5
    endloop
  endfacet
  facet normal 0.5141027441932189 -0.8577286100002739 9.774245318863029e-19
    outer loop
      vertex 68.2055372087255 67.53933701537818 2
      vertex 68.3107540789675 67.60240158043544 2
      vertex 68.3107540789675 67.60240158043544 5
    endloop
  endfacet
  facet normal 0.4275550934302886 -0.9039892931234403 -3.749368840819171e-20
    outer loop
      vertex 68.3107540789675 67.60240158043544 2
      vertex 68.42164570954364 67.6548494156391 2
      vertex 68.42164570954364 67.6548494156391 5
    endloop
  endfacet
  facet normal 0.3368898533922752 -0.9415440651830012 6.52310733656236e-19
    outer loop
      vertex 68.42164570954364 67.6548494156391 2
      vertex 68.53714415343192 67.69617541966527 2
      vertex 68.53714415343192 67.69617541966527 5
    endloop
  endfacet
  facet normal 0.24298017990325432 -0.9700312531945463 -5.478202921361055e-19
    outer loop
      vertex 68.53714415343192 67.69617541966527 2
      vertex 68.65613709747984 67.72598160050404 2
      vertex 68.65613709747984 67.72598160050404 5
    endloop
  endfacet
  facet normal 0.1467304744553362 -0.9891765099647847 -1.719160133575758e-20
    outer loop
      vertex 68.65613709747984 67.72598160050404 2
      vertex 68.77747857458806 67.74398090834025 2
      vertex 68.77747857458806 67.74398090834025 5
    endloop
  endfacet
  facet normal 0.04906767432740441 -0.9987954562051731 1.1561186391819416e-19
    outer loop
      vertex 68.77747857458806 67.74398090834025 2
      vertex 68.9 67.75 2
      vertex 68.9 67.75 5
    endloop
  endfacet
  facet normal -0.7409511253550005 0.6715589548469727 0
    outer loop
      vertex 69.7838834764832 65.61611652351681 2
      vertex 69.7838834764832 65.61611652351681 5
      vertex 69.86626306670343 65.70700839479544 2
    endloop
  endfacet
  facet normal -0.8032075314806577 0.595699304492416 0
    outer loop
      vertex 69.86626306670343 65.70700839479544 2
      vertex 69.86626306670343 65.70700839479544 5
      vertex 69.93933701537819 65.8055372087255 2
    endloop
  endfacet
  facet normal -0.8577286100002739 0.5141027441932189 0
    outer loop
      vertex 69.93933701537819 65.8055372087255 2
      vertex 69.93933701537819 65.8055372087255 5
      vertex 70.00240158043545 65.9107540789675 2
    endloop
  endfacet
  facet normal -0.9039892931234403 0.4275550934302886 0
    outer loop
      vertex 70.00240158043545 65.9107540789675 2
      vertex 70.00240158043545 65.9107540789675 5
      vertex 70.05484941563911 66.02164570954363 2
    endloop
  endfacet
  facet normal -0.9415440651830012 0.3368898533922752 0
    outer loop
      vertex 70.05484941563911 66.02164570954363 2
      vertex 70.05484941563911 66.02164570954363 5
      vertex 70.09617541966527 66.13714415343192 2
    endloop
  endfacet
  facet normal -0.9700312531945463 0.24298017990325432 0
    outer loop
      vertex 70.09617541966527 66.13714415343192 2
      vertex 70.09617541966527 66.13714415343192 5
      vertex 70.12598160050405 66.25613709747984 2
    endloop
  endfacet
  facet normal -0.9891765099647847 0.1467304744553362 0
    outer loop
      vertex 70.12598160050405 66.25613709747984 2
      vertex 70.12598160050405 66.25613709747984 5
      vertex 70.14398090834025 66.37747857458805 2
    endloop
  endfacet
  facet normal -0.9987954562051731 0.04906767432740441 0
    outer loop
      vertex 70.14398090834025 66.37747857458805 2
      vertex 70.14398090834025 66.37747857458805 5
      vertex 70.15 66.5 2
    endloop
  endfacet
  facet normal -0.9700312531945463 -0.24298017990325432 0
    outer loop
      vertex 70.12598160050405 66.74386290252016 2
      vertex 70.12598160050405 66.74386290252016 5
      vertex 70.09617541966527 66.86285584656808 2
    endloop
  endfacet
  facet normal -0.9987954562051731 -0.04906767432740441 0
    outer loop
      vertex 70.15 66.5 2
      vertex 70.15 66.5 5
      vertex 70.14398090834025 66.62252142541195 2
    endloop
  endfacet
  facet normal -0.9891765099647847 -0.1467304744553362 1.719160133575758e-20
    outer loop
      vertex 70.12598160050405 66.74386290252016 2
      vertex 70.14398090834025 66.62252142541195 2
      vertex 70.14398090834025 66.62252142541195 5
    endloop
  endfacet
  facet normal -0.04906767432740441 -0.9987954562051731 -1.1561186391819416e-19
    outer loop
      vertex 68.9 67.75 2
      vertex 69.02252142541195 67.74398090834025 2
      vertex 69.02252142541195 67.74398090834025 5
    endloop
  endfacet
  facet normal -0.1467304744553362 -0.9891765099647847 1.719160133575758e-20
    outer loop
      vertex 69.02252142541195 67.74398090834025 2
      vertex 69.14386290252017 67.72598160050404 2
      vertex 69.14386290252017 67.72598160050404 5
    endloop
  endfacet
  facet normal -0.24298017990325432 -0.9700312531945463 5.478202921361055e-19
    outer loop
      vertex 69.14386290252017 67.72598160050404 2
      vertex 69.26285584656809 67.69617541966527 2
      vertex 69.26285584656809 67.69617541966527 5
    endloop
  endfacet
  facet normal -0.3368898533922752 -0.9415440651830012 0
    outer loop
      vertex 69.37835429045637 67.6548494156391 2
      vertex 69.37835429045637 67.6548494156391 5
      vertex 69.26285584656809 67.69617541966527 2
    endloop
  endfacet
  facet normal -0.4275550934302886 -0.9039892931234403 3.749368840819171e-20
    outer loop
      vertex 69.37835429045637 67.6548494156391 2
      vertex 69.4892459210325 67.60240158043544 2
      vertex 69.4892459210325 67.60240158043544 5
    endloop
  endfacet
  facet normal -0.5141027441932189 -0.8577286100002739 -9.774245318863029e-19
    outer loop
      vertex 69.4892459210325 67.60240158043544 2
      vertex 69.59446279127451 67.53933701537818 2
      vertex 69.59446279127451 67.53933701537818 5
    endloop
  endfacet
  facet normal -0.8032075314806577 -0.595699304492416 0
    outer loop
      vertex 69.93933701537819 67.1944627912745 2
      vertex 69.93933701537819 67.1944627912745 5
      vertex 69.86626306670343 67.29299160520456 2
    endloop
  endfacet
  facet normal -0.7409511253550005 -0.6715589548469727 0
    outer loop
      vertex 69.86626306670343 67.29299160520456 2
      vertex 69.86626306670343 67.29299160520456 5
      vertex 69.7838834764832 67.38388347648319 2
    endloop
  endfacet
  facet normal -0.9415440651830012 -0.3368898533922752 0
    outer loop
      vertex 70.09617541966527 66.86285584656808 2
      vertex 70.09617541966527 66.86285584656808 5
      vertex 70.05484941563911 66.97835429045637 2
    endloop
  endfacet
  facet normal -0.9039892931234403 -0.4275550934302886 3.749368840819171e-20
    outer loop
      vertex 70.00240158043545 67.0892459210325 2
      vertex 70.05484941563911 66.97835429045637 2
      vertex 70.05484941563911 66.97835429045637 5
    endloop
  endfacet
  facet normal -0.8577286100002739 -0.5141027441932189 -9.774245318863029e-19
    outer loop
      vertex 69.93933701537819 67.1944627912745 2
      vertex 70.00240158043545 67.0892459210325 2
      vertex 70.00240158043545 67.0892459210325 5
    endloop
  endfacet
  facet normal -0.595699304492416 -0.8032075314806577 4.83206462451285e-19
    outer loop
      vertex 69.59446279127451 67.53933701537818 2
      vertex 69.69299160520457 67.46626306670342 2
      vertex 69.69299160520457 67.46626306670342 5
    endloop
  endfacet
  facet normal -0.6715589548469727 -0.7409511253550005 1.7331802664032682e-19
    outer loop
      vertex 69.69299160520457 67.46626306670342 2
      vertex 69.7838834764832 67.38388347648319 2
      vertex 69.7838834764832 67.38388347648319 5
    endloop
  endfacet
  facet normal 0.8577286100002739 0.5141027441932189 0
    outer loop
      vertex 67.86066298462183 65.8055372087255 2
      vertex 67.79759841956457 65.9107540789675 5
      vertex 67.86066298462183 65.8055372087255 5
    endloop
  endfacet
  facet normal 0.9415440651830012 0.3368898533922752 0
    outer loop
      vertex 67.7451505843609 66.02164570954363 2
      vertex 67.70382458033474 66.13714415343192 5
      vertex 67.7451505843609 66.02164570954363 5
    endloop
  endfacet
  facet normal 0.9039892931234403 0.4275550934302886 0
    outer loop
      vertex 67.79759841956457 65.9107540789675 2
      vertex 67.7451505843609 66.02164570954363 5
      vertex 67.79759841956457 65.9107540789675 5
    endloop
  endfacet
  facet normal 0.9700312531945463 0.24298017990325432 0
    outer loop
      vertex 67.70382458033474 66.13714415343192 2
      vertex 67.67401839949596 66.25613709747984 5
      vertex 67.70382458033474 66.13714415343192 5
    endloop
  endfacet
  facet normal 0.8032075314806577 0.595699304492416 0
    outer loop
      vertex 67.93373693329659 65.70700839479544 2
      vertex 67.86066298462183 65.8055372087255 5
      vertex 67.93373693329659 65.70700839479544 5
    endloop
  endfacet
  facet normal 0.7409511253550005 0.6715589548469727 0
    outer loop
      vertex 68.01611652351681 65.61611652351681 2
      vertex 67.93373693329659 65.70700839479544 5
      vertex 68.01611652351681 65.61611652351681 5
    endloop
  endfacet
  facet normal 0.9891765099647847 0.1467304744553362 0
    outer loop
      vertex 67.67401839949596 66.25613709747984 2
      vertex 67.65601909165976 66.37747857458805 5
      vertex 67.67401839949596 66.25613709747984 5
    endloop
  endfacet
  facet normal 0.9987954562051731 0.04906767432740441 0
    outer loop
      vertex 67.65601909165976 66.37747857458805 2
      vertex 67.65 66.5 5
      vertex 67.65601909165976 66.37747857458805 5
    endloop
  endfacet
  facet normal 0.9987954562051731 -0.04906767432740441 0
    outer loop
      vertex 67.65 66.5 2
      vertex 67.65601909165976 66.62252142541195 5
      vertex 67.65 66.5 5
    endloop
  endfacet
  facet normal 0.9891765099647847 -0.1467304744553362 0
    outer loop
      vertex 67.65601909165976 66.62252142541195 2
      vertex 67.67401839949596 66.74386290252016 5
      vertex 67.65601909165976 66.62252142541195 5
    endloop
  endfacet
  facet normal 0.9700312531945463 -0.24298017990325432 0
    outer loop
      vertex 67.67401839949596 66.74386290252016 2
      vertex 67.70382458033474 66.86285584656808 5
      vertex 67.67401839949596 66.74386290252016 5
    endloop
  endfacet
  facet normal 0.9415440651830012 -0.3368898533922752 0
    outer loop
      vertex 67.70382458033474 66.86285584656808 2
      vertex 67.7451505843609 66.97835429045637 5
      vertex 67.70382458033474 66.86285584656808 5
    endloop
  endfacet
  facet normal 0.9039892931234403 -0.4275550934302886 0
    outer loop
      vertex 67.7451505843609 66.97835429045637 2
      vertex 67.79759841956457 67.0892459210325 5
      vertex 67.7451505843609 66.97835429045637 5
    endloop
  endfacet
  facet normal 0.8577286100002739 -0.5141027441932189 0
    outer loop
      vertex 67.79759841956457 67.0892459210325 2
      vertex 67.86066298462183 67.1944627912745 5
      vertex 67.79759841956457 67.0892459210325 5
    endloop
  endfacet
  facet normal 0.8032075314806577 -0.595699304492416 0
    outer loop
      vertex 67.86066298462183 67.1944627912745 2
      vertex 67.93373693329659 67.29299160520456 5
      vertex 67.86066298462183 67.1944627912745 5
    endloop
  endfacet
  facet normal 0.7409511253550005 -0.6715589548469727 0
    outer loop
      vertex 67.93373693329659 67.29299160520456 2
      vertex 68.01611652351681 67.38388347648319 5
      vertex 67.93373693329659 67.29299160520456 5
    endloop
  endfacet
  facet normal 0.6715589548469727 -0.7409511253550005 0
    outer loop
      vertex 68.01611652351681 67.38388347648319 2
      vertex 68.10700839479544 67.46626306670342 5
      vertex 68.01611652351681 67.38388347648319 5
    endloop
  endfacet
  facet normal 0.595699304492416 -0.8032075314806577 0
    outer loop
      vertex 68.10700839479544 67.46626306670342 2
      vertex 68.2055372087255 67.53933701537818 5
      vertex 68.10700839479544 67.46626306670342 5
    endloop
  endfacet
  facet normal 0.5141027441932189 -0.8577286100002739 0
    outer loop
      vertex 68.2055372087255 67.53933701537818 2
      vertex 68.3107540789675 67.60240158043544 5
      vertex 68.2055372087255 67.53933701537818 5
    endloop
  endfacet
  facet normal 0.4275550934302886 -0.9039892931234403 0
    outer loop
      vertex 68.3107540789675 67.60240158043544 2
      vertex 68.42164570954364 67.6548494156391 5
      vertex 68.3107540789675 67.60240158043544 5
    endloop
  endfacet
  facet normal 0.3368898533922752 -0.9415440651830012 0
    outer loop
      vertex 68.42164570954364 67.6548494156391 2
      vertex 68.53714415343192 67.69617541966527 5
      vertex 68.42164570954364 67.6548494156391 5
    endloop
  endfacet
  facet normal 0.24298017990325432 -0.9700312531945463 0
    outer loop
      vertex 68.53714415343192 67.69617541966527 2
      vertex 68.65613709747984 67.72598160050404 5
      vertex 68.53714415343192 67.69617541966527 5
    endloop
  endfacet
  facet normal 0.1467304744553362 -0.9891765099647847 0
    outer loop
      vertex 68.65613709747984 67.72598160050404 2
      vertex 68.77747857458806 67.74398090834025 5
      vertex 68.65613709747984 67.72598160050404 5
    endloop
  endfacet
  facet normal 0.04906767432740441 -0.9987954562051731 0
    outer loop
      vertex 68.77747857458806 67.74398090834025 2
      vertex 68.9 67.75 5
      vertex 68.77747857458806 67.74398090834025 5
    endloop
  endfacet
  facet normal -0.7409511253550005 0.6715589548469727 -1.7331802664032682e-19
    outer loop
      vertex 69.7838834764832 65.61611652351681 5
      vertex 69.86626306670343 65.70700839479544 5
      vertex 69.86626306670343 65.70700839479544 2
    endloop
  endfacet
  facet normal -0.8032075314806577 0.595699304492416 0
    outer loop
      vertex 69.93933701537819 65.8055372087255 2
      vertex 69.86626306670343 65.70700839479544 5
      vertex 69.93933701537819 65.8055372087255 5
    endloop
  endfacet
  facet normal -0.8577286100002739 0.5141027441932189 0
    outer loop
      vertex 70.00240158043545 65.9107540789675 2
      vertex 69.93933701537819 65.8055372087255 5
      vertex 70.00240158043545 65.9107540789675 5
    endloop
  endfacet
  facet normal -0.9039892931234403 0.4275550934302886 0
    outer loop
      vertex 70.05484941563911 66.02164570954363 2
      vertex 70.00240158043545 65.9107540789675 5
      vertex 70.05484941563911 66.02164570954363 5
    endloop
  endfacet
  facet normal -0.9415440651830012 0.3368898533922752 0
    outer loop
      vertex 70.09617541966527 66.13714415343192 2
      vertex 70.05484941563911 66.02164570954363 5
      vertex 70.09617541966527 66.13714415343192 5
    endloop
  endfacet
  facet normal -0.9700312531945463 0.24298017990325432 0
    outer loop
      vertex 70.12598160050405 66.25613709747984 2
      vertex 70.09617541966527 66.13714415343192 5
      vertex 70.12598160050405 66.25613709747984 5
    endloop
  endfacet
  facet normal -0.9891765099647847 0.1467304744553362 0
    outer loop
      vertex 70.14398090834025 66.37747857458805 2
      vertex 70.12598160050405 66.25613709747984 5
      vertex 70.14398090834025 66.37747857458805 5
    endloop
  endfacet
  facet normal -0.9987954562051731 0.04906767432740441 0
    outer loop
      vertex 70.15 66.5 2
      vertex 70.14398090834025 66.37747857458805 5
      vertex 70.15 66.5 5
    endloop
  endfacet
  facet normal -0.9891765099647847 -0.1467304744553362 0
    outer loop
      vertex 70.12598160050405 66.74386290252016 2
      vertex 70.14398090834025 66.62252142541195 5
      vertex 70.12598160050405 66.74386290252016 5
    endloop
  endfacet
  facet normal -0.9987954562051731 -0.04906767432740441 0
    outer loop
      vertex 70.14398090834025 66.62252142541195 2
      vertex 70.15 66.5 5
      vertex 70.14398090834025 66.62252142541195 5
    endloop
  endfacet
  facet normal -0.04906767432740441 -0.9987954562051731 0
    outer loop
      vertex 68.9 67.75 2
      vertex 69.02252142541195 67.74398090834025 5
      vertex 68.9 67.75 5
    endloop
  endfacet
  facet normal -0.1467304744553362 -0.9891765099647847 0
    outer loop
      vertex 69.02252142541195 67.74398090834025 2
      vertex 69.14386290252017 67.72598160050404 5
      vertex 69.02252142541195 67.74398090834025 5
    endloop
  endfacet
  facet normal -0.24298017990325432 -0.9700312531945463 0
    outer loop
      vertex 69.14386290252017 67.72598160050404 2
      vertex 69.26285584656809 67.69617541966527 5
      vertex 69.14386290252017 67.72598160050404 5
    endloop
  endfacet
  facet normal -0.4275550934302886 -0.9039892931234403 0
    outer loop
      vertex 69.37835429045637 67.6548494156391 2
      vertex 69.4892459210325 67.60240158043544 5
      vertex 69.37835429045637 67.6548494156391 5
    endloop
  endfacet
  facet normal -0.5141027441932189 -0.8577286100002739 0
    outer loop
      vertex 69.4892459210325 67.60240158043544 2
      vertex 69.59446279127451 67.53933701537818 5
      vertex 69.4892459210325 67.60240158043544 5
    endloop
  endfacet
  facet normal -0.3368898533922752 -0.9415440651830012 0
    outer loop
      vertex 69.26285584656809 67.69617541966527 2
      vertex 69.37835429045637 67.6548494156391 5
      vertex 69.26285584656809 67.69617541966527 5
    endloop
  endfacet
  facet normal -0.8577286100002739 -0.5141027441932189 0
    outer loop
      vertex 69.93933701537819 67.1944627912745 2
      vertex 70.00240158043545 67.0892459210325 5
      vertex 69.93933701537819 67.1944627912745 5
    endloop
  endfacet
  facet normal -0.7409511253550005 -0.6715589548469727 0
    outer loop
      vertex 69.7838834764832 67.38388347648319 2
      vertex 69.86626306670343 67.29299160520456 5
      vertex 69.7838834764832 67.38388347648319 5
    endloop
  endfacet
  facet normal -0.8032075314806577 -0.595699304492416 0
    outer loop
      vertex 69.86626306670343 67.29299160520456 2
      vertex 69.93933701537819 67.1944627912745 5
      vertex 69.86626306670343 67.29299160520456 5
    endloop
  endfacet
  facet normal -0.9700312531945463 -0.24298017990325432 0
    outer loop
      vertex 70.09617541966527 66.86285584656808 2
      vertex 70.12598160050405 66.74386290252016 5
      vertex 70.09617541966527 66.86285584656808 5
    endloop
  endfacet
  facet normal -0.9415440651830012 -0.3368898533922752 0
    outer loop
      vertex 70.05484941563911 66.97835429045637 2
      vertex 70.09617541966527 66.86285584656808 5
      vertex 70.05484941563911 66.97835429045637 5
    endloop
  endfacet
  facet normal -0.9039892931234403 -0.4275550934302886 0
    outer loop
      vertex 70.00240158043545 67.0892459210325 2
      vertex 70.05484941563911 66.97835429045637 5
      vertex 70.00240158043545 67.0892459210325 5
    endloop
  endfacet
  facet normal -0.595699304492416 -0.8032075314806577 0
    outer loop
      vertex 69.59446279127451 67.53933701537818 2
      vertex 69.69299160520457 67.46626306670342 5
      vertex 69.59446279127451 67.53933701537818 5
    endloop
  endfacet
  facet normal -0.6715589548469727 -0.7409511253550005 0
    outer loop
      vertex 69.69299160520457 67.46626306670342 2
      vertex 69.7838834764832 67.38388347648319 5
      vertex 69.69299160520457 67.46626306670342 5
    endloop
  endfacet
  facet normal 0.6715589548470124 0.7409511253549644 0
    outer loop
      vertex 68.01611652351681 7.616116523516816 2
      vertex 68.01611652351681 7.616116523516816 5
      vertex 68.10700839479544 7.533736933296579 2
    endloop
  endfacet
  facet normal 0.595699304492416 0.8032075314806577 0
    outer loop
      vertex 68.10700839479544 7.533736933296579 2
      vertex 68.10700839479544 7.533736933296579 5
      vertex 68.2055372087255 7.460662984621818 2
    endloop
  endfacet
  facet normal 0.8577286100002776 0.5141027441932124 0
    outer loop
      vertex 67.79759841956457 7.910754078967503 2
      vertex 67.79759841956457 7.910754078967503 5
      vertex 67.86066298462183 7.8055372087254975 2
    endloop
  endfacet
  facet normal 0.9039892931234416 0.42755509343028575 0
    outer loop
      vertex 67.7451505843609 8.021645709543638 2
      vertex 67.7451505843609 8.021645709543638 5
      vertex 67.79759841956457 7.910754078967503 2
    endloop
  endfacet
  facet normal 0.9415440651830012 0.3368898533922752 -6.52310733656236e-19
    outer loop
      vertex 67.7451505843609 8.021645709543638 2
      vertex 67.70382458033474 8.137144153431922 2
      vertex 67.70382458033474 8.137144153431922 5
    endloop
  endfacet
  facet normal 0.740951125354994 0.6715589548469798 -5.021713765319763e-19
    outer loop
      vertex 68.01611652351681 7.616116523516816 2
      vertex 67.93373693329659 7.707008394795443 2
      vertex 67.93373693329659 7.707008394795443 5
    endloop
  endfacet
  facet normal 0.8032075314806449 0.5956993044924334 8.099151560291748e-19
    outer loop
      vertex 67.93373693329659 7.707008394795443 2
      vertex 67.86066298462183 7.8055372087254975 2
      vertex 67.86066298462183 7.8055372087254975 5
    endloop
  endfacet
  facet normal 0.5141027441932294 0.8577286100002673 0
    outer loop
      vertex 68.2055372087255 7.460662984621818 2
      vertex 68.2055372087255 7.460662984621818 5
      vertex 68.3107540789675 7.397598419564556 2
    endloop
  endfacet
  facet normal 0.4275550934302827 0.9039892931234432 0
    outer loop
      vertex 68.3107540789675 7.397598419564556 2
      vertex 68.3107540789675 7.397598419564556 5
      vertex 68.42164570954364 7.3451505843608915 2
    endloop
  endfacet
  facet normal 0.3368898533922174 0.9415440651830217 3.6978543638821715e-19
    outer loop
      vertex 68.53714415343192 7.303824580334739 2
      vertex 68.42164570954364 7.3451505843608915 2
      vertex 68.42164570954364 7.3451505843608915 5
    endloop
  endfacet
  facet normal 0.24298017990326795 0.9700312531945429 0
    outer loop
      vertex 68.53714415343192 7.303824580334739 2
      vertex 68.53714415343192 7.303824580334739 5
      vertex 68.65613709747984 7.2740183994959615 2
    endloop
  endfacet
  facet normal 0.1467304744553504 0.9891765099647827 0
    outer loop
      vertex 68.65613709747984 7.2740183994959615 2
      vertex 68.65613709747984 7.2740183994959615 5
      vertex 68.77747857458806 7.256019091659754 2
    endloop
  endfacet
  facet normal 0.04906767432741885 0.9987954562051723 0
    outer loop
      vertex 68.77747857458806 7.256019091659754 2
      vertex 68.77747857458806 7.256019091659754 5
      vertex 68.9 7.25 2
    endloop
  endfacet
  facet normal 0.9891765099647835 0.14673047445534462 -9.987674456312184e-20
    outer loop
      vertex 67.67401839949596 8.25613709747984 2
      vertex 67.65601909165976 8.37747857458805 2
      vertex 67.65601909165976 8.37747857458805 5
    endloop
  endfacet
  facet normal 0.9987954562051732 0.04906767432740299 1.1018171008480798e-19
    outer loop
      vertex 67.65601909165976 8.37747857458805 2
      vertex 67.65 8.5 2
      vertex 67.65 8.5 5
    endloop
  endfacet
  facet normal 0.9700312531945463 0.24298017990325432 5.478202921361055e-19
    outer loop
      vertex 67.70382458033474 8.137144153431922 2
      vertex 67.67401839949596 8.25613709747984 2
      vertex 67.67401839949596 8.25613709747984 5
    endloop
  endfacet
  facet normal 0.9987954562051732 -0.04906767432740299 -1.1018171008480798e-19
    outer loop
      vertex 67.65 8.5 2
      vertex 67.65601909165976 8.62252142541195 2
      vertex 67.65601909165976 8.62252142541195 5
    endloop
  endfacet
  facet normal 0.9891765099647835 -0.14673047445534462 9.987674456312184e-20
    outer loop
      vertex 67.65601909165976 8.62252142541195 2
      vertex 67.67401839949596 8.74386290252016 2
      vertex 67.67401839949596 8.74386290252016 5
    endloop
  endfacet
  facet normal 0.9700312531945463 -0.24298017990325432 -5.478202921361055e-19
    outer loop
      vertex 67.67401839949596 8.74386290252016 2
      vertex 67.70382458033474 8.862855846568078 2
      vertex 67.70382458033474 8.862855846568078 5
    endloop
  endfacet
  facet normal 0.9415440651830012 -0.3368898533922752 6.52310733656236e-19
    outer loop
      vertex 67.70382458033474 8.862855846568078 2
      vertex 67.7451505843609 8.978354290456362 2
      vertex 67.7451505843609 8.978354290456362 5
    endloop
  endfacet
  facet normal 0.9039892931234403 -0.4275550934302886 -3.749368840819171e-20
    outer loop
      vertex 67.7451505843609 8.978354290456362 2
      vertex 67.79759841956457 9.089245921032497 2
      vertex 67.79759841956457 9.089245921032497 5
    endloop
  endfacet
  facet normal 0.8577286100002814 -0.5141027441932061 -6.430509186363918e-19
    outer loop
      vertex 67.79759841956457 9.089245921032497 2
      vertex 67.86066298462183 9.194462791274503 2
      vertex 67.86066298462183 9.194462791274503 5
    endloop
  endfacet
  facet normal 0.8032075314806423 -0.5956993044924368 -4.038743264164043e-19
    outer loop
      vertex 67.86066298462183 9.194462791274503 2
      vertex 67.93373693329659 9.292991605204557 2
      vertex 67.93373693329659 9.292991605204557 5
    endloop
  endfacet
  facet normal 0.740951125354994 -0.6715589548469798 5.021713765319763e-19
    outer loop
      vertex 67.93373693329659 9.292991605204557 2
      vertex 68.01611652351681 9.383883476483184 2
      vertex 68.01611652351681 9.383883476483184 5
    endloop
  endfacet
  facet normal -0.04906767432741885 0.9987954562051723 0
    outer loop
      vertex 68.9 7.25 2
      vertex 68.9 7.25 5
      vertex 69.02252142541195 7.256019091659754 2
    endloop
  endfacet
  facet normal -0.1467304744553504 0.9891765099647827 0
    outer loop
      vertex 69.02252142541195 7.256019091659754 2
      vertex 69.02252142541195 7.256019091659754 5
      vertex 69.14386290252017 7.2740183994959615 2
    endloop
  endfacet
  facet normal -0.24298017990326795 0.9700312531945429 0
    outer loop
      vertex 69.14386290252017 7.2740183994959615 2
      vertex 69.14386290252017 7.2740183994959615 5
      vertex 69.26285584656809 7.303824580334739 2
    endloop
  endfacet
  facet normal -0.3368898533922174 0.9415440651830217 0
    outer loop
      vertex 69.26285584656809 7.303824580334739 2
      vertex 69.26285584656809 7.303824580334739 5
      vertex 69.37835429045637 7.3451505843608915 2
    endloop
  endfacet
  facet normal -0.4275550934302827 0.9039892931234432 0
    outer loop
      vertex 69.37835429045637 7.3451505843608915 2
      vertex 69.37835429045637 7.3451505843608915 5
      vertex 69.4892459210325 7.397598419564556 2
    endloop
  endfacet
  facet normal -0.5141027441932294 0.8577286100002673 0
    outer loop
      vertex 69.4892459210325 7.397598419564556 2
      vertex 69.4892459210325 7.397598419564556 5
      vertex 69.59446279127451 7.460662984621818 2
    endloop
  endfacet
  facet normal -0.595699304492416 0.8032075314806577 0
    outer loop
      vertex 69.59446279127451 7.460662984621818 2
      vertex 69.59446279127451 7.460662984621818 5
      vertex 69.69299160520457 7.533736933296579 2
    endloop
  endfacet
  facet normal -0.6715589548470124 0.7409511253549644 0
    outer loop
      vertex 69.69299160520457 7.533736933296579 2
      vertex 69.69299160520457 7.533736933296579 5
      vertex 69.7838834764832 7.616116523516816 2
    endloop
  endfacet
  facet normal -0.740951125354994 0.6715589548469798 0
    outer loop
      vertex 69.7838834764832 7.616116523516816 2
      vertex 69.7838834764832 7.616116523516816 5
      vertex 69.86626306670343 7.707008394795443 2
    endloop
  endfacet
  facet normal -0.8032075314806449 0.5956993044924334 0
    outer loop
      vertex 69.86626306670343 7.707008394795443 2
      vertex 69.86626306670343 7.707008394795443 5
      vertex 69.93933701537819 7.8055372087254975 2
    endloop
  endfacet
  facet normal -0.8577286100002776 0.5141027441932124 0
    outer loop
      vertex 69.93933701537819 7.8055372087254975 2
      vertex 69.93933701537819 7.8055372087254975 5
      vertex 70.00240158043545 7.910754078967503 2
    endloop
  endfacet
  facet normal -0.9039892931234416 0.42755509343028575 0
    outer loop
      vertex 70.00240158043545 7.910754078967503 2
      vertex 70.00240158043545 7.910754078967503 5
      vertex 70.05484941563911 8.021645709543638 2
    endloop
  endfacet
  facet normal -0.9415440651830012 0.3368898533922752 0
    outer loop
      vertex 70.05484941563911 8.021645709543638 2
      vertex 70.05484941563911 8.021645709543638 5
      vertex 70.09617541966527 8.137144153431922 2
    endloop
  endfacet
  facet normal -0.9700312531945463 0.24298017990325432 0
    outer loop
      vertex 70.09617541966527 8.137144153431922 2
      vertex 70.09617541966527 8.137144153431922 5
      vertex 70.12598160050405 8.25613709747984 2
    endloop
  endfacet
  facet normal -0.9891765099647835 0.14673047445534462 0
    outer loop
      vertex 70.12598160050405 8.25613709747984 2
      vertex 70.12598160050405 8.25613709747984 5
      vertex 70.14398090834025 8.37747857458805 2
    endloop
  endfacet
  facet normal -0.9987954562051732 0.04906767432740299 0
    outer loop
      vertex 70.14398090834025 8.37747857458805 2
      vertex 70.14398090834025 8.37747857458805 5
      vertex 70.15 8.5 2
    endloop
  endfacet
  facet normal -0.9700312531945463 -0.24298017990325432 0
    outer loop
      vertex 70.12598160050405 8.74386290252016 2
      vertex 70.12598160050405 8.74386290252016 5
      vertex 70.09617541966527 8.862855846568078 2
    endloop
  endfacet
  facet normal -0.9987954562051732 -0.04906767432740299 0
    outer loop
      vertex 70.15 8.5 2
      vertex 70.15 8.5 5
      vertex 70.14398090834025 8.62252142541195 2
    endloop
  endfacet
  facet normal -0.9891765099647835 -0.14673047445534462 -9.987674456312184e-20
    outer loop
      vertex 70.12598160050405 8.74386290252016 2
      vertex 70.14398090834025 8.62252142541195 2
      vertex 70.14398090834025 8.62252142541195 5
    endloop
  endfacet
  facet normal -0.8032075314806423 -0.5956993044924368 0
    outer loop
      vertex 69.93933701537819 9.194462791274503 2
      vertex 69.93933701537819 9.194462791274503 5
      vertex 69.86626306670343 9.292991605204557 2
    endloop
  endfacet
  facet normal -0.740951125354994 -0.6715589548469798 0
    outer loop
      vertex 69.86626306670343 9.292991605204557 2
      vertex 69.86626306670343 9.292991605204557 5
      vertex 69.7838834764832 9.383883476483184 2
    endloop
  endfacet
  facet normal -0.9415440651830012 -0.3368898533922752 0
    outer loop
      vertex 70.09617541966527 8.862855846568078 2
      vertex 70.09617541966527 8.862855846568078 5
      vertex 70.05484941563911 8.978354290456362 2
    endloop
  endfacet
  facet normal -0.9039892931234403 -0.4275550934302886 0
    outer loop
      vertex 70.05484941563911 8.978354290456362 2
      vertex 70.05484941563911 8.978354290456362 5
      vertex 70.00240158043545 9.089245921032497 2
    endloop
  endfacet
  facet normal -0.8577286100002814 -0.5141027441932061 6.430509186363918e-19
    outer loop
      vertex 69.93933701537819 9.194462791274503 2
      vertex 70.00240158043545 9.089245921032497 2
      vertex 70.00240158043545 9.089245921032497 5
    endloop
  endfacet
  facet normal 0.6715589548470124 0.7409511253549644 0
    outer loop
      vertex 68.10700839479544 7.533736933296579 2
      vertex 68.01611652351681 7.616116523516816 5
      vertex 68.10700839479544 7.533736933296579 5
    endloop
  endfacet
  facet normal 0.595699304492416 0.8032075314806577 0
    outer loop
      vertex 68.2055372087255 7.460662984621818 2
      vertex 68.10700839479544 7.533736933296579 5
      vertex 68.2055372087255 7.460662984621818 5
    endloop
  endfacet
  facet normal 0.8577286100002776 0.5141027441932124 0
    outer loop
      vertex 67.86066298462183 7.8055372087254975 2
      vertex 67.79759841956457 7.910754078967503 5
      vertex 67.86066298462183 7.8055372087254975 5
    endloop
  endfacet
  facet normal 0.9039892931234416 0.42755509343028575 0
    outer loop
      vertex 67.79759841956457 7.910754078967503 2
      vertex 67.7451505843609 8.021645709543638 5
      vertex 67.79759841956457 7.910754078967503 5
    endloop
  endfacet
  facet normal 0.9415440651830012 0.3368898533922752 0
    outer loop
      vertex 67.7451505843609 8.021645709543638 2
      vertex 67.70382458033474 8.137144153431922 5
      vertex 67.7451505843609 8.021645709543638 5
    endloop
  endfacet
  facet normal 0.9700312531945463 0.24298017990325432 0
    outer loop
      vertex 67.70382458033474 8.137144153431922 2
      vertex 67.67401839949596 8.25613709747984 5
      vertex 67.70382458033474 8.137144153431922 5
    endloop
  endfacet
  facet normal 0.8032075314806449 0.5956993044924334 0
    outer loop
      vertex 67.93373693329659 7.707008394795443 2
      vertex 67.86066298462183 7.8055372087254975 5
      vertex 67.93373693329659 7.707008394795443 5
    endloop
  endfacet
  facet normal 0.740951125354994 0.6715589548469798 0
    outer loop
      vertex 68.01611652351681 7.616116523516816 2
      vertex 67.93373693329659 7.707008394795443 5
      vertex 68.01611652351681 7.616116523516816 5
    endloop
  endfacet
  facet normal 0.3368898533922174 0.9415440651830217 0
    outer loop
      vertex 68.53714415343192 7.303824580334739 2
      vertex 68.42164570954364 7.3451505843608915 5
      vertex 68.53714415343192 7.303824580334739 5
    endloop
  endfacet
  facet normal 0.5141027441932294 0.8577286100002673 0
    outer loop
      vertex 68.3107540789675 7.397598419564556 2
      vertex 68.2055372087255 7.460662984621818 5
      vertex 68.3107540789675 7.397598419564556 5
    endloop
  endfacet
  facet normal 0.4275550934302827 0.9039892931234432 0
    outer loop
      vertex 68.42164570954364 7.3451505843608915 2
      vertex 68.3107540789675 7.397598419564556 5
      vertex 68.42164570954364 7.3451505843608915 5
    endloop
  endfacet
  facet normal 0.24298017990326795 0.9700312531945429 0
    outer loop
      vertex 68.65613709747984 7.2740183994959615 2
      vertex 68.53714415343192 7.303824580334739 5
      vertex 68.65613709747984 7.2740183994959615 5
    endloop
  endfacet
  facet normal 0.1467304744553504 0.9891765099647827 0
    outer loop
      vertex 68.77747857458806 7.256019091659754 2
      vertex 68.65613709747984 7.2740183994959615 5
      vertex 68.77747857458806 7.256019091659754 5
    endloop
  endfacet
  facet normal 0.04906767432741885 0.9987954562051723 0
    outer loop
      vertex 68.9 7.25 2
      vertex 68.77747857458806 7.256019091659754 5
      vertex 68.9 7.25 5
    endloop
  endfacet
  facet normal 0.9891765099647835 0.14673047445534462 0
    outer loop
      vertex 67.67401839949596 8.25613709747984 2
      vertex 67.65601909165976 8.37747857458805 5
      vertex 67.67401839949596 8.25613709747984 5
    endloop
  endfacet
  facet normal 0.9987954562051732 0.04906767432740299 0
    outer loop
      vertex 67.65601909165976 8.37747857458805 2
      vertex 67.65 8.5 5
      vertex 67.65601909165976 8.37747857458805 5
    endloop
  endfacet
  facet normal 0.9987954562051732 -0.04906767432740299 0
    outer loop
      vertex 67.65 8.5 2
      vertex 67.65601909165976 8.62252142541195 5
      vertex 67.65 8.5 5
    endloop
  endfacet
  facet normal 0.9891765099647835 -0.14673047445534462 0
    outer loop
      vertex 67.65601909165976 8.62252142541195 2
      vertex 67.67401839949596 8.74386290252016 5
      vertex 67.65601909165976 8.62252142541195 5
    endloop
  endfacet
  facet normal 0.9700312531945463 -0.24298017990325432 0
    outer loop
      vertex 67.67401839949596 8.74386290252016 2
      vertex 67.70382458033474 8.862855846568078 5
      vertex 67.67401839949596 8.74386290252016 5
    endloop
  endfacet
  facet normal 0.9415440651830012 -0.3368898533922752 0
    outer loop
      vertex 67.70382458033474 8.862855846568078 2
      vertex 67.7451505843609 8.978354290456362 5
      vertex 67.70382458033474 8.862855846568078 5
    endloop
  endfacet
  facet normal 0.9039892931234403 -0.4275550934302886 0
    outer loop
      vertex 67.7451505843609 8.978354290456362 2
      vertex 67.79759841956457 9.089245921032497 5
      vertex 67.7451505843609 8.978354290456362 5
    endloop
  endfacet
  facet normal 0.8577286100002814 -0.5141027441932061 0
    outer loop
      vertex 67.79759841956457 9.089245921032497 2
      vertex 67.86066298462183 9.194462791274503 5
      vertex 67.79759841956457 9.089245921032497 5
    endloop
  endfacet
  facet normal 0.8032075314806423 -0.5956993044924368 0
    outer loop
      vertex 67.86066298462183 9.194462791274503 2
      vertex 67.93373693329659 9.292991605204557 5
      vertex 67.86066298462183 9.194462791274503 5
    endloop
  endfacet
  facet normal 0.740951125354994 -0.6715589548469798 0
    outer loop
      vertex 67.93373693329659 9.292991605204557 2
      vertex 68.01611652351681 9.383883476483184 5
      vertex 67.93373693329659 9.292991605204557 5
    endloop
  endfacet
  facet normal -0.04906767432741885 0.9987954562051723 0
    outer loop
      vertex 69.02252142541195 7.256019091659754 2
      vertex 68.9 7.25 5
      vertex 69.02252142541195 7.256019091659754 5
    endloop
  endfacet
  facet normal -0.1467304744553504 0.9891765099647827 0
    outer loop
      vertex 69.14386290252017 7.2740183994959615 2
      vertex 69.02252142541195 7.256019091659754 5
      vertex 69.14386290252017 7.2740183994959615 5
    endloop
  endfacet
  facet normal -0.24298017990326795 0.9700312531945429 0
    outer loop
      vertex 69.26285584656809 7.303824580334739 2
      vertex 69.14386290252017 7.2740183994959615 5
      vertex 69.26285584656809 7.303824580334739 5
    endloop
  endfacet
  facet normal -0.3368898533922174 0.9415440651830217 0
    outer loop
      vertex 69.37835429045637 7.3451505843608915 2
      vertex 69.26285584656809 7.303824580334739 5
      vertex 69.37835429045637 7.3451505843608915 5
    endloop
  endfacet
  facet normal -0.4275550934302827 0.9039892931234432 0
    outer loop
      vertex 69.4892459210325 7.397598419564556 2
      vertex 69.37835429045637 7.3451505843608915 5
      vertex 69.4892459210325 7.397598419564556 5
    endloop
  endfacet
  facet normal -0.5141027441932294 0.8577286100002673 0
    outer loop
      vertex 69.59446279127451 7.460662984621818 2
      vertex 69.4892459210325 7.397598419564556 5
      vertex 69.59446279127451 7.460662984621818 5
    endloop
  endfacet
  facet normal -0.595699304492416 0.8032075314806577 0
    outer loop
      vertex 69.69299160520457 7.533736933296579 2
      vertex 69.59446279127451 7.460662984621818 5
      vertex 69.69299160520457 7.533736933296579 5
    endloop
  endfacet
  facet normal -0.6715589548470124 0.7409511253549644 0
    outer loop
      vertex 69.7838834764832 7.616116523516816 2
      vertex 69.69299160520457 7.533736933296579 5
      vertex 69.7838834764832 7.616116523516816 5
    endloop
  endfacet
  facet normal -0.740951125354994 0.6715589548469798 0
    outer loop
      vertex 69.86626306670343 7.707008394795443 2
      vertex 69.7838834764832 7.616116523516816 5
      vertex 69.86626306670343 7.707008394795443 5
    endloop
  endfacet
  facet normal -0.8032075314806449 0.5956993044924334 0
    outer loop
      vertex 69.93933701537819 7.8055372087254975 2
      vertex 69.86626306670343 7.707008394795443 5
      vertex 69.93933701537819 7.8055372087254975 5
    endloop
  endfacet
  facet normal -0.8577286100002776 0.5141027441932124 0
    outer loop
      vertex 70.00240158043545 7.910754078967503 2
      vertex 69.93933701537819 7.8055372087254975 5
      vertex 70.00240158043545 7.910754078967503 5
    endloop
  endfacet
  facet normal -0.9039892931234416 0.42755509343028575 0
    outer loop
      vertex 70.05484941563911 8.021645709543638 2
      vertex 70.00240158043545 7.910754078967503 5
      vertex 70.05484941563911 8.021645709543638 5
    endloop
  endfacet
  facet normal -0.9415440651830012 0.3368898533922752 0
    outer loop
      vertex 70.09617541966527 8.137144153431922 2
      vertex 70.05484941563911 8.021645709543638 5
      vertex 70.09617541966527 8.137144153431922 5
    endloop
  endfacet
  facet normal -0.9700312531945463 0.24298017990325432 0
    outer loop
      vertex 70.12598160050405 8.25613709747984 2
      vertex 70.09617541966527 8.137144153431922 5
      vertex 70.12598160050405 8.25613709747984 5
    endloop
  endfacet
  facet normal -0.9891765099647835 0.14673047445534462 0
    outer loop
      vertex 70.14398090834025 8.37747857458805 2
      vertex 70.12598160050405 8.25613709747984 5
      vertex 70.14398090834025 8.37747857458805 5
    endloop
  endfacet
  facet normal -0.9987954562051732 0.04906767432740299 0
    outer loop
      vertex 70.15 8.5 2
      vertex 70.14398090834025 8.37747857458805 5
      vertex 70.15 8.5 5
    endloop
  endfacet
  facet normal -0.9891765099647835 -0.14673047445534462 0
    outer loop
      vertex 70.12598160050405 8.74386290252016 2
      vertex 70.14398090834025 8.62252142541195 5
      vertex 70.12598160050405 8.74386290252016 5
    endloop
  endfacet
  facet normal -0.9987954562051732 -0.04906767432740299 0
    outer loop
      vertex 70.14398090834025 8.62252142541195 2
      vertex 70.15 8.5 5
      vertex 70.14398090834025 8.62252142541195 5
    endloop
  endfacet
  facet normal -0.8577286100002814 -0.5141027441932061 0
    outer loop
      vertex 69.93933701537819 9.194462791274503 2
      vertex 70.00240158043545 9.089245921032497 5
      vertex 69.93933701537819 9.194462791274503 5
    endloop
  endfacet
  facet normal -0.740951125354994 -0.6715589548469798 -5.021713765319763e-19
    outer loop
      vertex 69.86626306670343 9.292991605204557 5
      vertex 69.7838834764832 9.383883476483184 5
      vertex 69.7838834764832 9.383883476483184 2
    endloop
  endfacet
  facet normal -0.8032075314806423 -0.5956993044924368 0
    outer loop
      vertex 69.86626306670343 9.292991605204557 2
      vertex 69.93933701537819 9.194462791274503 5
      vertex 69.86626306670343 9.292991605204557 5
    endloop
  endfacet
  facet normal -0.9700312531945463 -0.24298017990325432 0
    outer loop
      vertex 70.09617541966527 8.862855846568078 2
      vertex 70.12598160050405 8.74386290252016 5
      vertex 70.09617541966527 8.862855846568078 5
    endloop
  endfacet
  facet normal -0.9039892931234403 -0.4275550934302886 0
    outer loop
      vertex 70.00240158043545 9.089245921032497 2
      vertex 70.05484941563911 8.978354290456362 5
      vertex 70.00240158043545 9.089245921032497 5
    endloop
  endfacet
  facet normal -0.9415440651830012 -0.3368898533922752 0
    outer loop
      vertex 70.05484941563911 8.978354290456362 2
      vertex 70.09617541966527 8.862855846568078 5
      vertex 70.05484941563911 8.978354290456362 5
    endloop
  endfacet
  facet normal 0.6715589548470124 -0.7409511253549644 -8.031749524287745e-19
    outer loop
      vertex 68.01611652351681 9.383883476483184 2
      vertex 68.10700839479544 9.466263066703421 2
      vertex 68.10700839479544 9.466263066703421 5
    endloop
  endfacet
  facet normal 0.595699304492416 -0.8032075314806577 -4.83206462451285e-19
    outer loop
      vertex 68.10700839479544 9.466263066703421 2
      vertex 68.2055372087255 9.539337015378182 2
      vertex 68.2055372087255 9.539337015378182 5
    endloop
  endfacet
  facet normal 0.5141027441932294 -0.8577286100002673 -2.3838835499394786e-19
    outer loop
      vertex 68.2055372087255 9.539337015378182 2
      vertex 68.3107540789675 9.602401580435444 2
      vertex 68.3107540789675 9.602401580435444 5
    endloop
  endfacet
  facet normal 0.4275550934302886 -0.9039892931234403 -3.749368840819171e-20
    outer loop
      vertex 68.3107540789675 9.602401580435444 2
      vertex 68.42164570954364 9.65484941563911 2
      vertex 68.42164570954364 9.65484941563911 5
    endloop
  endfacet
  facet normal 0.336889853392211 -0.9415440651830241 -1.0071100867579934e-18
    outer loop
      vertex 68.42164570954364 9.65484941563911 2
      vertex 68.53714415343192 9.696175419665261 2
      vertex 68.53714415343192 9.696175419665261 5
    endloop
  endfacet
  facet normal 0.24298017990326795 -0.9700312531945429 -8.221355052957312e-20
    outer loop
      vertex 68.53714415343192 9.696175419665261 2
      vertex 68.65613709747984 9.725981600504038 2
      vertex 68.65613709747984 9.725981600504038 5
    endloop
  endfacet
  facet normal 0.1467304744553504 -0.9891765099647827 1.202007263976102e-22
    outer loop
      vertex 68.65613709747984 9.725981600504038 2
      vertex 68.77747857458806 9.743980908340246 2
      vertex 68.77747857458806 9.743980908340246 5
    endloop
  endfacet
  facet normal 0.04906767432741885 -0.9987954562051723 -6.379812420017848e-20
    outer loop
      vertex 68.77747857458806 9.743980908340246 2
      vertex 68.9 9.75 2
      vertex 68.9 9.75 5
    endloop
  endfacet
  facet normal -0.04906767432741885 -0.9987954562051723 6.379812420017848e-20
    outer loop
      vertex 68.9 9.75 2
      vertex 69.02252142541195 9.743980908340246 2
      vertex 69.02252142541195 9.743980908340246 5
    endloop
  endfacet
  facet normal -0.1467304744553504 -0.9891765099647827 -1.202007263976102e-22
    outer loop
      vertex 69.02252142541195 9.743980908340246 2
      vertex 69.14386290252017 9.725981600504038 2
      vertex 69.14386290252017 9.725981600504038 5
    endloop
  endfacet
  facet normal -0.24298017990326795 -0.9700312531945429 8.221355052957312e-20
    outer loop
      vertex 69.14386290252017 9.725981600504038 2
      vertex 69.26285584656809 9.696175419665261 2
      vertex 69.26285584656809 9.696175419665261 5
    endloop
  endfacet
  facet normal -0.4275550934302886 -0.9039892931234403 3.749368840819171e-20
    outer loop
      vertex 69.37835429045637 9.65484941563911 2
      vertex 69.4892459210325 9.602401580435444 2
      vertex 69.4892459210325 9.602401580435444 5
    endloop
  endfacet
  facet normal -0.5141027441932294 -0.8577286100002673 2.3838835499394786e-19
    outer loop
      vertex 69.4892459210325 9.602401580435444 2
      vertex 69.59446279127451 9.539337015378182 2
      vertex 69.59446279127451 9.539337015378182 5
    endloop
  endfacet
  facet normal -0.336889853392211 -0.9415440651830241 0
    outer loop
      vertex 69.37835429045637 9.65484941563911 2
      vertex 69.37835429045637 9.65484941563911 5
      vertex 69.26285584656809 9.696175419665261 2
    endloop
  endfacet
  facet normal -0.595699304492416 -0.8032075314806577 4.83206462451285e-19
    outer loop
      vertex 69.59446279127451 9.539337015378182 2
      vertex 69.69299160520457 9.466263066703421 2
      vertex 69.69299160520457 9.466263066703421 5
    endloop
  endfacet
  facet normal -0.6715589548470124 -0.7409511253549644 8.031749524287745e-19
    outer loop
      vertex 69.69299160520457 9.466263066703421 2
      vertex 69.7838834764832 9.383883476483184 2
      vertex 69.7838834764832 9.383883476483184 5
    endloop
  endfacet
  facet normal 0.6715589548470124 -0.7409511253549644 0
    outer loop
      vertex 68.01611652351681 9.383883476483184 2
      vertex 68.10700839479544 9.466263066703421 5
      vertex 68.01611652351681 9.383883476483184 5
    endloop
  endfacet
  facet normal 0.595699304492416 -0.8032075314806577 0
    outer loop
      vertex 68.10700839479544 9.466263066703421 2
      vertex 68.2055372087255 9.539337015378182 5
      vertex 68.10700839479544 9.466263066703421 5
    endloop
  endfacet
  facet normal 0.5141027441932294 -0.8577286100002673 0
    outer loop
      vertex 68.2055372087255 9.539337015378182 2
      vertex 68.3107540789675 9.602401580435444 5
      vertex 68.2055372087255 9.539337015378182 5
    endloop
  endfacet
  facet normal 0.4275550934302886 -0.9039892931234403 0
    outer loop
      vertex 68.3107540789675 9.602401580435444 2
      vertex 68.42164570954364 9.65484941563911 5
      vertex 68.3107540789675 9.602401580435444 5
    endloop
  endfacet
  facet normal 0.336889853392211 -0.9415440651830241 0
    outer loop
      vertex 68.42164570954364 9.65484941563911 2
      vertex 68.53714415343192 9.696175419665261 5
      vertex 68.42164570954364 9.65484941563911 5
    endloop
  endfacet
  facet normal 0.24298017990326795 -0.9700312531945429 0
    outer loop
      vertex 68.53714415343192 9.696175419665261 2
      vertex 68.65613709747984 9.725981600504038 5
      vertex 68.53714415343192 9.696175419665261 5
    endloop
  endfacet
  facet normal 0.1467304744553504 -0.9891765099647827 0
    outer loop
      vertex 68.65613709747984 9.725981600504038 2
      vertex 68.77747857458806 9.743980908340246 5
      vertex 68.65613709747984 9.725981600504038 5
    endloop
  endfacet
  facet normal 0.04906767432741885 -0.9987954562051723 0
    outer loop
      vertex 68.77747857458806 9.743980908340246 2
      vertex 68.9 9.75 5
      vertex 68.77747857458806 9.743980908340246 5
    endloop
  endfacet
  facet normal -0.04906767432741885 -0.9987954562051723 0
    outer loop
      vertex 68.9 9.75 2
      vertex 69.02252142541195 9.743980908340246 5
      vertex 68.9 9.75 5
    endloop
  endfacet
  facet normal -0.1467304744553504 -0.9891765099647827 0
    outer loop
      vertex 69.02252142541195 9.743980908340246 2
      vertex 69.14386290252017 9.725981600504038 5
      vertex 69.02252142541195 9.743980908340246 5
    endloop
  endfacet
  facet normal -0.24298017990326795 -0.9700312531945429 0
    outer loop
      vertex 69.14386290252017 9.725981600504038 2
      vertex 69.26285584656809 9.696175419665261 5
      vertex 69.14386290252017 9.725981600504038 5
    endloop
  endfacet
  facet normal -0.4275550934302886 -0.9039892931234403 0
    outer loop
      vertex 69.37835429045637 9.65484941563911 2
      vertex 69.4892459210325 9.602401580435444 5
      vertex 69.37835429045637 9.65484941563911 5
    endloop
  endfacet
  facet normal -0.5141027441932294 -0.8577286100002673 0
    outer loop
      vertex 69.4892459210325 9.602401580435444 2
      vertex 69.59446279127451 9.539337015378182 5
      vertex 69.4892459210325 9.602401580435444 5
    endloop
  endfacet
  facet normal -0.336889853392211 -0.9415440651830241 0
    outer loop
      vertex 69.26285584656809 9.696175419665261 2
      vertex 69.37835429045637 9.65484941563911 5
      vertex 69.26285584656809 9.696175419665261 5
    endloop
  endfacet
  facet normal -0.595699304492416 -0.8032075314806577 0
    outer loop
      vertex 69.59446279127451 9.539337015378182 2
      vertex 69.69299160520457 9.466263066703421 5
      vertex 69.59446279127451 9.539337015378182 5
    endloop
  endfacet
  facet normal -0.6715589548470124 -0.7409511253549644 0
    outer loop
      vertex 69.69299160520457 9.466263066703421 2
      vertex 69.7838834764832 9.383883476483184 5
      vertex 69.69299160520457 9.466263066703421 5
    endloop
  endfacet
  facet normal 0.8577286100002712 0.5141027441932231 0
    outer loop
      vertex 9.797598419564554 7.910754078967503 2
      vertex 9.797598419564554 7.910754078967503 5
      vertex 9.860662984621817 7.8055372087254975 2
    endloop
  endfacet
  facet normal 0.9039892931234416 0.42755509343028575 0
    outer loop
      vertex 9.74515058436089 8.021645709543638 2
      vertex 9.74515058436089 8.021645709543638 5
      vertex 9.797598419564554 7.910754078967503 2
    endloop
  endfacet
  facet normal 0.9415440651830241 0.336889853392211 1.0071100867579934e-18
    outer loop
      vertex 9.74515058436089 8.021645709543638 2
      vertex 9.703824580334738 8.137144153431922 2
      vertex 9.703824580334738 8.137144153431922 5
    endloop
  endfacet
  facet normal 0.9891765099647815 0.1467304744553588 0
    outer loop
      vertex 9.656019091659752 8.37747857458805 2
      vertex 9.656019091659752 8.37747857458805 5
      vertex 9.67401839949596 8.25613709747984 2
    endloop
  endfacet
  facet normal 0.9987954562051725 0.04906767432741744 -5.022407019195139e-21
    outer loop
      vertex 9.656019091659752 8.37747857458805 2
      vertex 9.649999999999999 8.5 2
      vertex 9.649999999999999 8.5 5
    endloop
  endfacet
  facet normal 0.9700312531945429 0.24298017990326795 8.221355052957312e-20
    outer loop
      vertex 9.703824580334738 8.137144153431922 2
      vertex 9.67401839949596 8.25613709747984 2
      vertex 9.67401839949596 8.25613709747984 5
    endloop
  endfacet
  facet normal 0.9987954562051725 -0.04906767432741744 5.022407019195139e-21
    outer loop
      vertex 9.649999999999999 8.5 2
      vertex 9.656019091659752 8.62252142541195 2
      vertex 9.656019091659752 8.62252142541195 5
    endloop
  endfacet
  facet normal 0.9891765099647815 -0.1467304744553588 1.1718854659098017e-19
    outer loop
      vertex 9.656019091659752 8.62252142541195 2
      vertex 9.67401839949596 8.74386290252016 2
      vertex 9.67401839949596 8.74386290252016 5
    endloop
  endfacet
  facet normal 0.9700312531945429 -0.24298017990326795 -8.221355052957312e-20
    outer loop
      vertex 9.67401839949596 8.74386290252016 2
      vertex 9.703824580334738 8.862855846568078 2
      vertex 9.703824580334738 8.862855846568078 5
    endloop
  endfacet
  facet normal 0.9415440651830241 -0.336889853392211 -1.0071100867579934e-18
    outer loop
      vertex 9.703824580334738 8.862855846568078 2
      vertex 9.74515058436089 8.978354290456362 2
      vertex 9.74515058436089 8.978354290456362 5
    endloop
  endfacet
  facet normal 0.9039892931234403 -0.4275550934302886 -3.749368840819171e-20
    outer loop
      vertex 9.74515058436089 8.978354290456362 2
      vertex 9.797598419564554 9.089245921032497 2
      vertex 9.797598419564554 9.089245921032497 5
    endloop
  endfacet
  facet normal 0.8577286100002751 -0.5141027441932168 4.980490361422891e-19
    outer loop
      vertex 9.797598419564554 9.089245921032497 2
      vertex 9.860662984621817 9.194462791274503 2
      vertex 9.860662984621817 9.194462791274503 5
    endloop
  endfacet
  facet normal 0.6715589548470197 0.7409511253549579 0
    outer loop
      vertex 10.016116523516814 7.616116523516816 2
      vertex 10.016116523516814 7.616116523516816 5
      vertex 10.107008394795441 7.533736933296579 2
    endloop
  endfacet
  facet normal 0.5956993044924368 0.8032075314806423 0
    outer loop
      vertex 10.107008394795441 7.533736933296579 2
      vertex 10.107008394795441 7.533736933296579 5
      vertex 10.205537208725495 7.460662984621818 2
    endloop
  endfacet
  facet normal 0.5141027441932168 0.8577286100002751 0
    outer loop
      vertex 10.205537208725495 7.460662984621818 2
      vertex 10.205537208725495 7.460662984621818 5
      vertex 10.310754078967502 7.397598419564556 2
    endloop
  endfacet
  facet normal 0.4275550934302827 0.9039892931234432 0
    outer loop
      vertex 10.310754078967502 7.397598419564556 2
      vertex 10.310754078967502 7.397598419564556 5
      vertex 10.421645709543636 7.3451505843608915 2
    endloop
  endfacet
  facet normal 0.3368898533922174 0.9415440651830217 3.6978543638821715e-19
    outer loop
      vertex 10.537144153431921 7.303824580334739 2
      vertex 10.421645709543636 7.3451505843608915 2
      vertex 10.421645709543636 7.3451505843608915 5
    endloop
  endfacet
  facet normal 0.7409511253549579 0.6715589548470197 1.27685549299383e-19
    outer loop
      vertex 10.016116523516814 7.616116523516816 2
      vertex 9.933736933296577 7.707008394795443 2
      vertex 9.933736933296577 7.707008394795443 5
    endloop
  endfacet
  facet normal 0.8032075314806449 0.5956993044924334 8.099151560291748e-19
    outer loop
      vertex 9.933736933296577 7.707008394795443 2
      vertex 9.860662984621817 7.8055372087254975 2
      vertex 9.860662984621817 7.8055372087254975 5
    endloop
  endfacet
  facet normal 0.24298017990326795 0.9700312531945429 0
    outer loop
      vertex 10.537144153431921 7.303824580334739 2
      vertex 10.537144153431921 7.303824580334739 5
      vertex 10.656137097479839 7.2740183994959615 2
    endloop
  endfacet
  facet normal 0.1467304744553588 0.9891765099647815 0
    outer loop
      vertex 10.656137097479839 7.2740183994959615 2
      vertex 10.656137097479839 7.2740183994959615 5
      vertex 10.777478574588049 7.256019091659754 2
    endloop
  endfacet
  facet normal 0.04906767432741744 0.9987954562051725 0
    outer loop
      vertex 10.777478574588049 7.256019091659754 2
      vertex 10.777478574588049 7.256019091659754 5
      vertex 10.899999999999999 7.25 2
    endloop
  endfacet
  facet normal -0.04906767432741744 0.9987954562051725 0
    outer loop
      vertex 10.899999999999999 7.25 2
      vertex 10.899999999999999 7.25 5
      vertex 11.022521425411949 7.256019091659754 2
    endloop
  endfacet
  facet normal -0.1467304744553588 0.9891765099647815 0
    outer loop
      vertex 11.022521425411949 7.256019091659754 2
      vertex 11.022521425411949 7.256019091659754 5
      vertex 11.143862902520159 7.2740183994959615 2
    endloop
  endfacet
  facet normal -0.24298017990326795 0.9700312531945429 0
    outer loop
      vertex 11.143862902520159 7.2740183994959615 2
      vertex 11.143862902520159 7.2740183994959615 5
      vertex 11.262855846568076 7.303824580334739 2
    endloop
  endfacet
  facet normal 0.8032075314806423 -0.5956993044924368 -4.038743264164043e-19
    outer loop
      vertex 9.860662984621817 9.194462791274503 2
      vertex 9.933736933296577 9.292991605204557 2
      vertex 9.933736933296577 9.292991605204557 5
    endloop
  endfacet
  facet normal 0.7409511253549579 -0.6715589548470197 -1.27685549299383e-19
    outer loop
      vertex 9.933736933296577 9.292991605204557 2
      vertex 10.016116523516814 9.383883476483184 2
      vertex 10.016116523516814 9.383883476483184 5
    endloop
  endfacet
  facet normal 0.8577286100002712 0.5141027441932231 0
    outer loop
      vertex 9.860662984621817 7.8055372087254975 2
      vertex 9.797598419564554 7.910754078967503 5
      vertex 9.860662984621817 7.8055372087254975 5
    endloop
  endfacet
  facet normal 0.9039892931234416 0.42755509343028575 0
    outer loop
      vertex 9.797598419564554 7.910754078967503 2
      vertex 9.74515058436089 8.021645709543638 5
      vertex 9.797598419564554 7.910754078967503 5
    endloop
  endfacet
  facet normal 0.9415440651830241 0.336889853392211 0
    outer loop
      vertex 9.74515058436089 8.021645709543638 2
      vertex 9.703824580334738 8.137144153431922 5
      vertex 9.74515058436089 8.021645709543638 5
    endloop
  endfacet
  facet normal 0.9700312531945429 0.24298017990326795 0
    outer loop
      vertex 9.703824580334738 8.137144153431922 2
      vertex 9.67401839949596 8.25613709747984 5
      vertex 9.703824580334738 8.137144153431922 5
    endloop
  endfacet
  facet normal 0.9987954562051725 0.04906767432741744 0
    outer loop
      vertex 9.656019091659752 8.37747857458805 2
      vertex 9.649999999999999 8.5 5
      vertex 9.656019091659752 8.37747857458805 5
    endloop
  endfacet
  facet normal 0.9891765099647815 0.1467304744553588 0
    outer loop
      vertex 9.67401839949596 8.25613709747984 2
      vertex 9.656019091659752 8.37747857458805 5
      vertex 9.67401839949596 8.25613709747984 5
    endloop
  endfacet
  facet normal 0.9987954562051725 -0.04906767432741744 0
    outer loop
      vertex 9.649999999999999 8.5 2
      vertex 9.656019091659752 8.62252142541195 5
      vertex 9.649999999999999 8.5 5
    endloop
  endfacet
  facet normal 0.9891765099647815 -0.1467304744553588 0
    outer loop
      vertex 9.656019091659752 8.62252142541195 2
      vertex 9.67401839949596 8.74386290252016 5
      vertex 9.656019091659752 8.62252142541195 5
    endloop
  endfacet
  facet normal 0.9700312531945429 -0.24298017990326795 0
    outer loop
      vertex 9.67401839949596 8.74386290252016 2
      vertex 9.703824580334738 8.862855846568078 5
      vertex 9.67401839949596 8.74386290252016 5
    endloop
  endfacet
  facet normal 0.9415440651830241 -0.336889853392211 0
    outer loop
      vertex 9.703824580334738 8.862855846568078 2
      vertex 9.74515058436089 8.978354290456362 5
      vertex 9.703824580334738 8.862855846568078 5
    endloop
  endfacet
  facet normal 0.9039892931234403 -0.4275550934302886 0
    outer loop
      vertex 9.74515058436089 8.978354290456362 2
      vertex 9.797598419564554 9.089245921032497 5
      vertex 9.74515058436089 8.978354290456362 5
    endloop
  endfacet
  facet normal 0.8577286100002751 -0.5141027441932168 0
    outer loop
      vertex 9.797598419564554 9.089245921032497 2
      vertex 9.860662984621817 9.194462791274503 5
      vertex 9.797598419564554 9.089245921032497 5
    endloop
  endfacet
  facet normal 0.6715589548470197 0.7409511253549579 0
    outer loop
      vertex 10.107008394795441 7.533736933296579 2
      vertex 10.016116523516814 7.616116523516816 5
      vertex 10.107008394795441 7.533736933296579 5
    endloop
  endfacet
  facet normal 0.5956993044924368 0.8032075314806423 0
    outer loop
      vertex 10.205537208725495 7.460662984621818 2
      vertex 10.107008394795441 7.533736933296579 5
      vertex 10.205537208725495 7.460662984621818 5
    endloop
  endfacet
  facet normal 0.3368898533922174 0.9415440651830217 0
    outer loop
      vertex 10.537144153431921 7.303824580334739 2
      vertex 10.421645709543636 7.3451505843608915 5
      vertex 10.537144153431921 7.303824580334739 5
    endloop
  endfacet
  facet normal 0.5141027441932168 0.8577286100002751 0
    outer loop
      vertex 10.310754078967502 7.397598419564556 2
      vertex 10.205537208725495 7.460662984621818 5
      vertex 10.310754078967502 7.397598419564556 5
    endloop
  endfacet
  facet normal 0.4275550934302827 0.9039892931234432 0
    outer loop
      vertex 10.421645709543636 7.3451505843608915 2
      vertex 10.310754078967502 7.397598419564556 5
      vertex 10.421645709543636 7.3451505843608915 5
    endloop
  endfacet
  facet normal 0.8032075314806449 0.5956993044924334 0
    outer loop
      vertex 9.933736933296577 7.707008394795443 2
      vertex 9.860662984621817 7.8055372087254975 5
      vertex 9.933736933296577 7.707008394795443 5
    endloop
  endfacet
  facet normal 0.7409511253549579 0.6715589548470197 0
    outer loop
      vertex 10.016116523516814 7.616116523516816 2
      vertex 9.933736933296577 7.707008394795443 5
      vertex 10.016116523516814 7.616116523516816 5
    endloop
  endfacet
  facet normal 0.24298017990326795 0.9700312531945429 0
    outer loop
      vertex 10.656137097479839 7.2740183994959615 2
      vertex 10.537144153431921 7.303824580334739 5
      vertex 10.656137097479839 7.2740183994959615 5
    endloop
  endfacet
  facet normal 0.1467304744553588 0.9891765099647815 0
    outer loop
      vertex 10.777478574588049 7.256019091659754 2
      vertex 10.656137097479839 7.2740183994959615 5
      vertex 10.777478574588049 7.256019091659754 5
    endloop
  endfacet
  facet normal 0.04906767432741744 0.9987954562051725 0
    outer loop
      vertex 10.899999999999999 7.25 2
      vertex 10.777478574588049 7.256019091659754 5
      vertex 10.899999999999999 7.25 5
    endloop
  endfacet
  facet normal -0.04906767432741744 0.9987954562051725 0
    outer loop
      vertex 11.022521425411949 7.256019091659754 2
      vertex 10.899999999999999 7.25 5
      vertex 11.022521425411949 7.256019091659754 5
    endloop
  endfacet
  facet normal -0.1467304744553588 0.9891765099647815 0
    outer loop
      vertex 11.143862902520159 7.2740183994959615 2
      vertex 11.022521425411949 7.256019091659754 5
      vertex 11.143862902520159 7.2740183994959615 5
    endloop
  endfacet
  facet normal -0.24298017990326795 0.9700312531945429 -8.221355052957312e-20
    outer loop
      vertex 11.143862902520159 7.2740183994959615 5
      vertex 11.262855846568076 7.303824580334739 5
      vertex 11.262855846568076 7.303824580334739 2
    endloop
  endfacet
  facet normal 0.8032075314806423 -0.5956993044924368 0
    outer loop
      vertex 9.860662984621817 9.194462791274503 2
      vertex 9.933736933296577 9.292991605204557 5
      vertex 9.860662984621817 9.194462791274503 5
    endloop
  endfacet
  facet normal 0.7409511253549579 -0.6715589548470197 0
    outer loop
      vertex 9.933736933296577 9.292991605204557 2
      vertex 10.016116523516814 9.383883476483184 5
      vertex 9.933736933296577 9.292991605204557 5
    endloop
  endfacet
  facet normal 0.6715589548470197 -0.7409511253549579 -1.27685549299383e-19
    outer loop
      vertex 10.016116523516814 9.383883476483184 2
      vertex 10.107008394795441 9.466263066703421 2
      vertex 10.107008394795441 9.466263066703421 5
    endloop
  endfacet
  facet normal 0.5956993044924368 -0.8032075314806423 -4.038743264164043e-19
    outer loop
      vertex 10.107008394795441 9.466263066703421 2
      vertex 10.205537208725495 9.539337015378182 2
      vertex 10.205537208725495 9.539337015378182 5
    endloop
  endfacet
  facet normal 0.5141027441932168 -0.8577286100002751 4.980490361422891e-19
    outer loop
      vertex 10.205537208725495 9.539337015378182 2
      vertex 10.310754078967502 9.602401580435444 2
      vertex 10.310754078967502 9.602401580435444 5
    endloop
  endfacet
  facet normal 0.4275550934302886 -0.9039892931234403 -3.749368840819171e-20
    outer loop
      vertex 10.310754078967502 9.602401580435444 2
      vertex 10.421645709543636 9.65484941563911 2
      vertex 10.421645709543636 9.65484941563911 5
    endloop
  endfacet
  facet normal 0.336889853392211 -0.9415440651830241 -1.0071100867579934e-18
    outer loop
      vertex 10.421645709543636 9.65484941563911 2
      vertex 10.537144153431921 9.696175419665261 2
      vertex 10.537144153431921 9.696175419665261 5
    endloop
  endfacet
  facet normal 0.24298017990326795 -0.9700312531945429 -8.221355052957312e-20
    outer loop
      vertex 10.537144153431921 9.696175419665261 2
      vertex 10.656137097479839 9.725981600504038 2
      vertex 10.656137097479839 9.725981600504038 5
    endloop
  endfacet
  facet normal 0.1467304744553588 -0.9891765099647815 1.1718854659098017e-19
    outer loop
      vertex 10.656137097479839 9.725981600504038 2
      vertex 10.777478574588049 9.743980908340246 2
      vertex 10.777478574588049 9.743980908340246 5
    endloop
  endfacet
  facet normal 0.04906767432741744 -0.9987954562051725 5.022407019195139e-21
    outer loop
      vertex 10.777478574588049 9.743980908340246 2
      vertex 10.899999999999999 9.75 2
      vertex 10.899999999999999 9.75 5
    endloop
  endfacet
  facet normal -0.04906767432741744 -0.9987954562051725 -5.022407019195139e-21
    outer loop
      vertex 10.899999999999999 9.75 2
      vertex 11.022521425411949 9.743980908340246 2
      vertex 11.022521425411949 9.743980908340246 5
    endloop
  endfacet
  facet normal -0.1467304744553588 -0.9891765099647815 -1.1718854659098017e-19
    outer loop
      vertex 11.022521425411949 9.743980908340246 2
      vertex 11.143862902520159 9.725981600504038 2
      vertex 11.143862902520159 9.725981600504038 5
    endloop
  endfacet
  facet normal -0.24298017990326795 -0.9700312531945429 8.221355052957312e-20
    outer loop
      vertex 11.143862902520159 9.725981600504038 2
      vertex 11.262855846568076 9.696175419665261 2
      vertex 11.262855846568076 9.696175419665261 5
    endloop
  endfacet
  facet normal 0.6715589548470197 -0.7409511253549579 0
    outer loop
      vertex 10.016116523516814 9.383883476483184 2
      vertex 10.107008394795441 9.466263066703421 5
      vertex 10.016116523516814 9.383883476483184 5
    endloop
  endfacet
  facet normal 0.5956993044924368 -0.8032075314806423 0
    outer loop
      vertex 10.107008394795441 9.466263066703421 2
      vertex 10.205537208725495 9.539337015378182 5
      vertex 10.107008394795441 9.466263066703421 5
    endloop
  endfacet
  facet normal 0.5141027441932168 -0.8577286100002751 0
    outer loop
      vertex 10.205537208725495 9.539337015378182 2
      vertex 10.310754078967502 9.602401580435444 5
      vertex 10.205537208725495 9.539337015378182 5
    endloop
  endfacet
  facet normal 0.4275550934302886 -0.9039892931234403 0
    outer loop
      vertex 10.310754078967502 9.602401580435444 2
      vertex 10.421645709543636 9.65484941563911 5
      vertex 10.310754078967502 9.602401580435444 5
    endloop
  endfacet
  facet normal 0.336889853392211 -0.9415440651830241 0
    outer loop
      vertex 10.421645709543636 9.65484941563911 2
      vertex 10.537144153431921 9.696175419665261 5
      vertex 10.421645709543636 9.65484941563911 5
    endloop
  endfacet
  facet normal 0.24298017990326795 -0.9700312531945429 0
    outer loop
      vertex 10.537144153431921 9.696175419665261 2
      vertex 10.656137097479839 9.725981600504038 5
      vertex 10.537144153431921 9.696175419665261 5
    endloop
  endfacet
  facet normal 0.1467304744553588 -0.9891765099647815 0
    outer loop
      vertex 10.656137097479839 9.725981600504038 2
      vertex 10.777478574588049 9.743980908340246 5
      vertex 10.656137097479839 9.725981600504038 5
    endloop
  endfacet
  facet normal 0.04906767432741744 -0.9987954562051725 0
    outer loop
      vertex 10.777478574588049 9.743980908340246 2
      vertex 10.899999999999999 9.75 5
      vertex 10.777478574588049 9.743980908340246 5
    endloop
  endfacet
  facet normal -0.04906767432741744 -0.9987954562051725 0
    outer loop
      vertex 10.899999999999999 9.75 2
      vertex 11.022521425411949 9.743980908340246 5
      vertex 10.899999999999999 9.75 5
    endloop
  endfacet
  facet normal -0.1467304744553588 -0.9891765099647815 0
    outer loop
      vertex 11.022521425411949 9.743980908340246 2
      vertex 11.143862902520159 9.725981600504038 5
      vertex 11.022521425411949 9.743980908340246 5
    endloop
  endfacet
  facet normal -0.24298017990326795 -0.9700312531945429 0
    outer loop
      vertex 11.143862902520159 9.725981600504038 2
      vertex 11.262855846568076 9.696175419665261 5
      vertex 11.143862902520159 9.725981600504038 5
    endloop
  endfacet
  facet normal -0.3368898533922174 0.9415440651830217 0
    outer loop
      vertex 11.262855846568076 7.303824580334739 2
      vertex 11.262855846568076 7.303824580334739 5
      vertex 11.378354290456361 7.3451505843608915 2
    endloop
  endfacet
  facet normal -0.4275550934302827 0.9039892931234432 0
    outer loop
      vertex 11.378354290456361 7.3451505843608915 2
      vertex 11.378354290456361 7.3451505843608915 5
      vertex 11.489245921032495 7.397598419564556 2
    endloop
  endfacet
  facet normal -0.5141027441932168 0.8577286100002751 0
    outer loop
      vertex 11.489245921032495 7.397598419564556 2
      vertex 11.489245921032495 7.397598419564556 5
      vertex 11.594462791274502 7.460662984621818 2
    endloop
  endfacet
  facet normal -0.5956993044924368 0.8032075314806423 0
    outer loop
      vertex 11.594462791274502 7.460662984621818 2
      vertex 11.594462791274502 7.460662984621818 5
      vertex 11.692991605204556 7.533736933296579 2
    endloop
  endfacet
  facet normal -0.6715589548470197 0.7409511253549579 0
    outer loop
      vertex 11.692991605204556 7.533736933296579 2
      vertex 11.692991605204556 7.533736933296579 5
      vertex 11.783883476483183 7.616116523516816 2
    endloop
  endfacet
  facet normal -0.7409511253549579 0.6715589548470197 0
    outer loop
      vertex 11.783883476483183 7.616116523516816 2
      vertex 11.783883476483183 7.616116523516816 5
      vertex 11.86626306670342 7.707008394795443 2
    endloop
  endfacet
  facet normal -0.8032075314806449 0.5956993044924334 0
    outer loop
      vertex 11.86626306670342 7.707008394795443 2
      vertex 11.86626306670342 7.707008394795443 5
      vertex 11.93933701537818 7.8055372087254975 2
    endloop
  endfacet
  facet normal -0.8577286100002712 0.5141027441932231 0
    outer loop
      vertex 11.93933701537818 7.8055372087254975 2
      vertex 11.93933701537818 7.8055372087254975 5
      vertex 12.002401580435443 7.910754078967503 2
    endloop
  endfacet
  facet normal -0.9039892931234416 0.42755509343028575 0
    outer loop
      vertex 12.002401580435443 7.910754078967503 2
      vertex 12.002401580435443 7.910754078967503 5
      vertex 12.054849415639108 8.021645709543638 2
    endloop
  endfacet
  facet normal -0.9415440651830241 0.336889853392211 0
    outer loop
      vertex 12.054849415639108 8.021645709543638 2
      vertex 12.054849415639108 8.021645709543638 5
      vertex 12.09617541966526 8.137144153431922 2
    endloop
  endfacet
  facet normal -0.9700312531945429 0.24298017990326795 0
    outer loop
      vertex 12.09617541966526 8.137144153431922 2
      vertex 12.09617541966526 8.137144153431922 5
      vertex 12.125981600504037 8.25613709747984 2
    endloop
  endfacet
  facet normal -0.8032075314806423 -0.5956993044924368 0
    outer loop
      vertex 11.93933701537818 9.194462791274503 2
      vertex 11.93933701537818 9.194462791274503 5
      vertex 11.86626306670342 9.292991605204557 2
    endloop
  endfacet
  facet normal -0.7409511253549579 -0.6715589548470197 0
    outer loop
      vertex 11.86626306670342 9.292991605204557 2
      vertex 11.86626306670342 9.292991605204557 5
      vertex 11.783883476483183 9.383883476483184 2
    endloop
  endfacet
  facet normal -0.9891765099647815 0.1467304744553588 0
    outer loop
      vertex 12.125981600504037 8.25613709747984 2
      vertex 12.125981600504037 8.25613709747984 5
      vertex 12.143980908340245 8.37747857458805 2
    endloop
  endfacet
  facet normal -0.9987954562051725 0.04906767432741744 0
    outer loop
      vertex 12.143980908340245 8.37747857458805 2
      vertex 12.143980908340245 8.37747857458805 5
      vertex 12.149999999999999 8.5 2
    endloop
  endfacet
  facet normal -0.9700312531945429 -0.24298017990326795 0
    outer loop
      vertex 12.125981600504037 8.74386290252016 2
      vertex 12.125981600504037 8.74386290252016 5
      vertex 12.09617541966526 8.862855846568078 2
    endloop
  endfacet
  facet normal -0.9987954562051725 -0.04906767432741744 0
    outer loop
      vertex 12.149999999999999 8.5 2
      vertex 12.149999999999999 8.5 5
      vertex 12.143980908340245 8.62252142541195 2
    endloop
  endfacet
  facet normal -0.9891765099647815 -0.1467304744553588 -1.1718854659098017e-19
    outer loop
      vertex 12.125981600504037 8.74386290252016 2
      vertex 12.143980908340245 8.62252142541195 2
      vertex 12.143980908340245 8.62252142541195 5
    endloop
  endfacet
  facet normal -0.9415440651830241 -0.336889853392211 0
    outer loop
      vertex 12.09617541966526 8.862855846568078 2
      vertex 12.09617541966526 8.862855846568078 5
      vertex 12.054849415639108 8.978354290456362 2
    endloop
  endfacet
  facet normal -0.9039892931234403 -0.4275550934302886 0
    outer loop
      vertex 12.054849415639108 8.978354290456362 2
      vertex 12.054849415639108 8.978354290456362 5
      vertex 12.002401580435443 9.089245921032497 2
    endloop
  endfacet
  facet normal -0.8577286100002751 -0.5141027441932168 -4.980490361422891e-19
    outer loop
      vertex 11.93933701537818 9.194462791274503 2
      vertex 12.002401580435443 9.089245921032497 2
      vertex 12.002401580435443 9.089245921032497 5
    endloop
  endfacet
  facet normal -0.3368898533922174 0.9415440651830217 0
    outer loop
      vertex 11.378354290456361 7.3451505843608915 2
      vertex 11.262855846568076 7.303824580334739 5
      vertex 11.378354290456361 7.3451505843608915 5
    endloop
  endfacet
  facet normal -0.4275550934302827 0.9039892931234432 0
    outer loop
      vertex 11.489245921032495 7.397598419564556 2
      vertex 11.378354290456361 7.3451505843608915 5
      vertex 11.489245921032495 7.397598419564556 5
    endloop
  endfacet
  facet normal -0.5141027441932168 0.8577286100002751 0
    outer loop
      vertex 11.594462791274502 7.460662984621818 2
      vertex 11.489245921032495 7.397598419564556 5
      vertex 11.594462791274502 7.460662984621818 5
    endloop
  endfacet
  facet normal -0.5956993044924368 0.8032075314806423 0
    outer loop
      vertex 11.692991605204556 7.533736933296579 2
      vertex 11.594462791274502 7.460662984621818 5
      vertex 11.692991605204556 7.533736933296579 5
    endloop
  endfacet
  facet normal -0.6715589548470197 0.7409511253549579 0
    outer loop
      vertex 11.783883476483183 7.616116523516816 2
      vertex 11.692991605204556 7.533736933296579 5
      vertex 11.783883476483183 7.616116523516816 5
    endloop
  endfacet
  facet normal -0.7409511253549579 0.6715589548470197 0
    outer loop
      vertex 11.86626306670342 7.707008394795443 2
      vertex 11.783883476483183 7.616116523516816 5
      vertex 11.86626306670342 7.707008394795443 5
    endloop
  endfacet
  facet normal -0.8032075314806449 0.5956993044924334 0
    outer loop
      vertex 11.93933701537818 7.8055372087254975 2
      vertex 11.86626306670342 7.707008394795443 5
      vertex 11.93933701537818 7.8055372087254975 5
    endloop
  endfacet
  facet normal -0.8577286100002712 0.5141027441932231 0
    outer loop
      vertex 12.002401580435443 7.910754078967503 2
      vertex 11.93933701537818 7.8055372087254975 5
      vertex 12.002401580435443 7.910754078967503 5
    endloop
  endfacet
  facet normal -0.9039892931234416 0.42755509343028575 0
    outer loop
      vertex 12.054849415639108 8.021645709543638 2
      vertex 12.002401580435443 7.910754078967503 5
      vertex 12.054849415639108 8.021645709543638 5
    endloop
  endfacet
  facet normal -0.9415440651830241 0.336889853392211 0
    outer loop
      vertex 12.09617541966526 8.137144153431922 2
      vertex 12.054849415639108 8.021645709543638 5
      vertex 12.09617541966526 8.137144153431922 5
    endloop
  endfacet
  facet normal -0.7409511253549579 -0.6715589548470197 1.27685549299383e-19
    outer loop
      vertex 11.86626306670342 9.292991605204557 5
      vertex 11.783883476483183 9.383883476483184 5
      vertex 11.783883476483183 9.383883476483184 2
    endloop
  endfacet
  facet normal -0.8032075314806423 -0.5956993044924368 0
    outer loop
      vertex 11.86626306670342 9.292991605204557 2
      vertex 11.93933701537818 9.194462791274503 5
      vertex 11.86626306670342 9.292991605204557 5
    endloop
  endfacet
  facet normal -0.9700312531945429 0.24298017990326795 0
    outer loop
      vertex 12.125981600504037 8.25613709747984 2
      vertex 12.09617541966526 8.137144153431922 5
      vertex 12.125981600504037 8.25613709747984 5
    endloop
  endfacet
  facet normal -0.9891765099647815 0.1467304744553588 0
    outer loop
      vertex 12.143980908340245 8.37747857458805 2
      vertex 12.125981600504037 8.25613709747984 5
      vertex 12.143980908340245 8.37747857458805 5
    endloop
  endfacet
  facet normal -0.9987954562051725 0.04906767432741744 0
    outer loop
      vertex 12.149999999999999 8.5 2
      vertex 12.143980908340245 8.37747857458805 5
      vertex 12.149999999999999 8.5 5
    endloop
  endfacet
  facet normal -0.9987954562051725 -0.04906767432741744 0
    outer loop
      vertex 12.143980908340245 8.62252142541195 2
      vertex 12.149999999999999 8.5 5
      vertex 12.143980908340245 8.62252142541195 5
    endloop
  endfacet
  facet normal -0.9891765099647815 -0.1467304744553588 0
    outer loop
      vertex 12.125981600504037 8.74386290252016 2
      vertex 12.143980908340245 8.62252142541195 5
      vertex 12.125981600504037 8.74386290252016 5
    endloop
  endfacet
  facet normal -0.9700312531945429 -0.24298017990326795 0
    outer loop
      vertex 12.09617541966526 8.862855846568078 2
      vertex 12.125981600504037 8.74386290252016 5
      vertex 12.09617541966526 8.862855846568078 5
    endloop
  endfacet
  facet normal -0.9039892931234403 -0.4275550934302886 0
    outer loop
      vertex 12.002401580435443 9.089245921032497 2
      vertex 12.054849415639108 8.978354290456362 5
      vertex 12.002401580435443 9.089245921032497 5
    endloop
  endfacet
  facet normal -0.9415440651830241 -0.336889853392211 0
    outer loop
      vertex 12.054849415639108 8.978354290456362 2
      vertex 12.09617541966526 8.862855846568078 5
      vertex 12.054849415639108 8.978354290456362 5
    endloop
  endfacet
  facet normal -0.8577286100002751 -0.5141027441932168 0
    outer loop
      vertex 11.93933701537818 9.194462791274503 2
      vertex 12.002401580435443 9.089245921032497 5
      vertex 11.93933701537818 9.194462791274503 5
    endloop
  endfacet
  facet normal -0.4275550934302886 -0.9039892931234403 3.749368840819171e-20
    outer loop
      vertex 11.378354290456361 9.65484941563911 2
      vertex 11.489245921032495 9.602401580435444 2
      vertex 11.489245921032495 9.602401580435444 5
    endloop
  endfacet
  facet normal -0.5141027441932168 -0.8577286100002751 -4.980490361422891e-19
    outer loop
      vertex 11.489245921032495 9.602401580435444 2
      vertex 11.594462791274502 9.539337015378182 2
      vertex 11.594462791274502 9.539337015378182 5
    endloop
  endfacet
  facet normal -0.336889853392211 -0.9415440651830241 0
    outer loop
      vertex 11.378354290456361 9.65484941563911 2
      vertex 11.378354290456361 9.65484941563911 5
      vertex 11.262855846568076 9.696175419665261 2
    endloop
  endfacet
  facet normal -0.5956993044924368 -0.8032075314806423 4.038743264164043e-19
    outer loop
      vertex 11.594462791274502 9.539337015378182 2
      vertex 11.692991605204556 9.466263066703421 2
      vertex 11.692991605204556 9.466263066703421 5
    endloop
  endfacet
  facet normal -0.6715589548470197 -0.7409511253549579 1.27685549299383e-19
    outer loop
      vertex 11.692991605204556 9.466263066703421 2
      vertex 11.783883476483183 9.383883476483184 2
      vertex 11.783883476483183 9.383883476483184 5
    endloop
  endfacet
  facet normal -0.4275550934302886 -0.9039892931234403 0
    outer loop
      vertex 11.378354290456361 9.65484941563911 2
      vertex 11.489245921032495 9.602401580435444 5
      vertex 11.378354290456361 9.65484941563911 5
    endloop
  endfacet
  facet normal -0.5141027441932168 -0.8577286100002751 0
    outer loop
      vertex 11.489245921032495 9.602401580435444 2
      vertex 11.594462791274502 9.539337015378182 5
      vertex 11.489245921032495 9.602401580435444 5
    endloop
  endfacet
  facet normal -0.336889853392211 -0.9415440651830241 0
    outer loop
      vertex 11.262855846568076 9.696175419665261 2
      vertex 11.378354290456361 9.65484941563911 5
      vertex 11.262855846568076 9.696175419665261 5
    endloop
  endfacet
  facet normal -0.5956993044924368 -0.8032075314806423 0
    outer loop
      vertex 11.594462791274502 9.539337015378182 2
      vertex 11.692991605204556 9.466263066703421 5
      vertex 11.594462791274502 9.539337015378182 5
    endloop
  endfacet
  facet normal -0.6715589548470197 -0.7409511253549579 0
    outer loop
      vertex 11.692991605204556 9.466263066703421 2
      vertex 11.783883476483183 9.383883476483184 5
      vertex 11.692991605204556 9.466263066703421 5
    endloop
  endfacet
  facet normal 0.6715589548469798 0.740951125354994 0
    outer loop
      vertex 10.016116523516814 65.61611652351681 2
      vertex 10.016116523516814 65.61611652351681 5
      vertex 10.107008394795441 65.53373693329658 2
    endloop
  endfacet
  facet normal 0.5956993044924368 0.8032075314806423 0
    outer loop
      vertex 10.107008394795441 65.53373693329658 2
      vertex 10.107008394795441 65.53373693329658 5
      vertex 10.205537208725495 65.46066298462182 2
    endloop
  endfacet
  facet normal 0.3368898533922752 0.9415440651830012 -6.52310733656236e-19
    outer loop
      vertex 10.537144153431921 65.30382458033473 2
      vertex 10.421645709543636 65.3451505843609 2
      vertex 10.421645709543636 65.3451505843609 5
    endloop
  endfacet
  facet normal 0.5141027441932061 0.8577286100002814 0
    outer loop
      vertex 10.205537208725495 65.46066298462182 2
      vertex 10.205537208725495 65.46066298462182 5
      vertex 10.310754078967502 65.39759841956456 2
    endloop
  endfacet
  facet normal 0.4275550934302886 0.9039892931234403 0
    outer loop
      vertex 10.310754078967502 65.39759841956456 2
      vertex 10.310754078967502 65.39759841956456 5
      vertex 10.421645709543636 65.3451505843609 2
    endloop
  endfacet
  facet normal 0.24298017990325432 0.9700312531945463 0
    outer loop
      vertex 10.537144153431921 65.30382458033473 2
      vertex 10.537144153431921 65.30382458033473 5
      vertex 10.656137097479839 65.27401839949596 2
    endloop
  endfacet
  facet normal 0.14673047445534462 0.9891765099647835 0
    outer loop
      vertex 10.656137097479839 65.27401839949596 2
      vertex 10.656137097479839 65.27401839949596 5
      vertex 10.777478574588049 65.25601909165975 2
    endloop
  endfacet
  facet normal 0.04906767432740299 0.9987954562051732 0
    outer loop
      vertex 10.777478574588049 65.25601909165975 2
      vertex 10.777478574588049 65.25601909165975 5
      vertex 10.899999999999999 65.25 2
    endloop
  endfacet
  facet normal -0.04906767432740299 0.9987954562051732 0
    outer loop
      vertex 10.899999999999999 65.25 2
      vertex 10.899999999999999 65.25 5
      vertex 11.022521425411949 65.25601909165975 2
    endloop
  endfacet
  facet normal -0.14673047445534462 0.9891765099647835 0
    outer loop
      vertex 11.022521425411949 65.25601909165975 2
      vertex 11.022521425411949 65.25601909165975 5
      vertex 11.143862902520159 65.27401839949596 2
    endloop
  endfacet
  facet normal -0.24298017990325432 0.9700312531945463 0
    outer loop
      vertex 11.143862902520159 65.27401839949596 2
      vertex 11.143862902520159 65.27401839949596 5
      vertex 11.262855846568076 65.30382458033473 2
    endloop
  endfacet
  facet normal 0.6715589548469798 0.740951125354994 0
    outer loop
      vertex 10.107008394795441 65.53373693329658 2
      vertex 10.016116523516814 65.61611652351681 5
      vertex 10.107008394795441 65.53373693329658 5
    endloop
  endfacet
  facet normal 0.5956993044924368 0.8032075314806423 0
    outer loop
      vertex 10.205537208725495 65.46066298462182 2
      vertex 10.107008394795441 65.53373693329658 5
      vertex 10.205537208725495 65.46066298462182 5
    endloop
  endfacet
  facet normal 0.3368898533922752 0.9415440651830012 0
    outer loop
      vertex 10.537144153431921 65.30382458033473 2
      vertex 10.421645709543636 65.3451505843609 5
      vertex 10.537144153431921 65.30382458033473 5
    endloop
  endfacet
  facet normal 0.5141027441932061 0.8577286100002814 0
    outer loop
      vertex 10.310754078967502 65.39759841956456 2
      vertex 10.205537208725495 65.46066298462182 5
      vertex 10.310754078967502 65.39759841956456 5
    endloop
  endfacet
  facet normal 0.4275550934302886 0.9039892931234403 0
    outer loop
      vertex 10.421645709543636 65.3451505843609 2
      vertex 10.310754078967502 65.39759841956456 5
      vertex 10.421645709543636 65.3451505843609 5
    endloop
  endfacet
  facet normal 0.24298017990325432 0.9700312531945463 0
    outer loop
      vertex 10.656137097479839 65.27401839949596 2
      vertex 10.537144153431921 65.30382458033473 5
      vertex 10.656137097479839 65.27401839949596 5
    endloop
  endfacet
  facet normal 0.14673047445534462 0.9891765099647835 0
    outer loop
      vertex 10.777478574588049 65.25601909165975 2
      vertex 10.656137097479839 65.27401839949596 5
      vertex 10.777478574588049 65.25601909165975 5
    endloop
  endfacet
  facet normal 0.04906767432740299 0.9987954562051732 0
    outer loop
      vertex 10.899999999999999 65.25 2
      vertex 10.777478574588049 65.25601909165975 5
      vertex 10.899999999999999 65.25 5
    endloop
  endfacet
  facet normal -0.04906767432740299 0.9987954562051732 0
    outer loop
      vertex 11.022521425411949 65.25601909165975 2
      vertex 10.899999999999999 65.25 5
      vertex 11.022521425411949 65.25601909165975 5
    endloop
  endfacet
  facet normal -0.14673047445534462 0.9891765099647835 0
    outer loop
      vertex 11.143862902520159 65.27401839949596 2
      vertex 11.022521425411949 65.25601909165975 5
      vertex 11.143862902520159 65.27401839949596 5
    endloop
  endfacet
  facet normal -0.24298017990325432 0.9700312531945463 -5.478202921361055e-19
    outer loop
      vertex 11.143862902520159 65.27401839949596 5
      vertex 11.262855846568076 65.30382458033473 5
      vertex 11.262855846568076 65.30382458033473 2
    endloop
  endfacet
  facet normal 0.8577286100002673 0.5141027441932294 0
    outer loop
      vertex 9.797598419564554 65.9107540789675 2
      vertex 9.797598419564554 65.9107540789675 5
      vertex 9.860662984621817 65.8055372087255 2
    endloop
  endfacet
  facet normal 0.9039892931234403 0.4275550934302886 3.749368840819171e-20
    outer loop
      vertex 9.797598419564554 65.9107540789675 2
      vertex 9.74515058436089 66.02164570954363 2
      vertex 9.74515058436089 66.02164570954363 5
    endloop
  endfacet
  facet normal 0.9415440651830241 0.336889853392211 1.0071100867579934e-18
    outer loop
      vertex 9.74515058436089 66.02164570954363 2
      vertex 9.703824580334738 66.13714415343192 2
      vertex 9.703824580334738 66.13714415343192 5
    endloop
  endfacet
  facet normal 0.9891765099647827 0.1467304744553504 0
    outer loop
      vertex 9.656019091659752 66.37747857458805 2
      vertex 9.656019091659752 66.37747857458805 5
      vertex 9.67401839949596 66.25613709747984 2
    endloop
  endfacet
  facet normal 0.9987954562051723 0.04906767432741885 6.379812420017848e-20
    outer loop
      vertex 9.656019091659752 66.37747857458805 2
      vertex 9.649999999999999 66.5 2
      vertex 9.649999999999999 66.5 5
    endloop
  endfacet
  facet normal 0.9700312531945429 0.24298017990326795 8.221355052957312e-20
    outer loop
      vertex 9.703824580334738 66.13714415343192 2
      vertex 9.67401839949596 66.25613709747984 2
      vertex 9.67401839949596 66.25613709747984 5
    endloop
  endfacet
  facet normal 0.9987954562051723 -0.04906767432741885 -6.379812420017848e-20
    outer loop
      vertex 9.649999999999999 66.5 2
      vertex 9.656019091659752 66.62252142541195 2
      vertex 9.656019091659752 66.62252142541195 5
    endloop
  endfacet
  facet normal 0.9891765099647827 -0.1467304744553504 1.202007263976102e-22
    outer loop
      vertex 9.656019091659752 66.62252142541195 2
      vertex 9.67401839949596 66.74386290252016 2
      vertex 9.67401839949596 66.74386290252016 5
    endloop
  endfacet
  facet normal 0.9700312531945429 -0.24298017990326795 -8.221355052957312e-20
    outer loop
      vertex 9.67401839949596 66.74386290252016 2
      vertex 9.703824580334738 66.86285584656808 2
      vertex 9.703824580334738 66.86285584656808 5
    endloop
  endfacet
  facet normal 0.9415440651830241 -0.336889853392211 -1.0071100867579934e-18
    outer loop
      vertex 9.703824580334738 66.86285584656808 2
      vertex 9.74515058436089 66.97835429045637 2
      vertex 9.74515058436089 66.97835429045637 5
    endloop
  endfacet
  facet normal 0.9039892931234403 -0.4275550934302886 -3.749368840819171e-20
    outer loop
      vertex 9.74515058436089 66.97835429045637 2
      vertex 9.797598419564554 67.0892459210325 2
      vertex 9.797598419564554 67.0892459210325 5
    endloop
  endfacet
  facet normal 0.8577286100002673 -0.5141027441932294 -2.3838835499394786e-19
    outer loop
      vertex 9.797598419564554 67.0892459210325 2
      vertex 9.860662984621817 67.1944627912745 2
      vertex 9.860662984621817 67.1944627912745 5
    endloop
  endfacet
  facet normal 0.7409511253549644 0.6715589548470124 8.031749524287745e-19
    outer loop
      vertex 10.016116523516814 65.61611652351681 2
      vertex 9.933736933296577 65.70700839479544 2
      vertex 9.933736933296577 65.70700839479544 5
    endloop
  endfacet
  facet normal 0.8032075314806577 0.595699304492416 4.83206462451285e-19
    outer loop
      vertex 9.933736933296577 65.70700839479544 2
      vertex 9.860662984621817 65.8055372087255 2
      vertex 9.860662984621817 65.8055372087255 5
    endloop
  endfacet
  facet normal 0.8032075314806577 -0.595699304492416 -4.83206462451285e-19
    outer loop
      vertex 9.860662984621817 67.1944627912745 2
      vertex 9.933736933296577 67.29299160520456 2
      vertex 9.933736933296577 67.29299160520456 5
    endloop
  endfacet
  facet normal 0.7409511253549644 -0.6715589548470124 -8.031749524287745e-19
    outer loop
      vertex 9.933736933296577 67.29299160520456 2
      vertex 10.016116523516814 67.38388347648319 2
      vertex 10.016116523516814 67.38388347648319 5
    endloop
  endfacet
  facet normal 0.6715589548469798 -0.740951125354994 5.021713765319763e-19
    outer loop
      vertex 10.016116523516814 67.38388347648319 2
      vertex 10.107008394795441 67.46626306670342 2
      vertex 10.107008394795441 67.46626306670342 5
    endloop
  endfacet
  facet normal 0.5956993044924368 -0.8032075314806423 -4.038743264164043e-19
    outer loop
      vertex 10.107008394795441 67.46626306670342 2
      vertex 10.205537208725495 67.53933701537818 2
      vertex 10.205537208725495 67.53933701537818 5
    endloop
  endfacet
  facet normal 0.5141027441932061 -0.8577286100002814 -6.430509186363918e-19
    outer loop
      vertex 10.205537208725495 67.53933701537818 2
      vertex 10.310754078967502 67.60240158043544 2
      vertex 10.310754078967502 67.60240158043544 5
    endloop
  endfacet
  facet normal 0.4275550934302886 -0.9039892931234403 -3.749368840819171e-20
    outer loop
      vertex 10.310754078967502 67.60240158043544 2
      vertex 10.421645709543636 67.6548494156391 2
      vertex 10.421645709543636 67.6548494156391 5
    endloop
  endfacet
  facet normal 0.3368898533922752 -0.9415440651830012 6.52310733656236e-19
    outer loop
      vertex 10.421645709543636 67.6548494156391 2
      vertex 10.537144153431921 67.69617541966527 2
      vertex 10.537144153431921 67.69617541966527 5
    endloop
  endfacet
  facet normal 0.24298017990325432 -0.9700312531945463 -5.478202921361055e-19
    outer loop
      vertex 10.537144153431921 67.69617541966527 2
      vertex 10.656137097479839 67.72598160050404 2
      vertex 10.656137097479839 67.72598160050404 5
    endloop
  endfacet
  facet normal 0.14673047445534462 -0.9891765099647835 9.987674456312184e-20
    outer loop
      vertex 10.656137097479839 67.72598160050404 2
      vertex 10.777478574588049 67.74398090834025 2
      vertex 10.777478574588049 67.74398090834025 5
    endloop
  endfacet
  facet normal 0.04906767432740299 -0.9987954562051732 -1.1018171008480798e-19
    outer loop
      vertex 10.777478574588049 67.74398090834025 2
      vertex 10.899999999999999 67.75 2
      vertex 10.899999999999999 67.75 5
    endloop
  endfacet
  facet normal -0.04906767432740299 -0.9987954562051732 1.1018171008480798e-19
    outer loop
      vertex 10.899999999999999 67.75 2
      vertex 11.022521425411949 67.74398090834025 2
      vertex 11.022521425411949 67.74398090834025 5
    endloop
  endfacet
  facet normal -0.14673047445534462 -0.9891765099647835 -9.987674456312184e-20
    outer loop
      vertex 11.022521425411949 67.74398090834025 2
      vertex 11.143862902520159 67.72598160050404 2
      vertex 11.143862902520159 67.72598160050404 5
    endloop
  endfacet
  facet normal -0.24298017990325432 -0.9700312531945463 5.478202921361055e-19
    outer loop
      vertex 11.143862902520159 67.72598160050404 2
      vertex 11.262855846568076 67.69617541966527 2
      vertex 11.262855846568076 67.69617541966527 5
    endloop
  endfacet
  facet normal 0.8577286100002673 0.5141027441932294 0
    outer loop
      vertex 9.860662984621817 65.8055372087255 2
      vertex 9.797598419564554 65.9107540789675 5
      vertex 9.860662984621817 65.8055372087255 5
    endloop
  endfacet
  facet normal 0.9415440651830241 0.336889853392211 0
    outer loop
      vertex 9.74515058436089 66.02164570954363 2
      vertex 9.703824580334738 66.13714415343192 5
      vertex 9.74515058436089 66.02164570954363 5
    endloop
  endfacet
  facet normal 0.9039892931234403 0.4275550934302886 0
    outer loop
      vertex 9.797598419564554 65.9107540789675 2
      vertex 9.74515058436089 66.02164570954363 5
      vertex 9.797598419564554 65.9107540789675 5
    endloop
  endfacet
  facet normal 0.9700312531945429 0.24298017990326795 0
    outer loop
      vertex 9.703824580334738 66.13714415343192 2
      vertex 9.67401839949596 66.25613709747984 5
      vertex 9.703824580334738 66.13714415343192 5
    endloop
  endfacet
  facet normal 0.9987954562051723 0.04906767432741885 0
    outer loop
      vertex 9.656019091659752 66.37747857458805 2
      vertex 9.649999999999999 66.5 5
      vertex 9.656019091659752 66.37747857458805 5
    endloop
  endfacet
  facet normal 0.9891765099647827 0.1467304744553504 0
    outer loop
      vertex 9.67401839949596 66.25613709747984 2
      vertex 9.656019091659752 66.37747857458805 5
      vertex 9.67401839949596 66.25613709747984 5
    endloop
  endfacet
  facet normal 0.9987954562051723 -0.04906767432741885 0
    outer loop
      vertex 9.649999999999999 66.5 2
      vertex 9.656019091659752 66.62252142541195 5
      vertex 9.649999999999999 66.5 5
    endloop
  endfacet
  facet normal 0.9891765099647827 -0.1467304744553504 0
    outer loop
      vertex 9.656019091659752 66.62252142541195 2
      vertex 9.67401839949596 66.74386290252016 5
      vertex 9.656019091659752 66.62252142541195 5
    endloop
  endfacet
  facet normal 0.9700312531945429 -0.24298017990326795 0
    outer loop
      vertex 9.67401839949596 66.74386290252016 2
      vertex 9.703824580334738 66.86285584656808 5
      vertex 9.67401839949596 66.74386290252016 5
    endloop
  endfacet
  facet normal 0.9415440651830241 -0.336889853392211 0
    outer loop
      vertex 9.703824580334738 66.86285584656808 2
      vertex 9.74515058436089 66.97835429045637 5
      vertex 9.703824580334738 66.86285584656808 5
    endloop
  endfacet
  facet normal 0.9039892931234403 -0.4275550934302886 0
    outer loop
      vertex 9.74515058436089 66.97835429045637 2
      vertex 9.797598419564554 67.0892459210325 5
      vertex 9.74515058436089 66.97835429045637 5
    endloop
  endfacet
  facet normal 0.8577286100002673 -0.5141027441932294 0
    outer loop
      vertex 9.797598419564554 67.0892459210325 2
      vertex 9.860662984621817 67.1944627912745 5
      vertex 9.797598419564554 67.0892459210325 5
    endloop
  endfacet
  facet normal 0.8032075314806577 0.595699304492416 0
    outer loop
      vertex 9.933736933296577 65.70700839479544 2
      vertex 9.860662984621817 65.8055372087255 5
      vertex 9.933736933296577 65.70700839479544 5
    endloop
  endfacet
  facet normal 0.7409511253549644 0.6715589548470124 0
    outer loop
      vertex 10.016116523516814 65.61611652351681 2
      vertex 9.933736933296577 65.70700839479544 5
      vertex 10.016116523516814 65.61611652351681 5
    endloop
  endfacet
  facet normal 0.8032075314806577 -0.595699304492416 0
    outer loop
      vertex 9.860662984621817 67.1944627912745 2
      vertex 9.933736933296577 67.29299160520456 5
      vertex 9.860662984621817 67.1944627912745 5
    endloop
  endfacet
  facet normal 0.7409511253549644 -0.6715589548470124 0
    outer loop
      vertex 9.933736933296577 67.29299160520456 2
      vertex 10.016116523516814 67.38388347648319 5
      vertex 9.933736933296577 67.29299160520456 5
    endloop
  endfacet
  facet normal 0.6715589548469798 -0.740951125354994 0
    outer loop
      vertex 10.016116523516814 67.38388347648319 2
      vertex 10.107008394795441 67.46626306670342 5
      vertex 10.016116523516814 67.38388347648319 5
    endloop
  endfacet
  facet normal 0.5956993044924368 -0.8032075314806423 0
    outer loop
      vertex 10.107008394795441 67.46626306670342 2
      vertex 10.205537208725495 67.53933701537818 5
      vertex 10.107008394795441 67.46626306670342 5
    endloop
  endfacet
  facet normal 0.5141027441932061 -0.8577286100002814 0
    outer loop
      vertex 10.205537208725495 67.53933701537818 2
      vertex 10.310754078967502 67.60240158043544 5
      vertex 10.205537208725495 67.53933701537818 5
    endloop
  endfacet
  facet normal 0.4275550934302886 -0.9039892931234403 0
    outer loop
      vertex 10.310754078967502 67.60240158043544 2
      vertex 10.421645709543636 67.6548494156391 5
      vertex 10.310754078967502 67.60240158043544 5
    endloop
  endfacet
  facet normal 0.3368898533922752 -0.9415440651830012 0
    outer loop
      vertex 10.421645709543636 67.6548494156391 2
      vertex 10.537144153431921 67.69617541966527 5
      vertex 10.421645709543636 67.6548494156391 5
    endloop
  endfacet
  facet normal 0.24298017990325432 -0.9700312531945463 0
    outer loop
      vertex 10.537144153431921 67.69617541966527 2
      vertex 10.656137097479839 67.72598160050404 5
      vertex 10.537144153431921 67.69617541966527 5
    endloop
  endfacet
  facet normal 0.14673047445534462 -0.9891765099647835 0
    outer loop
      vertex 10.656137097479839 67.72598160050404 2
      vertex 10.777478574588049 67.74398090834025 5
      vertex 10.656137097479839 67.72598160050404 5
    endloop
  endfacet
  facet normal 0.04906767432740299 -0.9987954562051732 0
    outer loop
      vertex 10.777478574588049 67.74398090834025 2
      vertex 10.899999999999999 67.75 5
      vertex 10.777478574588049 67.74398090834025 5
    endloop
  endfacet
  facet normal -0.04906767432740299 -0.9987954562051732 0
    outer loop
      vertex 10.899999999999999 67.75 2
      vertex 11.022521425411949 67.74398090834025 5
      vertex 10.899999999999999 67.75 5
    endloop
  endfacet
  facet normal -0.14673047445534462 -0.9891765099647835 0
    outer loop
      vertex 11.022521425411949 67.74398090834025 2
      vertex 11.143862902520159 67.72598160050404 5
      vertex 11.022521425411949 67.74398090834025 5
    endloop
  endfacet
  facet normal -0.24298017990325432 -0.9700312531945463 0
    outer loop
      vertex 11.143862902520159 67.72598160050404 2
      vertex 11.262855846568076 67.69617541966527 5
      vertex 11.143862902520159 67.72598160050404 5
    endloop
  endfacet
  facet normal -0.3368898533922752 0.9415440651830012 0
    outer loop
      vertex 11.262855846568076 65.30382458033473 2
      vertex 11.262855846568076 65.30382458033473 5
      vertex 11.378354290456361 65.3451505843609 2
    endloop
  endfacet
  facet normal -0.4275550934302886 0.9039892931234403 0
    outer loop
      vertex 11.378354290456361 65.3451505843609 2
      vertex 11.378354290456361 65.3451505843609 5
      vertex 11.489245921032495 65.39759841956456 2
    endloop
  endfacet
  facet normal -0.5141027441932061 0.8577286100002814 0
    outer loop
      vertex 11.489245921032495 65.39759841956456 2
      vertex 11.489245921032495 65.39759841956456 5
      vertex 11.594462791274502 65.46066298462182 2
    endloop
  endfacet
  facet normal -0.5956993044924368 0.8032075314806423 0
    outer loop
      vertex 11.594462791274502 65.46066298462182 2
      vertex 11.594462791274502 65.46066298462182 5
      vertex 11.692991605204556 65.53373693329658 2
    endloop
  endfacet
  facet normal -0.6715589548469798 0.740951125354994 0
    outer loop
      vertex 11.692991605204556 65.53373693329658 2
      vertex 11.692991605204556 65.53373693329658 5
      vertex 11.783883476483183 65.61611652351681 2
    endloop
  endfacet
  facet normal -0.3368898533922752 0.9415440651830012 0
    outer loop
      vertex 11.378354290456361 65.3451505843609 2
      vertex 11.262855846568076 65.30382458033473 5
      vertex 11.378354290456361 65.3451505843609 5
    endloop
  endfacet
  facet normal -0.4275550934302886 0.9039892931234403 0
    outer loop
      vertex 11.489245921032495 65.39759841956456 2
      vertex 11.378354290456361 65.3451505843609 5
      vertex 11.489245921032495 65.39759841956456 5
    endloop
  endfacet
  facet normal -0.5141027441932061 0.8577286100002814 0
    outer loop
      vertex 11.594462791274502 65.46066298462182 2
      vertex 11.489245921032495 65.39759841956456 5
      vertex 11.594462791274502 65.46066298462182 5
    endloop
  endfacet
  facet normal -0.5956993044924368 0.8032075314806423 0
    outer loop
      vertex 11.692991605204556 65.53373693329658 2
      vertex 11.594462791274502 65.46066298462182 5
      vertex 11.692991605204556 65.53373693329658 5
    endloop
  endfacet
  facet normal -0.6715589548469798 0.740951125354994 0
    outer loop
      vertex 11.783883476483183 65.61611652351681 2
      vertex 11.692991605204556 65.53373693329658 5
      vertex 11.783883476483183 65.61611652351681 5
    endloop
  endfacet
  facet normal -0.7409511253549644 0.6715589548470124 0
    outer loop
      vertex 11.783883476483183 65.61611652351681 2
      vertex 11.783883476483183 65.61611652351681 5
      vertex 11.86626306670342 65.70700839479544 2
    endloop
  endfacet
  facet normal -0.8032075314806577 0.595699304492416 0
    outer loop
      vertex 11.86626306670342 65.70700839479544 2
      vertex 11.86626306670342 65.70700839479544 5
      vertex 11.93933701537818 65.8055372087255 2
    endloop
  endfacet
  facet normal -0.8577286100002673 0.5141027441932294 0
    outer loop
      vertex 11.93933701537818 65.8055372087255 2
      vertex 11.93933701537818 65.8055372087255 5
      vertex 12.002401580435443 65.9107540789675 2
    endloop
  endfacet
  facet normal -0.9039892931234403 0.4275550934302886 0
    outer loop
      vertex 12.002401580435443 65.9107540789675 2
      vertex 12.002401580435443 65.9107540789675 5
      vertex 12.054849415639108 66.02164570954363 2
    endloop
  endfacet
  facet normal -0.9415440651830241 0.336889853392211 0
    outer loop
      vertex 12.054849415639108 66.02164570954363 2
      vertex 12.054849415639108 66.02164570954363 5
      vertex 12.09617541966526 66.13714415343192 2
    endloop
  endfacet
  facet normal -0.9700312531945429 0.24298017990326795 0
    outer loop
      vertex 12.09617541966526 66.13714415343192 2
      vertex 12.09617541966526 66.13714415343192 5
      vertex 12.125981600504037 66.25613709747984 2
    endloop
  endfacet
  facet normal -0.9891765099647827 0.1467304744553504 0
    outer loop
      vertex 12.125981600504037 66.25613709747984 2
      vertex 12.125981600504037 66.25613709747984 5
      vertex 12.143980908340245 66.37747857458805 2
    endloop
  endfacet
  facet normal -0.9987954562051723 0.04906767432741885 0
    outer loop
      vertex 12.143980908340245 66.37747857458805 2
      vertex 12.143980908340245 66.37747857458805 5
      vertex 12.149999999999999 66.5 2
    endloop
  endfacet
  facet normal -0.9700312531945429 -0.24298017990326795 0
    outer loop
      vertex 12.125981600504037 66.74386290252016 2
      vertex 12.125981600504037 66.74386290252016 5
      vertex 12.09617541966526 66.86285584656808 2
    endloop
  endfacet
  facet normal -0.9987954562051723 -0.04906767432741885 0
    outer loop
      vertex 12.149999999999999 66.5 2
      vertex 12.149999999999999 66.5 5
      vertex 12.143980908340245 66.62252142541195 2
    endloop
  endfacet
  facet normal -0.9891765099647827 -0.1467304744553504 -1.202007263976102e-22
    outer loop
      vertex 12.125981600504037 66.74386290252016 2
      vertex 12.143980908340245 66.62252142541195 2
      vertex 12.143980908340245 66.62252142541195 5
    endloop
  endfacet
  facet normal -0.8032075314806577 -0.595699304492416 0
    outer loop
      vertex 11.93933701537818 67.1944627912745 2
      vertex 11.93933701537818 67.1944627912745 5
      vertex 11.86626306670342 67.29299160520456 2
    endloop
  endfacet
  facet normal -0.7409511253549644 -0.6715589548470124 0
    outer loop
      vertex 11.86626306670342 67.29299160520456 2
      vertex 11.86626306670342 67.29299160520456 5
      vertex 11.783883476483183 67.38388347648319 2
    endloop
  endfacet
  facet normal -0.3368898533922752 -0.9415440651830012 0
    outer loop
      vertex 11.378354290456361 67.6548494156391 2
      vertex 11.378354290456361 67.6548494156391 5
      vertex 11.262855846568076 67.69617541966527 2
    endloop
  endfacet
  facet normal -0.4275550934302886 -0.9039892931234403 3.749368840819171e-20
    outer loop
      vertex 11.378354290456361 67.6548494156391 2
      vertex 11.489245921032495 67.60240158043544 2
      vertex 11.489245921032495 67.60240158043544 5
    endloop
  endfacet
  facet normal -0.5141027441932061 -0.8577286100002814 6.430509186363918e-19
    outer loop
      vertex 11.489245921032495 67.60240158043544 2
      vertex 11.594462791274502 67.53933701537818 2
      vertex 11.594462791274502 67.53933701537818 5
    endloop
  endfacet
  facet normal -0.5956993044924368 -0.8032075314806423 4.038743264164043e-19
    outer loop
      vertex 11.594462791274502 67.53933701537818 2
      vertex 11.692991605204556 67.46626306670342 2
      vertex 11.692991605204556 67.46626306670342 5
    endloop
  endfacet
  facet normal -0.6715589548469798 -0.740951125354994 -5.021713765319763e-19
    outer loop
      vertex 11.692991605204556 67.46626306670342 2
      vertex 11.783883476483183 67.38388347648319 2
      vertex 11.783883476483183 67.38388347648319 5
    endloop
  endfacet
  facet normal -0.9415440651830241 -0.336889853392211 0
    outer loop
      vertex 12.09617541966526 66.86285584656808 2
      vertex 12.09617541966526 66.86285584656808 5
      vertex 12.054849415639108 66.97835429045637 2
    endloop
  endfacet
  facet normal -0.9039892931234403 -0.4275550934302886 3.749368840819171e-20
    outer loop
      vertex 12.002401580435443 67.0892459210325 2
      vertex 12.054849415639108 66.97835429045637 2
      vertex 12.054849415639108 66.97835429045637 5
    endloop
  endfacet
  facet normal -0.8577286100002673 -0.5141027441932294 2.3838835499394786e-19
    outer loop
      vertex 11.93933701537818 67.1944627912745 2
      vertex 12.002401580435443 67.0892459210325 2
      vertex 12.002401580435443 67.0892459210325 5
    endloop
  endfacet
  facet normal -0.7409511253549644 0.6715589548470124 -8.031749524287745e-19
    outer loop
      vertex 11.783883476483183 65.61611652351681 5
      vertex 11.86626306670342 65.70700839479544 5
      vertex 11.86626306670342 65.70700839479544 2
    endloop
  endfacet
  facet normal -0.8032075314806577 0.595699304492416 0
    outer loop
      vertex 11.93933701537818 65.8055372087255 2
      vertex 11.86626306670342 65.70700839479544 5
      vertex 11.93933701537818 65.8055372087255 5
    endloop
  endfacet
  facet normal -0.8577286100002673 0.5141027441932294 0
    outer loop
      vertex 12.002401580435443 65.9107540789675 2
      vertex 11.93933701537818 65.8055372087255 5
      vertex 12.002401580435443 65.9107540789675 5
    endloop
  endfacet
  facet normal -0.9039892931234403 0.4275550934302886 0
    outer loop
      vertex 12.054849415639108 66.02164570954363 2
      vertex 12.002401580435443 65.9107540789675 5
      vertex 12.054849415639108 66.02164570954363 5
    endloop
  endfacet
  facet normal -0.9415440651830241 0.336889853392211 0
    outer loop
      vertex 12.09617541966526 66.13714415343192 2
      vertex 12.054849415639108 66.02164570954363 5
      vertex 12.09617541966526 66.13714415343192 5
    endloop
  endfacet
  facet normal -0.9700312531945429 0.24298017990326795 0
    outer loop
      vertex 12.125981600504037 66.25613709747984 2
      vertex 12.09617541966526 66.13714415343192 5
      vertex 12.125981600504037 66.25613709747984 5
    endloop
  endfacet
  facet normal -0.9891765099647827 0.1467304744553504 0
    outer loop
      vertex 12.143980908340245 66.37747857458805 2
      vertex 12.125981600504037 66.25613709747984 5
      vertex 12.143980908340245 66.37747857458805 5
    endloop
  endfacet
  facet normal -0.9987954562051723 0.04906767432741885 0
    outer loop
      vertex 12.149999999999999 66.5 2
      vertex 12.143980908340245 66.37747857458805 5
      vertex 12.149999999999999 66.5 5
    endloop
  endfacet
  facet normal -0.9987954562051723 -0.04906767432741885 0
    outer loop
      vertex 12.143980908340245 66.62252142541195 2
      vertex 12.149999999999999 66.5 5
      vertex 12.143980908340245 66.62252142541195 5
    endloop
  endfacet
  facet normal -0.9891765099647827 -0.1467304744553504 0
    outer loop
      vertex 12.125981600504037 66.74386290252016 2
      vertex 12.143980908340245 66.62252142541195 5
      vertex 12.125981600504037 66.74386290252016 5
    endloop
  endfacet
  facet normal -0.7409511253549644 -0.6715589548470124 0
    outer loop
      vertex 11.783883476483183 67.38388347648319 2
      vertex 11.86626306670342 67.29299160520456 5
      vertex 11.783883476483183 67.38388347648319 5
    endloop
  endfacet
  facet normal -0.8032075314806577 -0.595699304492416 0
    outer loop
      vertex 11.86626306670342 67.29299160520456 2
      vertex 11.93933701537818 67.1944627912745 5
      vertex 11.86626306670342 67.29299160520456 5
    endloop
  endfacet
  facet normal -0.4275550934302886 -0.9039892931234403 0
    outer loop
      vertex 11.378354290456361 67.6548494156391 2
      vertex 11.489245921032495 67.60240158043544 5
      vertex 11.378354290456361 67.6548494156391 5
    endloop
  endfacet
  facet normal -0.5141027441932061 -0.8577286100002814 0
    outer loop
      vertex 11.489245921032495 67.60240158043544 2
      vertex 11.594462791274502 67.53933701537818 5
      vertex 11.489245921032495 67.60240158043544 5
    endloop
  endfacet
  facet normal -0.3368898533922752 -0.9415440651830012 0
    outer loop
      vertex 11.262855846568076 67.69617541966527 2
      vertex 11.378354290456361 67.6548494156391 5
      vertex 11.262855846568076 67.69617541966527 5
    endloop
  endfacet
  facet normal -0.5956993044924368 -0.8032075314806423 0
    outer loop
      vertex 11.594462791274502 67.53933701537818 2
      vertex 11.692991605204556 67.46626306670342 5
      vertex 11.594462791274502 67.53933701537818 5
    endloop
  endfacet
  facet normal -0.6715589548469798 -0.740951125354994 0
    outer loop
      vertex 11.692991605204556 67.46626306670342 2
      vertex 11.783883476483183 67.38388347648319 5
      vertex 11.692991605204556 67.46626306670342 5
    endloop
  endfacet
  facet normal -0.9700312531945429 -0.24298017990326795 0
    outer loop
      vertex 12.09617541966526 66.86285584656808 2
      vertex 12.125981600504037 66.74386290252016 5
      vertex 12.09617541966526 66.86285584656808 5
    endloop
  endfacet
  facet normal -0.9415440651830241 -0.336889853392211 0
    outer loop
      vertex 12.054849415639108 66.97835429045637 2
      vertex 12.09617541966526 66.86285584656808 5
      vertex 12.054849415639108 66.97835429045637 5
    endloop
  endfacet
  facet normal -0.9039892931234403 -0.4275550934302886 0
    outer loop
      vertex 12.002401580435443 67.0892459210325 2
      vertex 12.054849415639108 66.97835429045637 5
      vertex 12.002401580435443 67.0892459210325 5
    endloop
  endfacet
  facet normal -0.8577286100002673 -0.5141027441932294 0
    outer loop
      vertex 11.93933701537818 67.1944627912745 2
      vertex 12.002401580435443 67.0892459210325 5
      vertex 11.93933701537818 67.1944627912745 5
    endloop
  endfacet
  facet normal -0.740951125354994 -0.6715589548469799 0
    outer loop
      vertex 83.63373693329657 15.207008394795443 2
      vertex 83.7161165235168 15.116116523516816 2
      vertex 83.63373693329657 15.207008394795443 17
    endloop
  endfacet
  facet normal -0.5141027441932294 -0.8577286100002673 0
    outer loop
      vertex 84.0107540789675 14.897598419564556 2
      vertex 84.0107540789675 14.897598419564556 17
      vertex 83.90553720872549 14.960662984621818 2
    endloop
  endfacet
  facet normal -0.6715589548470124 -0.7409511253549645 0
    outer loop
      vertex 83.80700839479543 15.033736933296579 2
      vertex 83.80700839479543 15.033736933296579 17
      vertex 83.7161165235168 15.116116523516816 2
    endloop
  endfacet
  facet normal -0.595699304492416 -0.8032075314806578 9.664129249025699e-20
    outer loop
      vertex 83.80700839479543 15.033736933296579 2
      vertex 83.90553720872549 14.960662984621818 2
      vertex 83.90553720872549 14.960662984621818 17
    endloop
  endfacet
  facet normal -0.4275550934302885 -0.9039892931234402 7.498737681638342e-21
    outer loop
      vertex 84.0107540789675 14.897598419564556 2
      vertex 84.12164570954363 14.84515058436089 2
      vertex 84.12164570954363 14.84515058436089 17
    endloop
  endfacet
  facet normal -0.33688985339221095 -0.941544065183024 2.0142201735159866e-19
    outer loop
      vertex 84.12164570954363 14.84515058436089 2
      vertex 84.23714415343191 14.803824580334739 2
      vertex 84.23714415343191 14.803824580334739 17
    endloop
  endfacet
  facet normal -0.24298017990326795 -0.970031253194543 0
    outer loop
      vertex 84.35613709747983 14.774018399495962 2
      vertex 84.35613709747983 14.774018399495962 17
      vertex 84.23714415343191 14.803824580334739 2
    endloop
  endfacet
  facet normal -0.9039892931234402 -0.4275550934302885 0
    outer loop
      vertex 83.44515058436089 15.521645709543638 2
      vertex 83.49759841956455 15.410754078967503 2
      vertex 83.44515058436089 15.521645709543638 17
    endloop
  endfacet
  facet normal -0.8577286100002814 -0.5141027441932061 1.2861018372727835e-19
    outer loop
      vertex 83.56066298462181 15.305537208725497 2
      vertex 83.49759841956455 15.410754078967503 17
      vertex 83.49759841956455 15.410754078967503 2
    endloop
  endfacet
  facet normal -0.8032075314806424 -0.5956993044924368 8.077486528328086e-20
    outer loop
      vertex 83.63373693329657 15.207008394795443 2
      vertex 83.56066298462181 15.305537208725497 17
      vertex 83.56066298462181 15.305537208725497 2
    endloop
  endfacet
  facet normal -0.941544065183001 -0.3368898533922751 -1.304621467312472e-19
    outer loop
      vertex 83.44515058436089 15.521645709543638 2
      vertex 83.40382458033473 15.637144153431922 17
      vertex 83.40382458033473 15.637144153431922 2
    endloop
  endfacet
  facet normal -0.9700312531945464 -0.24298017990325435 1.0956405842722111e-19
    outer loop
      vertex 83.40382458033473 15.637144153431922 2
      vertex 83.37401839949595 15.75613709747984 17
      vertex 83.37401839949595 15.75613709747984 2
    endloop
  endfacet
  facet normal -0.9891765099647836 -0.14673047445534465 -1.997534891262437e-20
    outer loop
      vertex 83.37401839949595 15.75613709747984 2
      vertex 83.35601909165975 15.87747857458805 17
      vertex 83.35601909165975 15.87747857458805 2
    endloop
  endfacet
  facet normal -0.9987954562051731 -0.049067674327402985 2.2036342016961592e-20
    outer loop
      vertex 83.35601909165975 15.87747857458805 2
      vertex 83.35 16 17
      vertex 83.35 16 2
    endloop
  endfacet
  facet normal -0.9987954562051731 0.049067674327402985 -2.2036342016961592e-20
    outer loop
      vertex 83.35 16 2
      vertex 83.35601909165975 16.12252142541195 17
      vertex 83.35601909165975 16.12252142541195 2
    endloop
  endfacet
  facet normal -0.9891765099647836 0.14673047445534465 1.997534891262437e-20
    outer loop
      vertex 83.35601909165975 16.12252142541195 2
      vertex 83.37401839949595 16.24386290252016 17
      vertex 83.37401839949595 16.24386290252016 2
    endloop
  endfacet
  facet normal -0.9700312531945464 0.24298017990325435 -1.0956405842722111e-19
    outer loop
      vertex 83.37401839949595 16.24386290252016 2
      vertex 83.40382458033473 16.362855846568078 17
      vertex 83.40382458033473 16.362855846568078 2
    endloop
  endfacet
  facet normal -0.941544065183001 0.3368898533922751 1.304621467312472e-19
    outer loop
      vertex 83.40382458033473 16.362855846568078 2
      vertex 83.44515058436089 16.478354290456362 17
      vertex 83.44515058436089 16.478354290456362 2
    endloop
  endfacet
  facet normal -0.9039892931234402 0.4275550934302885 -7.498737681638342e-21
    outer loop
      vertex 83.44515058436089 16.478354290456362 2
      vertex 83.49759841956455 16.589245921032497 17
      vertex 83.49759841956455 16.589245921032497 2
    endloop
  endfacet
  facet normal -0.8577286100002814 0.5141027441932061 -1.2861018372727835e-19
    outer loop
      vertex 83.49759841956455 16.589245921032497 2
      vertex 83.56066298462181 16.694462791274503 17
      vertex 83.56066298462181 16.694462791274503 2
    endloop
  endfacet
  facet normal -0.8032075314806373 0.5956993044924438 8.164146656183016e-20
    outer loop
      vertex 83.56066298462181 16.694462791274503 2
      vertex 83.63373693329657 16.792991605204556 17
      vertex 83.63373693329657 16.792991605204556 2
    endloop
  endfacet
  facet normal -0.7409511253550005 0.6715589548469727 -3.466360532806536e-20
    outer loop
      vertex 83.63373693329657 16.792991605204556 2
      vertex 83.7161165235168 16.883883476483184 17
      vertex 83.7161165235168 16.883883476483184 2
    endloop
  endfacet
  facet normal -0.6715589548470204 0.7409511253549573 0
    outer loop
      vertex 83.7161165235168 16.883883476483184 2
      vertex 83.7161165235168 16.883883476483184 17
      vertex 83.80700839479543 16.966263066703423 2
    endloop
  endfacet
  facet normal -0.5956993044923973 0.8032075314806716 0
    outer loop
      vertex 83.80700839479543 16.966263066703423 2
      vertex 83.80700839479543 16.966263066703423 17
      vertex 83.90553720872549 17.03933701537818 2
    endloop
  endfacet
  facet normal -0.5141027441932402 0.857728610000261 0
    outer loop
      vertex 83.90553720872549 17.03933701537818 2
      vertex 83.90553720872549 17.03933701537818 17
      vertex 84.0107540789675 17.102401580435444 2
    endloop
  endfacet
  facet normal -0.4275550934302885 0.9039892931234402 0
    outer loop
      vertex 84.0107540789675 17.102401580435444 2
      vertex 84.0107540789675 17.102401580435444 17
      vertex 84.12164570954363 17.15484941563911 2
    endloop
  endfacet
  facet normal -0.3368898533921981 0.9415440651830286 0
    outer loop
      vertex 84.12164570954363 17.15484941563911 2
      vertex 84.12164570954363 17.15484941563911 17
      vertex 84.23714415343191 17.19617541966526 2
    endloop
  endfacet
  facet normal -0.24298017990328163 0.9700312531945396 0
    outer loop
      vertex 84.23714415343191 17.19617541966526 2
      vertex 84.23714415343191 17.19617541966526 17
      vertex 84.35613709747983 17.22598160050404 2
    endloop
  endfacet
  facet normal -0.1467304744553504 -0.9891765099647827 -2.404014527952204e-23
    outer loop
      vertex 84.35613709747983 14.774018399495962 2
      vertex 84.47747857458805 14.756019091659754 2
      vertex 84.47747857458805 14.756019091659754 17
    endloop
  endfacet
  facet normal -0.049067674327418855 -0.9987954562051723 1.2759624840035698e-20
    outer loop
      vertex 84.47747857458805 14.756019091659754 2
      vertex 84.6 14.75 2
      vertex 84.6 14.75 17
    endloop
  endfacet
  facet normal 0.049067674327418855 -0.9987954562051723 -1.2759624840035698e-20
    outer loop
      vertex 84.6 14.75 2
      vertex 84.72252142541194 14.756019091659754 2
      vertex 84.72252142541194 14.756019091659754 17
    endloop
  endfacet
  facet normal 0.1467304744553504 -0.9891765099647827 2.404014527952204e-23
    outer loop
      vertex 84.72252142541194 14.756019091659754 2
      vertex 84.84386290252016 14.774018399495962 2
      vertex 84.84386290252016 14.774018399495962 17
    endloop
  endfacet
  facet normal 0.24298017990326795 -0.970031253194543 -1.6442710105914623e-20
    outer loop
      vertex 84.84386290252016 14.774018399495962 2
      vertex 84.96285584656808 14.803824580334739 2
      vertex 84.96285584656808 14.803824580334739 17
    endloop
  endfacet
  facet normal 0.33688985339221095 -0.941544065183024 -2.0142201735159866e-19
    outer loop
      vertex 84.96285584656808 14.803824580334739 2
      vertex 85.07835429045636 14.84515058436089 2
      vertex 85.07835429045636 14.84515058436089 17
    endloop
  endfacet
  facet normal 0.4275550934302885 -0.9039892931234402 -7.498737681638342e-21
    outer loop
      vertex 85.07835429045636 14.84515058436089 2
      vertex 85.1892459210325 14.897598419564556 2
      vertex 85.1892459210325 14.897598419564556 17
    endloop
  endfacet
  facet normal 0.5141027441932294 -0.8577286100002673 -4.767767099878957e-20
    outer loop
      vertex 85.1892459210325 14.897598419564556 2
      vertex 85.2944627912745 14.960662984621818 2
      vertex 85.2944627912745 14.960662984621818 17
    endloop
  endfacet
  facet normal 0.595699304492416 -0.8032075314806578 -9.664129249025699e-20
    outer loop
      vertex 85.2944627912745 14.960662984621818 2
      vertex 85.39299160520456 15.033736933296579 2
      vertex 85.39299160520456 15.033736933296579 17
    endloop
  endfacet
  facet normal 0.6715589548470124 -0.7409511253549645 -1.6063499048575493e-19
    outer loop
      vertex 85.39299160520456 15.033736933296579 2
      vertex 85.48388347648319 15.116116523516816 2
      vertex 85.48388347648319 15.116116523516816 17
    endloop
  endfacet
  facet normal 0.740951125354994 -0.6715589548469799 0
    outer loop
      vertex 85.48388347648319 15.116116523516816 2
      vertex 85.56626306670341 15.207008394795443 2
      vertex 85.48388347648319 15.116116523516816 17
    endloop
  endfacet
  facet normal 0.8032075314806424 -0.5956993044924368 0
    outer loop
      vertex 85.56626306670341 15.207008394795443 2
      vertex 85.63933701537817 15.305537208725497 2
      vertex 85.56626306670341 15.207008394795443 17
    endloop
  endfacet
  facet normal 0.8577286100002814 -0.5141027441932061 0
    outer loop
      vertex 85.63933701537817 15.305537208725497 2
      vertex 85.70240158043543 15.410754078967503 2
      vertex 85.63933701537817 15.305537208725497 17
    endloop
  endfacet
  facet normal 0.9039892931234402 -0.4275550934302885 0
    outer loop
      vertex 85.70240158043543 15.410754078967503 2
      vertex 85.7548494156391 15.521645709543638 2
      vertex 85.70240158043543 15.410754078967503 17
    endloop
  endfacet
  facet normal 0.941544065183001 -0.3368898533922751 0
    outer loop
      vertex 85.7548494156391 15.521645709543638 2
      vertex 85.79617541966526 15.637144153431922 2
      vertex 85.7548494156391 15.521645709543638 17
    endloop
  endfacet
  facet normal 0.9700312531945464 -0.24298017990325435 0
    outer loop
      vertex 85.79617541966526 15.637144153431922 2
      vertex 85.82598160050404 15.75613709747984 2
      vertex 85.79617541966526 15.637144153431922 17
    endloop
  endfacet
  facet normal 0.9891765099647836 -0.14673047445534465 0
    outer loop
      vertex 85.82598160050404 15.75613709747984 2
      vertex 85.84398090834024 15.87747857458805 2
      vertex 85.82598160050404 15.75613709747984 17
    endloop
  endfacet
  facet normal 0.9987954562051731 -0.049067674327402985 0
    outer loop
      vertex 85.84398090834024 15.87747857458805 2
      vertex 85.85 16 2
      vertex 85.84398090834024 15.87747857458805 17
    endloop
  endfacet
  facet normal 0.9987954562051731 0.049067674327402985 0
    outer loop
      vertex 85.85 16 2
      vertex 85.84398090834024 16.12252142541195 2
      vertex 85.85 16 17
    endloop
  endfacet
  facet normal 0.9891765099647836 0.14673047445534465 0
    outer loop
      vertex 85.84398090834024 16.12252142541195 2
      vertex 85.82598160050404 16.24386290252016 2
      vertex 85.84398090834024 16.12252142541195 17
    endloop
  endfacet
  facet normal 0.9700312531945464 0.24298017990325435 0
    outer loop
      vertex 85.82598160050404 16.24386290252016 2
      vertex 85.79617541966526 16.362855846568078 2
      vertex 85.82598160050404 16.24386290252016 17
    endloop
  endfacet
  facet normal 0.941544065183001 0.3368898533922751 0
    outer loop
      vertex 85.79617541966526 16.362855846568078 2
      vertex 85.7548494156391 16.478354290456362 2
      vertex 85.79617541966526 16.362855846568078 17
    endloop
  endfacet
  facet normal -0.14673047445536455 0.9891765099647806 0
    outer loop
      vertex 84.35613709747983 17.22598160050404 2
      vertex 84.35613709747983 17.22598160050404 17
      vertex 84.47747857458805 17.243980908340248 2
    endloop
  endfacet
  facet normal -0.04906767432740441 0.9987954562051731 0
    outer loop
      vertex 84.47747857458805 17.243980908340248 2
      vertex 84.47747857458805 17.243980908340248 17
      vertex 84.6 17.25 2
    endloop
  endfacet
  facet normal 0.04906767432740441 0.9987954562051731 0
    outer loop
      vertex 84.6 17.25 2
      vertex 84.6 17.25 17
      vertex 84.72252142541194 17.243980908340248 2
    endloop
  endfacet
  facet normal 0.14673047445536455 0.9891765099647806 0
    outer loop
      vertex 84.72252142541194 17.243980908340248 2
      vertex 84.72252142541194 17.243980908340248 17
      vertex 84.84386290252016 17.22598160050404 2
    endloop
  endfacet
  facet normal 0.24298017990328163 0.9700312531945396 0
    outer loop
      vertex 84.84386290252016 17.22598160050404 2
      vertex 84.84386290252016 17.22598160050404 17
      vertex 84.96285584656808 17.19617541966526 2
    endloop
  endfacet
  facet normal 0.3368898533921981 0.9415440651830286 0
    outer loop
      vertex 84.96285584656808 17.19617541966526 2
      vertex 84.96285584656808 17.19617541966526 17
      vertex 85.07835429045636 17.15484941563911 2
    endloop
  endfacet
  facet normal 0.6715589548470204 0.7409511253549573 0
    outer loop
      vertex 85.39299160520456 16.966263066703423 2
      vertex 85.39299160520456 16.966263066703423 17
      vertex 85.48388347648319 16.883883476483184 2
    endloop
  endfacet
  facet normal 0.9039892931234402 0.4275550934302885 0
    outer loop
      vertex 85.7548494156391 16.478354290456362 2
      vertex 85.70240158043543 16.589245921032497 2
      vertex 85.7548494156391 16.478354290456362 17
    endloop
  endfacet
  facet normal 0.8577286100002814 0.5141027441932061 1.2861018372727835e-19
    outer loop
      vertex 85.63933701537817 16.694462791274503 2
      vertex 85.70240158043543 16.589245921032497 17
      vertex 85.70240158043543 16.589245921032497 2
    endloop
  endfacet
  facet normal 0.7409511253550005 0.6715589548469727 0
    outer loop
      vertex 85.56626306670341 16.792991605204556 2
      vertex 85.48388347648319 16.883883476483184 2
      vertex 85.56626306670341 16.792991605204556 17
    endloop
  endfacet
  facet normal 0.8032075314806373 0.5956993044924438 0
    outer loop
      vertex 85.63933701537817 16.694462791274503 2
      vertex 85.56626306670341 16.792991605204556 2
      vertex 85.63933701537817 16.694462791274503 17
    endloop
  endfacet
  facet normal 0.4275550934302885 0.9039892931234402 7.498737681638342e-21
    outer loop
      vertex 85.1892459210325 17.102401580435444 2
      vertex 85.07835429045636 17.15484941563911 2
      vertex 85.07835429045636 17.15484941563911 17
    endloop
  endfacet
  facet normal 0.5141027441932402 0.857728610000261 0
    outer loop
      vertex 85.1892459210325 17.102401580435444 2
      vertex 85.1892459210325 17.102401580435444 17
      vertex 85.2944627912745 17.03933701537818 2
    endloop
  endfacet
  facet normal 0.5956993044923973 0.8032075314806716 -1.0415737836233629e-19
    outer loop
      vertex 85.39299160520456 16.966263066703423 2
      vertex 85.2944627912745 17.03933701537818 2
      vertex 85.2944627912745 17.03933701537818 17
    endloop
  endfacet
  facet normal -0.5141027441932294 -0.8577286100002673 0
    outer loop
      vertex 83.90553720872549 14.960662984621818 2
      vertex 84.0107540789675 14.897598419564556 17
      vertex 83.90553720872549 14.960662984621818 17
    endloop
  endfacet
  facet normal -0.595699304492416 -0.8032075314806578 0
    outer loop
      vertex 83.80700839479543 15.033736933296579 2
      vertex 83.90553720872549 14.960662984621818 17
      vertex 83.80700839479543 15.033736933296579 17
    endloop
  endfacet
  facet normal -0.740951125354994 -0.6715589548469799 0
    outer loop
      vertex 83.7161165235168 15.116116523516816 2
      vertex 83.7161165235168 15.116116523516816 17
      vertex 83.63373693329657 15.207008394795443 17
    endloop
  endfacet
  facet normal -0.6715589548470124 -0.7409511253549645 0
    outer loop
      vertex 83.7161165235168 15.116116523516816 2
      vertex 83.80700839479543 15.033736933296579 17
      vertex 83.7161165235168 15.116116523516816 17
    endloop
  endfacet
  facet normal -0.4275550934302885 -0.9039892931234402 0
    outer loop
      vertex 84.0107540789675 14.897598419564556 2
      vertex 84.12164570954363 14.84515058436089 17
      vertex 84.0107540789675 14.897598419564556 17
    endloop
  endfacet
  facet normal -0.33688985339221095 -0.941544065183024 0
    outer loop
      vertex 84.12164570954363 14.84515058436089 2
      vertex 84.23714415343191 14.803824580334739 17
      vertex 84.12164570954363 14.84515058436089 17
    endloop
  endfacet
  facet normal -0.24298017990326795 -0.970031253194543 0
    outer loop
      vertex 84.23714415343191 14.803824580334739 2
      vertex 84.35613709747983 14.774018399495962 17
      vertex 84.23714415343191 14.803824580334739 17
    endloop
  endfacet
  facet normal -0.9039892931234402 -0.4275550934302885 0
    outer loop
      vertex 83.49759841956455 15.410754078967503 2
      vertex 83.49759841956455 15.410754078967503 17
      vertex 83.44515058436089 15.521645709543638 17
    endloop
  endfacet
  facet normal -0.8577286100002814 -0.5141027441932061 0
    outer loop
      vertex 83.56066298462181 15.305537208725497 2
      vertex 83.56066298462181 15.305537208725497 17
      vertex 83.49759841956455 15.410754078967503 17
    endloop
  endfacet
  facet normal -0.8032075314806424 -0.5956993044924368 0
    outer loop
      vertex 83.63373693329657 15.207008394795443 2
      vertex 83.63373693329657 15.207008394795443 17
      vertex 83.56066298462181 15.305537208725497 17
    endloop
  endfacet
  facet normal -0.941544065183001 -0.3368898533922751 0
    outer loop
      vertex 83.44515058436089 15.521645709543638 2
      vertex 83.44515058436089 15.521645709543638 17
      vertex 83.40382458033473 15.637144153431922 17
    endloop
  endfacet
  facet normal -0.9700312531945464 -0.24298017990325435 0
    outer loop
      vertex 83.40382458033473 15.637144153431922 2
      vertex 83.40382458033473 15.637144153431922 17
      vertex 83.37401839949595 15.75613709747984 17
    endloop
  endfacet
  facet normal -0.9891765099647836 -0.14673047445534465 0
    outer loop
      vertex 83.37401839949595 15.75613709747984 2
      vertex 83.37401839949595 15.75613709747984 17
      vertex 83.35601909165975 15.87747857458805 17
    endloop
  endfacet
  facet normal -0.9987954562051731 -0.049067674327402985 0
    outer loop
      vertex 83.35601909165975 15.87747857458805 2
      vertex 83.35601909165975 15.87747857458805 17
      vertex 83.35 16 17
    endloop
  endfacet
  facet normal -0.9987954562051731 0.049067674327402985 0
    outer loop
      vertex 83.35 16 2
      vertex 83.35 16 17
      vertex 83.35601909165975 16.12252142541195 17
    endloop
  endfacet
  facet normal -0.9891765099647836 0.14673047445534465 0
    outer loop
      vertex 83.35601909165975 16.12252142541195 2
      vertex 83.35601909165975 16.12252142541195 17
      vertex 83.37401839949595 16.24386290252016 17
    endloop
  endfacet
  facet normal -0.9700312531945464 0.24298017990325435 0
    outer loop
      vertex 83.37401839949595 16.24386290252016 2
      vertex 83.37401839949595 16.24386290252016 17
      vertex 83.40382458033473 16.362855846568078 17
    endloop
  endfacet
  facet normal -0.941544065183001 0.3368898533922751 0
    outer loop
      vertex 83.40382458033473 16.362855846568078 2
      vertex 83.40382458033473 16.362855846568078 17
      vertex 83.44515058436089 16.478354290456362 17
    endloop
  endfacet
  facet normal -0.9039892931234402 0.4275550934302885 0
    outer loop
      vertex 83.44515058436089 16.478354290456362 2
      vertex 83.44515058436089 16.478354290456362 17
      vertex 83.49759841956455 16.589245921032497 17
    endloop
  endfacet
  facet normal -0.8577286100002814 0.5141027441932061 0
    outer loop
      vertex 83.49759841956455 16.589245921032497 2
      vertex 83.49759841956455 16.589245921032497 17
      vertex 83.56066298462181 16.694462791274503 17
    endloop
  endfacet
  facet normal -0.8032075314806373 0.5956993044924438 0
    outer loop
      vertex 83.56066298462181 16.694462791274503 2
      vertex 83.56066298462181 16.694462791274503 17
      vertex 83.63373693329657 16.792991605204556 17
    endloop
  endfacet
  facet normal -0.7409511253550005 0.6715589548469727 0
    outer loop
      vertex 83.63373693329657 16.792991605204556 2
      vertex 83.63373693329657 16.792991605204556 17
      vertex 83.7161165235168 16.883883476483184 17
    endloop
  endfacet
  facet normal -0.6715589548470204 0.7409511253549573 0
    outer loop
      vertex 83.80700839479543 16.966263066703423 2
      vertex 83.7161165235168 16.883883476483184 17
      vertex 83.80700839479543 16.966263066703423 17
    endloop
  endfacet
  facet normal -0.5956993044923973 0.8032075314806716 0
    outer loop
      vertex 83.90553720872549 17.03933701537818 2
      vertex 83.80700839479543 16.966263066703423 17
      vertex 83.90553720872549 17.03933701537818 17
    endloop
  endfacet
  facet normal -0.5141027441932402 0.857728610000261 0
    outer loop
      vertex 84.0107540789675 17.102401580435444 2
      vertex 83.90553720872549 17.03933701537818 17
      vertex 84.0107540789675 17.102401580435444 17
    endloop
  endfacet
  facet normal -0.4275550934302885 0.9039892931234402 0
    outer loop
      vertex 84.12164570954363 17.15484941563911 2
      vertex 84.0107540789675 17.102401580435444 17
      vertex 84.12164570954363 17.15484941563911 17
    endloop
  endfacet
  facet normal -0.3368898533921981 0.9415440651830286 0
    outer loop
      vertex 84.23714415343191 17.19617541966526 2
      vertex 84.12164570954363 17.15484941563911 17
      vertex 84.23714415343191 17.19617541966526 17
    endloop
  endfacet
  facet normal -0.24298017990328163 0.9700312531945396 0
    outer loop
      vertex 84.35613709747983 17.22598160050404 2
      vertex 84.23714415343191 17.19617541966526 17
      vertex 84.35613709747983 17.22598160050404 17
    endloop
  endfacet
  facet normal -0.1467304744553504 -0.9891765099647827 0
    outer loop
      vertex 84.35613709747983 14.774018399495962 2
      vertex 84.47747857458805 14.756019091659754 17
      vertex 84.35613709747983 14.774018399495962 17
    endloop
  endfacet
  facet normal -0.049067674327418855 -0.9987954562051723 0
    outer loop
      vertex 84.47747857458805 14.756019091659754 2
      vertex 84.6 14.75 17
      vertex 84.47747857458805 14.756019091659754 17
    endloop
  endfacet
  facet normal 0.049067674327418855 -0.9987954562051723 0
    outer loop
      vertex 84.6 14.75 2
      vertex 84.72252142541194 14.756019091659754 17
      vertex 84.6 14.75 17
    endloop
  endfacet
  facet normal 0.1467304744553504 -0.9891765099647827 0
    outer loop
      vertex 84.72252142541194 14.756019091659754 2
      vertex 84.84386290252016 14.774018399495962 17
      vertex 84.72252142541194 14.756019091659754 17
    endloop
  endfacet
  facet normal 0.24298017990326795 -0.970031253194543 0
    outer loop
      vertex 84.84386290252016 14.774018399495962 2
      vertex 84.96285584656808 14.803824580334739 17
      vertex 84.84386290252016 14.774018399495962 17
    endloop
  endfacet
  facet normal 0.33688985339221095 -0.941544065183024 0
    outer loop
      vertex 84.96285584656808 14.803824580334739 2
      vertex 85.07835429045636 14.84515058436089 17
      vertex 84.96285584656808 14.803824580334739 17
    endloop
  endfacet
  facet normal 0.4275550934302885 -0.9039892931234402 0
    outer loop
      vertex 85.07835429045636 14.84515058436089 2
      vertex 85.1892459210325 14.897598419564556 17
      vertex 85.07835429045636 14.84515058436089 17
    endloop
  endfacet
  facet normal 0.5141027441932294 -0.8577286100002673 0
    outer loop
      vertex 85.1892459210325 14.897598419564556 2
      vertex 85.2944627912745 14.960662984621818 17
      vertex 85.1892459210325 14.897598419564556 17
    endloop
  endfacet
  facet normal 0.595699304492416 -0.8032075314806578 0
    outer loop
      vertex 85.2944627912745 14.960662984621818 2
      vertex 85.39299160520456 15.033736933296579 17
      vertex 85.2944627912745 14.960662984621818 17
    endloop
  endfacet
  facet normal 0.6715589548470124 -0.7409511253549645 0
    outer loop
      vertex 85.39299160520456 15.033736933296579 2
      vertex 85.48388347648319 15.116116523516816 17
      vertex 85.39299160520456 15.033736933296579 17
    endloop
  endfacet
  facet normal 0.740951125354994 -0.6715589548469799 0
    outer loop
      vertex 85.56626306670341 15.207008394795443 2
      vertex 85.56626306670341 15.207008394795443 17
      vertex 85.48388347648319 15.116116523516816 17
    endloop
  endfacet
  facet normal 0.8032075314806424 -0.5956993044924368 0
    outer loop
      vertex 85.63933701537817 15.305537208725497 2
      vertex 85.63933701537817 15.305537208725497 17
      vertex 85.56626306670341 15.207008394795443 17
    endloop
  endfacet
  facet normal 0.8577286100002814 -0.5141027441932061 0
    outer loop
      vertex 85.70240158043543 15.410754078967503 2
      vertex 85.70240158043543 15.410754078967503 17
      vertex 85.63933701537817 15.305537208725497 17
    endloop
  endfacet
  facet normal 0.9039892931234402 -0.4275550934302885 0
    outer loop
      vertex 85.7548494156391 15.521645709543638 2
      vertex 85.7548494156391 15.521645709543638 17
      vertex 85.70240158043543 15.410754078967503 17
    endloop
  endfacet
  facet normal 0.941544065183001 -0.3368898533922751 0
    outer loop
      vertex 85.79617541966526 15.637144153431922 2
      vertex 85.79617541966526 15.637144153431922 17
      vertex 85.7548494156391 15.521645709543638 17
    endloop
  endfacet
  facet normal 0.9700312531945464 -0.24298017990325435 0
    outer loop
      vertex 85.82598160050404 15.75613709747984 2
      vertex 85.82598160050404 15.75613709747984 17
      vertex 85.79617541966526 15.637144153431922 17
    endloop
  endfacet
  facet normal 0.9891765099647836 -0.14673047445534465 0
    outer loop
      vertex 85.84398090834024 15.87747857458805 2
      vertex 85.84398090834024 15.87747857458805 17
      vertex 85.82598160050404 15.75613709747984 17
    endloop
  endfacet
  facet normal 0.9987954562051731 -0.049067674327402985 0
    outer loop
      vertex 85.85 16 2
      vertex 85.85 16 17
      vertex 85.84398090834024 15.87747857458805 17
    endloop
  endfacet
  facet normal 0.9987954562051731 0.049067674327402985 0
    outer loop
      vertex 85.84398090834024 16.12252142541195 2
      vertex 85.84398090834024 16.12252142541195 17
      vertex 85.85 16 17
    endloop
  endfacet
  facet normal 0.9891765099647836 0.14673047445534465 0
    outer loop
      vertex 85.82598160050404 16.24386290252016 2
      vertex 85.82598160050404 16.24386290252016 17
      vertex 85.84398090834024 16.12252142541195 17
    endloop
  endfacet
  facet normal 0.9700312531945464 0.24298017990325435 0
    outer loop
      vertex 85.79617541966526 16.362855846568078 2
      vertex 85.79617541966526 16.362855846568078 17
      vertex 85.82598160050404 16.24386290252016 17
    endloop
  endfacet
  facet normal -0.14673047445536455 0.9891765099647806 0
    outer loop
      vertex 84.47747857458805 17.243980908340248 2
      vertex 84.35613709747983 17.22598160050404 17
      vertex 84.47747857458805 17.243980908340248 17
    endloop
  endfacet
  facet normal -0.04906767432740441 0.9987954562051731 0
    outer loop
      vertex 84.6 17.25 2
      vertex 84.47747857458805 17.243980908340248 17
      vertex 84.6 17.25 17
    endloop
  endfacet
  facet normal 0.04906767432740441 0.9987954562051731 0
    outer loop
      vertex 84.72252142541194 17.243980908340248 2
      vertex 84.6 17.25 17
      vertex 84.72252142541194 17.243980908340248 17
    endloop
  endfacet
  facet normal 0.14673047445536455 0.9891765099647806 0
    outer loop
      vertex 84.84386290252016 17.22598160050404 2
      vertex 84.72252142541194 17.243980908340248 17
      vertex 84.84386290252016 17.22598160050404 17
    endloop
  endfacet
  facet normal 0.24298017990328163 0.9700312531945396 0
    outer loop
      vertex 84.96285584656808 17.19617541966526 2
      vertex 84.84386290252016 17.22598160050404 17
      vertex 84.96285584656808 17.19617541966526 17
    endloop
  endfacet
  facet normal 0.3368898533921981 0.9415440651830286 0
    outer loop
      vertex 85.07835429045636 17.15484941563911 2
      vertex 84.96285584656808 17.19617541966526 17
      vertex 85.07835429045636 17.15484941563911 17
    endloop
  endfacet
  facet normal 0.5956993044923973 0.8032075314806716 0
    outer loop
      vertex 85.39299160520456 16.966263066703423 2
      vertex 85.2944627912745 17.03933701537818 17
      vertex 85.39299160520456 16.966263066703423 17
    endloop
  endfacet
  facet normal 0.941544065183001 0.3368898533922751 0
    outer loop
      vertex 85.7548494156391 16.478354290456362 2
      vertex 85.7548494156391 16.478354290456362 17
      vertex 85.79617541966526 16.362855846568078 17
    endloop
  endfacet
  facet normal 0.9039892931234402 0.4275550934302885 0
    outer loop
      vertex 85.70240158043543 16.589245921032497 2
      vertex 85.70240158043543 16.589245921032497 17
      vertex 85.7548494156391 16.478354290456362 17
    endloop
  endfacet
  facet normal 0.8577286100002814 0.5141027441932061 0
    outer loop
      vertex 85.63933701537817 16.694462791274503 2
      vertex 85.63933701537817 16.694462791274503 17
      vertex 85.70240158043543 16.589245921032497 17
    endloop
  endfacet
  facet normal 0.8032075314806373 0.5956993044924438 0
    outer loop
      vertex 85.56626306670341 16.792991605204556 2
      vertex 85.56626306670341 16.792991605204556 17
      vertex 85.63933701537817 16.694462791274503 17
    endloop
  endfacet
  facet normal 0.6715589548470204 0.7409511253549573 0
    outer loop
      vertex 85.48388347648319 16.883883476483184 2
      vertex 85.39299160520456 16.966263066703423 17
      vertex 85.48388347648319 16.883883476483184 17
    endloop
  endfacet
  facet normal 0.7409511253550005 0.6715589548469727 0
    outer loop
      vertex 85.48388347648319 16.883883476483184 2
      vertex 85.48388347648319 16.883883476483184 17
      vertex 85.56626306670341 16.792991605204556 17
    endloop
  endfacet
  facet normal 0.4275550934302885 0.9039892931234402 0
    outer loop
      vertex 85.1892459210325 17.102401580435444 2
      vertex 85.07835429045636 17.15484941563911 17
      vertex 85.1892459210325 17.102401580435444 17
    endloop
  endfacet
  facet normal 0.5141027441932402 0.857728610000261 0
    outer loop
      vertex 85.2944627912745 17.03933701537818 2
      vertex 85.1892459210325 17.102401580435444 17
      vertex 85.2944627912745 17.03933701537818 17
    endloop
  endfacet
  facet normal 0 0 1
    outer loop
      vertex 83.44515058436089 15.521645709543638 17
      vertex 83.49759841956455 15.410754078967503 17
      vertex 83.44515058436089 16.478354290456362 17
    endloop
  endfacet
  facet normal 0 0 1
    outer loop
      vertex 83.56066298462181 15.305537208725497 17
      vertex 83.49759841956455 16.589245921032497 17
      vertex 83.49759841956455 15.410754078967503 17
    endloop
  endfacet
  facet normal 0 0 1
    outer loop
      vertex 83.63373693329657 15.207008394795443 17
      vertex 83.56066298462181 16.694462791274503 17
      vertex 83.56066298462181 15.305537208725497 17
    endloop
  endfacet
  facet normal 0 0 1
    outer loop
      vertex 83.63373693329657 15.207008394795443 17
      vertex 83.7161165235168 15.116116523516816 17
      vertex 83.63373693329657 16.792991605204556 17
    endloop
  endfacet
  facet normal 0 0 1
    outer loop
      vertex 83.40382458033473 15.637144153431922 17
      vertex 83.37401839949595 16.24386290252016 17
      vertex 83.37401839949595 15.75613709747984 17
    endloop
  endfacet
  facet normal 0 0 1
    outer loop
      vertex 83.37401839949595 15.75613709747984 17
      vertex 83.35601909165975 16.12252142541195 17
      vertex 83.35601909165975 15.87747857458805 17
    endloop
  endfacet
  facet normal 0 0 1
    outer loop
      vertex 83.44515058436089 15.521645709543638 17
      vertex 83.40382458033473 16.362855846568078 17
      vertex 83.40382458033473 15.637144153431922 17
    endloop
  endfacet
  facet normal 0 0 1
    outer loop
      vertex 83.35601909165975 15.87747857458805 17
      vertex 83.35601909165975 16.12252142541195 17
      vertex 83.35 16 17
    endloop
  endfacet
  facet normal 0 0 1
    outer loop
      vertex 83.37401839949595 15.75613709747984 17
      vertex 83.37401839949595 16.24386290252016 17
      vertex 83.35601909165975 16.12252142541195 17
    endloop
  endfacet
  facet normal 0 0 1
    outer loop
      vertex 83.40382458033473 15.637144153431922 17
      vertex 83.40382458033473 16.362855846568078 17
      vertex 83.37401839949595 16.24386290252016 17
    endloop
  endfacet
  facet normal 0 0 1
    outer loop
      vertex 83.44515058436089 15.521645709543638 17
      vertex 83.44515058436089 16.478354290456362 17
      vertex 83.40382458033473 16.362855846568078 17
    endloop
  endfacet
  facet normal 0 0 1
    outer loop
      vertex 83.49759841956455 15.410754078967503 17
      vertex 83.49759841956455 16.589245921032497 17
      vertex 83.44515058436089 16.478354290456362 17
    endloop
  endfacet
  facet normal 0 0 1
    outer loop
      vertex 83.56066298462181 15.305537208725497 17
      vertex 83.56066298462181 16.694462791274503 17
      vertex 83.49759841956455 16.589245921032497 17
    endloop
  endfacet
  facet normal 0 0 1
    outer loop
      vertex 83.63373693329657 15.207008394795443 17
      vertex 83.63373693329657 16.792991605204556 17
      vertex 83.56066298462181 16.694462791274503 17
    endloop
  endfacet
  facet normal 0 0 1
    outer loop
      vertex 83.80700839479543 15.033736933296579 17
      vertex 83.90553720872549 14.960662984621818 17
      vertex 83.80700839479543 16.966263066703423 17
    endloop
  endfacet
  facet normal 0 0 1
    outer loop
      vertex 83.80700839479543 15.033736933296579 17
      vertex 83.7161165235168 16.883883476483184 17
      vertex 83.7161165235168 15.116116523516816 17
    endloop
  endfacet
  facet normal 0 0 1
    outer loop
      vertex 84.0107540789675 14.897598419564556 17
      vertex 83.90553720872549 17.03933701537818 17
      vertex 83.90553720872549 14.960662984621818 17
    endloop
  endfacet
  facet normal 0 0 1
    outer loop
      vertex 84.0107540789675 14.897598419564556 17
      vertex 84.12164570954363 14.84515058436089 17
      vertex 84.0107540789675 17.102401580435444 17
    endloop
  endfacet
  facet normal 0 0 1
    outer loop
      vertex 84.12164570954363 14.84515058436089 17
      vertex 84.23714415343191 14.803824580334739 17
      vertex 84.12164570954363 17.15484941563911 17
    endloop
  endfacet
  facet normal 0 0 1
    outer loop
      vertex 84.35613709747983 14.774018399495962 17
      vertex 84.23714415343191 17.19617541966526 17
      vertex 84.23714415343191 14.803824580334739 17
    endloop
  endfacet
  facet normal 0 0 1
    outer loop
      vertex 83.7161165235168 15.116116523516816 17
      vertex 83.7161165235168 16.883883476483184 17
      vertex 83.63373693329657 16.792991605204556 17
    endloop
  endfacet
  facet normal 0 0 1
    outer loop
      vertex 83.80700839479543 15.033736933296579 17
      vertex 83.80700839479543 16.966263066703423 17
      vertex 83.7161165235168 16.883883476483184 17
    endloop
  endfacet
  facet normal 0 0 1
    outer loop
      vertex 83.90553720872549 14.960662984621818 17
      vertex 83.90553720872549 17.03933701537818 17
      vertex 83.80700839479543 16.966263066703423 17
    endloop
  endfacet
  facet normal 0 0 1
    outer loop
      vertex 84.0107540789675 14.897598419564556 17
      vertex 84.0107540789675 17.102401580435444 17
      vertex 83.90553720872549 17.03933701537818 17
    endloop
  endfacet
  facet normal 0 0 1
    outer loop
      vertex 84.12164570954363 14.84515058436089 17
      vertex 84.12164570954363 17.15484941563911 17
      vertex 84.0107540789675 17.102401580435444 17
    endloop
  endfacet
  facet normal 0 0 1
    outer loop
      vertex 84.23714415343191 14.803824580334739 17
      vertex 84.23714415343191 17.19617541966526 17
      vertex 84.12164570954363 17.15484941563911 17
    endloop
  endfacet
  facet normal 0 0 1
    outer loop
      vertex 84.35613709747983 14.774018399495962 17
      vertex 84.35613709747983 17.22598160050404 17
      vertex 84.23714415343191 17.19617541966526 17
    endloop
  endfacet
  facet normal 0 0 1
    outer loop
      vertex 84.35613709747983 14.774018399495962 17
      vertex 84.47747857458805 14.756019091659754 17
      vertex 84.35613709747983 17.22598160050404 17
    endloop
  endfacet
  facet normal 0 0 1
    outer loop
      vertex 84.47747857458805 14.756019091659754 17
      vertex 84.6 14.75 17
      vertex 84.47747857458805 17.243980908340248 17
    endloop
  endfacet
  facet normal 0 0 1
    outer loop
      vertex 84.6 14.75 17
      vertex 84.72252142541194 14.756019091659754 17
      vertex 84.6 17.25 17
    endloop
  endfacet
  facet normal 0 0 1
    outer loop
      vertex 84.72252142541194 14.756019091659754 17
      vertex 84.84386290252016 14.774018399495962 17
      vertex 84.72252142541194 17.243980908340248 17
    endloop
  endfacet
  facet normal 0 0 1
    outer loop
      vertex 84.84386290252016 14.774018399495962 17
      vertex 84.96285584656808 14.803824580334739 17
      vertex 84.84386290252016 17.22598160050404 17
    endloop
  endfacet
  facet normal 0 0 1
    outer loop
      vertex 84.96285584656808 14.803824580334739 17
      vertex 85.07835429045636 14.84515058436089 17
      vertex 84.96285584656808 17.19617541966526 17
    endloop
  endfacet
  facet normal 0 0 1
    outer loop
      vertex 85.07835429045636 14.84515058436089 17
      vertex 85.07835429045636 17.15484941563911 17
      vertex 84.96285584656808 17.19617541966526 17
    endloop
  endfacet
  facet normal 0 0 1
    outer loop
      vertex 85.07835429045636 14.84515058436089 17
      vertex 85.1892459210325 14.897598419564556 17
      vertex 85.07835429045636 17.15484941563911 17
    endloop
  endfacet
  facet normal 0 0 1
    outer loop
      vertex 85.1892459210325 14.897598419564556 17
      vertex 85.2944627912745 14.960662984621818 17
      vertex 85.1892459210325 17.102401580435444 17
    endloop
  endfacet
  facet normal 0 0 1
    outer loop
      vertex 85.2944627912745 14.960662984621818 17
      vertex 85.39299160520456 15.033736933296579 17
      vertex 85.2944627912745 17.03933701537818 17
    endloop
  endfacet
  facet normal 0 0 1
    outer loop
      vertex 85.39299160520456 15.033736933296579 17
      vertex 85.48388347648319 15.116116523516816 17
      vertex 85.39299160520456 16.966263066703423 17
    endloop
  endfacet
  facet normal 0 0 1
    outer loop
      vertex 85.48388347648319 15.116116523516816 17
      vertex 85.56626306670341 15.207008394795443 17
      vertex 85.48388347648319 16.883883476483184 17
    endloop
  endfacet
  facet normal 0 0 1
    outer loop
      vertex 85.56626306670341 15.207008394795443 17
      vertex 85.63933701537817 15.305537208725497 17
      vertex 85.56626306670341 16.792991605204556 17
    endloop
  endfacet
  facet normal 0 0 1
    outer loop
      vertex 85.63933701537817 15.305537208725497 17
      vertex 85.70240158043543 15.410754078967503 17
      vertex 85.63933701537817 16.694462791274503 17
    endloop
  endfacet
  facet normal 0 0 1
    outer loop
      vertex 85.1892459210325 14.897598419564556 17
      vertex 85.1892459210325 17.102401580435444 17
      vertex 85.07835429045636 17.15484941563911 17
    endloop
  endfacet
  facet normal 0 0 1
    outer loop
      vertex 85.2944627912745 14.960662984621818 17
      vertex 85.2944627912745 17.03933701537818 17
      vertex 85.1892459210325 17.102401580435444 17
    endloop
  endfacet
  facet normal 0 0 1
    outer loop
      vertex 85.39299160520456 15.033736933296579 17
      vertex 85.39299160520456 16.966263066703423 17
      vertex 85.2944627912745 17.03933701537818 17
    endloop
  endfacet
  facet normal 0 0 1
    outer loop
      vertex 85.70240158043543 15.410754078967503 17
      vertex 85.7548494156391 15.521645709543638 17
      vertex 85.70240158043543 16.589245921032497 17
    endloop
  endfacet
  facet normal 0 0 1
    outer loop
      vertex 85.7548494156391 15.521645709543638 17
      vertex 85.79617541966526 15.637144153431922 17
      vertex 85.7548494156391 16.478354290456362 17
    endloop
  endfacet
  facet normal 0 0 1
    outer loop
      vertex 85.48388347648319 15.116116523516816 17
      vertex 85.48388347648319 16.883883476483184 17
      vertex 85.39299160520456 16.966263066703423 17
    endloop
  endfacet
  facet normal 0 0 1
    outer loop
      vertex 85.56626306670341 15.207008394795443 17
      vertex 85.56626306670341 16.792991605204556 17
      vertex 85.48388347648319 16.883883476483184 17
    endloop
  endfacet
  facet normal 0 0 1
    outer loop
      vertex 85.70240158043543 15.410754078967503 17
      vertex 85.70240158043543 16.589245921032497 17
      vertex 85.63933701537817 16.694462791274503 17
    endloop
  endfacet
  facet normal 0 0 1
    outer loop
      vertex 85.7548494156391 15.521645709543638 17
      vertex 85.7548494156391 16.478354290456362 17
      vertex 85.70240158043543 16.589245921032497 17
    endloop
  endfacet
  facet normal 0 0 1
    outer loop
      vertex 85.63933701537817 15.305537208725497 17
      vertex 85.63933701537817 16.694462791274503 17
      vertex 85.56626306670341 16.792991605204556 17
    endloop
  endfacet
  facet normal 0 0 1
    outer loop
      vertex 85.79617541966526 15.637144153431922 17
      vertex 85.82598160050404 15.75613709747984 17
      vertex 85.79617541966526 16.362855846568078 17
    endloop
  endfacet
  facet normal 0 0 1
    outer loop
      vertex 85.82598160050404 15.75613709747984 17
      vertex 85.84398090834024 15.87747857458805 17
      vertex 85.82598160050404 16.24386290252016 17
    endloop
  endfacet
  facet normal 0 0 1
    outer loop
      vertex 85.84398090834024 15.87747857458805 17
      vertex 85.85 16 17
      vertex 85.84398090834024 16.12252142541195 17
    endloop
  endfacet
  facet normal 0 0 1
    outer loop
      vertex 85.84398090834024 15.87747857458805 17
      vertex 85.84398090834024 16.12252142541195 17
      vertex 85.82598160050404 16.24386290252016 17
    endloop
  endfacet
  facet normal 0 0 1
    outer loop
      vertex 85.82598160050404 15.75613709747984 17
      vertex 85.82598160050404 16.24386290252016 17
      vertex 85.79617541966526 16.362855846568078 17
    endloop
  endfacet
  facet normal 0 0 1
    outer loop
      vertex 85.79617541966526 15.637144153431922 17
      vertex 85.79617541966526 16.362855846568078 17
      vertex 85.7548494156391 16.478354290456362 17
    endloop
  endfacet
  facet normal 0 0 1
    outer loop
      vertex 84.35613709747983 17.22598160050404 17
      vertex 84.47747857458805 14.756019091659754 17
      vertex 84.47747857458805 17.243980908340248 17
    endloop
  endfacet
  facet normal 0 0 1
    outer loop
      vertex 84.6 14.75 17
      vertex 84.6 17.25 17
      vertex 84.47747857458805 17.243980908340248 17
    endloop
  endfacet
  facet normal 0 0 1
    outer loop
      vertex 84.72252142541194 14.756019091659754 17
      vertex 84.72252142541194 17.243980908340248 17
      vertex 84.6 17.25 17
    endloop
  endfacet
  facet normal 0 0 1
    outer loop
      vertex 84.84386290252016 14.774018399495962 17
      vertex 84.84386290252016 17.22598160050404 17
      vertex 84.72252142541194 17.243980908340248 17
    endloop
  endfacet
  facet normal 0 0 1
    outer loop
      vertex 84.96285584656808 14.803824580334739 17
      vertex 84.96285584656808 17.19617541966526 17
      vertex 84.84386290252016 17.22598160050404 17
    endloop
  endfacet
  facet normal -0.7409511253550005 -0.6715589548469727 0
    outer loop
      vertex 83.63373693329657 23.207008394795444 2
      vertex 83.7161165235168 23.116116523516816 2
      vertex 83.63373693329657 23.207008394795444 17
    endloop
  endfacet
  facet normal -0.8032075314806373 -0.5956993044924438 -8.164146656183016e-20
    outer loop
      vertex 83.63373693329657 23.207008394795444 2
      vertex 83.56066298462181 23.305537208725497 17
      vertex 83.56066298462181 23.305537208725497 2
    endloop
  endfacet
  facet normal -0.8577286100002814 -0.5141027441932061 1.2861018372727835e-19
    outer loop
      vertex 83.56066298462181 23.305537208725497 2
      vertex 83.49759841956455 23.410754078967503 17
      vertex 83.49759841956455 23.410754078967503 2
    endloop
  endfacet
  facet normal -0.3368898533921981 -0.9415440651830286 -1.5030690828842003e-20
    outer loop
      vertex 84.12164570954363 22.84515058436089 2
      vertex 84.23714415343191 22.80382458033474 2
      vertex 84.23714415343191 22.80382458033474 17
    endloop
  endfacet
  facet normal -0.24298017990328163 -0.9700312531945396 -7.667863821539121e-20
    outer loop
      vertex 84.23714415343191 22.80382458033474 2
      vertex 84.35613709747983 22.77401839949596 2
      vertex 84.35613709747983 22.77401839949596 17
    endloop
  endfacet
  facet normal -0.6715589548470204 -0.7409511253549573 9.155275385162263e-20
    outer loop
      vertex 83.7161165235168 23.116116523516816 2
      vertex 83.80700839479543 23.033736933296577 2
      vertex 83.80700839479543 23.033736933296577 17
    endloop
  endfacet
  facet normal -0.5956993044923973 -0.8032075314806716 -1.0415737836233629e-19
    outer loop
      vertex 83.80700839479543 23.033736933296577 2
      vertex 83.90553720872549 22.96066298462182 2
      vertex 83.90553720872549 22.96066298462182 17
    endloop
  endfacet
  facet normal -0.5141027441932402 -0.857728610000261 -1.805423199535202e-19
    outer loop
      vertex 83.90553720872549 22.96066298462182 2
      vertex 84.0107540789675 22.897598419564556 2
      vertex 84.0107540789675 22.897598419564556 17
    endloop
  endfacet
  facet normal -0.4275550934302885 -0.9039892931234402 0
    outer loop
      vertex 84.12164570954363 22.84515058436089 2
      vertex 84.12164570954363 22.84515058436089 17
      vertex 84.0107540789675 22.897598419564556 2
    endloop
  endfacet
  facet normal -0.9039892931234402 -0.4275550934302885 7.498737681638342e-21
    outer loop
      vertex 83.49759841956455 23.410754078967503 2
      vertex 83.44515058436089 23.521645709543638 17
      vertex 83.44515058436089 23.521645709543638 2
    endloop
  endfacet
  facet normal -0.9700312531945464 -0.24298017990325435 1.0956405842722111e-19
    outer loop
      vertex 83.40382458033473 23.637144153431922 2
      vertex 83.37401839949595 23.75613709747984 17
      vertex 83.37401839949595 23.75613709747984 2
    endloop
  endfacet
  facet normal -0.941544065183001 -0.3368898533922751 -1.304621467312472e-19
    outer loop
      vertex 83.44515058436089 23.521645709543638 2
      vertex 83.40382458033473 23.637144153431922 17
      vertex 83.40382458033473 23.637144153431922 2
    endloop
  endfacet
  facet normal -0.9891765099647836 -0.14673047445534465 -1.997534891262437e-20
    outer loop
      vertex 83.37401839949595 23.75613709747984 2
      vertex 83.35601909165975 23.87747857458805 17
      vertex 83.35601909165975 23.87747857458805 2
    endloop
  endfacet
  facet normal -0.9987954562051731 -0.049067674327402985 2.2036342016961592e-20
    outer loop
      vertex 83.35601909165975 23.87747857458805 2
      vertex 83.35 24 17
      vertex 83.35 24 2
    endloop
  endfacet
  facet normal -0.9987954562051731 0.049067674327402985 -2.2036342016961592e-20
    outer loop
      vertex 83.35 24 2
      vertex 83.35601909165975 24.12252142541195 17
      vertex 83.35601909165975 24.12252142541195 2
    endloop
  endfacet
  facet normal -0.9891765099647836 0.14673047445534465 1.997534891262437e-20
    outer loop
      vertex 83.35601909165975 24.12252142541195 2
      vertex 83.37401839949595 24.24386290252016 17
      vertex 83.37401839949595 24.24386290252016 2
    endloop
  endfacet
  facet normal -0.9700312531945464 0.24298017990325435 -1.0956405842722111e-19
    outer loop
      vertex 83.37401839949595 24.24386290252016 2
      vertex 83.40382458033473 24.362855846568078 17
      vertex 83.40382458033473 24.362855846568078 2
    endloop
  endfacet
  facet normal -0.941544065183001 0.3368898533922751 1.304621467312472e-19
    outer loop
      vertex 83.40382458033473 24.362855846568078 2
      vertex 83.44515058436089 24.478354290456362 17
      vertex 83.44515058436089 24.478354290456362 2
    endloop
  endfacet
  facet normal -0.9039892931234402 0.4275550934302885 -7.498737681638342e-21
    outer loop
      vertex 83.44515058436089 24.478354290456362 2
      vertex 83.49759841956455 24.589245921032497 17
      vertex 83.49759841956455 24.589245921032497 2
    endloop
  endfacet
  facet normal -0.8577286100002814 0.5141027441932061 -1.2861018372727835e-19
    outer loop
      vertex 83.49759841956455 24.589245921032497 2
      vertex 83.56066298462181 24.694462791274503 17
      vertex 83.56066298462181 24.694462791274503 2
    endloop
  endfacet
  facet normal -0.8032075314806373 0.5956993044924438 8.164146656183016e-20
    outer loop
      vertex 83.56066298462181 24.694462791274503 2
      vertex 83.63373693329657 24.792991605204556 17
      vertex 83.63373693329657 24.792991605204556 2
    endloop
  endfacet
  facet normal -0.7409511253550005 0.6715589548469727 -3.466360532806536e-20
    outer loop
      vertex 83.63373693329657 24.792991605204556 2
      vertex 83.7161165235168 24.883883476483184 17
      vertex 83.7161165235168 24.883883476483184 2
    endloop
  endfacet
  facet normal -0.6715589548470204 0.7409511253549573 0
    outer loop
      vertex 83.7161165235168 24.883883476483184 2
      vertex 83.7161165235168 24.883883476483184 17
      vertex 83.80700839479543 24.966263066703423 2
    endloop
  endfacet
  facet normal -0.5956993044923973 0.8032075314806716 0
    outer loop
      vertex 83.80700839479543 24.966263066703423 2
      vertex 83.80700839479543 24.966263066703423 17
      vertex 83.90553720872549 25.03933701537818 2
    endloop
  endfacet
  facet normal -0.5141027441932402 0.857728610000261 0
    outer loop
      vertex 83.90553720872549 25.03933701537818 2
      vertex 83.90553720872549 25.03933701537818 17
      vertex 84.0107540789675 25.102401580435444 2
    endloop
  endfacet
  facet normal -0.4275550934302885 0.9039892931234402 0
    outer loop
      vertex 84.0107540789675 25.102401580435444 2
      vertex 84.0107540789675 25.102401580435444 17
      vertex 84.12164570954363 25.15484941563911 2
    endloop
  endfacet
  facet normal -0.3368898533921981 0.9415440651830286 0
    outer loop
      vertex 84.12164570954363 25.15484941563911 2
      vertex 84.12164570954363 25.15484941563911 17
      vertex 84.23714415343191 25.19617541966526 2
    endloop
  endfacet
  facet normal -0.24298017990328163 0.9700312531945396 0
    outer loop
      vertex 84.23714415343191 25.19617541966526 2
      vertex 84.23714415343191 25.19617541966526 17
      vertex 84.35613709747983 25.22598160050404 2
    endloop
  endfacet
  facet normal -0.14673047445536455 -0.9891765099647806 -3.486400557710545e-21
    outer loop
      vertex 84.35613709747983 22.77401839949596 2
      vertex 84.47747857458805 22.756019091659752 2
      vertex 84.47747857458805 22.756019091659752 17
    endloop
  endfacet
  facet normal -0.04906767432740441 -0.9987954562051731 -2.3122372783638833e-20
    outer loop
      vertex 84.47747857458805 22.756019091659752 2
      vertex 84.6 22.75 2
      vertex 84.6 22.75 17
    endloop
  endfacet
  facet normal 0.04906767432740441 -0.9987954562051731 2.3122372783638833e-20
    outer loop
      vertex 84.6 22.75 2
      vertex 84.72252142541194 22.756019091659752 2
      vertex 84.72252142541194 22.756019091659752 17
    endloop
  endfacet
  facet normal 0.14673047445536455 -0.9891765099647806 3.486400557710545e-21
    outer loop
      vertex 84.72252142541194 22.756019091659752 2
      vertex 84.84386290252016 22.77401839949596 2
      vertex 84.84386290252016 22.77401839949596 17
    endloop
  endfacet
  facet normal 0.24298017990328163 -0.9700312531945396 7.667863821539121e-20
    outer loop
      vertex 84.84386290252016 22.77401839949596 2
      vertex 84.96285584656808 22.80382458033474 2
      vertex 84.96285584656808 22.80382458033474 17
    endloop
  endfacet
  facet normal 0.3368898533921981 -0.9415440651830286 1.5030690828842003e-20
    outer loop
      vertex 84.96285584656808 22.80382458033474 2
      vertex 85.07835429045636 22.84515058436089 2
      vertex 85.07835429045636 22.84515058436089 17
    endloop
  endfacet
  facet normal 0.4275550934302885 -0.9039892931234402 -7.498737681638342e-21
    outer loop
      vertex 85.07835429045636 22.84515058436089 2
      vertex 85.1892459210325 22.897598419564556 2
      vertex 85.1892459210325 22.897598419564556 17
    endloop
  endfacet
  facet normal 0.5141027441932402 -0.857728610000261 1.805423199535202e-19
    outer loop
      vertex 85.1892459210325 22.897598419564556 2
      vertex 85.2944627912745 22.96066298462182 2
      vertex 85.2944627912745 22.96066298462182 17
    endloop
  endfacet
  facet normal 0.5956993044923973 -0.8032075314806716 1.0415737836233629e-19
    outer loop
      vertex 85.2944627912745 22.96066298462182 2
      vertex 85.39299160520456 23.033736933296577 2
      vertex 85.39299160520456 23.033736933296577 17
    endloop
  endfacet
  facet normal 0.6715589548470204 -0.7409511253549573 -9.155275385162263e-20
    outer loop
      vertex 85.39299160520456 23.033736933296577 2
      vertex 85.48388347648319 23.116116523516816 2
      vertex 85.48388347648319 23.116116523516816 17
    endloop
  endfacet
  facet normal 0.7409511253550005 -0.6715589548469727 0
    outer loop
      vertex 85.48388347648319 23.116116523516816 2
      vertex 85.56626306670341 23.207008394795444 2
      vertex 85.48388347648319 23.116116523516816 17
    endloop
  endfacet
  facet normal 0.8032075314806373 -0.5956993044924438 0
    outer loop
      vertex 85.56626306670341 23.207008394795444 2
      vertex 85.63933701537817 23.305537208725497 2
      vertex 85.56626306670341 23.207008394795444 17
    endloop
  endfacet
  facet normal 0.8577286100002814 -0.5141027441932061 0
    outer loop
      vertex 85.63933701537817 23.305537208725497 2
      vertex 85.70240158043543 23.410754078967503 2
      vertex 85.63933701537817 23.305537208725497 17
    endloop
  endfacet
  facet normal 0.9039892931234402 -0.4275550934302885 0
    outer loop
      vertex 85.70240158043543 23.410754078967503 2
      vertex 85.7548494156391 23.521645709543638 2
      vertex 85.70240158043543 23.410754078967503 17
    endloop
  endfacet
  facet normal 0.941544065183001 -0.3368898533922751 0
    outer loop
      vertex 85.7548494156391 23.521645709543638 2
      vertex 85.79617541966526 23.637144153431922 2
      vertex 85.7548494156391 23.521645709543638 17
    endloop
  endfacet
  facet normal 0.9039892931234402 0.4275550934302885 0
    outer loop
      vertex 85.7548494156391 24.478354290456362 2
      vertex 85.70240158043543 24.589245921032497 2
      vertex 85.7548494156391 24.478354290456362 17
    endloop
  endfacet
  facet normal 0.3368898533921981 0.9415440651830286 0
    outer loop
      vertex 84.96285584656808 25.19617541966526 2
      vertex 84.96285584656808 25.19617541966526 17
      vertex 85.07835429045636 25.15484941563911 2
    endloop
  endfacet
  facet normal -0.14673047445536455 0.9891765099647806 0
    outer loop
      vertex 84.35613709747983 25.22598160050404 2
      vertex 84.35613709747983 25.22598160050404 17
      vertex 84.47747857458805 25.243980908340248 2
    endloop
  endfacet
  facet normal -0.04906767432740441 0.9987954562051731 0
    outer loop
      vertex 84.47747857458805 25.243980908340248 2
      vertex 84.47747857458805 25.243980908340248 17
      vertex 84.6 25.25 2
    endloop
  endfacet
  facet normal 0.04906767432740441 0.9987954562051731 0
    outer loop
      vertex 84.6 25.25 2
      vertex 84.6 25.25 17
      vertex 84.72252142541194 25.243980908340248 2
    endloop
  endfacet
  facet normal 0.14673047445536455 0.9891765099647806 0
    outer loop
      vertex 84.72252142541194 25.243980908340248 2
      vertex 84.72252142541194 25.243980908340248 17
      vertex 84.84386290252016 25.22598160050404 2
    endloop
  endfacet
  facet normal 0.24298017990328163 0.9700312531945396 0
    outer loop
      vertex 84.84386290252016 25.22598160050404 2
      vertex 84.84386290252016 25.22598160050404 17
      vertex 84.96285584656808 25.19617541966526 2
    endloop
  endfacet
  facet normal 0.4275550934302885 0.9039892931234402 0
    outer loop
      vertex 85.07835429045636 25.15484941563911 2
      vertex 85.07835429045636 25.15484941563911 17
      vertex 85.1892459210325 25.102401580435444 2
    endloop
  endfacet
  facet normal 0.5141027441932402 0.857728610000261 0
    outer loop
      vertex 85.1892459210325 25.102401580435444 2
      vertex 85.1892459210325 25.102401580435444 17
      vertex 85.2944627912745 25.03933701537818 2
    endloop
  endfacet
  facet normal 0.5956993044923973 0.8032075314806716 0
    outer loop
      vertex 85.2944627912745 25.03933701537818 2
      vertex 85.2944627912745 25.03933701537818 17
      vertex 85.39299160520456 24.966263066703423 2
    endloop
  endfacet
  facet normal 0.6715589548470204 0.7409511253549573 0
    outer loop
      vertex 85.39299160520456 24.966263066703423 2
      vertex 85.39299160520456 24.966263066703423 17
      vertex 85.48388347648319 24.883883476483184 2
    endloop
  endfacet
  facet normal 0.7409511253550005 0.6715589548469727 3.466360532806536e-20
    outer loop
      vertex 85.48388347648319 24.883883476483184 2
      vertex 85.56626306670341 24.792991605204556 17
      vertex 85.56626306670341 24.792991605204556 2
    endloop
  endfacet
  facet normal 0.8577286100002814 0.5141027441932061 0
    outer loop
      vertex 85.70240158043543 24.589245921032497 2
      vertex 85.63933701537817 24.694462791274503 2
      vertex 85.70240158043543 24.589245921032497 17
    endloop
  endfacet
  facet normal 0.8032075314806373 0.5956993044924438 -8.164146656183016e-20
    outer loop
      vertex 85.56626306670341 24.792991605204556 2
      vertex 85.63933701537817 24.694462791274503 17
      vertex 85.63933701537817 24.694462791274503 2
    endloop
  endfacet
  facet normal 0.9700312531945464 -0.24298017990325435 0
    outer loop
      vertex 85.79617541966526 23.637144153431922 2
      vertex 85.82598160050404 23.75613709747984 2
      vertex 85.79617541966526 23.637144153431922 17
    endloop
  endfacet
  facet normal 0.9891765099647836 -0.14673047445534465 0
    outer loop
      vertex 85.82598160050404 23.75613709747984 2
      vertex 85.84398090834024 23.87747857458805 2
      vertex 85.82598160050404 23.75613709747984 17
    endloop
  endfacet
  facet normal 0.9987954562051731 -0.049067674327402985 0
    outer loop
      vertex 85.84398090834024 23.87747857458805 2
      vertex 85.85 24 2
      vertex 85.84398090834024 23.87747857458805 17
    endloop
  endfacet
  facet normal 0.9987954562051731 0.049067674327402985 0
    outer loop
      vertex 85.85 24 2
      vertex 85.84398090834024 24.12252142541195 2
      vertex 85.85 24 17
    endloop
  endfacet
  facet normal 0.9891765099647836 0.14673047445534465 0
    outer loop
      vertex 85.84398090834024 24.12252142541195 2
      vertex 85.82598160050404 24.24386290252016 2
      vertex 85.84398090834024 24.12252142541195 17
    endloop
  endfacet
  facet normal 0.9700312531945464 0.24298017990325435 0
    outer loop
      vertex 85.82598160050404 24.24386290252016 2
      vertex 85.79617541966526 24.362855846568078 2
      vertex 85.82598160050404 24.24386290252016 17
    endloop
  endfacet
  facet normal 0.941544065183001 0.3368898533922751 -1.304621467312472e-19
    outer loop
      vertex 85.7548494156391 24.478354290456362 2
      vertex 85.79617541966526 24.362855846568078 17
      vertex 85.79617541966526 24.362855846568078 2
    endloop
  endfacet
  facet normal -0.8032075314806373 -0.5956993044924438 0
    outer loop
      vertex 83.63373693329657 23.207008394795444 2
      vertex 83.63373693329657 23.207008394795444 17
      vertex 83.56066298462181 23.305537208725497 17
    endloop
  endfacet
  facet normal -0.8577286100002814 -0.5141027441932061 0
    outer loop
      vertex 83.56066298462181 23.305537208725497 2
      vertex 83.56066298462181 23.305537208725497 17
      vertex 83.49759841956455 23.410754078967503 17
    endloop
  endfacet
  facet normal -0.3368898533921981 -0.9415440651830286 0
    outer loop
      vertex 84.12164570954363 22.84515058436089 2
      vertex 84.23714415343191 22.80382458033474 17
      vertex 84.12164570954363 22.84515058436089 17
    endloop
  endfacet
  facet normal -0.24298017990328163 -0.9700312531945396 0
    outer loop
      vertex 84.23714415343191 22.80382458033474 2
      vertex 84.35613709747983 22.77401839949596 17
      vertex 84.23714415343191 22.80382458033474 17
    endloop
  endfacet
  facet normal -0.6715589548470204 -0.7409511253549573 0
    outer loop
      vertex 83.7161165235168 23.116116523516816 2
      vertex 83.80700839479543 23.033736933296577 17
      vertex 83.7161165235168 23.116116523516816 17
    endloop
  endfacet
  facet normal -0.5956993044923973 -0.8032075314806716 0
    outer loop
      vertex 83.80700839479543 23.033736933296577 2
      vertex 83.90553720872549 22.96066298462182 17
      vertex 83.80700839479543 23.033736933296577 17
    endloop
  endfacet
  facet normal -0.5141027441932402 -0.857728610000261 0
    outer loop
      vertex 83.90553720872549 22.96066298462182 2
      vertex 84.0107540789675 22.897598419564556 17
      vertex 83.90553720872549 22.96066298462182 17
    endloop
  endfacet
  facet normal -0.7409511253550005 -0.6715589548469727 0
    outer loop
      vertex 83.7161165235168 23.116116523516816 2
      vertex 83.7161165235168 23.116116523516816 17
      vertex 83.63373693329657 23.207008394795444 17
    endloop
  endfacet
  facet normal -0.4275550934302885 -0.9039892931234402 0
    outer loop
      vertex 84.0107540789675 22.897598419564556 2
      vertex 84.12164570954363 22.84515058436089 17
      vertex 84.0107540789675 22.897598419564556 17
    endloop
  endfacet
  facet normal -0.9039892931234402 -0.4275550934302885 0
    outer loop
      vertex 83.49759841956455 23.410754078967503 2
      vertex 83.49759841956455 23.410754078967503 17
      vertex 83.44515058436089 23.521645709543638 17
    endloop
  endfacet
  facet normal -0.941544065183001 -0.3368898533922751 0
    outer loop
      vertex 83.44515058436089 23.521645709543638 2
      vertex 83.44515058436089 23.521645709543638 17
      vertex 83.40382458033473 23.637144153431922 17
    endloop
  endfacet
  facet normal -0.9700312531945464 -0.24298017990325435 0
    outer loop
      vertex 83.40382458033473 23.637144153431922 2
      vertex 83.40382458033473 23.637144153431922 17
      vertex 83.37401839949595 23.75613709747984 17
    endloop
  endfacet
  facet normal -0.9891765099647836 -0.14673047445534465 0
    outer loop
      vertex 83.37401839949595 23.75613709747984 2
      vertex 83.37401839949595 23.75613709747984 17
      vertex 83.35601909165975 23.87747857458805 17
    endloop
  endfacet
  facet normal -0.9987954562051731 -0.049067674327402985 0
    outer loop
      vertex 83.35601909165975 23.87747857458805 2
      vertex 83.35601909165975 23.87747857458805 17
      vertex 83.35 24 17
    endloop
  endfacet
  facet normal -0.9987954562051731 0.049067674327402985 0
    outer loop
      vertex 83.35 24 2
      vertex 83.35 24 17
      vertex 83.35601909165975 24.12252142541195 17
    endloop
  endfacet
  facet normal -0.9891765099647836 0.14673047445534465 0
    outer loop
      vertex 83.35601909165975 24.12252142541195 2
      vertex 83.35601909165975 24.12252142541195 17
      vertex 83.37401839949595 24.24386290252016 17
    endloop
  endfacet
  facet normal -0.9700312531945464 0.24298017990325435 0
    outer loop
      vertex 83.37401839949595 24.24386290252016 2
      vertex 83.37401839949595 24.24386290252016 17
      vertex 83.40382458033473 24.362855846568078 17
    endloop
  endfacet
  facet normal -0.941544065183001 0.3368898533922751 0
    outer loop
      vertex 83.40382458033473 24.362855846568078 2
      vertex 83.40382458033473 24.362855846568078 17
      vertex 83.44515058436089 24.478354290456362 17
    endloop
  endfacet
  facet normal -0.9039892931234402 0.4275550934302885 0
    outer loop
      vertex 83.44515058436089 24.478354290456362 2
      vertex 83.44515058436089 24.478354290456362 17
      vertex 83.49759841956455 24.589245921032497 17
    endloop
  endfacet
  facet normal -0.8577286100002814 0.5141027441932061 0
    outer loop
      vertex 83.49759841956455 24.589245921032497 2
      vertex 83.49759841956455 24.589245921032497 17
      vertex 83.56066298462181 24.694462791274503 17
    endloop
  endfacet
  facet normal -0.8032075314806373 0.5956993044924438 0
    outer loop
      vertex 83.56066298462181 24.694462791274503 2
      vertex 83.56066298462181 24.694462791274503 17
      vertex 83.63373693329657 24.792991605204556 17
    endloop
  endfacet
  facet normal -0.7409511253550005 0.6715589548469727 0
    outer loop
      vertex 83.63373693329657 24.792991605204556 2
      vertex 83.63373693329657 24.792991605204556 17
      vertex 83.7161165235168 24.883883476483184 17
    endloop
  endfacet
  facet normal -0.6715589548470204 0.7409511253549573 0
    outer loop
      vertex 83.80700839479543 24.966263066703423 2
      vertex 83.7161165235168 24.883883476483184 17
      vertex 83.80700839479543 24.966263066703423 17
    endloop
  endfacet
  facet normal -0.5956993044923973 0.8032075314806716 0
    outer loop
      vertex 83.90553720872549 25.03933701537818 2
      vertex 83.80700839479543 24.966263066703423 17
      vertex 83.90553720872549 25.03933701537818 17
    endloop
  endfacet
  facet normal -0.5141027441932402 0.857728610000261 0
    outer loop
      vertex 84.0107540789675 25.102401580435444 2
      vertex 83.90553720872549 25.03933701537818 17
      vertex 84.0107540789675 25.102401580435444 17
    endloop
  endfacet
  facet normal -0.4275550934302885 0.9039892931234402 0
    outer loop
      vertex 84.12164570954363 25.15484941563911 2
      vertex 84.0107540789675 25.102401580435444 17
      vertex 84.12164570954363 25.15484941563911 17
    endloop
  endfacet
  facet normal -0.3368898533921981 0.9415440651830286 0
    outer loop
      vertex 84.23714415343191 25.19617541966526 2
      vertex 84.12164570954363 25.15484941563911 17
      vertex 84.23714415343191 25.19617541966526 17
    endloop
  endfacet
  facet normal -0.24298017990328163 0.9700312531945396 0
    outer loop
      vertex 84.35613709747983 25.22598160050404 2
      vertex 84.23714415343191 25.19617541966526 17
      vertex 84.35613709747983 25.22598160050404 17
    endloop
  endfacet
  facet normal -0.14673047445536455 -0.9891765099647806 0
    outer loop
      vertex 84.35613709747983 22.77401839949596 2
      vertex 84.47747857458805 22.756019091659752 17
      vertex 84.35613709747983 22.77401839949596 17
    endloop
  endfacet
  facet normal -0.04906767432740441 -0.9987954562051731 0
    outer loop
      vertex 84.47747857458805 22.756019091659752 2
      vertex 84.6 22.75 17
      vertex 84.47747857458805 22.756019091659752 17
    endloop
  endfacet
  facet normal 0.04906767432740441 -0.9987954562051731 0
    outer loop
      vertex 84.6 22.75 2
      vertex 84.72252142541194 22.756019091659752 17
      vertex 84.6 22.75 17
    endloop
  endfacet
  facet normal 0.14673047445536455 -0.9891765099647806 0
    outer loop
      vertex 84.72252142541194 22.756019091659752 2
      vertex 84.84386290252016 22.77401839949596 17
      vertex 84.72252142541194 22.756019091659752 17
    endloop
  endfacet
  facet normal 0.24298017990328163 -0.9700312531945396 0
    outer loop
      vertex 84.84386290252016 22.77401839949596 2
      vertex 84.96285584656808 22.80382458033474 17
      vertex 84.84386290252016 22.77401839949596 17
    endloop
  endfacet
  facet normal 0.3368898533921981 -0.9415440651830286 0
    outer loop
      vertex 84.96285584656808 22.80382458033474 2
      vertex 85.07835429045636 22.84515058436089 17
      vertex 84.96285584656808 22.80382458033474 17
    endloop
  endfacet
  facet normal 0.4275550934302885 -0.9039892931234402 0
    outer loop
      vertex 85.07835429045636 22.84515058436089 2
      vertex 85.1892459210325 22.897598419564556 17
      vertex 85.07835429045636 22.84515058436089 17
    endloop
  endfacet
  facet normal 0.5141027441932402 -0.857728610000261 0
    outer loop
      vertex 85.1892459210325 22.897598419564556 2
      vertex 85.2944627912745 22.96066298462182 17
      vertex 85.1892459210325 22.897598419564556 17
    endloop
  endfacet
  facet normal 0.5956993044923973 -0.8032075314806716 0
    outer loop
      vertex 85.2944627912745 22.96066298462182 2
      vertex 85.39299160520456 23.033736933296577 17
      vertex 85.2944627912745 22.96066298462182 17
    endloop
  endfacet
  facet normal 0.6715589548470204 -0.7409511253549573 0
    outer loop
      vertex 85.39299160520456 23.033736933296577 2
      vertex 85.48388347648319 23.116116523516816 17
      vertex 85.39299160520456 23.033736933296577 17
    endloop
  endfacet
  facet normal 0.7409511253550005 -0.6715589548469727 0
    outer loop
      vertex 85.56626306670341 23.207008394795444 2
      vertex 85.56626306670341 23.207008394795444 17
      vertex 85.48388347648319 23.116116523516816 17
    endloop
  endfacet
  facet normal 0.8032075314806373 -0.5956993044924438 0
    outer loop
      vertex 85.63933701537817 23.305537208725497 2
      vertex 85.63933701537817 23.305537208725497 17
      vertex 85.56626306670341 23.207008394795444 17
    endloop
  endfacet
  facet normal 0.8577286100002814 -0.5141027441932061 0
    outer loop
      vertex 85.70240158043543 23.410754078967503 2
      vertex 85.70240158043543 23.410754078967503 17
      vertex 85.63933701537817 23.305537208725497 17
    endloop
  endfacet
  facet normal 0.9039892931234402 -0.4275550934302885 0
    outer loop
      vertex 85.7548494156391 23.521645709543638 2
      vertex 85.7548494156391 23.521645709543638 17
      vertex 85.70240158043543 23.410754078967503 17
    endloop
  endfacet
  facet normal 0.941544065183001 0.3368898533922751 0
    outer loop
      vertex 85.7548494156391 24.478354290456362 2
      vertex 85.7548494156391 24.478354290456362 17
      vertex 85.79617541966526 24.362855846568078 17
    endloop
  endfacet
  facet normal 0.9039892931234402 0.4275550934302885 0
    outer loop
      vertex 85.70240158043543 24.589245921032497 2
      vertex 85.70240158043543 24.589245921032497 17
      vertex 85.7548494156391 24.478354290456362 17
    endloop
  endfacet
  facet normal 0.3368898533921981 0.9415440651830286 0
    outer loop
      vertex 85.07835429045636 25.15484941563911 2
      vertex 84.96285584656808 25.19617541966526 17
      vertex 85.07835429045636 25.15484941563911 17
    endloop
  endfacet
  facet normal -0.14673047445536455 0.9891765099647806 0
    outer loop
      vertex 84.47747857458805 25.243980908340248 2
      vertex 84.35613709747983 25.22598160050404 17
      vertex 84.47747857458805 25.243980908340248 17
    endloop
  endfacet
  facet normal -0.04906767432740441 0.9987954562051731 0
    outer loop
      vertex 84.6 25.25 2
      vertex 84.47747857458805 25.243980908340248 17
      vertex 84.6 25.25 17
    endloop
  endfacet
  facet normal 0.04906767432740441 0.9987954562051731 0
    outer loop
      vertex 84.72252142541194 25.243980908340248 2
      vertex 84.6 25.25 17
      vertex 84.72252142541194 25.243980908340248 17
    endloop
  endfacet
  facet normal 0.14673047445536455 0.9891765099647806 0
    outer loop
      vertex 84.84386290252016 25.22598160050404 2
      vertex 84.72252142541194 25.243980908340248 17
      vertex 84.84386290252016 25.22598160050404 17
    endloop
  endfacet
  facet normal 0.24298017990328163 0.9700312531945396 0
    outer loop
      vertex 84.96285584656808 25.19617541966526 2
      vertex 84.84386290252016 25.22598160050404 17
      vertex 84.96285584656808 25.19617541966526 17
    endloop
  endfacet
  facet normal 0.4275550934302885 0.9039892931234402 0
    outer loop
      vertex 85.1892459210325 25.102401580435444 2
      vertex 85.07835429045636 25.15484941563911 17
      vertex 85.1892459210325 25.102401580435444 17
    endloop
  endfacet
  facet normal 0.5956993044923973 0.8032075314806716 0
    outer loop
      vertex 85.39299160520456 24.966263066703423 2
      vertex 85.2944627912745 25.03933701537818 17
      vertex 85.39299160520456 24.966263066703423 17
    endloop
  endfacet
  facet normal 0.5141027441932402 0.857728610000261 0
    outer loop
      vertex 85.2944627912745 25.03933701537818 2
      vertex 85.1892459210325 25.102401580435444 17
      vertex 85.2944627912745 25.03933701537818 17
    endloop
  endfacet
  facet normal 0.7409511253550005 0.6715589548469727 0
    outer loop
      vertex 85.48388347648319 24.883883476483184 2
      vertex 85.48388347648319 24.883883476483184 17
      vertex 85.56626306670341 24.792991605204556 17
    endloop
  endfacet
  facet normal 0.8032075314806373 0.5956993044924438 0
    outer loop
      vertex 85.56626306670341 24.792991605204556 2
      vertex 85.56626306670341 24.792991605204556 17
      vertex 85.63933701537817 24.694462791274503 17
    endloop
  endfacet
  facet normal 0.8577286100002814 0.5141027441932061 0
    outer loop
      vertex 85.63933701537817 24.694462791274503 2
      vertex 85.63933701537817 24.694462791274503 17
      vertex 85.70240158043543 24.589245921032497 17
    endloop
  endfacet
  facet normal 0.6715589548470204 0.7409511253549573 0
    outer loop
      vertex 85.48388347648319 24.883883476483184 2
      vertex 85.39299160520456 24.966263066703423 17
      vertex 85.48388347648319 24.883883476483184 17
    endloop
  endfacet
  facet normal 0.941544065183001 -0.3368898533922751 0
    outer loop
      vertex 85.79617541966526 23.637144153431922 2
      vertex 85.79617541966526 23.637144153431922 17
      vertex 85.7548494156391 23.521645709543638 17
    endloop
  endfacet
  facet normal 0.9700312531945464 -0.24298017990325435 0
    outer loop
      vertex 85.82598160050404 23.75613709747984 2
      vertex 85.82598160050404 23.75613709747984 17
      vertex 85.79617541966526 23.637144153431922 17
    endloop
  endfacet
  facet normal 0.9891765099647836 -0.14673047445534465 0
    outer loop
      vertex 85.84398090834024 23.87747857458805 2
      vertex 85.84398090834024 23.87747857458805 17
      vertex 85.82598160050404 23.75613709747984 17
    endloop
  endfacet
  facet normal 0.9987954562051731 -0.049067674327402985 0
    outer loop
      vertex 85.85 24 2
      vertex 85.85 24 17
      vertex 85.84398090834024 23.87747857458805 17
    endloop
  endfacet
  facet normal 0.9987954562051731 0.049067674327402985 0
    outer loop
      vertex 85.84398090834024 24.12252142541195 2
      vertex 85.84398090834024 24.12252142541195 17
      vertex 85.85 24 17
    endloop
  endfacet
  facet normal 0.9891765099647836 0.14673047445534465 0
    outer loop
      vertex 85.82598160050404 24.24386290252016 2
      vertex 85.82598160050404 24.24386290252016 17
      vertex 85.84398090834024 24.12252142541195 17
    endloop
  endfacet
  facet normal 0.9700312531945464 0.24298017990325435 0
    outer loop
      vertex 85.79617541966526 24.362855846568078 2
      vertex 85.79617541966526 24.362855846568078 17
      vertex 85.82598160050404 24.24386290252016 17
    endloop
  endfacet
  facet normal 0 0 1
    outer loop
      vertex 83.63373693329657 23.207008394795444 17
      vertex 83.7161165235168 23.116116523516816 17
      vertex 83.63373693329657 24.792991605204556 17
    endloop
  endfacet
  facet normal 0 0 1
    outer loop
      vertex 83.49759841956455 23.410754078967503 17
      vertex 83.44515058436089 24.478354290456362 17
      vertex 83.44515058436089 23.521645709543638 17
    endloop
  endfacet
  facet normal 0 0 1
    outer loop
      vertex 83.44515058436089 23.521645709543638 17
      vertex 83.40382458033473 24.362855846568078 17
      vertex 83.40382458033473 23.637144153431922 17
    endloop
  endfacet
  facet normal 0 0 1
    outer loop
      vertex 83.40382458033473 23.637144153431922 17
      vertex 83.37401839949595 24.24386290252016 17
      vertex 83.37401839949595 23.75613709747984 17
    endloop
  endfacet
  facet normal 0 0 1
    outer loop
      vertex 83.37401839949595 23.75613709747984 17
      vertex 83.35601909165975 24.12252142541195 17
      vertex 83.35601909165975 23.87747857458805 17
    endloop
  endfacet
  facet normal 0 0 1
    outer loop
      vertex 83.35601909165975 23.87747857458805 17
      vertex 83.35601909165975 24.12252142541195 17
      vertex 83.35 24 17
    endloop
  endfacet
  facet normal 0 0 1
    outer loop
      vertex 83.56066298462181 23.305537208725497 17
      vertex 83.49759841956455 24.589245921032497 17
      vertex 83.49759841956455 23.410754078967503 17
    endloop
  endfacet
  facet normal 0 0 1
    outer loop
      vertex 83.63373693329657 23.207008394795444 17
      vertex 83.56066298462181 24.694462791274503 17
      vertex 83.56066298462181 23.305537208725497 17
    endloop
  endfacet
  facet normal 0 0 1
    outer loop
      vertex 83.37401839949595 23.75613709747984 17
      vertex 83.37401839949595 24.24386290252016 17
      vertex 83.35601909165975 24.12252142541195 17
    endloop
  endfacet
  facet normal 0 0 1
    outer loop
      vertex 83.40382458033473 23.637144153431922 17
      vertex 83.40382458033473 24.362855846568078 17
      vertex 83.37401839949595 24.24386290252016 17
    endloop
  endfacet
  facet normal 0 0 1
    outer loop
      vertex 83.44515058436089 23.521645709543638 17
      vertex 83.44515058436089 24.478354290456362 17
      vertex 83.40382458033473 24.362855846568078 17
    endloop
  endfacet
  facet normal 0 0 1
    outer loop
      vertex 83.49759841956455 23.410754078967503 17
      vertex 83.49759841956455 24.589245921032497 17
      vertex 83.44515058436089 24.478354290456362 17
    endloop
  endfacet
  facet normal 0 0 1
    outer loop
      vertex 83.56066298462181 23.305537208725497 17
      vertex 83.56066298462181 24.694462791274503 17
      vertex 83.49759841956455 24.589245921032497 17
    endloop
  endfacet
  facet normal 0 0 1
    outer loop
      vertex 83.63373693329657 23.207008394795444 17
      vertex 83.63373693329657 24.792991605204556 17
      vertex 83.56066298462181 24.694462791274503 17
    endloop
  endfacet
  facet normal 0 0 1
    outer loop
      vertex 83.7161165235168 23.116116523516816 17
      vertex 83.80700839479543 23.033736933296577 17
      vertex 83.7161165235168 24.883883476483184 17
    endloop
  endfacet
  facet normal 0 0 1
    outer loop
      vertex 83.80700839479543 23.033736933296577 17
      vertex 83.90553720872549 22.96066298462182 17
      vertex 83.80700839479543 24.966263066703423 17
    endloop
  endfacet
  facet normal 0 0 1
    outer loop
      vertex 83.90553720872549 22.96066298462182 17
      vertex 84.0107540789675 22.897598419564556 17
      vertex 83.90553720872549 25.03933701537818 17
    endloop
  endfacet
  facet normal 0 0 1
    outer loop
      vertex 84.12164570954363 22.84515058436089 17
      vertex 84.0107540789675 25.102401580435444 17
      vertex 84.0107540789675 22.897598419564556 17
    endloop
  endfacet
  facet normal 0 0 1
    outer loop
      vertex 84.12164570954363 22.84515058436089 17
      vertex 84.23714415343191 22.80382458033474 17
      vertex 84.12164570954363 25.15484941563911 17
    endloop
  endfacet
  facet normal 0 0 1
    outer loop
      vertex 84.23714415343191 22.80382458033474 17
      vertex 84.35613709747983 22.77401839949596 17
      vertex 84.23714415343191 25.19617541966526 17
    endloop
  endfacet
  facet normal 0 0 1
    outer loop
      vertex 83.7161165235168 23.116116523516816 17
      vertex 83.7161165235168 24.883883476483184 17
      vertex 83.63373693329657 24.792991605204556 17
    endloop
  endfacet
  facet normal 0 0 1
    outer loop
      vertex 83.80700839479543 23.033736933296577 17
      vertex 83.80700839479543 24.966263066703423 17
      vertex 83.7161165235168 24.883883476483184 17
    endloop
  endfacet
  facet normal 0 0 1
    outer loop
      vertex 83.90553720872549 22.96066298462182 17
      vertex 83.90553720872549 25.03933701537818 17
      vertex 83.80700839479543 24.966263066703423 17
    endloop
  endfacet
  facet normal 0 0 1
    outer loop
      vertex 84.0107540789675 22.897598419564556 17
      vertex 84.0107540789675 25.102401580435444 17
      vertex 83.90553720872549 25.03933701537818 17
    endloop
  endfacet
  facet normal 0 0 1
    outer loop
      vertex 84.12164570954363 22.84515058436089 17
      vertex 84.12164570954363 25.15484941563911 17
      vertex 84.0107540789675 25.102401580435444 17
    endloop
  endfacet
  facet normal 0 0 1
    outer loop
      vertex 84.23714415343191 22.80382458033474 17
      vertex 84.23714415343191 25.19617541966526 17
      vertex 84.12164570954363 25.15484941563911 17
    endloop
  endfacet
  facet normal 0 0 1
    outer loop
      vertex 84.35613709747983 22.77401839949596 17
      vertex 84.35613709747983 25.22598160050404 17
      vertex 84.23714415343191 25.19617541966526 17
    endloop
  endfacet
  facet normal 0 0 1
    outer loop
      vertex 84.47747857458805 22.756019091659752 17
      vertex 84.6 22.75 17
      vertex 84.47747857458805 25.243980908340248 17
    endloop
  endfacet
  facet normal 0 0 1
    outer loop
      vertex 84.35613709747983 22.77401839949596 17
      vertex 84.47747857458805 22.756019091659752 17
      vertex 84.35613709747983 25.22598160050404 17
    endloop
  endfacet
  facet normal 0 0 1
    outer loop
      vertex 84.6 22.75 17
      vertex 84.72252142541194 22.756019091659752 17
      vertex 84.6 25.25 17
    endloop
  endfacet
  facet normal 0 0 1
    outer loop
      vertex 84.72252142541194 22.756019091659752 17
      vertex 84.84386290252016 22.77401839949596 17
      vertex 84.72252142541194 25.243980908340248 17
    endloop
  endfacet
  facet normal 0 0 1
    outer loop
      vertex 84.84386290252016 22.77401839949596 17
      vertex 84.96285584656808 22.80382458033474 17
      vertex 84.84386290252016 25.22598160050404 17
    endloop
  endfacet
  facet normal 0 0 1
    outer loop
      vertex 84.96285584656808 22.80382458033474 17
      vertex 85.07835429045636 22.84515058436089 17
      vertex 84.96285584656808 25.19617541966526 17
    endloop
  endfacet
  facet normal 0 0 1
    outer loop
      vertex 84.35613709747983 25.22598160050404 17
      vertex 84.47747857458805 22.756019091659752 17
      vertex 84.47747857458805 25.243980908340248 17
    endloop
  endfacet
  facet normal 0 0 1
    outer loop
      vertex 84.6 22.75 17
      vertex 84.6 25.25 17
      vertex 84.47747857458805 25.243980908340248 17
    endloop
  endfacet
  facet normal 0 0 1
    outer loop
      vertex 84.72252142541194 22.756019091659752 17
      vertex 84.72252142541194 25.243980908340248 17
      vertex 84.6 25.25 17
    endloop
  endfacet
  facet normal 0 0 1
    outer loop
      vertex 84.84386290252016 22.77401839949596 17
      vertex 84.84386290252016 25.22598160050404 17
      vertex 84.72252142541194 25.243980908340248 17
    endloop
  endfacet
  facet normal 0 0 1
    outer loop
      vertex 84.96285584656808 22.80382458033474 17
      vertex 84.96285584656808 25.19617541966526 17
      vertex 84.84386290252016 25.22598160050404 17
    endloop
  endfacet
  facet normal 0 0 1
    outer loop
      vertex 85.07835429045636 22.84515058436089 17
      vertex 85.07835429045636 25.15484941563911 17
      vertex 84.96285584656808 25.19617541966526 17
    endloop
  endfacet
  facet normal 0 0 1
    outer loop
      vertex 85.07835429045636 22.84515058436089 17
      vertex 85.1892459210325 22.897598419564556 17
      vertex 85.07835429045636 25.15484941563911 17
    endloop
  endfacet
  facet normal 0 0 1
    outer loop
      vertex 85.1892459210325 22.897598419564556 17
      vertex 85.2944627912745 22.96066298462182 17
      vertex 85.1892459210325 25.102401580435444 17
    endloop
  endfacet
  facet normal 0 0 1
    outer loop
      vertex 85.2944627912745 22.96066298462182 17
      vertex 85.39299160520456 23.033736933296577 17
      vertex 85.2944627912745 25.03933701537818 17
    endloop
  endfacet
  facet normal 0 0 1
    outer loop
      vertex 85.39299160520456 23.033736933296577 17
      vertex 85.48388347648319 23.116116523516816 17
      vertex 85.39299160520456 24.966263066703423 17
    endloop
  endfacet
  facet normal 0 0 1
    outer loop
      vertex 85.48388347648319 23.116116523516816 17
      vertex 85.56626306670341 23.207008394795444 17
      vertex 85.48388347648319 24.883883476483184 17
    endloop
  endfacet
  facet normal 0 0 1
    outer loop
      vertex 85.56626306670341 23.207008394795444 17
      vertex 85.63933701537817 23.305537208725497 17
      vertex 85.56626306670341 24.792991605204556 17
    endloop
  endfacet
  facet normal 0 0 1
    outer loop
      vertex 85.63933701537817 23.305537208725497 17
      vertex 85.70240158043543 23.410754078967503 17
      vertex 85.63933701537817 24.694462791274503 17
    endloop
  endfacet
  facet normal 0 0 1
    outer loop
      vertex 85.70240158043543 23.410754078967503 17
      vertex 85.7548494156391 23.521645709543638 17
      vertex 85.70240158043543 24.589245921032497 17
    endloop
  endfacet
  facet normal 0 0 1
    outer loop
      vertex 85.7548494156391 23.521645709543638 17
      vertex 85.79617541966526 23.637144153431922 17
      vertex 85.7548494156391 24.478354290456362 17
    endloop
  endfacet
  facet normal 0 0 1
    outer loop
      vertex 85.1892459210325 22.897598419564556 17
      vertex 85.1892459210325 25.102401580435444 17
      vertex 85.07835429045636 25.15484941563911 17
    endloop
  endfacet
  facet normal 0 0 1
    outer loop
      vertex 85.2944627912745 22.96066298462182 17
      vertex 85.2944627912745 25.03933701537818 17
      vertex 85.1892459210325 25.102401580435444 17
    endloop
  endfacet
  facet normal 0 0 1
    outer loop
      vertex 85.39299160520456 23.033736933296577 17
      vertex 85.39299160520456 24.966263066703423 17
      vertex 85.2944627912745 25.03933701537818 17
    endloop
  endfacet
  facet normal 0 0 1
    outer loop
      vertex 85.56626306670341 23.207008394795444 17
      vertex 85.56626306670341 24.792991605204556 17
      vertex 85.48388347648319 24.883883476483184 17
    endloop
  endfacet
  facet normal 0 0 1
    outer loop
      vertex 85.70240158043543 23.410754078967503 17
      vertex 85.70240158043543 24.589245921032497 17
      vertex 85.63933701537817 24.694462791274503 17
    endloop
  endfacet
  facet normal 0 0 1
    outer loop
      vertex 85.63933701537817 23.305537208725497 17
      vertex 85.63933701537817 24.694462791274503 17
      vertex 85.56626306670341 24.792991605204556 17
    endloop
  endfacet
  facet normal 0 0 1
    outer loop
      vertex 85.7548494156391 23.521645709543638 17
      vertex 85.7548494156391 24.478354290456362 17
      vertex 85.70240158043543 24.589245921032497 17
    endloop
  endfacet
  facet normal 0 0 1
    outer loop
      vertex 85.48388347648319 23.116116523516816 17
      vertex 85.48388347648319 24.883883476483184 17
      vertex 85.39299160520456 24.966263066703423 17
    endloop
  endfacet
  facet normal 0 0 1
    outer loop
      vertex 85.79617541966526 23.637144153431922 17
      vertex 85.82598160050404 23.75613709747984 17
      vertex 85.79617541966526 24.362855846568078 17
    endloop
  endfacet
  facet normal 0 0 1
    outer loop
      vertex 85.82598160050404 23.75613709747984 17
      vertex 85.84398090834024 23.87747857458805 17
      vertex 85.82598160050404 24.24386290252016 17
    endloop
  endfacet
  facet normal 0 0 1
    outer loop
      vertex 85.84398090834024 23.87747857458805 17
      vertex 85.85 24 17
      vertex 85.84398090834024 24.12252142541195 17
    endloop
  endfacet
  facet normal 0 0 1
    outer loop
      vertex 85.84398090834024 23.87747857458805 17
      vertex 85.84398090834024 24.12252142541195 17
      vertex 85.82598160050404 24.24386290252016 17
    endloop
  endfacet
  facet normal 0 0 1
    outer loop
      vertex 85.82598160050404 23.75613709747984 17
      vertex 85.82598160050404 24.24386290252016 17
      vertex 85.79617541966526 24.362855846568078 17
    endloop
  endfacet
  facet normal 0 0 1
    outer loop
      vertex 85.7548494156391 24.478354290456362 17
      vertex 85.79617541966526 23.637144153431922 17
      vertex 85.79617541966526 24.362855846568078 17
    endloop
  endfacet
  facet normal -0.6715589548470237 -0.7409511253549544 0
    outer loop
      vertex 77.05025253169417 3.0502525316941673 2
      vertex 77.55924701085448 2.588926826460841 2
      vertex 77.05025253169417 3.0502525316941673 30
    endloop
  endfacet
  facet normal -0.7409511253549526 -0.6715589548470255 5.623659479663735e-19
    outer loop
      vertex 77.05025253169417 3.0502525316941673 2
      vertex 76.58892682646083 3.559247010854482 30
      vertex 76.58892682646083 3.559247010854482 2
    endloop
  endfacet
  facet normal -0.8032075314806486 -0.5956993044924282 1.3439900482876935e-19
    outer loop
      vertex 76.58892682646083 3.559247010854482 2
      vertex 76.17971271388218 4.111008368862785 30
      vertex 76.17971271388218 4.111008368862785 2
    endloop
  endfacet
  facet normal -0.8577286100002697 -0.5141027441932258 -4.059246353643703e-19
    outer loop
      vertex 76.17971271388218 4.111008368862785 2
      vertex 75.82655114956151 4.700222842218016 30
      vertex 75.82655114956151 4.700222842218016 2
    endloop
  endfacet
  facet normal -0.5956993044924387 -0.803207531480641 -3.415820248942141e-19
    outer loop
      vertex 77.55924701085448 2.588926826460841 2
      vertex 77.81398534740731 2.4 2
      vertex 77.81398534740731 2.4 30
    endloop
  endfacet
  facet normal -0.9039892931234446 -0.4275550934302796 8.789935214616811e-20
    outer loop
      vertex 75.82655114956151 4.700222842218016 2
      vertex 75.53284327242099 5.321215973444371 30
      vertex 75.53284327242099 5.321215973444371 2
    endloop
  endfacet
  facet normal -0.9415440651830217 -0.33688985339221766 1.260450000323163e-19
    outer loop
      vertex 75.53284327242099 5.321215973444371 2
      vertex 75.30141764987454 5.968007259218764 30
      vertex 75.30141764987454 5.968007259218764 2
    endloop
  endfacet
  facet normal -0.9700312531945424 -0.2429801799032699 0
    outer loop
      vertex 75.13450303717738 6.634367745887102 2
      vertex 75.30141764987454 5.968007259218764 2
      vertex 75.13450303717738 6.634367745887102 30
    endloop
  endfacet
  facet normal -0.9891765099647821 -0.14673047445535328 -9.987625781732858e-20
    outer loop
      vertex 75.13450303717738 6.634367745887102 2
      vertex 75.03370691329462 7.313880017693076 30
      vertex 75.03370691329462 7.313880017693076 2
    endloop
  endfacet
  facet normal -0.9987954562051723 -0.04906767432741918 3.3135026474053243e-20
    outer loop
      vertex 75.03370691329462 7.313880017693076 2
      vertex 75 8 30
      vertex 75 8 2
    endloop
  endfacet
  facet normal -0.9987954562051723 0.04906767432741924 3.3789909874029654e-20
    outer loop
      vertex 75 8 2
      vertex 75.03370691329462 8.686119982306924 30
      vertex 75.03370691329462 8.686119982306924 2
    endloop
  endfacet
  facet normal -0.9891765099647823 0.14673047445535312 -2.96264084143403e-19
    outer loop
      vertex 75.03370691329462 8.686119982306924 2
      vertex 75.13450303717738 9.365632254112898 30
      vertex 75.13450303717738 9.365632254112898 2
    endloop
  endfacet
  facet normal -0.9700312531945424 0.2429801799032699 1.2045172656348402e-19
    outer loop
      vertex 75.13450303717738 9.365632254112898 2
      vertex 75.30141764987454 10.031992740781236 30
      vertex 75.30141764987454 10.031992740781236 2
    endloop
  endfacet
  facet normal -0.9415440651830217 0.33688985339221766 -1.260450000323163e-19
    outer loop
      vertex 75.30141764987454 10.031992740781236 2
      vertex 75.53284327242099 10.678784026555629 30
      vertex 75.53284327242099 10.678784026555629 2
    endloop
  endfacet
  facet normal -0.9039892931234446 0.4275550934302796 -8.789935214616811e-20
    outer loop
      vertex 75.53284327242099 10.678784026555629 2
      vertex 75.82655114956151 11.299777157781984 30
      vertex 75.82655114956151 11.299777157781984 2
    endloop
  endfacet
  facet normal -0.85772861000027 0.5141027441932252 -6.024924649257622e-19
    outer loop
      vertex 75.82655114956151 11.299777157781984 2
      vertex 76.17971271388218 11.888991631137216 30
      vertex 76.17971271388218 11.888991631137216 2
    endloop
  endfacet
  facet normal -0.8032075314806486 0.5956993044924282 -1.3439900482876935e-19
    outer loop
      vertex 76.17971271388218 11.888991631137216 2
      vertex 76.58892682646083 12.440752989145519 30
      vertex 76.58892682646083 12.440752989145519 2
    endloop
  endfacet
  facet normal -0.7409511253549526 0.6715589548470255 -5.623659479663735e-19
    outer loop
      vertex 76.58892682646083 12.440752989145519 2
      vertex 77.05025253169417 12.949747468305834 30
      vertex 77.05025253169417 12.949747468305834 2
    endloop
  endfacet
  facet normal -0.6715589548470221 0.7409511253549557 8.228260908971304e-20
    outer loop
      vertex 77.05025253169417 12.949747468305834 2
      vertex 77.55924701085448 13.411073173539158 30
      vertex 77.55924701085448 13.411073173539158 2
    endloop
  endfacet
  facet normal -0.5956993044924325 0.8032075314806456 -6.678587225245853e-19
    outer loop
      vertex 77.55924701085448 13.411073173539158 2
      vertex 78.11100836886278 13.820287286117818 30
      vertex 78.11100836886278 13.820287286117818 2
    endloop
  endfacet
  facet normal -0.5141027441932248 0.8577286100002702 5.137131656896479e-19
    outer loop
      vertex 78.11100836886278 13.820287286117818 2
      vertex 78.70022284221801 14.173448850438486 30
      vertex 78.70022284221801 14.173448850438486 2
    endloop
  endfacet
  facet normal 0.5956993044924387 -0.803207531480641 3.415820248942141e-19
    outer loop
      vertex 86.18601465259269 2.4 2
      vertex 86.44075298914552 2.588926826460841 2
      vertex 86.44075298914552 2.588926826460841 30
    endloop
  endfacet
  facet normal 0.6715589548470237 -0.7409511253549544 0
    outer loop
      vertex 86.44075298914552 2.588926826460841 2
      vertex 86.94974746830583 3.0502525316941673 2
      vertex 86.44075298914552 2.588926826460841 30
    endloop
  endfacet
  facet normal 0.7409511253549526 -0.6715589548470255 0
    outer loop
      vertex 86.94974746830583 3.0502525316941673 2
      vertex 87.41107317353917 3.559247010854482 2
      vertex 86.94974746830583 3.0502525316941673 30
    endloop
  endfacet
  facet normal 0.8032075314806485 -0.5956993044924284 -2.9389343217644914e-20
    outer loop
      vertex 87.41107317353917 3.559247010854482 2
      vertex 87.60000000000001 3.813985347407325 2
      vertex 87.60000000000001 3.813985347407325 30
    endloop
  endfacet
  facet normal -0.4275550934302786 0.903989293123445 -3.8039107610631497e-19
    outer loop
      vertex 78.70022284221801 14.173448850438486 2
      vertex 79.32121597344437 14.467156727579006 30
      vertex 79.32121597344437 14.467156727579006 2
    endloop
  endfacet
  facet normal -0.3368898533922198 0.9415440651830209 1.957516811818049e-19
    outer loop
      vertex 79.32121597344437 14.467156727579006 2
      vertex 79.96800725921877 14.698582350125463 30
      vertex 79.96800725921877 14.698582350125463 2
    endloop
  endfacet
  facet normal -0.2429801799032626 0.9700312531945442 2.0528119437370285e-19
    outer loop
      vertex 79.96800725921877 14.698582350125463 2
      vertex 80.6343677458871 14.865496962822613 30
      vertex 80.6343677458871 14.865496962822613 2
    endloop
  endfacet
  facet normal -0.14673047445536033 0.9891765099647812 3.0591480712583894e-19
    outer loop
      vertex 80.6343677458871 14.865496962822613 2
      vertex 81.31388001769308 14.966293086705377 30
      vertex 81.31388001769308 14.966293086705377 2
    endloop
  endfacet
  facet normal -0.0490676743274195 0.9987954562051723 -5.926231029105121e-20
    outer loop
      vertex 81.31388001769308 14.966293086705377 2
      vertex 82 15 30
      vertex 82 15 2
    endloop
  endfacet
  facet normal 0.0490676743274195 0.9987954562051723 5.926231029105121e-20
    outer loop
      vertex 82 15 2
      vertex 82.68611998230692 14.966293086705377 30
      vertex 82.68611998230692 14.966293086705377 2
    endloop
  endfacet
  facet normal 0.14673047445536033 0.9891765099647812 -3.0591480712583894e-19
    outer loop
      vertex 82.68611998230692 14.966293086705377 2
      vertex 83.3656322541129 14.865496962822613 30
      vertex 83.3656322541129 14.865496962822613 2
    endloop
  endfacet
  facet normal 0.2429801799032626 0.9700312531945442 -2.0528119437370285e-19
    outer loop
      vertex 83.3656322541129 14.865496962822613 2
      vertex 84.03199274078123 14.698582350125463 30
      vertex 84.03199274078123 14.698582350125463 2
    endloop
  endfacet
  facet normal 0.5141027441932248 0.8577286100002702 0
    outer loop
      vertex 85.88899163113722 13.820287286117818 2
      vertex 85.29977715778199 14.173448850438486 2
      vertex 85.88899163113722 13.820287286117818 30
    endloop
  endfacet
  facet normal 0.5956993044924325 0.8032075314806456 0
    outer loop
      vertex 86.44075298914552 13.411073173539158 2
      vertex 85.88899163113722 13.820287286117818 2
      vertex 86.44075298914552 13.411073173539158 30
    endloop
  endfacet
  facet normal 0.6715589548470221 0.7409511253549557 -8.228260908971304e-20
    outer loop
      vertex 86.44075298914552 13.411073173539158 2
      vertex 86.94974746830583 12.949747468305834 30
      vertex 86.94974746830583 12.949747468305834 2
    endloop
  endfacet
  facet normal 0.8032075314806495 0.595699304492427 -1.1331815868027341e-19
    outer loop
      vertex 87.60000000000001 12.186014652592675 2
      vertex 87.41107317353917 12.440752989145519 2
      vertex 87.41107317353917 12.440752989145519 30
    endloop
  endfacet
  facet normal 0.7409511253549526 0.6715589548470255 5.623659479663735e-19
    outer loop
      vertex 86.94974746830583 12.949747468305834 2
      vertex 87.41107317353917 12.440752989145519 30
      vertex 87.41107317353917 12.440752989145519 2
    endloop
  endfacet
  facet normal 0.3368898533922198 0.9415440651830209 -1.957516811818049e-19
    outer loop
      vertex 84.03199274078123 14.698582350125463 2
      vertex 84.67878402655563 14.467156727579006 30
      vertex 84.67878402655563 14.467156727579006 2
    endloop
  endfacet
  facet normal 0.4275550934302786 0.903989293123445 3.8039107610631497e-19
    outer loop
      vertex 84.67878402655563 14.467156727579006 2
      vertex 85.29977715778199 14.173448850438486 30
      vertex 85.29977715778199 14.173448850438486 2
    endloop
  endfacet
  facet normal -0.7409511253549526 -0.6715589548470255 0
    outer loop
      vertex 77.05025253169417 3.0502525316941673 2
      vertex 77.05025253169417 3.0502525316941673 30
      vertex 76.58892682646083 3.559247010854482 30
    endloop
  endfacet
  facet normal -0.8032075314806486 -0.5956993044924282 0
    outer loop
      vertex 76.58892682646083 3.559247010854482 2
      vertex 76.58892682646083 3.559247010854482 30
      vertex 76.17971271388218 4.111008368862785 30
    endloop
  endfacet
  facet normal -0.8577286100002697 -0.5141027441932258 0
    outer loop
      vertex 76.17971271388218 4.111008368862785 2
      vertex 76.17971271388218 4.111008368862785 30
      vertex 75.82655114956151 4.700222842218016 30
    endloop
  endfacet
  facet normal -0.5956993044924387 -0.803207531480641 0
    outer loop
      vertex 77.55924701085448 2.588926826460841 2
      vertex 77.81398534740731 2.4 30
      vertex 77.55924701085448 2.588926826460841 30
    endloop
  endfacet
  facet normal -0.6715589548470237 -0.7409511253549544 0
    outer loop
      vertex 77.55924701085448 2.588926826460841 2
      vertex 77.55924701085448 2.588926826460841 30
      vertex 77.05025253169417 3.0502525316941673 30
    endloop
  endfacet
  facet normal -0.9039892931234446 -0.4275550934302796 0
    outer loop
      vertex 75.82655114956151 4.700222842218016 2
      vertex 75.82655114956151 4.700222842218016 30
      vertex 75.53284327242099 5.321215973444371 30
    endloop
  endfacet
  facet normal -0.9415440651830217 -0.33688985339221766 0
    outer loop
      vertex 75.53284327242099 5.321215973444371 2
      vertex 75.53284327242099 5.321215973444371 30
      vertex 75.30141764987454 5.968007259218764 30
    endloop
  endfacet
  facet normal -0.9891765099647821 -0.14673047445535328 0
    outer loop
      vertex 75.13450303717738 6.634367745887102 2
      vertex 75.13450303717738 6.634367745887102 30
      vertex 75.03370691329462 7.313880017693076 30
    endloop
  endfacet
  facet normal -0.9700312531945424 -0.2429801799032699 0
    outer loop
      vertex 75.30141764987454 5.968007259218764 2
      vertex 75.30141764987454 5.968007259218764 30
      vertex 75.13450303717738 6.634367745887102 30
    endloop
  endfacet
  facet normal -0.9987954562051723 -0.04906767432741918 0
    outer loop
      vertex 75.03370691329462 7.313880017693076 2
      vertex 75.03370691329462 7.313880017693076 30
      vertex 75 8 30
    endloop
  endfacet
  facet normal -0.9987954562051723 0.04906767432741924 0
    outer loop
      vertex 75 8 2
      vertex 75 8 30
      vertex 75.03370691329462 8.686119982306924 30
    endloop
  endfacet
  facet normal -0.9891765099647823 0.14673047445535312 0
    outer loop
      vertex 75.03370691329462 8.686119982306924 2
      vertex 75.03370691329462 8.686119982306924 30
      vertex 75.13450303717738 9.365632254112898 30
    endloop
  endfacet
  facet normal -0.9700312531945424 0.2429801799032699 0
    outer loop
      vertex 75.13450303717738 9.365632254112898 2
      vertex 75.13450303717738 9.365632254112898 30
      vertex 75.30141764987454 10.031992740781236 30
    endloop
  endfacet
  facet normal -0.9415440651830217 0.33688985339221766 0
    outer loop
      vertex 75.30141764987454 10.031992740781236 2
      vertex 75.30141764987454 10.031992740781236 30
      vertex 75.53284327242099 10.678784026555629 30
    endloop
  endfacet
  facet normal -0.9039892931234446 0.4275550934302796 0
    outer loop
      vertex 75.53284327242099 10.678784026555629 2
      vertex 75.53284327242099 10.678784026555629 30
      vertex 75.82655114956151 11.299777157781984 30
    endloop
  endfacet
  facet normal -0.85772861000027 0.5141027441932252 0
    outer loop
      vertex 75.82655114956151 11.299777157781984 2
      vertex 75.82655114956151 11.299777157781984 30
      vertex 76.17971271388218 11.888991631137216 30
    endloop
  endfacet
  facet normal -0.8032075314806486 0.5956993044924282 0
    outer loop
      vertex 76.17971271388218 11.888991631137216 2
      vertex 76.17971271388218 11.888991631137216 30
      vertex 76.58892682646083 12.440752989145519 30
    endloop
  endfacet
  facet normal -0.7409511253549526 0.6715589548470255 0
    outer loop
      vertex 76.58892682646083 12.440752989145519 2
      vertex 76.58892682646083 12.440752989145519 30
      vertex 77.05025253169417 12.949747468305834 30
    endloop
  endfacet
  facet normal -0.6715589548470221 0.7409511253549557 0
    outer loop
      vertex 77.05025253169417 12.949747468305834 2
      vertex 77.05025253169417 12.949747468305834 30
      vertex 77.55924701085448 13.411073173539158 30
    endloop
  endfacet
  facet normal -0.5956993044924325 0.8032075314806456 0
    outer loop
      vertex 77.55924701085448 13.411073173539158 2
      vertex 77.55924701085448 13.411073173539158 30
      vertex 78.11100836886278 13.820287286117818 30
    endloop
  endfacet
  facet normal -0.5141027441932248 0.8577286100002702 0
    outer loop
      vertex 78.11100836886278 13.820287286117818 2
      vertex 78.11100836886278 13.820287286117818 30
      vertex 78.70022284221801 14.173448850438486 30
    endloop
  endfacet
  facet normal 0.5956993044924387 -0.803207531480641 0
    outer loop
      vertex 86.18601465259269 2.4 2
      vertex 86.44075298914552 2.588926826460841 30
      vertex 86.18601465259269 2.4 30
    endloop
  endfacet
  facet normal 0.6715589548470237 -0.7409511253549544 0
    outer loop
      vertex 86.94974746830583 3.0502525316941673 2
      vertex 86.94974746830583 3.0502525316941673 30
      vertex 86.44075298914552 2.588926826460841 30
    endloop
  endfacet
  facet normal 0.7409511253549526 -0.6715589548470255 0
    outer loop
      vertex 87.41107317353917 3.559247010854482 2
      vertex 87.41107317353917 3.559247010854482 30
      vertex 86.94974746830583 3.0502525316941673 30
    endloop
  endfacet
  facet normal 0.8032075314806485 -0.5956993044924284 0
    outer loop
      vertex 87.41107317353917 3.559247010854482 2
      vertex 87.60000000000001 3.813985347407325 30
      vertex 87.41107317353917 3.559247010854482 30
    endloop
  endfacet
  facet normal -0.4275550934302786 0.903989293123445 0
    outer loop
      vertex 78.70022284221801 14.173448850438486 2
      vertex 78.70022284221801 14.173448850438486 30
      vertex 79.32121597344437 14.467156727579006 30
    endloop
  endfacet
  facet normal -0.3368898533922198 0.9415440651830209 0
    outer loop
      vertex 79.32121597344437 14.467156727579006 2
      vertex 79.32121597344437 14.467156727579006 30
      vertex 79.96800725921877 14.698582350125463 30
    endloop
  endfacet
  facet normal -0.2429801799032626 0.9700312531945442 0
    outer loop
      vertex 79.96800725921877 14.698582350125463 2
      vertex 79.96800725921877 14.698582350125463 30
      vertex 80.6343677458871 14.865496962822613 30
    endloop
  endfacet
  facet normal -0.14673047445536033 0.9891765099647812 0
    outer loop
      vertex 80.6343677458871 14.865496962822613 2
      vertex 80.6343677458871 14.865496962822613 30
      vertex 81.31388001769308 14.966293086705377 30
    endloop
  endfacet
  facet normal -0.0490676743274195 0.9987954562051723 0
    outer loop
      vertex 81.31388001769308 14.966293086705377 2
      vertex 81.31388001769308 14.966293086705377 30
      vertex 82 15 30
    endloop
  endfacet
  facet normal 0.0490676743274195 0.9987954562051723 0
    outer loop
      vertex 82 15 2
      vertex 82 15 30
      vertex 82.68611998230692 14.966293086705377 30
    endloop
  endfacet
  facet normal 0.14673047445536033 0.9891765099647812 0
    outer loop
      vertex 82.68611998230692 14.966293086705377 2
      vertex 82.68611998230692 14.966293086705377 30
      vertex 83.3656322541129 14.865496962822613 30
    endloop
  endfacet
  facet normal 0.2429801799032626 0.9700312531945442 0
    outer loop
      vertex 83.3656322541129 14.865496962822613 2
      vertex 83.3656322541129 14.865496962822613 30
      vertex 84.03199274078123 14.698582350125463 30
    endloop
  endfacet
  facet normal 0.3368898533922198 0.9415440651830209 0
    outer loop
      vertex 84.03199274078123 14.698582350125463 2
      vertex 84.03199274078123 14.698582350125463 30
      vertex 84.67878402655563 14.467156727579006 30
    endloop
  endfacet
  facet normal 0.5141027441932248 0.8577286100002702 0
    outer loop
      vertex 85.29977715778199 14.173448850438486 2
      vertex 85.29977715778199 14.173448850438486 30
      vertex 85.88899163113722 13.820287286117818 30
    endloop
  endfacet
  facet normal 0.7409511253549526 0.6715589548470255 0
    outer loop
      vertex 86.94974746830583 12.949747468305834 2
      vertex 86.94974746830583 12.949747468305834 30
      vertex 87.41107317353917 12.440752989145519 30
    endloop
  endfacet
  facet normal 0.5956993044924325 0.8032075314806456 0
    outer loop
      vertex 85.88899163113722 13.820287286117818 2
      vertex 85.88899163113722 13.820287286117818 30
      vertex 86.44075298914552 13.411073173539158 30
    endloop
  endfacet
  facet normal 0.6715589548470221 0.7409511253549557 0
    outer loop
      vertex 86.44075298914552 13.411073173539158 2
      vertex 86.44075298914552 13.411073173539158 30
      vertex 86.94974746830583 12.949747468305834 30
    endloop
  endfacet
  facet normal 0.8032075314806495 0.595699304492427 0
    outer loop
      vertex 87.60000000000001 12.186014652592675 2
      vertex 87.41107317353917 12.440752989145519 30
      vertex 87.60000000000001 12.186014652592675 30
    endloop
  endfacet
  facet normal 0.4275550934302786 0.903989293123445 0
    outer loop
      vertex 84.67878402655563 14.467156727579006 2
      vertex 84.67878402655563 14.467156727579006 30
      vertex 85.29977715778199 14.173448850438486 30
    endloop
  endfacet
  facet normal 0 0 1
    outer loop
      vertex 77.55924701085448 2.588926826460841 30
      vertex 78.90795818654905 5.462426863345418 30
      vertex 78.67412155078982 5.777719067921591 30
    endloop
  endfacet
  facet normal 0 0 1
    outer loop
      vertex 77.55924701085448 2.588926826460841 30
      vertex 79.46242686334541 4.9079581865490525 30
      vertex 79.17157287525382 5.17157287525381 30
    endloop
  endfacet
  facet normal 0 0 1
    outer loop
      vertex 77.55924701085448 2.588926826460841 30
      vertex 79.17157287525382 5.17157287525381 30
      vertex 78.90795818654905 5.462426863345418 30
    endloop
  endfacet
  facet normal 0 0 1
    outer loop
      vertex 75.82655114956151 4.700222842218016 30
      vertex 75.53284327242099 10.678784026555629 30
      vertex 75.53284327242099 5.321215973444371 30
    endloop
  endfacet
  facet normal 0 0 1
    outer loop
      vertex 75.13450303717738 6.634367745887102 30
      vertex 75.30141764987454 5.968007259218764 30
      vertex 75.13450303717738 9.365632254112898 30
    endloop
  endfacet
  facet normal 0 0 1
    outer loop
      vertex 75.13450303717738 6.634367745887102 30
      vertex 75.03370691329462 8.686119982306924 30
      vertex 75.03370691329462 7.313880017693076 30
    endloop
  endfacet
  facet normal 0 0 1
    outer loop
      vertex 75.03370691329462 7.313880017693076 30
      vertex 75.03370691329462 8.686119982306924 30
      vertex 75 8 30
    endloop
  endfacet
  facet normal 0 0 1
    outer loop
      vertex 75.53284327242099 5.321215973444371 30
      vertex 75.30141764987454 10.031992740781236 30
      vertex 75.30141764987454 5.968007259218764 30
    endloop
  endfacet
  facet normal 0 0 1
    outer loop
      vertex 75.13450303717738 6.634367745887102 30
      vertex 75.13450303717738 9.365632254112898 30
      vertex 75.03370691329462 8.686119982306924 30
    endloop
  endfacet
  facet normal 0 0 1
    outer loop
      vertex 75.30141764987454 5.968007259218764 30
      vertex 75.30141764987454 10.031992740781236 30
      vertex 75.13450303717738 9.365632254112898 30
    endloop
  endfacet
  facet normal 0 0 1
    outer loop
      vertex 75.53284327242099 5.321215973444371 30
      vertex 75.53284327242099 10.678784026555629 30
      vertex 75.30141764987454 10.031992740781236 30
    endloop
  endfacet
  facet normal 0 0 1
    outer loop
      vertex 75.82655114956151 4.700222842218016 30
      vertex 75.82655114956151 11.299777157781984 30
      vertex 75.53284327242099 10.678784026555629 30
    endloop
  endfacet
  facet normal 0 0 1
    outer loop
      vertex 76.17971271388218 4.111008368862785 30
      vertex 75.82655114956151 11.299777157781984 30
      vertex 75.82655114956151 4.700222842218016 30
    endloop
  endfacet
  facet normal 0 0 1
    outer loop
      vertex 76.58892682646083 3.559247010854482 30
      vertex 76.17971271388218 11.888991631137216 30
      vertex 76.17971271388218 4.111008368862785 30
    endloop
  endfacet
  facet normal 0 0 1
    outer loop
      vertex 77.05025253169417 3.0502525316941673 30
      vertex 76.58892682646083 12.440752989145519 30
      vertex 76.58892682646083 3.559247010854482 30
    endloop
  endfacet
  facet normal 0 0 1
    outer loop
      vertex 77.05025253169417 3.0502525316941673 30
      vertex 77.55924701085448 2.588926826460841 30
      vertex 77.05025253169417 12.949747468305834 30
    endloop
  endfacet
  facet normal 0 0 1
    outer loop
      vertex 77.55924701085448 2.588926826460841 30
      vertex 78.30448186995486 6.469266270539641 30
      vertex 78.17223865707116 6.838861290982151 30
    endloop
  endfacet
  facet normal 0 0 1
    outer loop
      vertex 77.55924701085448 2.588926826460841 30
      vertex 78.17223865707116 6.838861290982151 30
      vertex 78.07685887838707 7.219638711935487 30
    endloop
  endfacet
  facet normal 0 0 1
    outer loop
      vertex 77.55924701085448 2.588926826460841 30
      vertex 78.07685887838707 7.219638711935487 30
      vertex 78.01926109331121 7.607931438681757 30
    endloop
  endfacet
  facet normal 0 0 1
    outer loop
      vertex 77.55924701085448 2.588926826460841 30
      vertex 78.67412155078982 5.777719067921591 30
      vertex 78.47231494260657 6.114413052696009 30
    endloop
  endfacet
  facet normal 0 0 1
    outer loop
      vertex 77.55924701085448 2.588926826460841 30
      vertex 78.47231494260657 6.114413052696009 30
      vertex 78.30448186995486 6.469266270539641 30
    endloop
  endfacet
  facet normal 0 0 1
    outer loop
      vertex 77.55924701085448 2.588926826460841 30
      vertex 78.01926109331121 7.607931438681757 30
      vertex 78 8 30
    endloop
  endfacet
  facet normal 0 0 1
    outer loop
      vertex 77.55924701085448 2.588926826460841 30
      vertex 78 8 30
      vertex 78.01926109331121 8.392068561318242 30
    endloop
  endfacet
  facet normal 0 0 1
    outer loop
      vertex 76.17971271388218 4.111008368862785 30
      vertex 76.17971271388218 11.888991631137216 30
      vertex 75.82655114956151 11.299777157781984 30
    endloop
  endfacet
  facet normal 0 0 1
    outer loop
      vertex 76.58892682646083 3.559247010854482 30
      vertex 76.58892682646083 12.440752989145519 30
      vertex 76.17971271388218 11.888991631137216 30
    endloop
  endfacet
  facet normal 0 0 1
    outer loop
      vertex 77.55924701085448 2.588926826460841 30
      vertex 78.01926109331121 8.392068561318242 30
      vertex 77.55924701085448 13.411073173539158 30
    endloop
  endfacet
  facet normal 0 0 1
    outer loop
      vertex 77.05025253169417 3.0502525316941673 30
      vertex 77.05025253169417 12.949747468305834 30
      vertex 76.58892682646083 12.440752989145519 30
    endloop
  endfacet
  facet normal 0 0 1
    outer loop
      vertex 77.55924701085448 2.588926826460841 30
      vertex 77.55924701085448 13.411073173539158 30
      vertex 77.05025253169417 12.949747468305834 30
    endloop
  endfacet
  facet normal 0 0 1
    outer loop
      vertex 77.55924701085448 13.411073173539158 30
      vertex 78.01926109331121 8.392068561318242 30
      vertex 78.07685887838707 8.780361288064514 30
    endloop
  endfacet
  facet normal 0 0 1
    outer loop
      vertex 77.55924701085448 13.411073173539158 30
      vertex 78.07685887838707 8.780361288064514 30
      vertex 78.17223865707116 9.16113870901785 30
    endloop
  endfacet
  facet normal 0 0 1
    outer loop
      vertex 77.55924701085448 13.411073173539158 30
      vertex 78.17223865707116 9.16113870901785 30
      vertex 78.30448186995486 9.530733729460358 30
    endloop
  endfacet
  facet normal 0 0 1
    outer loop
      vertex 77.55924701085448 13.411073173539158 30
      vertex 78.30448186995486 9.530733729460358 30
      vertex 78.47231494260657 9.88558694730399 30
    endloop
  endfacet
  facet normal 0 0 1
    outer loop
      vertex 77.55924701085448 13.411073173539158 30
      vertex 78.47231494260657 9.88558694730399 30
      vertex 78.67412155078982 10.222280932078409 30
    endloop
  endfacet
  facet normal 0 0 1
    outer loop
      vertex 77.55924701085448 13.411073173539158 30
      vertex 78.67412155078982 10.222280932078409 30
      vertex 78.90795818654905 10.537573136654583 30
    endloop
  endfacet
  facet normal 0 0 1
    outer loop
      vertex 77.55924701085448 13.411073173539158 30
      vertex 78.90795818654905 10.537573136654583 30
      vertex 79.17157287525382 10.82842712474619 30
    endloop
  endfacet
  facet normal 0 0 1
    outer loop
      vertex 77.55924701085448 13.411073173539158 30
      vertex 79.17157287525382 10.82842712474619 30
      vertex 79.46242686334541 11.092041813450948 30
    endloop
  endfacet
  facet normal 0 0 1
    outer loop
      vertex 77.55924701085448 13.411073173539158 30
      vertex 79.46242686334541 11.092041813450948 30
      vertex 78.11100836886278 13.820287286117818 30
    endloop
  endfacet
  facet normal 0 0 1
    outer loop
      vertex 77.55924701085448 2.588926826460841 30
      vertex 79.7777190679216 4.674121550789819 30
      vertex 79.46242686334541 4.9079581865490525 30
    endloop
  endfacet
  facet normal 0 0 1
    outer loop
      vertex 77.55924701085448 2.588926826460841 30
      vertex 80.46926627053963 4.304481869954853 30
      vertex 80.11441305269601 4.47231494260658 30
    endloop
  endfacet
  facet normal 0 0 1
    outer loop
      vertex 77.55924701085448 2.588926826460841 30
      vertex 80.11441305269601 4.47231494260658 30
      vertex 79.7777190679216 4.674121550789819 30
    endloop
  endfacet
  facet normal 0 0 1
    outer loop
      vertex 77.55924701085448 2.588926826460841 30
      vertex 80.83886129098215 4.172238657071165 30
      vertex 80.46926627053963 4.304481869954853 30
    endloop
  endfacet
  facet normal 0 0 1
    outer loop
      vertex 77.55924701085448 2.588926826460841 30
      vertex 81.21963871193549 4.076858878387078 30
      vertex 80.83886129098215 4.172238657071165 30
    endloop
  endfacet
  facet normal 0 0 1
    outer loop
      vertex 77.55924701085448 2.588926826460841 30
      vertex 81.60793143868176 4.019261093311212 30
      vertex 81.21963871193549 4.076858878387078 30
    endloop
  endfacet
  facet normal 0 0 1
    outer loop
      vertex 77.55924701085448 2.588926826460841 30
      vertex 77.81398534740731 2.4 30
      vertex 86.18601465259269 2.4 30
    endloop
  endfacet
  facet normal 0 0 1
    outer loop
      vertex 77.55924701085448 2.588926826460841 30
      vertex 82 4 30
      vertex 81.60793143868176 4.019261093311212 30
    endloop
  endfacet
  facet normal 0 0 1
    outer loop
      vertex 77.55924701085448 2.588926826460841 30
      vertex 82.39206856131824 4.019261093311212 30
      vertex 82 4 30
    endloop
  endfacet
  facet normal 0 0 1
    outer loop
      vertex 77.55924701085448 2.588926826460841 30
      vertex 86.18601465259269 2.4 30
      vertex 82.39206856131824 4.019261093311212 30
    endloop
  endfacet
  facet normal 0 0 1
    outer loop
      vertex 86.18601465259269 2.4 30
      vertex 82.78036128806451 4.076858878387078 30
      vertex 82.39206856131824 4.019261093311212 30
    endloop
  endfacet
  facet normal 0 0 1
    outer loop
      vertex 86.18601465259269 2.4 30
      vertex 83.16113870901785 4.172238657071165 30
      vertex 82.78036128806451 4.076858878387078 30
    endloop
  endfacet
  facet normal 0 0 1
    outer loop
      vertex 86.18601465259269 2.4 30
      vertex 83.53073372946037 4.304481869954853 30
      vertex 83.16113870901785 4.172238657071165 30
    endloop
  endfacet
  facet normal 0 0 1
    outer loop
      vertex 86.18601465259269 2.4 30
      vertex 83.88558694730399 4.47231494260658 30
      vertex 83.53073372946037 4.304481869954853 30
    endloop
  endfacet
  facet normal 0 0 1
    outer loop
      vertex 86.18601465259269 2.4 30
      vertex 84.2222809320784 4.674121550789819 30
      vertex 83.88558694730399 4.47231494260658 30
    endloop
  endfacet
  facet normal 0 0 1
    outer loop
      vertex 86.18601465259269 2.4 30
      vertex 84.53757313665459 4.9079581865490525 30
      vertex 84.2222809320784 4.674121550789819 30
    endloop
  endfacet
  facet normal 0 0 1
    outer loop
      vertex 86.18601465259269 2.4 30
      vertex 84.82842712474618 5.17157287525381 30
      vertex 84.53757313665459 4.9079581865490525 30
    endloop
  endfacet
  facet normal 0 0 1
    outer loop
      vertex 86.18601465259269 2.4 30
      vertex 85.09204181345095 5.462426863345418 30
      vertex 84.82842712474618 5.17157287525381 30
    endloop
  endfacet
  facet normal 0 0 1
    outer loop
      vertex 86.18601465259269 2.4 30
      vertex 85.32587844921018 5.777719067921591 30
      vertex 85.09204181345095 5.462426863345418 30
    endloop
  endfacet
  facet normal 0 0 1
    outer loop
      vertex 86.18601465259269 2.4 30
      vertex 85.52768505739343 6.114413052696009 30
      vertex 85.32587844921018 5.777719067921591 30
    endloop
  endfacet
  facet normal 0 0 1
    outer loop
      vertex 86.18601465259269 2.4 30
      vertex 85.69551813004514 6.469266270539641 30
      vertex 85.52768505739343 6.114413052696009 30
    endloop
  endfacet
  facet normal 0 0 1
    outer loop
      vertex 86.18601465259269 2.4 30
      vertex 85.82776134292884 6.838861290982151 30
      vertex 85.69551813004514 6.469266270539641 30
    endloop
  endfacet
  facet normal 0 0 1
    outer loop
      vertex 86.18601465259269 2.4 30
      vertex 85.92314112161293 7.219638711935487 30
      vertex 85.82776134292884 6.838861290982151 30
    endloop
  endfacet
  facet normal 0 0 1
    outer loop
      vertex 86.18601465259269 2.4 30
      vertex 85.98073890668879 7.607931438681757 30
      vertex 85.92314112161293 7.219638711935487 30
    endloop
  endfacet
  facet normal 0 0 1
    outer loop
      vertex 86.18601465259269 2.4 30
      vertex 86 8 30
      vertex 85.98073890668879 7.607931438681757 30
    endloop
  endfacet
  facet normal 0 0 1
    outer loop
      vertex 86.18601465259269 2.4 30
      vertex 86.44075298914552 2.588926826460841 30
      vertex 85.88899163113722 13.820287286117818 30
    endloop
  endfacet
  facet normal 0 0 1
    outer loop
      vertex 86.44075298914552 2.588926826460841 30
      vertex 86.94974746830583 3.0502525316941673 30
      vertex 86.44075298914552 13.411073173539158 30
    endloop
  endfacet
  facet normal 0 0 1
    outer loop
      vertex 86.94974746830583 3.0502525316941673 30
      vertex 87.41107317353917 3.559247010854482 30
      vertex 86.94974746830583 12.949747468305834 30
    endloop
  endfacet
  facet normal 0 0 1
    outer loop
      vertex 86.18601465259269 2.4 30
      vertex 85.88899163113722 13.820287286117818 30
      vertex 86 8 30
    endloop
  endfacet
  facet normal 0 0 1
    outer loop
      vertex 87.41107317353917 3.559247010854482 30
      vertex 87.60000000000001 3.813985347407325 30
      vertex 87.60000000000001 12.186014652592675 30
    endloop
  endfacet
  facet normal 0 0 1
    outer loop
      vertex 78.11100836886278 13.820287286117818 30
      vertex 79.46242686334541 11.092041813450948 30
      vertex 79.7777190679216 11.325878449210181 30
    endloop
  endfacet
  facet normal 0 0 1
    outer loop
      vertex 78.11100836886278 13.820287286117818 30
      vertex 79.7777190679216 11.325878449210181 30
      vertex 80.11441305269601 11.52768505739342 30
    endloop
  endfacet
  facet normal 0 0 1
    outer loop
      vertex 78.70022284221801 14.173448850438486 30
      vertex 80.11441305269601 11.52768505739342 30
      vertex 80.46926627053963 11.695518130045148 30
    endloop
  endfacet
  facet normal 0 0 1
    outer loop
      vertex 78.11100836886278 13.820287286117818 30
      vertex 80.11441305269601 11.52768505739342 30
      vertex 78.70022284221801 14.173448850438486 30
    endloop
  endfacet
  facet normal 0 0 1
    outer loop
      vertex 78.70022284221801 14.173448850438486 30
      vertex 80.46926627053963 11.695518130045148 30
      vertex 79.32121597344437 14.467156727579006 30
    endloop
  endfacet
  facet normal 0 0 1
    outer loop
      vertex 79.32121597344437 14.467156727579006 30
      vertex 80.83886129098215 11.827761342928834 30
      vertex 79.96800725921877 14.698582350125463 30
    endloop
  endfacet
  facet normal 0 0 1
    outer loop
      vertex 79.32121597344437 14.467156727579006 30
      vertex 80.46926627053963 11.695518130045148 30
      vertex 80.83886129098215 11.827761342928834 30
    endloop
  endfacet
  facet normal 0 0 1
    outer loop
      vertex 79.96800725921877 14.698582350125463 30
      vertex 80.83886129098215 11.827761342928834 30
      vertex 81.21963871193549 11.923141121612922 30
    endloop
  endfacet
  facet normal 0 0 1
    outer loop
      vertex 79.96800725921877 14.698582350125463 30
      vertex 81.21963871193549 11.923141121612922 30
      vertex 81.60793143868176 11.980738906688789 30
    endloop
  endfacet
  facet normal 0 0 1
    outer loop
      vertex 79.96800725921877 14.698582350125463 30
      vertex 81.60793143868176 11.980738906688789 30
      vertex 80.6343677458871 14.865496962822613 30
    endloop
  endfacet
  facet normal 0 0 1
    outer loop
      vertex 80.6343677458871 14.865496962822613 30
      vertex 81.60793143868176 11.980738906688789 30
      vertex 82 12 30
    endloop
  endfacet
  facet normal 0 0 1
    outer loop
      vertex 80.6343677458871 14.865496962822613 30
      vertex 82 12 30
      vertex 81.31388001769308 14.966293086705377 30
    endloop
  endfacet
  facet normal 0 0 1
    outer loop
      vertex 81.31388001769308 14.966293086705377 30
      vertex 82 12 30
      vertex 82.39206856131824 11.980738906688789 30
    endloop
  endfacet
  facet normal 0 0 1
    outer loop
      vertex 81.31388001769308 14.966293086705377 30
      vertex 82.39206856131824 11.980738906688789 30
      vertex 82.78036128806451 11.923141121612922 30
    endloop
  endfacet
  facet normal 0 0 1
    outer loop
      vertex 81.31388001769308 14.966293086705377 30
      vertex 82.78036128806451 11.923141121612922 30
      vertex 82 15 30
    endloop
  endfacet
  facet normal 0 0 1
    outer loop
      vertex 82 15 30
      vertex 82.78036128806451 11.923141121612922 30
      vertex 83.16113870901785 11.827761342928834 30
    endloop
  endfacet
  facet normal 0 0 1
    outer loop
      vertex 82 15 30
      vertex 83.16113870901785 11.827761342928834 30
      vertex 82.68611998230692 14.966293086705377 30
    endloop
  endfacet
  facet normal 0 0 1
    outer loop
      vertex 82.68611998230692 14.966293086705377 30
      vertex 83.16113870901785 11.827761342928834 30
      vertex 83.53073372946037 11.695518130045148 30
    endloop
  endfacet
  facet normal 0 0 1
    outer loop
      vertex 82.68611998230692 14.966293086705377 30
      vertex 83.53073372946037 11.695518130045148 30
      vertex 83.88558694730399 11.52768505739342 30
    endloop
  endfacet
  facet normal 0 0 1
    outer loop
      vertex 83.3656322541129 14.865496962822613 30
      vertex 83.88558694730399 11.52768505739342 30
      vertex 84.2222809320784 11.325878449210181 30
    endloop
  endfacet
  facet normal 0 0 1
    outer loop
      vertex 84.03199274078123 14.698582350125463 30
      vertex 84.2222809320784 11.325878449210181 30
      vertex 84.53757313665459 11.092041813450948 30
    endloop
  endfacet
  facet normal 0 0 1
    outer loop
      vertex 82.68611998230692 14.966293086705377 30
      vertex 83.88558694730399 11.52768505739342 30
      vertex 83.3656322541129 14.865496962822613 30
    endloop
  endfacet
  facet normal 0 0 1
    outer loop
      vertex 83.3656322541129 14.865496962822613 30
      vertex 84.2222809320784 11.325878449210181 30
      vertex 84.03199274078123 14.698582350125463 30
    endloop
  endfacet
  facet normal 0 0 1
    outer loop
      vertex 85.29977715778199 14.173448850438486 30
      vertex 85.32587844921018 10.222280932078409 30
      vertex 85.52768505739343 9.88558694730399 30
    endloop
  endfacet
  facet normal 0 0 1
    outer loop
      vertex 85.29977715778199 14.173448850438486 30
      vertex 85.52768505739343 9.88558694730399 30
      vertex 85.69551813004514 9.530733729460358 30
    endloop
  endfacet
  facet normal 0 0 1
    outer loop
      vertex 86.44075298914552 2.588926826460841 30
      vertex 86.44075298914552 13.411073173539158 30
      vertex 85.88899163113722 13.820287286117818 30
    endloop
  endfacet
  facet normal 0 0 1
    outer loop
      vertex 85.88899163113722 13.820287286117818 30
      vertex 85.98073890668879 8.392068561318242 30
      vertex 86 8 30
    endloop
  endfacet
  facet normal 0 0 1
    outer loop
      vertex 85.88899163113722 13.820287286117818 30
      vertex 85.92314112161293 8.780361288064514 30
      vertex 85.98073890668879 8.392068561318242 30
    endloop
  endfacet
  facet normal 0 0 1
    outer loop
      vertex 86.94974746830583 3.0502525316941673 30
      vertex 86.94974746830583 12.949747468305834 30
      vertex 86.44075298914552 13.411073173539158 30
    endloop
  endfacet
  facet normal 0 0 1
    outer loop
      vertex 85.88899163113722 13.820287286117818 30
      vertex 85.82776134292884 9.16113870901785 30
      vertex 85.92314112161293 8.780361288064514 30
    endloop
  endfacet
  facet normal 0 0 1
    outer loop
      vertex 85.88899163113722 13.820287286117818 30
      vertex 85.69551813004514 9.530733729460358 30
      vertex 85.82776134292884 9.16113870901785 30
    endloop
  endfacet
  facet normal 0 0 1
    outer loop
      vertex 84.03199274078123 14.698582350125463 30
      vertex 84.53757313665459 11.092041813450948 30
      vertex 84.82842712474618 10.82842712474619 30
    endloop
  endfacet
  facet normal 0 0 1
    outer loop
      vertex 84.67878402655563 14.467156727579006 30
      vertex 84.82842712474618 10.82842712474619 30
      vertex 85.09204181345095 10.537573136654583 30
    endloop
  endfacet
  facet normal 0 0 1
    outer loop
      vertex 84.67878402655563 14.467156727579006 30
      vertex 85.09204181345095 10.537573136654583 30
      vertex 85.32587844921018 10.222280932078409 30
    endloop
  endfacet
  facet normal 0 0 1
    outer loop
      vertex 85.88899163113722 13.820287286117818 30
      vertex 85.29977715778199 14.173448850438486 30
      vertex 85.69551813004514 9.530733729460358 30
    endloop
  endfacet
  facet normal 0 0 1
    outer loop
      vertex 84.03199274078123 14.698582350125463 30
      vertex 84.82842712474618 10.82842712474619 30
      vertex 84.67878402655563 14.467156727579006 30
    endloop
  endfacet
  facet normal 0 0 1
    outer loop
      vertex 84.67878402655563 14.467156727579006 30
      vertex 85.32587844921018 10.222280932078409 30
      vertex 85.29977715778199 14.173448850438486 30
    endloop
  endfacet
  facet normal 0 0 1
    outer loop
      vertex 87.41107317353917 3.559247010854482 30
      vertex 87.41107317353917 12.440752989145519 30
      vertex 86.94974746830583 12.949747468305834 30
    endloop
  endfacet
  facet normal 0 0 1
    outer loop
      vertex 87.41107317353917 3.559247010854482 30
      vertex 87.60000000000001 12.186014652592675 30
      vertex 87.41107317353917 12.440752989145519 30
    endloop
  endfacet
  facet normal 0.24298017990327894 0.9700312531945402 0
    outer loop
      vertex 0.20503935771774595 32.49799506994353 26.3
      vertex 0 32.54935475537783 26.3
      vertex 0.20503935771774595 32.49799506994353 29.5
    endloop
  endfacet
  facet normal 0.1467304744553707 0.9891765099647796 -6.448183578074893e-19
    outer loop
      vertex 0.20503935771774595 32.49799506994353 26.3
      vertex 0.7001125843192408 32.424557893971794 29.5
      vertex 0.7001125843192408 32.424557893971794 26.3
    endloop
  endfacet
  facet normal 0.04906767432741798 0.9987954562051724 -3.6187221426313704e-19
    outer loop
      vertex 0.7001125843192408 32.424557893971794 26.3
      vertex 1.2 32.4 29.5
      vertex 1.2 32.4 26.3
    endloop
  endfacet
  facet normal -0.04906767432741798 0.9987954562051724 3.6187221426313704e-19
    outer loop
      vertex 1.2 32.4 26.3
      vertex 1.699887415680759 32.424557893971794 29.5
      vertex 1.699887415680759 32.424557893971794 26.3
    endloop
  endfacet
  facet normal -0.14673047445537066 0.9891765099647796 1.4029939607214319e-18
    outer loop
      vertex 1.699887415680759 32.424557893971794 26.3
      vertex 2.194960642282254 32.49799506994353 29.5
      vertex 2.194960642282254 32.49799506994353 26.3
    endloop
  endfacet
  facet normal -0.24298017990327905 0.9700312531945402 -1.1563757014233612e-18
    outer loop
      vertex 2.194960642282254 32.49799506994353 26.3
      vertex 2.4 32.54935475537783 29.5
      vertex 2.4 32.54935475537783 26.3
    endloop
  endfacet
  facet normal 0.24298017990327894 0.9700312531945402 4.2026906743573626e-19
    outer loop
      vertex 0.20503935771774595 32.49799506994353 29.5
      vertex 0 32.54935475537783 26.3
      vertex 0 32.54935475537783 29.5
    endloop
  endfacet
  facet normal 0.1467304744553707 0.9891765099647796 0
    outer loop
      vertex 0.20503935771774595 32.49799506994353 26.3
      vertex 0.20503935771774595 32.49799506994353 29.5
      vertex 0.7001125843192408 32.424557893971794 29.5
    endloop
  endfacet
  facet normal 0.04906767432741798 0.9987954562051724 0
    outer loop
      vertex 0.7001125843192408 32.424557893971794 26.3
      vertex 0.7001125843192408 32.424557893971794 29.5
      vertex 1.2 32.4 29.5
    endloop
  endfacet
  facet normal -0.04906767432741798 0.9987954562051724 0
    outer loop
      vertex 1.2 32.4 26.3
      vertex 1.2 32.4 29.5
      vertex 1.699887415680759 32.424557893971794 29.5
    endloop
  endfacet
  facet normal -0.14673047445537066 0.9891765099647796 0
    outer loop
      vertex 1.699887415680759 32.424557893971794 26.3
      vertex 1.699887415680759 32.424557893971794 29.5
      vertex 2.194960642282254 32.49799506994353 29.5
    endloop
  endfacet
  facet normal -0.24298017990327905 0.9700312531945402 0
    outer loop
      vertex 2.194960642282254 32.49799506994353 26.3
      vertex 2.194960642282254 32.49799506994353 29.5
      vertex 2.4 32.54935475537783 29.5
    endloop
  endfacet
  facet normal 0 0 1
    outer loop
      vertex 0.20503935771774595 32.49799506994353 26.3
      vertex 0 42.45064524462217 26.3
      vertex 0 32.54935475537783 26.3
    endloop
  endfacet
  facet normal 0 0 1
    outer loop
      vertex 0.20503935771774595 32.49799506994353 26.3
      vertex 0.7001125843192408 32.424557893971794 26.3
      vertex 0.7001125843192408 42.575442106028206 26.3
    endloop
  endfacet
  facet normal 0 0 1
    outer loop
      vertex 0.7001125843192408 32.424557893971794 26.3
      vertex 1.2 32.4 26.3
      vertex 1.2 42.6 26.3
    endloop
  endfacet
  facet normal 0 0 1
    outer loop
      vertex 1.2 32.4 26.3
      vertex 1.699887415680759 32.424557893971794 26.3
      vertex 1.699887415680759 42.575442106028206 26.3
    endloop
  endfacet
  facet normal 0 0 1
    outer loop
      vertex 1.699887415680759 32.424557893971794 26.3
      vertex 2.194960642282254 32.49799506994353 26.3
      vertex 2.194960642282254 42.50200493005647 26.3
    endloop
  endfacet
  facet normal 0 0 1
    outer loop
      vertex 2.194960642282254 32.49799506994353 26.3
      vertex 2.4 32.54935475537783 26.3
      vertex 2.194960642282254 42.50200493005647 26.3
    endloop
  endfacet
  facet normal 0 0 -1
    outer loop
      vertex 0.20503935771774595 32.49799506994353 29.5
      vertex 0 32.54935475537783 29.5
      vertex 0.20503935771774595 42.50200493005647 29.5
    endloop
  endfacet
  facet normal 0 0 -1
    outer loop
      vertex 0.20503935771774595 32.49799506994353 29.5
      vertex 0.20503935771774595 42.50200493005647 29.5
      vertex 0.7001125843192408 32.424557893971794 29.5
    endloop
  endfacet
  facet normal 0 0 -1
    outer loop
      vertex 0.7001125843192408 32.424557893971794 29.5
      vertex 0.7001125843192408 42.575442106028206 29.5
      vertex 1.2 32.4 29.5
    endloop
  endfacet
  facet normal 0 0 -1
    outer loop
      vertex 1.2 32.4 29.5
      vertex 1.2 42.6 29.5
      vertex 1.699887415680759 32.424557893971794 29.5
    endloop
  endfacet
  facet normal 0 0 -1
    outer loop
      vertex 1.699887415680759 32.424557893971794 29.5
      vertex 1.699887415680759 42.575442106028206 29.5
      vertex 2.194960642282254 32.49799506994353 29.5
    endloop
  endfacet
  facet normal 0 0 -1
    outer loop
      vertex 2.194960642282254 32.49799506994353 29.5
      vertex 2.4 42.45064524462217 29.5
      vertex 2.4 32.54935475537783 29.5
    endloop
  endfacet
  facet normal 0 0 1
    outer loop
      vertex 0.20503935771774595 32.49799506994353 26.3
      vertex 0.20503935771774595 42.50200493005647 26.3
      vertex 0 42.45064524462217 26.3
    endloop
  endfacet
  facet normal 0 0 1
    outer loop
      vertex 0.20503935771774595 32.49799506994353 26.3
      vertex 0.7001125843192408 42.575442106028206 26.3
      vertex 0.20503935771774595 42.50200493005647 26.3
    endloop
  endfacet
  facet normal 0 0 1
    outer loop
      vertex 0.7001125843192408 32.424557893971794 26.3
      vertex 1.2 42.6 26.3
      vertex 0.7001125843192408 42.575442106028206 26.3
    endloop
  endfacet
  facet normal 0 0 1
    outer loop
      vertex 1.2 32.4 26.3
      vertex 1.699887415680759 42.575442106028206 26.3
      vertex 1.2 42.6 26.3
    endloop
  endfacet
  facet normal 0 0 1
    outer loop
      vertex 1.699887415680759 32.424557893971794 26.3
      vertex 2.194960642282254 42.50200493005647 26.3
      vertex 1.699887415680759 42.575442106028206 26.3
    endloop
  endfacet
  facet normal 0 0 1
    outer loop
      vertex 2.194960642282254 42.50200493005647 26.3
      vertex 2.4 32.54935475537783 26.3
      vertex 2.4 42.45064524462217 26.3
    endloop
  endfacet
  facet normal 0 0 -1
    outer loop
      vertex 0.20503935771774595 42.50200493005647 29.5
      vertex 0 32.54935475537783 29.5
      vertex 0 42.45064524462217 29.5
    endloop
  endfacet
  facet normal 0 0 -1
    outer loop
      vertex 0.7001125843192408 32.424557893971794 29.5
      vertex 0.20503935771774595 42.50200493005647 29.5
      vertex 0.7001125843192408 42.575442106028206 29.5
    endloop
  endfacet
  facet normal 0 0 -1
    outer loop
      vertex 1.2 32.4 29.5
      vertex 0.7001125843192408 42.575442106028206 29.5
      vertex 1.2 42.6 29.5
    endloop
  endfacet
  facet normal 0 0 -1
    outer loop
      vertex 1.699887415680759 32.424557893971794 29.5
      vertex 1.2 42.6 29.5
      vertex 1.699887415680759 42.575442106028206 29.5
    endloop
  endfacet
  facet normal 0 0 -1
    outer loop
      vertex 2.194960642282254 32.49799506994353 29.5
      vertex 1.699887415680759 42.575442106028206 29.5
      vertex 2.194960642282254 42.50200493005647 29.5
    endloop
  endfacet
  facet normal 0 0 -1
    outer loop
      vertex 2.194960642282254 32.49799506994353 29.5
      vertex 2.194960642282254 42.50200493005647 29.5
      vertex 2.4 42.45064524462217 29.5
    endloop
  endfacet
  facet normal 0.24298017990327894 -0.9700312531945402 -4.2026906743573626e-19
    outer loop
      vertex 0.20503935771774595 42.50200493005647 26.3
      vertex 0 42.45064524462217 29.5
      vertex 0 42.45064524462217 26.3
    endloop
  endfacet
  facet normal 0.1467304744553707 -0.9891765099647796 0
    outer loop
      vertex 0.20503935771774595 42.50200493005647 26.3
      vertex 0.7001125843192408 42.575442106028206 26.3
      vertex 0.20503935771774595 42.50200493005647 29.5
    endloop
  endfacet
  facet normal 0.04906767432741798 -0.9987954562051724 0
    outer loop
      vertex 0.7001125843192408 42.575442106028206 26.3
      vertex 1.2 42.6 26.3
      vertex 0.7001125843192408 42.575442106028206 29.5
    endloop
  endfacet
  facet normal -0.04906767432741798 -0.9987954562051724 0
    outer loop
      vertex 1.2 42.6 26.3
      vertex 1.699887415680759 42.575442106028206 26.3
      vertex 1.2 42.6 29.5
    endloop
  endfacet
  facet normal -0.14673047445537066 -0.9891765099647796 0
    outer loop
      vertex 1.699887415680759 42.575442106028206 26.3
      vertex 2.194960642282254 42.50200493005647 26.3
      vertex 1.699887415680759 42.575442106028206 29.5
    endloop
  endfacet
  facet normal -0.24298017990327905 -0.9700312531945402 0
    outer loop
      vertex 2.194960642282254 42.50200493005647 26.3
      vertex 2.4 42.45064524462217 26.3
      vertex 2.194960642282254 42.50200493005647 29.5
    endloop
  endfacet
  facet normal 0.24298017990327894 -0.9700312531945402 0
    outer loop
      vertex 0.20503935771774595 42.50200493005647 26.3
      vertex 0.20503935771774595 42.50200493005647 29.5
      vertex 0 42.45064524462217 29.5
    endloop
  endfacet
  facet normal 0.1467304744553707 -0.9891765099647796 0
    outer loop
      vertex 0.7001125843192408 42.575442106028206 26.3
      vertex 0.7001125843192408 42.575442106028206 29.5
      vertex 0.20503935771774595 42.50200493005647 29.5
    endloop
  endfacet
  facet normal 0.04906767432741798 -0.9987954562051724 0
    outer loop
      vertex 1.2 42.6 26.3
      vertex 1.2 42.6 29.5
      vertex 0.7001125843192408 42.575442106028206 29.5
    endloop
  endfacet
  facet normal -0.04906767432741798 -0.9987954562051724 0
    outer loop
      vertex 1.699887415680759 42.575442106028206 26.3
      vertex 1.699887415680759 42.575442106028206 29.5
      vertex 1.2 42.6 29.5
    endloop
  endfacet
  facet normal -0.14673047445537066 -0.9891765099647796 0
    outer loop
      vertex 2.194960642282254 42.50200493005647 26.3
      vertex 2.194960642282254 42.50200493005647 29.5
      vertex 1.699887415680759 42.575442106028206 29.5
    endloop
  endfacet
  facet normal -0.24298017990327905 -0.9700312531945402 1.1563757014233612e-18
    outer loop
      vertex 2.194960642282254 42.50200493005647 29.5
      vertex 2.4 42.45064524462217 26.3
      vertex 2.4 42.45064524462217 29.5
    endloop
  endfacet
  facet normal 0.24298017990325682 0.9700312531945456 0
    outer loop
      vertex 87.80503935771775 54.99799506994353 26.3
      vertex 87.60000000000001 55.04935475537782 26.3
      vertex 87.80503935771775 54.99799506994353 29.5
    endloop
  endfacet
  facet normal 0.14673047445537185 0.9891765099647795 0
    outer loop
      vertex 88.30011258431924 54.924557893971794 26.3
      vertex 87.80503935771775 54.99799506994353 26.3
      vertex 88.30011258431924 54.924557893971794 29.5
    endloop
  endfacet
  facet normal 0.04906767432741787 0.9987954562051724 -5.540004507444186e-20
    outer loop
      vertex 88.30011258431924 54.924557893971794 26.3
      vertex 88.8 54.9 29.5
      vertex 88.8 54.9 26.3
    endloop
  endfacet
  facet normal -0.04906767432741787 0.9987954562051724 5.540004507444186e-20
    outer loop
      vertex 88.8 54.9 26.3
      vertex 89.29988741568076 54.924557893971794 29.5
      vertex 89.29988741568076 54.924557893971794 26.3
    endloop
  endfacet
  facet normal -0.14673047445537185 0.9891765099647795 1.0403447980944445e-19
    outer loop
      vertex 89.29988741568076 54.924557893971794 26.3
      vertex 89.79496064228225 54.99799506994353 29.5
      vertex 89.79496064228225 54.99799506994353 26.3
    endloop
  endfacet
  facet normal -0.24298017990327264 0.9700312531945418 1.2160141455152894e-18
    outer loop
      vertex 89.79496064228225 54.99799506994353 26.3
      vertex 90 55.04935475537783 29.5
      vertex 90 55.04935475537783 26.3
    endloop
  endfacet
  facet normal 0.24298017990325682 0.9700312531945456 2.7084984667395336e-19
    outer loop
      vertex 87.80503935771775 54.99799506994353 29.5
      vertex 87.60000000000001 55.04935475537782 26.3
      vertex 87.60000000000001 55.04935475537782 29.5
    endloop
  endfacet
  facet normal 0.14673047445537185 0.9891765099647795 0
    outer loop
      vertex 87.80503935771775 54.99799506994353 26.3
      vertex 87.80503935771775 54.99799506994353 29.5
      vertex 88.30011258431924 54.924557893971794 29.5
    endloop
  endfacet
  facet normal 0.04906767432741787 0.9987954562051724 0
    outer loop
      vertex 88.30011258431924 54.924557893971794 26.3
      vertex 88.30011258431924 54.924557893971794 29.5
      vertex 88.8 54.9 29.5
    endloop
  endfacet
  facet normal -0.04906767432741787 0.9987954562051724 0
    outer loop
      vertex 88.8 54.9 26.3
      vertex 88.8 54.9 29.5
      vertex 89.29988741568076 54.924557893971794 29.5
    endloop
  endfacet
  facet normal -0.14673047445537185 0.9891765099647795 0
    outer loop
      vertex 89.29988741568076 54.924557893971794 26.3
      vertex 89.29988741568076 54.924557893971794 29.5
      vertex 89.79496064228225 54.99799506994353 29.5
    endloop
  endfacet
  facet normal -0.24298017990327264 0.9700312531945418 0
    outer loop
      vertex 89.79496064228225 54.99799506994353 26.3
      vertex 89.79496064228225 54.99799506994353 29.5
      vertex 90 55.04935475537783 29.5
    endloop
  endfacet
  facet normal 0 0 1
    outer loop
      vertex 87.80503935771775 54.99799506994353 26.3
      vertex 87.60000000000001 64.95064524462218 26.3
      vertex 87.60000000000001 55.04935475537782 26.3
    endloop
  endfacet
  facet normal 0 0 1
    outer loop
      vertex 88.30011258431924 54.924557893971794 26.3
      vertex 88.30011258431924 65.0754421060282 26.3
      vertex 87.80503935771775 54.99799506994353 26.3
    endloop
  endfacet
  facet normal 0 0 1
    outer loop
      vertex 88.30011258431924 54.924557893971794 26.3
      vertex 88.8 54.9 26.3
      vertex 88.8 65.1 26.3
    endloop
  endfacet
  facet normal 0 0 1
    outer loop
      vertex 88.8 54.9 26.3
      vertex 89.29988741568076 54.924557893971794 26.3
      vertex 89.29988741568076 65.0754421060282 26.3
    endloop
  endfacet
  facet normal 0 0 1
    outer loop
      vertex 89.29988741568076 54.924557893971794 26.3
      vertex 89.79496064228225 54.99799506994353 26.3
      vertex 89.79496064228225 65.00200493005647 26.3
    endloop
  endfacet
  facet normal 0 0 1
    outer loop
      vertex 89.79496064228225 54.99799506994353 26.3
      vertex 90 55.04935475537783 26.3
      vertex 89.79496064228225 65.00200493005647 26.3
    endloop
  endfacet
  facet normal 0 0 -1
    outer loop
      vertex 87.80503935771775 54.99799506994353 29.5
      vertex 87.60000000000001 55.04935475537782 29.5
      vertex 87.80503935771775 65.00200493005647 29.5
    endloop
  endfacet
  facet normal 0 0 -1
    outer loop
      vertex 88.30011258431924 54.924557893971794 29.5
      vertex 87.80503935771775 54.99799506994353 29.5
      vertex 87.80503935771775 65.00200493005647 29.5
    endloop
  endfacet
  facet normal 0 0 -1
    outer loop
      vertex 88.30011258431924 54.924557893971794 29.5
      vertex 88.30011258431924 65.0754421060282 29.5
      vertex 88.8 54.9 29.5
    endloop
  endfacet
  facet normal 0 0 -1
    outer loop
      vertex 88.8 54.9 29.5
      vertex 88.8 65.1 29.5
      vertex 89.29988741568076 54.924557893971794 29.5
    endloop
  endfacet
  facet normal 0 0 -1
    outer loop
      vertex 89.29988741568076 54.924557893971794 29.5
      vertex 89.29988741568076 65.0754421060282 29.5
      vertex 89.79496064228225 54.99799506994353 29.5
    endloop
  endfacet
  facet normal 0 0 -1
    outer loop
      vertex 89.79496064228225 54.99799506994353 29.5
      vertex 90 64.95064524462218 29.5
      vertex 90 55.04935475537783 29.5
    endloop
  endfacet
  facet normal 0 0 1
    outer loop
      vertex 87.80503935771775 54.99799506994353 26.3
      vertex 87.80503935771775 65.00200493005647 26.3
      vertex 87.60000000000001 64.95064524462218 26.3
    endloop
  endfacet
  facet normal 0 0 1
    outer loop
      vertex 87.80503935771775 54.99799506994353 26.3
      vertex 88.30011258431924 65.0754421060282 26.3
      vertex 87.80503935771775 65.00200493005647 26.3
    endloop
  endfacet
  facet normal 0 0 1
    outer loop
      vertex 88.30011258431924 54.924557893971794 26.3
      vertex 88.8 65.1 26.3
      vertex 88.30011258431924 65.0754421060282 26.3
    endloop
  endfacet
  facet normal 0 0 1
    outer loop
      vertex 88.8 54.9 26.3
      vertex 89.29988741568076 65.0754421060282 26.3
      vertex 88.8 65.1 26.3
    endloop
  endfacet
  facet normal 0 0 1
    outer loop
      vertex 89.29988741568076 54.924557893971794 26.3
      vertex 89.79496064228225 65.00200493005647 26.3
      vertex 89.29988741568076 65.0754421060282 26.3
    endloop
  endfacet
  facet normal 0 0 1
    outer loop
      vertex 89.79496064228225 65.00200493005647 26.3
      vertex 90 55.04935475537783 26.3
      vertex 90 64.95064524462218 26.3
    endloop
  endfacet
  facet normal 0.24298017990325682 -0.9700312531945456 -2.7084984667395336e-19
    outer loop
      vertex 87.80503935771775 65.00200493005647 26.3
      vertex 87.60000000000001 64.95064524462218 29.5
      vertex 87.60000000000001 64.95064524462218 26.3
    endloop
  endfacet
  facet normal 0.14673047445537185 -0.9891765099647795 0
    outer loop
      vertex 87.80503935771775 65.00200493005647 26.3
      vertex 88.30011258431924 65.0754421060282 26.3
      vertex 87.80503935771775 65.00200493005647 29.5
    endloop
  endfacet
  facet normal 0.0490676743274037 -0.9987954562051731 0
    outer loop
      vertex 88.30011258431924 65.0754421060282 26.3
      vertex 88.8 65.1 26.3
      vertex 88.30011258431924 65.0754421060282 29.5
    endloop
  endfacet
  facet normal -0.0490676743274037 -0.9987954562051731 0
    outer loop
      vertex 88.8 65.1 26.3
      vertex 89.29988741568076 65.0754421060282 26.3
      vertex 88.8 65.1 29.5
    endloop
  endfacet
  facet normal -0.24298017990324103 -0.9700312531945497 0
    outer loop
      vertex 89.79496064228225 65.00200493005647 26.3
      vertex 90 64.95064524462218 26.3
      vertex 89.79496064228225 65.00200493005647 29.5
    endloop
  endfacet
  facet normal -0.14673047445537185 -0.9891765099647795 0
    outer loop
      vertex 89.29988741568076 65.0754421060282 26.3
      vertex 89.79496064228225 65.00200493005647 26.3
      vertex 89.29988741568076 65.0754421060282 29.5
    endloop
  endfacet
  facet normal 0 0 -1
    outer loop
      vertex 87.80503935771775 65.00200493005647 29.5
      vertex 87.60000000000001 55.04935475537782 29.5
      vertex 87.60000000000001 64.95064524462218 29.5
    endloop
  endfacet
  facet normal 0 0 -1
    outer loop
      vertex 88.30011258431924 54.924557893971794 29.5
      vertex 87.80503935771775 65.00200493005647 29.5
      vertex 88.30011258431924 65.0754421060282 29.5
    endloop
  endfacet
  facet normal 0 0 -1
    outer loop
      vertex 88.8 54.9 29.5
      vertex 88.30011258431924 65.0754421060282 29.5
      vertex 88.8 65.1 29.5
    endloop
  endfacet
  facet normal 0 0 -1
    outer loop
      vertex 89.29988741568076 54.924557893971794 29.5
      vertex 88.8 65.1 29.5
      vertex 89.29988741568076 65.0754421060282 29.5
    endloop
  endfacet
  facet normal 0 0 -1
    outer loop
      vertex 89.79496064228225 54.99799506994353 29.5
      vertex 89.29988741568076 65.0754421060282 29.5
      vertex 89.79496064228225 65.00200493005647 29.5
    endloop
  endfacet
  facet normal 0 0 -1
    outer loop
      vertex 89.79496064228225 54.99799506994353 29.5
      vertex 89.79496064228225 65.00200493005647 29.5
      vertex 90 64.95064524462218 29.5
    endloop
  endfacet
  facet normal 0.24298017990325682 -0.9700312531945456 0
    outer loop
      vertex 87.80503935771775 65.00200493005647 26.3
      vertex 87.80503935771775 65.00200493005647 29.5
      vertex 87.60000000000001 64.95064524462218 29.5
    endloop
  endfacet
  facet normal 0.14673047445537185 -0.9891765099647795 0
    outer loop
      vertex 88.30011258431924 65.0754421060282 26.3
      vertex 88.30011258431924 65.0754421060282 29.5
      vertex 87.80503935771775 65.00200493005647 29.5
    endloop
  endfacet
  facet normal 0.0490676743274037 -0.9987954562051731 0
    outer loop
      vertex 88.8 65.1 26.3
      vertex 88.8 65.1 29.5
      vertex 88.30011258431924 65.0754421060282 29.5
    endloop
  endfacet
  facet normal -0.0490676743274037 -0.9987954562051731 0
    outer loop
      vertex 89.29988741568076 65.0754421060282 26.3
      vertex 89.29988741568076 65.0754421060282 29.5
      vertex 88.8 65.1 29.5
    endloop
  endfacet
  facet normal -0.14673047445537185 -0.9891765099647795 0
    outer loop
      vertex 89.79496064228225 65.00200493005647 26.3
      vertex 89.79496064228225 65.00200493005647 29.5
      vertex 89.29988741568076 65.0754421060282 29.5
    endloop
  endfacet
  facet normal -0.24298017990324103 -0.9700312531945497 9.413963717971495e-19
    outer loop
      vertex 89.79496064228225 65.00200493005647 29.5
      vertex 90 64.95064524462218 26.3
      vertex 90 64.95064524462218 29.5
    endloop
  endfacet
  facet normal 0 0 1
    outer loop
      vertex 39.99799506994353 0.20503935771774595 26.3
      vertex 39.99799506994353 2.194960642282254 26.3
      vertex 39.924557893971794 0.7001125843192408 26.3
    endloop
  endfacet
  facet normal 0 0 1
    outer loop
      vertex 39.924557893971794 0.7001125843192408 26.3
      vertex 39.924557893971794 1.699887415680759 26.3
      vertex 39.9 1.2 26.3
    endloop
  endfacet
  facet normal 0 0 1
    outer loop
      vertex 39.924557893971794 0.7001125843192408 26.3
      vertex 39.99799506994353 2.194960642282254 26.3
      vertex 39.924557893971794 1.699887415680759 26.3
    endloop
  endfacet
  facet normal 0.9700312531945402 0.24298017990327894 4.2026906743573626e-19
    outer loop
      vertex 39.99799506994353 0.20503935771774595 26.3
      vertex 40.04935475537783 0 29.5
      vertex 40.04935475537783 0 26.3
    endloop
  endfacet
  facet normal 0.9891765099647796 0.1467304744553707 -6.448183578074893e-19
    outer loop
      vertex 39.99799506994353 0.20503935771774595 26.3
      vertex 39.924557893971794 0.7001125843192408 26.3
      vertex 39.924557893971794 0.7001125843192408 29.5
    endloop
  endfacet
  facet normal 0.9987954562051724 0.04906767432741798 -3.6187221426313704e-19
    outer loop
      vertex 39.924557893971794 0.7001125843192408 26.3
      vertex 39.9 1.2 26.3
      vertex 39.9 1.2 29.5
    endloop
  endfacet
  facet normal 0.9987954562051724 -0.04906767432741798 3.6187221426313704e-19
    outer loop
      vertex 39.9 1.2 26.3
      vertex 39.924557893971794 1.699887415680759 26.3
      vertex 39.924557893971794 1.699887415680759 29.5
    endloop
  endfacet
  facet normal 0.9891765099647796 -0.14673047445537066 1.4029939607214319e-18
    outer loop
      vertex 39.924557893971794 1.699887415680759 26.3
      vertex 39.99799506994353 2.194960642282254 26.3
      vertex 39.99799506994353 2.194960642282254 29.5
    endloop
  endfacet
  facet normal 0.9700312531945402 -0.24298017990327905 0
    outer loop
      vertex 39.99799506994353 2.194960642282254 26.3
      vertex 40.04935475537783 2.4 26.3
      vertex 39.99799506994353 2.194960642282254 29.5
    endloop
  endfacet
  facet normal 0 0 1
    outer loop
      vertex 39.99799506994353 0.20503935771774595 26.3
      vertex 40.04935475537783 0 26.3
      vertex 49.95064524462217 2.4 26.3
    endloop
  endfacet
  facet normal 0 0 1
    outer loop
      vertex 39.99799506994353 0.20503935771774595 26.3
      vertex 49.95064524462217 2.4 26.3
      vertex 39.99799506994353 2.194960642282254 26.3
    endloop
  endfacet
  facet normal 0 0 1
    outer loop
      vertex 39.99799506994353 2.194960642282254 26.3
      vertex 49.95064524462217 2.4 26.3
      vertex 40.04935475537783 2.4 26.3
    endloop
  endfacet
  facet normal 0.9700312531945402 0.24298017990327894 0
    outer loop
      vertex 39.99799506994353 0.20503935771774595 26.3
      vertex 39.99799506994353 0.20503935771774595 29.5
      vertex 40.04935475537783 0 29.5
    endloop
  endfacet
  facet normal 0.9891765099647796 0.1467304744553707 0
    outer loop
      vertex 39.99799506994353 0.20503935771774595 26.3
      vertex 39.924557893971794 0.7001125843192408 29.5
      vertex 39.99799506994353 0.20503935771774595 29.5
    endloop
  endfacet
  facet normal 0.9987954562051724 0.04906767432741798 0
    outer loop
      vertex 39.924557893971794 0.7001125843192408 26.3
      vertex 39.9 1.2 29.5
      vertex 39.924557893971794 0.7001125843192408 29.5
    endloop
  endfacet
  facet normal 0.9987954562051724 -0.04906767432741798 0
    outer loop
      vertex 39.9 1.2 26.3
      vertex 39.924557893971794 1.699887415680759 29.5
      vertex 39.9 1.2 29.5
    endloop
  endfacet
  facet normal 0.9891765099647796 -0.14673047445537066 0
    outer loop
      vertex 39.924557893971794 1.699887415680759 26.3
      vertex 39.99799506994353 2.194960642282254 29.5
      vertex 39.924557893971794 1.699887415680759 29.5
    endloop
  endfacet
  facet normal 0.9700312531945402 -0.24298017990327905 -1.1563757014233612e-18
    outer loop
      vertex 39.99799506994353 2.194960642282254 29.5
      vertex 40.04935475537783 2.4 26.3
      vertex 40.04935475537783 2.4 29.5
    endloop
  endfacet
  facet normal 0 0 -1
    outer loop
      vertex 39.99799506994353 0.20503935771774595 29.5
      vertex 39.924557893971794 0.7001125843192408 29.5
      vertex 39.924557893971794 1.699887415680759 29.5
    endloop
  endfacet
  facet normal 0 0 -1
    outer loop
      vertex 39.924557893971794 0.7001125843192408 29.5
      vertex 39.9 1.2 29.5
      vertex 39.924557893971794 1.699887415680759 29.5
    endloop
  endfacet
  facet normal 0 0 -1
    outer loop
      vertex 39.99799506994353 0.20503935771774595 29.5
      vertex 39.924557893971794 1.699887415680759 29.5
      vertex 39.99799506994353 2.194960642282254 29.5
    endloop
  endfacet
  facet normal 0 0 -1
    outer loop
      vertex 39.99799506994353 0.20503935771774595 29.5
      vertex 49.95064524462217 0 29.5
      vertex 40.04935475537783 0 29.5
    endloop
  endfacet
  facet normal 0 0 -1
    outer loop
      vertex 39.99799506994353 0.20503935771774595 29.5
      vertex 39.99799506994353 2.194960642282254 29.5
      vertex 49.95064524462217 0 29.5
    endloop
  endfacet
  facet normal 0 0 -1
    outer loop
      vertex 39.99799506994353 2.194960642282254 29.5
      vertex 40.04935475537783 2.4 29.5
      vertex 49.95064524462217 0 29.5
    endloop
  endfacet
  facet normal 0 0 1
    outer loop
      vertex 50.00200493005647 0.20503935771774595 26.3
      vertex 40.04935475537783 0 26.3
      vertex 49.95064524462217 0 26.3
    endloop
  endfacet
  facet normal 0 0 1
    outer loop
      vertex 50.00200493005647 0.20503935771774595 26.3
      vertex 50.00200493005647 2.194960642282254 26.3
      vertex 40.04935475537783 0 26.3
    endloop
  endfacet
  facet normal 0 0 1
    outer loop
      vertex 50.00200493005647 2.194960642282254 26.3
      vertex 49.95064524462217 2.4 26.3
      vertex 40.04935475537783 0 26.3
    endloop
  endfacet
  facet normal 0 0 1
    outer loop
      vertex 50.00200493005647 0.20503935771774595 26.3
      vertex 50.075442106028206 0.7001125843192408 26.3
      vertex 50.075442106028206 1.699887415680759 26.3
    endloop
  endfacet
  facet normal 0 0 1
    outer loop
      vertex 50.075442106028206 0.7001125843192408 26.3
      vertex 50.1 1.2 26.3
      vertex 50.075442106028206 1.699887415680759 26.3
    endloop
  endfacet
  facet normal 0 0 1
    outer loop
      vertex 50.00200493005647 0.20503935771774595 26.3
      vertex 50.075442106028206 1.699887415680759 26.3
      vertex 50.00200493005647 2.194960642282254 26.3
    endloop
  endfacet
  facet normal -0.9700312531945402 0.24298017990327894 0
    outer loop
      vertex 50.00200493005647 0.20503935771774595 26.3
      vertex 49.95064524462217 0 26.3
      vertex 50.00200493005647 0.20503935771774595 29.5
    endloop
  endfacet
  facet normal -0.9891765099647796 0.1467304744553707 0
    outer loop
      vertex 50.00200493005647 0.20503935771774595 26.3
      vertex 50.00200493005647 0.20503935771774595 29.5
      vertex 50.075442106028206 0.7001125843192408 26.3
    endloop
  endfacet
  facet normal -0.9987954562051724 0.04906767432741798 0
    outer loop
      vertex 50.075442106028206 0.7001125843192408 26.3
      vertex 50.075442106028206 0.7001125843192408 29.5
      vertex 50.1 1.2 26.3
    endloop
  endfacet
  facet normal -0.9987954562051724 -0.04906767432741798 0
    outer loop
      vertex 50.1 1.2 26.3
      vertex 50.1 1.2 29.5
      vertex 50.075442106028206 1.699887415680759 26.3
    endloop
  endfacet
  facet normal -0.9891765099647796 -0.14673047445537066 0
    outer loop
      vertex 50.075442106028206 1.699887415680759 26.3
      vertex 50.075442106028206 1.699887415680759 29.5
      vertex 50.00200493005647 2.194960642282254 26.3
    endloop
  endfacet
  facet normal -0.9700312531945402 -0.24298017990327905 1.1563757014233612e-18
    outer loop
      vertex 50.00200493005647 2.194960642282254 26.3
      vertex 49.95064524462217 2.4 29.5
      vertex 49.95064524462217 2.4 26.3
    endloop
  endfacet
  facet normal 0 0 -1
    outer loop
      vertex 50.00200493005647 0.20503935771774595 29.5
      vertex 49.95064524462217 0 29.5
      vertex 40.04935475537783 2.4 29.5
    endloop
  endfacet
  facet normal 0 0 -1
    outer loop
      vertex 50.00200493005647 0.20503935771774595 29.5
      vertex 40.04935475537783 2.4 29.5
      vertex 50.00200493005647 2.194960642282254 29.5
    endloop
  endfacet
  facet normal 0 0 -1
    outer loop
      vertex 50.00200493005647 2.194960642282254 29.5
      vertex 40.04935475537783 2.4 29.5
      vertex 49.95064524462217 2.4 29.5
    endloop
  endfacet
  facet normal -0.9700312531945402 0.24298017990327894 -4.2026906743573626e-19
    outer loop
      vertex 50.00200493005647 0.20503935771774595 29.5
      vertex 49.95064524462217 0 26.3
      vertex 49.95064524462217 0 29.5
    endloop
  endfacet
  facet normal -0.9891765099647796 0.1467304744553707 0
    outer loop
      vertex 50.075442106028206 0.7001125843192408 26.3
      vertex 50.00200493005647 0.20503935771774595 29.5
      vertex 50.075442106028206 0.7001125843192408 29.5
    endloop
  endfacet
  facet normal -0.9987954562051724 0.04906767432741798 0
    outer loop
      vertex 50.1 1.2 26.3
      vertex 50.075442106028206 0.7001125843192408 29.5
      vertex 50.1 1.2 29.5
    endloop
  endfacet
  facet normal -0.9987954562051724 -0.04906767432741798 0
    outer loop
      vertex 50.075442106028206 1.699887415680759 26.3
      vertex 50.1 1.2 29.5
      vertex 50.075442106028206 1.699887415680759 29.5
    endloop
  endfacet
  facet normal -0.9891765099647796 -0.14673047445537066 0
    outer loop
      vertex 50.00200493005647 2.194960642282254 26.3
      vertex 50.075442106028206 1.699887415680759 29.5
      vertex 50.00200493005647 2.194960642282254 29.5
    endloop
  endfacet
  facet normal -0.9700312531945402 -0.24298017990327905 0
    outer loop
      vertex 50.00200493005647 2.194960642282254 26.3
      vertex 50.00200493005647 2.194960642282254 29.5
      vertex 49.95064524462217 2.4 29.5
    endloop
  endfacet
  facet normal 0 0 -1
    outer loop
      vertex 50.00200493005647 0.20503935771774595 29.5
      vertex 50.00200493005647 2.194960642282254 29.5
      vertex 50.075442106028206 0.7001125843192408 29.5
    endloop
  endfacet
  facet normal 0 0 -1
    outer loop
      vertex 50.075442106028206 0.7001125843192408 29.5
      vertex 50.075442106028206 1.699887415680759 29.5
      vertex 50.1 1.2 29.5
    endloop
  endfacet
  facet normal 0 0 -1
    outer loop
      vertex 50.075442106028206 0.7001125843192408 29.5
      vertex 50.00200493005647 2.194960642282254 29.5
      vertex 50.075442106028206 1.699887415680759 29.5
    endloop
  endfacet
  facet normal 0 0 1
    outer loop
      vertex 39.99799506994353 72.80503935771775 26.3
      vertex 39.99799506994353 74.79496064228225 26.3
      vertex 39.924557893971794 73.30011258431924 26.3
    endloop
  endfacet
  facet normal 0 0 1
    outer loop
      vertex 39.924557893971794 73.30011258431924 26.3
      vertex 39.924557893971794 74.29988741568076 26.3
      vertex 39.9 73.8 26.3
    endloop
  endfacet
  facet normal 0 0 1
    outer loop
      vertex 39.924557893971794 73.30011258431924 26.3
      vertex 39.99799506994353 74.79496064228225 26.3
      vertex 39.924557893971794 74.29988741568076 26.3
    endloop
  endfacet
  facet normal 0.9700312531945456 0.24298017990325682 2.7084984667395336e-19
    outer loop
      vertex 39.99799506994353 72.80503935771775 26.3
      vertex 40.04935475537782 72.60000000000001 29.5
      vertex 40.04935475537782 72.60000000000001 26.3
    endloop
  endfacet
  facet normal 0.9891765099647795 0.14673047445537185 -1.0403447980944445e-19
    outer loop
      vertex 39.99799506994353 72.80503935771775 26.3
      vertex 39.924557893971794 73.30011258431924 26.3
      vertex 39.924557893971794 73.30011258431924 29.5
    endloop
  endfacet
  facet normal 0.9987954562051724 0.04906767432741787 -5.540004507444186e-20
    outer loop
      vertex 39.924557893971794 73.30011258431924 26.3
      vertex 39.9 73.8 26.3
      vertex 39.9 73.8 29.5
    endloop
  endfacet
  facet normal 0.9987954562051724 -0.04906767432741787 5.540004507444186e-20
    outer loop
      vertex 39.9 73.8 26.3
      vertex 39.924557893971794 74.29988741568076 26.3
      vertex 39.924557893971794 74.29988741568076 29.5
    endloop
  endfacet
  facet normal 0.9891765099647795 -0.14673047445537185 1.0403447980944445e-19
    outer loop
      vertex 39.924557893971794 74.29988741568076 26.3
      vertex 39.99799506994353 74.79496064228225 26.3
      vertex 39.99799506994353 74.79496064228225 29.5
    endloop
  endfacet
  facet normal 0.9700312531945418 -0.24298017990327264 0
    outer loop
      vertex 39.99799506994353 74.79496064228225 26.3
      vertex 40.04935475537783 75 26.3
      vertex 39.99799506994353 74.79496064228225 29.5
    endloop
  endfacet
  facet normal 0 0 1
    outer loop
      vertex 39.99799506994353 72.80503935771775 26.3
      vertex 40.04935475537782 72.60000000000001 26.3
      vertex 49.95064524462217 75 26.3
    endloop
  endfacet
  facet normal 0 0 1
    outer loop
      vertex 39.99799506994353 72.80503935771775 26.3
      vertex 49.95064524462217 75 26.3
      vertex 39.99799506994353 74.79496064228225 26.3
    endloop
  endfacet
  facet normal 0 0 1
    outer loop
      vertex 39.99799506994353 74.79496064228225 26.3
      vertex 49.95064524462217 75 26.3
      vertex 40.04935475537783 75 26.3
    endloop
  endfacet
  facet normal 0.9700312531945456 0.24298017990325682 0
    outer loop
      vertex 39.99799506994353 72.80503935771775 26.3
      vertex 39.99799506994353 72.80503935771775 29.5
      vertex 40.04935475537782 72.60000000000001 29.5
    endloop
  endfacet
  facet normal 0.9891765099647795 0.14673047445537185 0
    outer loop
      vertex 39.99799506994353 72.80503935771775 26.3
      vertex 39.924557893971794 73.30011258431924 29.5
      vertex 39.99799506994353 72.80503935771775 29.5
    endloop
  endfacet
  facet normal 0.9987954562051724 0.04906767432741787 0
    outer loop
      vertex 39.924557893971794 73.30011258431924 26.3
      vertex 39.9 73.8 29.5
      vertex 39.924557893971794 73.30011258431924 29.5
    endloop
  endfacet
  facet normal 0.9987954562051724 -0.04906767432741787 0
    outer loop
      vertex 39.9 73.8 26.3
      vertex 39.924557893971794 74.29988741568076 29.5
      vertex 39.9 73.8 29.5
    endloop
  endfacet
  facet normal 0.9891765099647795 -0.14673047445537185 0
    outer loop
      vertex 39.924557893971794 74.29988741568076 26.3
      vertex 39.99799506994353 74.79496064228225 29.5
      vertex 39.924557893971794 74.29988741568076 29.5
    endloop
  endfacet
  facet normal 0.9700312531945418 -0.24298017990327264 1.2160141455152894e-18
    outer loop
      vertex 39.99799506994353 74.79496064228225 29.5
      vertex 40.04935475537783 75 26.3
      vertex 40.04935475537783 75 29.5
    endloop
  endfacet
  facet normal 0 0 -1
    outer loop
      vertex 39.99799506994353 72.80503935771775 29.5
      vertex 39.924557893971794 73.30011258431924 29.5
      vertex 39.924557893971794 74.29988741568076 29.5
    endloop
  endfacet
  facet normal 0 0 -1
    outer loop
      vertex 39.924557893971794 73.30011258431924 29.5
      vertex 39.9 73.8 29.5
      vertex 39.924557893971794 74.29988741568076 29.5
    endloop
  endfacet
  facet normal 0 0 -1
    outer loop
      vertex 39.99799506994353 72.80503935771775 29.5
      vertex 39.924557893971794 74.29988741568076 29.5
      vertex 39.99799506994353 74.79496064228225 29.5
    endloop
  endfacet
  facet normal 0 0 -1
    outer loop
      vertex 39.99799506994353 72.80503935771775 29.5
      vertex 49.95064524462218 72.60000000000001 29.5
      vertex 40.04935475537782 72.60000000000001 29.5
    endloop
  endfacet
  facet normal 0 0 -1
    outer loop
      vertex 39.99799506994353 72.80503935771775 29.5
      vertex 39.99799506994353 74.79496064228225 29.5
      vertex 49.95064524462218 72.60000000000001 29.5
    endloop
  endfacet
  facet normal 0 0 -1
    outer loop
      vertex 39.99799506994353 74.79496064228225 29.5
      vertex 40.04935475537783 75 29.5
      vertex 49.95064524462218 72.60000000000001 29.5
    endloop
  endfacet
  facet normal 0 0 1
    outer loop
      vertex 50.00200493005647 72.80503935771775 26.3
      vertex 40.04935475537782 72.60000000000001 26.3
      vertex 49.95064524462218 72.60000000000001 26.3
    endloop
  endfacet
  facet normal 0 0 1
    outer loop
      vertex 50.00200493005647 72.80503935771775 26.3
      vertex 50.00200493005647 74.79496064228225 26.3
      vertex 40.04935475537782 72.60000000000001 26.3
    endloop
  endfacet
  facet normal 0 0 1
    outer loop
      vertex 50.00200493005647 74.79496064228225 26.3
      vertex 49.95064524462217 75 26.3
      vertex 40.04935475537782 72.60000000000001 26.3
    endloop
  endfacet
  facet normal 0 0 1
    outer loop
      vertex 50.00200493005647 72.80503935771775 26.3
      vertex 50.075442106028206 73.30011258431924 26.3
      vertex 50.075442106028206 74.29988741568076 26.3
    endloop
  endfacet
  facet normal 0 0 1
    outer loop
      vertex 50.075442106028206 73.30011258431924 26.3
      vertex 50.1 73.8 26.3
      vertex 50.075442106028206 74.29988741568076 26.3
    endloop
  endfacet
  facet normal 0 0 1
    outer loop
      vertex 50.00200493005647 72.80503935771775 26.3
      vertex 50.075442106028206 74.29988741568076 26.3
      vertex 50.00200493005647 74.79496064228225 26.3
    endloop
  endfacet
  facet normal -0.9700312531945456 0.24298017990325682 0
    outer loop
      vertex 50.00200493005647 72.80503935771775 26.3
      vertex 49.95064524462218 72.60000000000001 26.3
      vertex 50.00200493005647 72.80503935771775 29.5
    endloop
  endfacet
  facet normal -0.9891765099647795 0.14673047445537185 0
    outer loop
      vertex 50.00200493005647 72.80503935771775 26.3
      vertex 50.00200493005647 72.80503935771775 29.5
      vertex 50.075442106028206 73.30011258431924 26.3
    endloop
  endfacet
  facet normal -0.9987954562051724 0.04906767432741787 0
    outer loop
      vertex 50.075442106028206 73.30011258431924 26.3
      vertex 50.075442106028206 73.30011258431924 29.5
      vertex 50.1 73.8 26.3
    endloop
  endfacet
  facet normal -0.9987954562051724 -0.04906767432741787 0
    outer loop
      vertex 50.1 73.8 26.3
      vertex 50.1 73.8 29.5
      vertex 50.075442106028206 74.29988741568076 26.3
    endloop
  endfacet
  facet normal -0.9891765099647795 -0.14673047445537185 0
    outer loop
      vertex 50.075442106028206 74.29988741568076 26.3
      vertex 50.075442106028206 74.29988741568076 29.5
      vertex 50.00200493005647 74.79496064228225 26.3
    endloop
  endfacet
  facet normal -0.9700312531945418 -0.24298017990327264 -1.2160141455152894e-18
    outer loop
      vertex 50.00200493005647 74.79496064228225 26.3
      vertex 49.95064524462217 75 29.5
      vertex 49.95064524462217 75 26.3
    endloop
  endfacet
  facet normal 0 0 -1
    outer loop
      vertex 50.00200493005647 72.80503935771775 29.5
      vertex 49.95064524462218 72.60000000000001 29.5
      vertex 40.04935475537783 75 29.5
    endloop
  endfacet
  facet normal 0 0 -1
    outer loop
      vertex 50.00200493005647 72.80503935771775 29.5
      vertex 40.04935475537783 75 29.5
      vertex 50.00200493005647 74.79496064228225 29.5
    endloop
  endfacet
  facet normal 0 0 -1
    outer loop
      vertex 50.00200493005647 74.79496064228225 29.5
      vertex 40.04935475537783 75 29.5
      vertex 49.95064524462217 75 29.5
    endloop
  endfacet
  facet normal -0.9700312531945456 0.24298017990325682 -2.7084984667395336e-19
    outer loop
      vertex 50.00200493005647 72.80503935771775 29.5
      vertex 49.95064524462218 72.60000000000001 26.3
      vertex 49.95064524462218 72.60000000000001 29.5
    endloop
  endfacet
  facet normal -0.9891765099647795 0.14673047445537185 0
    outer loop
      vertex 50.075442106028206 73.30011258431924 26.3
      vertex 50.00200493005647 72.80503935771775 29.5
      vertex 50.075442106028206 73.30011258431924 29.5
    endloop
  endfacet
  facet normal -0.9987954562051724 0.04906767432741787 0
    outer loop
      vertex 50.1 73.8 26.3
      vertex 50.075442106028206 73.30011258431924 29.5
      vertex 50.1 73.8 29.5
    endloop
  endfacet
  facet normal -0.9987954562051724 -0.04906767432741787 0
    outer loop
      vertex 50.075442106028206 74.29988741568076 26.3
      vertex 50.1 73.8 29.5
      vertex 50.075442106028206 74.29988741568076 29.5
    endloop
  endfacet
  facet normal -0.9891765099647795 -0.14673047445537185 0
    outer loop
      vertex 50.00200493005647 74.79496064228225 26.3
      vertex 50.075442106028206 74.29988741568076 29.5
      vertex 50.00200493005647 74.79496064228225 29.5
    endloop
  endfacet
  facet normal -0.9700312531945418 -0.24298017990327264 0
    outer loop
      vertex 50.00200493005647 74.79496064228225 26.3
      vertex 50.00200493005647 74.79496064228225 29.5
      vertex 49.95064524462217 75 29.5
    endloop
  endfacet
  facet normal 0 0 -1
    outer loop
      vertex 50.00200493005647 72.80503935771775 29.5
      vertex 50.00200493005647 74.79496064228225 29.5
      vertex 50.075442106028206 73.30011258431924 29.5
    endloop
  endfacet
  facet normal 0 0 -1
    outer loop
      vertex 50.075442106028206 73.30011258431924 29.5
      vertex 50.075442106028206 74.29988741568076 29.5
      vertex 50.1 73.8 29.5
    endloop
  endfacet
  facet normal 0 0 -1
    outer loop
      vertex 50.075442106028206 73.30011258431924 29.5
      vertex 50.00200493005647 74.79496064228225 29.5
      vertex 50.075442106028206 74.29988741568076 29.5
    endloop
  endfacet
  facet normal 0.9039892931234527 0.42755509343026243 1.0635632398218791e-19
    outer loop
      vertex 78.47231494260657 6.114413052696009 0
      vertex 78.30448186995486 6.469266270539641 0
      vertex 78.30448186995486 6.469266270539641 30
    endloop
  endfacet
  facet normal 0.8577286100002628 0.5141027441932373 5.324739225287794e-19
    outer loop
      vertex 78.67412155078982 5.777719067921591 0
      vertex 78.47231494260657 6.114413052696009 0
      vertex 78.47231494260657 6.114413052696009 30
    endloop
  endfacet
  facet normal 0.9415440651830167 0.3368898533922313 -2.639780408149387e-19
    outer loop
      vertex 78.30448186995486 6.469266270539641 0
      vertex 78.17223865707116 6.838861290982151 0
      vertex 78.17223865707116 6.838861290982151 30
    endloop
  endfacet
  facet normal 0.9891765099647845 0.1467304744553382 -1.205016101452089e-19
    outer loop
      vertex 78.07685887838707 7.219638711935487 0
      vertex 78.01926109331121 7.607931438681757 0
      vertex 78.01926109331121 7.607931438681757 30
    endloop
  endfacet
  facet normal 0.9987954562051721 0.04906767432742432 -1.7836016194748224e-20
    outer loop
      vertex 78.01926109331121 7.607931438681757 0
      vertex 78 8 0
      vertex 78 8 30
    endloop
  endfacet
  facet normal 0.9700312531945413 0.24298017990327478 4.608777117808869e-20
    outer loop
      vertex 78.17223865707116 6.838861290982151 0
      vertex 78.07685887838707 7.219638711935487 0
      vertex 78.07685887838707 7.219638711935487 30
    endloop
  endfacet
  facet normal 0.9987954562051721 -0.04906767432742443 -3.544196549686391e-20
    outer loop
      vertex 78 8 0
      vertex 78.01926109331121 8.392068561318242 0
      vertex 78.01926109331121 8.392068561318242 30
    endloop
  endfacet
  facet normal 0.9891765099647846 -0.14673047445533755 -2.973215110530233e-20
    outer loop
      vertex 78.01926109331121 8.392068561318242 0
      vertex 78.07685887838707 8.780361288064514 0
      vertex 78.07685887838707 8.780361288064514 30
    endloop
  endfacet
  facet normal 0.9700312531945413 -0.24298017990327478 -4.608777117808869e-20
    outer loop
      vertex 78.07685887838707 8.780361288064514 0
      vertex 78.17223865707116 9.16113870901785 0
      vertex 78.17223865707116 9.16113870901785 30
    endloop
  endfacet
  facet normal 0.9415440651830163 -0.3368898533922328 -2.393775222352692e-19
    outer loop
      vertex 78.17223865707116 9.16113870901785 0
      vertex 78.30448186995486 9.530733729460358 0
      vertex 78.30448186995486 9.530733729460358 30
    endloop
  endfacet
  facet normal 0.9039892931234527 -0.42755509343026243 -1.0635632398218791e-19
    outer loop
      vertex 78.30448186995486 9.530733729460358 0
      vertex 78.47231494260657 9.88558694730399 0
      vertex 78.47231494260657 9.88558694730399 30
    endloop
  endfacet
  facet normal 0.8577286100002633 -0.5141027441932363 5.4654779098904925e-19
    outer loop
      vertex 78.47231494260657 9.88558694730399 0
      vertex 78.67412155078982 10.222280932078409 0
      vertex 78.67412155078982 10.222280932078409 30
    endloop
  endfacet
  facet normal 0.5141027441932257 0.8577286100002697 0
    outer loop
      vertex 79.7777190679216 4.674121550789819 0
      vertex 79.7777190679216 4.674121550789819 30
      vertex 80.11441305269601 4.47231494260658 0
    endloop
  endfacet
  facet normal 0.427555093430288 0.9039892931234406 0
    outer loop
      vertex 80.11441305269601 4.47231494260658 0
      vertex 80.11441305269601 4.47231494260658 30
      vertex 80.46926627053963 4.304481869954853 0
    endloop
  endfacet
  facet normal 0.3368898533922136 0.9415440651830231 0
    outer loop
      vertex 80.46926627053963 4.304481869954853 0
      vertex 80.46926627053963 4.304481869954853 30
      vertex 80.83886129098215 4.172238657071165 0
    endloop
  endfacet
  facet normal 0.14673047445536191 0.989176509964781 0
    outer loop
      vertex 81.21963871193549 4.076858878387078 0
      vertex 81.21963871193549 4.076858878387078 30
      vertex 81.60793143868176 4.019261093311212 0
    endloop
  endfacet
  facet normal 0.24298017990326415 0.9700312531945439 0
    outer loop
      vertex 80.83886129098215 4.172238657071165 0
      vertex 80.83886129098215 4.172238657071165 30
      vertex 81.21963871193549 4.076858878387078 0
    endloop
  endfacet
  facet normal 0.04906767432741788 0.9987954562051723 0
    outer loop
      vertex 81.60793143868176 4.019261093311212 0
      vertex 81.60793143868176 4.019261093311212 30
      vertex 82 4 0
    endloop
  endfacet
  facet normal -0.04906767432741788 0.9987954562051723 0
    outer loop
      vertex 82 4 0
      vertex 82 4 30
      vertex 82.39206856131824 4.019261093311212 0
    endloop
  endfacet
  facet normal -0.14673047445536191 0.989176509964781 0
    outer loop
      vertex 82.39206856131824 4.019261093311212 0
      vertex 82.39206856131824 4.019261093311212 30
      vertex 82.78036128806451 4.076858878387078 0
    endloop
  endfacet
  facet normal -0.24298017990326415 0.9700312531945439 0
    outer loop
      vertex 82.78036128806451 4.076858878387078 0
      vertex 82.78036128806451 4.076858878387078 30
      vertex 83.16113870901785 4.172238657071165 0
    endloop
  endfacet
  facet normal -0.3368898533922136 0.9415440651830231 0
    outer loop
      vertex 83.16113870901785 4.172238657071165 0
      vertex 83.16113870901785 4.172238657071165 30
      vertex 83.53073372946037 4.304481869954853 0
    endloop
  endfacet
  facet normal -0.427555093430288 0.9039892931234406 0
    outer loop
      vertex 83.53073372946037 4.304481869954853 0
      vertex 83.53073372946037 4.304481869954853 30
      vertex 83.88558694730399 4.47231494260658 0
    endloop
  endfacet
  facet normal -0.5141027441932257 0.8577286100002697 0
    outer loop
      vertex 83.88558694730399 4.47231494260658 0
      vertex 83.88558694730399 4.47231494260658 30
      vertex 84.2222809320784 4.674121550789819 0
    endloop
  endfacet
  facet normal 0.671558954847031 0.7409511253549477 -5.259750455534788e-19
    outer loop
      vertex 79.46242686334541 4.9079581865490525 0
      vertex 79.17157287525382 5.17157287525381 0
      vertex 79.17157287525382 5.17157287525381 30
    endloop
  endfacet
  facet normal 0.7409511253549521 0.671558954847026 3.311489816286537e-19
    outer loop
      vertex 79.17157287525382 5.17157287525381 0
      vertex 78.90795818654905 5.462426863345418 0
      vertex 78.90795818654905 5.462426863345418 30
    endloop
  endfacet
  facet normal 0.8032075314806464 0.5956993044924315 -1.1527026144635125e-19
    outer loop
      vertex 78.90795818654905 5.462426863345418 0
      vertex 78.67412155078982 5.777719067921591 0
      vertex 78.67412155078982 5.777719067921591 30
    endloop
  endfacet
  facet normal 0.5956993044924246 0.8032075314806513 0
    outer loop
      vertex 79.46242686334541 4.9079581865490525 0
      vertex 79.46242686334541 4.9079581865490525 30
      vertex 79.7777190679216 4.674121550789819 0
    endloop
  endfacet
  facet normal -0.5956993044924246 0.8032075314806513 0
    outer loop
      vertex 84.2222809320784 4.674121550789819 0
      vertex 84.2222809320784 4.674121550789819 30
      vertex 84.53757313665459 4.9079581865490525 0
    endloop
  endfacet
  facet normal -0.671558954847031 0.7409511253549477 0
    outer loop
      vertex 84.53757313665459 4.9079581865490525 0
      vertex 84.53757313665459 4.9079581865490525 30
      vertex 84.82842712474618 5.17157287525381 0
    endloop
  endfacet
  facet normal -0.7409511253549521 0.671558954847026 0
    outer loop
      vertex 84.82842712474618 5.17157287525381 0
      vertex 84.82842712474618 5.17157287525381 30
      vertex 85.09204181345095 5.462426863345418 0
    endloop
  endfacet
  facet normal -0.8032075314806464 0.5956993044924315 1.1527026144635125e-19
    outer loop
      vertex 85.32587844921018 5.777719067921591 0
      vertex 85.09204181345095 5.462426863345418 0
      vertex 85.09204181345095 5.462426863345418 30
    endloop
  endfacet
  facet normal -0.8577286100002628 0.5141027441932373 -5.324739225287794e-19
    outer loop
      vertex 85.52768505739343 6.114413052696009 0
      vertex 85.32587844921018 5.777719067921591 0
      vertex 85.32587844921018 5.777719067921591 30
    endloop
  endfacet
  facet normal -0.9039892931234527 0.42755509343026243 -1.0635632398218791e-19
    outer loop
      vertex 85.69551813004514 6.469266270539641 0
      vertex 85.52768505739343 6.114413052696009 0
      vertex 85.52768505739343 6.114413052696009 30
    endloop
  endfacet
  facet normal -0.9415440651830167 0.3368898533922313 2.639780408149387e-19
    outer loop
      vertex 85.82776134292884 6.838861290982151 0
      vertex 85.69551813004514 6.469266270539641 0
      vertex 85.69551813004514 6.469266270539641 30
    endloop
  endfacet
  facet normal -0.9700312531945413 0.24298017990327478 -4.608777117808869e-20
    outer loop
      vertex 85.92314112161293 7.219638711935487 0
      vertex 85.82776134292884 6.838861290982151 0
      vertex 85.82776134292884 6.838861290982151 30
    endloop
  endfacet
  facet normal -0.9891765099647845 0.1467304744553382 1.205016101452089e-19
    outer loop
      vertex 85.98073890668879 7.607931438681757 0
      vertex 85.92314112161293 7.219638711935487 0
      vertex 85.92314112161293 7.219638711935487 30
    endloop
  endfacet
  facet normal -0.9987954562051721 0.04906767432742432 1.7836016194748224e-20
    outer loop
      vertex 86 8 0
      vertex 85.98073890668879 7.607931438681757 0
      vertex 85.98073890668879 7.607931438681757 30
    endloop
  endfacet
  facet normal -0.9987954562051721 -0.04906767432742443 3.544196549686391e-20
    outer loop
      vertex 85.98073890668879 8.392068561318242 0
      vertex 86 8 0
      vertex 86 8 30
    endloop
  endfacet
  facet normal -0.9891765099647846 -0.14673047445533755 2.973215110530233e-20
    outer loop
      vertex 85.92314112161293 8.780361288064514 0
      vertex 85.98073890668879 8.392068561318242 0
      vertex 85.98073890668879 8.392068561318242 30
    endloop
  endfacet
  facet normal -0.9700312531945413 -0.24298017990327478 4.608777117808869e-20
    outer loop
      vertex 85.82776134292884 9.16113870901785 0
      vertex 85.92314112161293 8.780361288064514 0
      vertex 85.92314112161293 8.780361288064514 30
    endloop
  endfacet
  facet normal -0.9415440651830163 -0.3368898533922328 2.393775222352692e-19
    outer loop
      vertex 85.69551813004514 9.530733729460358 0
      vertex 85.82776134292884 9.16113870901785 0
      vertex 85.82776134292884 9.16113870901785 30
    endloop
  endfacet
  facet normal 0.803207531480647 -0.5956993044924304 7.466617848485911e-20
    outer loop
      vertex 78.67412155078982 10.222280932078409 0
      vertex 78.90795818654905 10.537573136654583 0
      vertex 78.90795818654905 10.537573136654583 30
    endloop
  endfacet
  facet normal 0.7409511253549511 -0.6715589548470271 -1.7952886939052624e-19
    outer loop
      vertex 78.90795818654905 10.537573136654583 0
      vertex 79.17157287525382 10.82842712474619 0
      vertex 79.17157287525382 10.82842712474619 30
    endloop
  endfacet
  facet normal 0.671558954847031 -0.7409511253549477 0
    outer loop
      vertex 79.46242686334541 11.092041813450948 0
      vertex 79.46242686334541 11.092041813450948 30
      vertex 79.17157287525382 10.82842712474619 0
    endloop
  endfacet
  facet normal 0.5956993044924246 -0.8032075314806513 0
    outer loop
      vertex 79.7777190679216 11.325878449210181 0
      vertex 79.7777190679216 11.325878449210181 30
      vertex 79.46242686334541 11.092041813450948 0
    endloop
  endfacet
  facet normal 0.5141027441932257 -0.8577286100002697 0
    outer loop
      vertex 80.11441305269601 11.52768505739342 0
      vertex 80.11441305269601 11.52768505739342 30
      vertex 79.7777190679216 11.325878449210181 0
    endloop
  endfacet
  facet normal 0.42755509343028986 -0.9039892931234397 0
    outer loop
      vertex 80.46926627053963 11.695518130045148 0
      vertex 80.46926627053963 11.695518130045148 30
      vertex 80.11441305269601 11.52768505739342 0
    endloop
  endfacet
  facet normal 0.33688985339220956 -0.9415440651830246 0
    outer loop
      vertex 80.83886129098215 11.827761342928834 0
      vertex 80.83886129098215 11.827761342928834 30
      vertex 80.46926627053963 11.695518130045148 0
    endloop
  endfacet
  facet normal 0.24298017990326626 -0.9700312531945433 0
    outer loop
      vertex 81.21963871193549 11.923141121612922 0
      vertex 81.21963871193549 11.923141121612922 30
      vertex 80.83886129098215 11.827761342928834 0
    endloop
  endfacet
  facet normal 0.1467304744553641 -0.9891765099647807 0
    outer loop
      vertex 81.60793143868176 11.980738906688789 0
      vertex 81.60793143868176 11.980738906688789 30
      vertex 81.21963871193549 11.923141121612922 0
    endloop
  endfacet
  facet normal -0.42755509343028986 -0.9039892931234397 0
    outer loop
      vertex 83.88558694730399 11.52768505739342 0
      vertex 83.88558694730399 11.52768505739342 30
      vertex 83.53073372946037 11.695518130045148 0
    endloop
  endfacet
  facet normal -0.5141027441932257 -0.8577286100002697 0
    outer loop
      vertex 84.2222809320784 11.325878449210181 0
      vertex 84.2222809320784 11.325878449210181 30
      vertex 83.88558694730399 11.52768505739342 0
    endloop
  endfacet
  facet normal 0.04906767432741563 -0.9987954562051725 0
    outer loop
      vertex 82 12 0
      vertex 82 12 30
      vertex 81.60793143868176 11.980738906688789 0
    endloop
  endfacet
  facet normal -0.04906767432741563 -0.9987954562051725 0
    outer loop
      vertex 82.39206856131824 11.980738906688789 0
      vertex 82.39206856131824 11.980738906688789 30
      vertex 82 12 0
    endloop
  endfacet
  facet normal -0.1467304744553641 -0.9891765099647807 0
    outer loop
      vertex 82.78036128806451 11.923141121612922 0
      vertex 82.78036128806451 11.923141121612922 30
      vertex 82.39206856131824 11.980738906688789 0
    endloop
  endfacet
  facet normal -0.24298017990326626 -0.9700312531945433 0
    outer loop
      vertex 83.16113870901785 11.827761342928834 0
      vertex 83.16113870901785 11.827761342928834 30
      vertex 82.78036128806451 11.923141121612922 0
    endloop
  endfacet
  facet normal -0.33688985339220956 -0.9415440651830246 0
    outer loop
      vertex 83.53073372946037 11.695518130045148 0
      vertex 83.53073372946037 11.695518130045148 30
      vertex 83.16113870901785 11.827761342928834 0
    endloop
  endfacet
  facet normal -0.9039892931234527 -0.42755509343026243 1.0635632398218791e-19
    outer loop
      vertex 85.52768505739343 9.88558694730399 0
      vertex 85.69551813004514 9.530733729460358 0
      vertex 85.69551813004514 9.530733729460358 30
    endloop
  endfacet
  facet normal -0.803207531480647 -0.5956993044924304 -7.466617848485911e-20
    outer loop
      vertex 85.09204181345095 10.537573136654583 0
      vertex 85.32587844921018 10.222280932078409 0
      vertex 85.32587844921018 10.222280932078409 30
    endloop
  endfacet
  facet normal -0.8577286100002633 -0.5141027441932363 -5.4654779098904925e-19
    outer loop
      vertex 85.32587844921018 10.222280932078409 0
      vertex 85.52768505739343 9.88558694730399 0
      vertex 85.52768505739343 9.88558694730399 30
    endloop
  endfacet
  facet normal -0.7409511253549511 -0.6715589548470271 1.7952886939052624e-19
    outer loop
      vertex 84.82842712474618 10.82842712474619 0
      vertex 85.09204181345095 10.537573136654583 0
      vertex 85.09204181345095 10.537573136654583 30
    endloop
  endfacet
  facet normal -0.671558954847031 -0.7409511253549477 0
    outer loop
      vertex 84.82842712474618 10.82842712474619 0
      vertex 84.82842712474618 10.82842712474619 30
      vertex 84.53757313665459 11.092041813450948 0
    endloop
  endfacet
  facet normal -0.5956993044924246 -0.8032075314806513 0
    outer loop
      vertex 84.53757313665459 11.092041813450948 0
      vertex 84.53757313665459 11.092041813450948 30
      vertex 84.2222809320784 11.325878449210181 0
    endloop
  endfacet
  facet normal 0.8577286100002628 0.5141027441932373 0
    outer loop
      vertex 78.67412155078982 5.777719067921591 0
      vertex 78.47231494260657 6.114413052696009 30
      vertex 78.67412155078982 5.777719067921591 30
    endloop
  endfacet
  facet normal 0.9039892931234527 0.42755509343026243 0
    outer loop
      vertex 78.47231494260657 6.114413052696009 0
      vertex 78.30448186995486 6.469266270539641 30
      vertex 78.47231494260657 6.114413052696009 30
    endloop
  endfacet
  facet normal 0.9415440651830167 0.3368898533922313 0
    outer loop
      vertex 78.30448186995486 6.469266270539641 0
      vertex 78.17223865707116 6.838861290982151 30
      vertex 78.30448186995486 6.469266270539641 30
    endloop
  endfacet
  facet normal 0.9700312531945413 0.24298017990327478 0
    outer loop
      vertex 78.17223865707116 6.838861290982151 0
      vertex 78.07685887838707 7.219638711935487 30
      vertex 78.17223865707116 6.838861290982151 30
    endloop
  endfacet
  facet normal 0.9987954562051721 0.04906767432742432 0
    outer loop
      vertex 78.01926109331121 7.607931438681757 0
      vertex 78 8 30
      vertex 78.01926109331121 7.607931438681757 30
    endloop
  endfacet
  facet normal 0.9987954562051721 -0.04906767432742443 0
    outer loop
      vertex 78 8 0
      vertex 78.01926109331121 8.392068561318242 30
      vertex 78 8 30
    endloop
  endfacet
  facet normal 0.9891765099647845 0.1467304744553382 0
    outer loop
      vertex 78.07685887838707 7.219638711935487 0
      vertex 78.01926109331121 7.607931438681757 30
      vertex 78.07685887838707 7.219638711935487 30
    endloop
  endfacet
  facet normal 0.9891765099647846 -0.14673047445533755 0
    outer loop
      vertex 78.01926109331121 8.392068561318242 0
      vertex 78.07685887838707 8.780361288064514 30
      vertex 78.01926109331121 8.392068561318242 30
    endloop
  endfacet
  facet normal 0.9700312531945413 -0.24298017990327478 0
    outer loop
      vertex 78.07685887838707 8.780361288064514 0
      vertex 78.17223865707116 9.16113870901785 30
      vertex 78.07685887838707 8.780361288064514 30
    endloop
  endfacet
  facet normal 0.9415440651830163 -0.3368898533922328 0
    outer loop
      vertex 78.17223865707116 9.16113870901785 0
      vertex 78.30448186995486 9.530733729460358 30
      vertex 78.17223865707116 9.16113870901785 30
    endloop
  endfacet
  facet normal 0.9039892931234527 -0.42755509343026243 0
    outer loop
      vertex 78.30448186995486 9.530733729460358 0
      vertex 78.47231494260657 9.88558694730399 30
      vertex 78.30448186995486 9.530733729460358 30
    endloop
  endfacet
  facet normal 0.8577286100002633 -0.5141027441932363 0
    outer loop
      vertex 78.47231494260657 9.88558694730399 0
      vertex 78.67412155078982 10.222280932078409 30
      vertex 78.47231494260657 9.88558694730399 30
    endloop
  endfacet
  facet normal 0.5141027441932257 0.8577286100002697 0
    outer loop
      vertex 80.11441305269601 4.47231494260658 0
      vertex 79.7777190679216 4.674121550789819 30
      vertex 80.11441305269601 4.47231494260658 30
    endloop
  endfacet
  facet normal 0.427555093430288 0.9039892931234406 0
    outer loop
      vertex 80.46926627053963 4.304481869954853 0
      vertex 80.11441305269601 4.47231494260658 30
      vertex 80.46926627053963 4.304481869954853 30
    endloop
  endfacet
  facet normal 0.3368898533922136 0.9415440651830231 0
    outer loop
      vertex 80.83886129098215 4.172238657071165 0
      vertex 80.46926627053963 4.304481869954853 30
      vertex 80.83886129098215 4.172238657071165 30
    endloop
  endfacet
  facet normal 0.14673047445536191 0.989176509964781 0
    outer loop
      vertex 81.60793143868176 4.019261093311212 0
      vertex 81.21963871193549 4.076858878387078 30
      vertex 81.60793143868176 4.019261093311212 30
    endloop
  endfacet
  facet normal 0.24298017990326415 0.9700312531945439 0
    outer loop
      vertex 81.21963871193549 4.076858878387078 0
      vertex 80.83886129098215 4.172238657071165 30
      vertex 81.21963871193549 4.076858878387078 30
    endloop
  endfacet
  facet normal 0.04906767432741788 0.9987954562051723 0
    outer loop
      vertex 82 4 0
      vertex 81.60793143868176 4.019261093311212 30
      vertex 82 4 30
    endloop
  endfacet
  facet normal -0.04906767432741788 0.9987954562051723 0
    outer loop
      vertex 82.39206856131824 4.019261093311212 0
      vertex 82 4 30
      vertex 82.39206856131824 4.019261093311212 30
    endloop
  endfacet
  facet normal -0.14673047445536191 0.989176509964781 0
    outer loop
      vertex 82.78036128806451 4.076858878387078 0
      vertex 82.39206856131824 4.019261093311212 30
      vertex 82.78036128806451 4.076858878387078 30
    endloop
  endfacet
  facet normal -0.24298017990326415 0.9700312531945439 0
    outer loop
      vertex 83.16113870901785 4.172238657071165 0
      vertex 82.78036128806451 4.076858878387078 30
      vertex 83.16113870901785 4.172238657071165 30
    endloop
  endfacet
  facet normal -0.3368898533922136 0.9415440651830231 0
    outer loop
      vertex 83.53073372946037 4.304481869954853 0
      vertex 83.16113870901785 4.172238657071165 30
      vertex 83.53073372946037 4.304481869954853 30
    endloop
  endfacet
  facet normal -0.427555093430288 0.9039892931234406 0
    outer loop
      vertex 83.88558694730399 4.47231494260658 0
      vertex 83.53073372946037 4.304481869954853 30
      vertex 83.88558694730399 4.47231494260658 30
    endloop
  endfacet
  facet normal -0.5141027441932257 0.8577286100002697 0
    outer loop
      vertex 84.2222809320784 4.674121550789819 0
      vertex 83.88558694730399 4.47231494260658 30
      vertex 84.2222809320784 4.674121550789819 30
    endloop
  endfacet
  facet normal 0.7409511253549521 0.671558954847026 0
    outer loop
      vertex 79.17157287525382 5.17157287525381 0
      vertex 78.90795818654905 5.462426863345418 30
      vertex 79.17157287525382 5.17157287525381 30
    endloop
  endfacet
  facet normal 0.671558954847031 0.7409511253549477 0
    outer loop
      vertex 79.46242686334541 4.9079581865490525 0
      vertex 79.17157287525382 5.17157287525381 30
      vertex 79.46242686334541 4.9079581865490525 30
    endloop
  endfacet
  facet normal 0.8032075314806464 0.5956993044924315 0
    outer loop
      vertex 78.90795818654905 5.462426863345418 0
      vertex 78.67412155078982 5.777719067921591 30
      vertex 78.90795818654905 5.462426863345418 30
    endloop
  endfacet
  facet normal 0.5956993044924246 0.8032075314806513 0
    outer loop
      vertex 79.7777190679216 4.674121550789819 0
      vertex 79.46242686334541 4.9079581865490525 30
      vertex 79.7777190679216 4.674121550789819 30
    endloop
  endfacet
  facet normal -0.5956993044924246 0.8032075314806513 0
    outer loop
      vertex 84.53757313665459 4.9079581865490525 0
      vertex 84.2222809320784 4.674121550789819 30
      vertex 84.53757313665459 4.9079581865490525 30
    endloop
  endfacet
  facet normal -0.671558954847031 0.7409511253549477 0
    outer loop
      vertex 84.82842712474618 5.17157287525381 0
      vertex 84.53757313665459 4.9079581865490525 30
      vertex 84.82842712474618 5.17157287525381 30
    endloop
  endfacet
  facet normal -0.7409511253549521 0.671558954847026 -3.311489816286537e-19
    outer loop
      vertex 84.82842712474618 5.17157287525381 30
      vertex 85.09204181345095 5.462426863345418 30
      vertex 85.09204181345095 5.462426863345418 0
    endloop
  endfacet
  facet normal -0.8032075314806464 0.5956993044924315 1.1527026144635125e-19
    outer loop
      vertex 85.09204181345095 5.462426863345418 30
      vertex 85.32587844921018 5.777719067921591 30
      vertex 85.32587844921018 5.777719067921591 0
    endloop
  endfacet
  facet normal -0.8577286100002628 0.5141027441932373 -5.324739225287794e-19
    outer loop
      vertex 85.32587844921018 5.777719067921591 30
      vertex 85.52768505739343 6.114413052696009 30
      vertex 85.52768505739343 6.114413052696009 0
    endloop
  endfacet
  facet normal -0.9039892931234527 0.42755509343026243 -1.0635632398218791e-19
    outer loop
      vertex 85.52768505739343 6.114413052696009 30
      vertex 85.69551813004514 6.469266270539641 30
      vertex 85.69551813004514 6.469266270539641 0
    endloop
  endfacet
  facet normal -0.9415440651830167 0.3368898533922313 0
    outer loop
      vertex 85.82776134292884 6.838861290982151 0
      vertex 85.69551813004514 6.469266270539641 30
      vertex 85.82776134292884 6.838861290982151 30
    endloop
  endfacet
  facet normal -0.9700312531945413 0.24298017990327478 -4.608777117808869e-20
    outer loop
      vertex 85.82776134292884 6.838861290982151 30
      vertex 85.92314112161293 7.219638711935487 30
      vertex 85.92314112161293 7.219638711935487 0
    endloop
  endfacet
  facet normal -0.9891765099647845 0.1467304744553382 0
    outer loop
      vertex 85.98073890668879 7.607931438681757 0
      vertex 85.92314112161293 7.219638711935487 30
      vertex 85.98073890668879 7.607931438681757 30
    endloop
  endfacet
  facet normal -0.9987954562051721 0.04906767432742432 0
    outer loop
      vertex 86 8 0
      vertex 85.98073890668879 7.607931438681757 30
      vertex 86 8 30
    endloop
  endfacet
  facet normal -0.9987954562051721 -0.04906767432742443 0
    outer loop
      vertex 85.98073890668879 8.392068561318242 0
      vertex 86 8 30
      vertex 85.98073890668879 8.392068561318242 30
    endloop
  endfacet
  facet normal -0.9891765099647846 -0.14673047445533755 0
    outer loop
      vertex 85.92314112161293 8.780361288064514 0
      vertex 85.98073890668879 8.392068561318242 30
      vertex 85.92314112161293 8.780361288064514 30
    endloop
  endfacet
  facet normal -0.9700312531945413 -0.24298017990327478 0
    outer loop
      vertex 85.82776134292884 9.16113870901785 0
      vertex 85.92314112161293 8.780361288064514 30
      vertex 85.82776134292884 9.16113870901785 30
    endloop
  endfacet
  facet normal 0.803207531480647 -0.5956993044924304 0
    outer loop
      vertex 78.67412155078982 10.222280932078409 0
      vertex 78.90795818654905 10.537573136654583 30
      vertex 78.67412155078982 10.222280932078409 30
    endloop
  endfacet
  facet normal 0.7409511253549511 -0.6715589548470271 0
    outer loop
      vertex 78.90795818654905 10.537573136654583 0
      vertex 79.17157287525382 10.82842712474619 30
      vertex 78.90795818654905 10.537573136654583 30
    endloop
  endfacet
  facet normal 0.671558954847031 -0.7409511253549477 0
    outer loop
      vertex 79.17157287525382 10.82842712474619 0
      vertex 79.46242686334541 11.092041813450948 30
      vertex 79.17157287525382 10.82842712474619 30
    endloop
  endfacet
  facet normal 0.5956993044924246 -0.8032075314806513 0
    outer loop
      vertex 79.46242686334541 11.092041813450948 0
      vertex 79.7777190679216 11.325878449210181 30
      vertex 79.46242686334541 11.092041813450948 30
    endloop
  endfacet
  facet normal 0.5141027441932257 -0.8577286100002697 0
    outer loop
      vertex 79.7777190679216 11.325878449210181 0
      vertex 80.11441305269601 11.52768505739342 30
      vertex 79.7777190679216 11.325878449210181 30
    endloop
  endfacet
  facet normal 0.42755509343028986 -0.9039892931234397 0
    outer loop
      vertex 80.11441305269601 11.52768505739342 0
      vertex 80.46926627053963 11.695518130045148 30
      vertex 80.11441305269601 11.52768505739342 30
    endloop
  endfacet
  facet normal 0.33688985339220956 -0.9415440651830246 0
    outer loop
      vertex 80.46926627053963 11.695518130045148 0
      vertex 80.83886129098215 11.827761342928834 30
      vertex 80.46926627053963 11.695518130045148 30
    endloop
  endfacet
  facet normal 0.24298017990326626 -0.9700312531945433 0
    outer loop
      vertex 80.83886129098215 11.827761342928834 0
      vertex 81.21963871193549 11.923141121612922 30
      vertex 80.83886129098215 11.827761342928834 30
    endloop
  endfacet
  facet normal 0.1467304744553641 -0.9891765099647807 0
    outer loop
      vertex 81.21963871193549 11.923141121612922 0
      vertex 81.60793143868176 11.980738906688789 30
      vertex 81.21963871193549 11.923141121612922 30
    endloop
  endfacet
  facet normal -0.42755509343028986 -0.9039892931234397 0
    outer loop
      vertex 83.53073372946037 11.695518130045148 0
      vertex 83.88558694730399 11.52768505739342 30
      vertex 83.53073372946037 11.695518130045148 30
    endloop
  endfacet
  facet normal -0.5141027441932257 -0.8577286100002697 0
    outer loop
      vertex 83.88558694730399 11.52768505739342 0
      vertex 84.2222809320784 11.325878449210181 30
      vertex 83.88558694730399 11.52768505739342 30
    endloop
  endfacet
  facet normal -0.5956993044924246 -0.8032075314806513 0
    outer loop
      vertex 84.2222809320784 11.325878449210181 0
      vertex 84.53757313665459 11.092041813450948 30
      vertex 84.2222809320784 11.325878449210181 30
    endloop
  endfacet
  facet normal 0.04906767432741563 -0.9987954562051725 0
    outer loop
      vertex 81.60793143868176 11.980738906688789 0
      vertex 82 12 30
      vertex 81.60793143868176 11.980738906688789 30
    endloop
  endfacet
  facet normal -0.04906767432741563 -0.9987954562051725 0
    outer loop
      vertex 82 12 0
      vertex 82.39206856131824 11.980738906688789 30
      vertex 82 12 30
    endloop
  endfacet
  facet normal -0.1467304744553641 -0.9891765099647807 0
    outer loop
      vertex 82.39206856131824 11.980738906688789 0
      vertex 82.78036128806451 11.923141121612922 30
      vertex 82.39206856131824 11.980738906688789 30
    endloop
  endfacet
  facet normal -0.24298017990326626 -0.9700312531945433 0
    outer loop
      vertex 82.78036128806451 11.923141121612922 0
      vertex 83.16113870901785 11.827761342928834 30
      vertex 82.78036128806451 11.923141121612922 30
    endloop
  endfacet
  facet normal -0.33688985339220956 -0.9415440651830246 0
    outer loop
      vertex 83.16113870901785 11.827761342928834 0
      vertex 83.53073372946037 11.695518130045148 30
      vertex 83.16113870901785 11.827761342928834 30
    endloop
  endfacet
  facet normal -0.9415440651830163 -0.3368898533922328 0
    outer loop
      vertex 85.69551813004514 9.530733729460358 0
      vertex 85.82776134292884 9.16113870901785 30
      vertex 85.69551813004514 9.530733729460358 30
    endloop
  endfacet
  facet normal -0.9039892931234527 -0.42755509343026243 1.0635632398218791e-19
    outer loop
      vertex 85.69551813004514 9.530733729460358 30
      vertex 85.52768505739343 9.88558694730399 30
      vertex 85.52768505739343 9.88558694730399 0
    endloop
  endfacet
  facet normal -0.8577286100002633 -0.5141027441932363 0
    outer loop
      vertex 85.32587844921018 10.222280932078409 0
      vertex 85.52768505739343 9.88558694730399 30
      vertex 85.32587844921018 10.222280932078409 30
    endloop
  endfacet
  facet normal -0.803207531480647 -0.5956993044924304 -7.466617848485911e-20
    outer loop
      vertex 85.32587844921018 10.222280932078409 30
      vertex 85.09204181345095 10.537573136654583 30
      vertex 85.09204181345095 10.537573136654583 0
    endloop
  endfacet
  facet normal -0.671558954847031 -0.7409511253549477 0
    outer loop
      vertex 84.53757313665459 11.092041813450948 0
      vertex 84.82842712474618 10.82842712474619 30
      vertex 84.53757313665459 11.092041813450948 30
    endloop
  endfacet
  facet normal -0.7409511253549511 -0.6715589548470271 0
    outer loop
      vertex 84.82842712474618 10.82842712474619 0
      vertex 85.09204181345095 10.537573136654583 30
      vertex 84.82842712474618 10.82842712474619 30
    endloop
  endfacet
  facet normal 0 0.4275550934302827 0.903989293123443
    outer loop
      vertex 90 18.585809789522006 12.354236206954935
      vertex 87.60000000000001 18.85194970290473 12.22836140246614
      vertex 87.60000000000001 18.585809789522006 12.354236206954935
    endloop
  endfacet
  facet normal 0 0.5141027441932237 0.8577286100002709
    outer loop
      vertex 90 18.333289300941193 12.505591163092365
      vertex 87.60000000000001 18.585809789522006 12.354236206954935
      vertex 87.60000000000001 18.333289300941193 12.505591163092365
    endloop
  endfacet
  facet normal 0 0.5956993044924332 0.8032075314806448
    outer loop
      vertex 90 18.096820147509064 12.68096863991179
      vertex 87.60000000000001 18.333289300941193 12.505591163092365
      vertex 87.60000000000001 18.096820147509064 12.68096863991179
    endloop
  endfacet
  facet normal 4.476283827284037e-18 0.6715589548470199 0.7409511253549579
    outer loop
      vertex 87.60000000000001 18.096820147509064 12.68096863991179
      vertex 87.60000000000001 17.878679656440358 12.878679656440358
      vertex 90 17.878679656440358 12.878679656440358
    endloop
  endfacet
  facet normal 0 0.7409511253549579 0.6715589548470199
    outer loop
      vertex 90 17.68096863991179 13.096820147509064
      vertex 87.60000000000001 17.878679656440358 12.878679656440358
      vertex 87.60000000000001 17.68096863991179 13.096820147509064
    endloop
  endfacet
  facet normal 0 0.5141027441932237 0.8577286100002709
    outer loop
      vertex 90 18.585809789522006 12.354236206954935
      vertex 87.60000000000001 18.585809789522006 12.354236206954935
      vertex 90 18.333289300941193 12.505591163092365
    endloop
  endfacet
  facet normal 0 0.5956993044924332 0.8032075314806448
    outer loop
      vertex 90 18.333289300941193 12.505591163092365
      vertex 87.60000000000001 18.333289300941193 12.505591163092365
      vertex 90 18.096820147509064 12.68096863991179
    endloop
  endfacet
  facet normal 0 0.6715589548470199 0.7409511253549579
    outer loop
      vertex 90 18.096820147509064 12.68096863991179
      vertex 87.60000000000001 18.096820147509064 12.68096863991179
      vertex 90 17.878679656440358 12.878679656440358
    endloop
  endfacet
  facet normal 4.476283827284037e-18 0.7409511253549579 0.6715589548470199
    outer loop
      vertex 90 17.68096863991179 13.096820147509064
      vertex 90 17.878679656440358 12.878679656440358
      vertex 87.60000000000001 17.878679656440358 12.878679656440358
    endloop
  endfacet
  facet normal 0 0.8032075314806448 0.5956993044924332
    outer loop
      vertex 90 17.505591163092365 13.333289300941193
      vertex 87.60000000000001 17.68096863991179 13.096820147509064
      vertex 87.60000000000001 17.505591163092365 13.333289300941193
    endloop
  endfacet
  facet normal 0 0.8577286100002682 0.514102744193228
    outer loop
      vertex 90 17.354236206954933 13.585809789522006
      vertex 87.60000000000001 17.505591163092365 13.333289300941193
      vertex 87.60000000000001 17.354236206954933 13.585809789522006
    endloop
  endfacet
  facet normal 0 0.9039892931234488 0.42755509343027054
    outer loop
      vertex 90 17.228361402466142 13.851949702904731
      vertex 87.60000000000001 17.354236206954933 13.585809789522006
      vertex 87.60000000000001 17.228361402466142 13.851949702904731
    endloop
  endfacet
  facet normal 0 0.9415440651830205 0.3368898533922206
    outer loop
      vertex 90 17.129178992803375 14.129145968236614
      vertex 87.60000000000001 17.228361402466142 13.851949702904731
      vertex 87.60000000000001 17.129178992803375 14.129145968236614
    endloop
  endfacet
  facet normal 3.245191284208108e-18 0.8577286100002682 0.514102744193228
    outer loop
      vertex 90 17.354236206954933 13.585809789522006
      vertex 90 17.505591163092365 13.333289300941193
      vertex 87.60000000000001 17.505591163092365 13.333289300941193
    endloop
  endfacet
  facet normal -1.4000677086735138e-18 0.9039892931234488 0.42755509343027054
    outer loop
      vertex 90 17.228361402466142 13.851949702904731
      vertex 90 17.354236206954933 13.585809789522006
      vertex 87.60000000000001 17.354236206954933 13.585809789522006
    endloop
  endfacet
  facet normal -7.6124140682264195e-19 0.9415440651830205 0.3368898533922206
    outer loop
      vertex 90 17.129178992803375 14.129145968236614
      vertex 90 17.228361402466142 13.851949702904731
      vertex 87.60000000000001 17.228361402466142 13.851949702904731
    endloop
  endfacet
  facet normal 3.1951375894208343e-18 0.8032075314806448 0.5956993044924332
    outer loop
      vertex 90 17.505591163092365 13.333289300941193
      vertex 90 17.68096863991179 13.096820147509064
      vertex 87.60000000000001 17.68096863991179 13.096820147509064
    endloop
  endfacet
  facet normal 0 0.9700312531945441 0.24298017990326345
    outer loop
      vertex 90 17.05764415879031 14.414729033951616
      vertex 87.60000000000001 17.129178992803375 14.129145968236614
      vertex 87.60000000000001 17.05764415879031 14.414729033951616
    endloop
  endfacet
  facet normal 0 0.9891765099647791 0.14673047445537382
    outer loop
      vertex 90 17.014445819983408 14.705948579011318
      vertex 87.60000000000001 17.05764415879031 14.414729033951616
      vertex 87.60000000000001 17.014445819983408 14.705948579011318
    endloop
  endfacet
  facet normal 0 0.9987954562051727 0.049067674327412325
    outer loop
      vertex 90 17 15
      vertex 87.60000000000001 17.014445819983408 14.705948579011318
      vertex 87.60000000000001 17 15
    endloop
  endfacet
  facet normal 1.230191827848114e-19 0.9700312531945441 0.24298017990326345
    outer loop
      vertex 90 17.05764415879031 14.414729033951616
      vertex 90 17.129178992803375 14.129145968236614
      vertex 87.60000000000001 17.129178992803375 14.129145968236614
    endloop
  endfacet
  facet normal 0 0.9891765099647791 0.14673047445537382
    outer loop
      vertex 90 17.05764415879031 14.414729033951616
      vertex 87.60000000000001 17.05764415879031 14.414729033951616
      vertex 90 17.014445819983408 14.705948579011318
    endloop
  endfacet
  facet normal 6.095255112976721e-19 0.9987954562051727 0.049067674327412325
    outer loop
      vertex 90 17 15
      vertex 90 17.014445819983408 14.705948579011318
      vertex 87.60000000000001 17.014445819983408 14.705948579011318
    endloop
  endfacet
  facet normal 0 0.24298017990326345 0.9700312531945441
    outer loop
      vertex 90 19.129145968236614 12.129178992803373
      vertex 87.60000000000001 19.414729033951616 12.057644158790309
      vertex 87.60000000000001 19.129145968236614 12.129178992803373
    endloop
  endfacet
  facet normal 0 0.1467304744553629 0.9891765099647808
    outer loop
      vertex 90 19.414729033951616 12.057644158790309
      vertex 87.60000000000001 19.705948579011316 12.01444581998341
      vertex 87.60000000000001 19.414729033951616 12.057644158790309
    endloop
  endfacet
  facet normal 0 0.04906767432741805 0.9987954562051724
    outer loop
      vertex 90 19.705948579011316 12.01444581998341
      vertex 87.60000000000001 20 12
      vertex 87.60000000000001 19.705948579011316 12.01444581998341
    endloop
  endfacet
  facet normal 0 -0.04906767432741805 0.9987954562051724
    outer loop
      vertex 90 20 12
      vertex 87.60000000000001 20.294051420988684 12.01444581998341
      vertex 87.60000000000001 20 12
    endloop
  endfacet
  facet normal 0 -0.1467304744553629 0.9891765099647808
    outer loop
      vertex 90 20.294051420988684 12.01444581998341
      vertex 87.60000000000001 20.585270966048384 12.057644158790309
      vertex 87.60000000000001 20.294051420988684 12.01444581998341
    endloop
  endfacet
  facet normal 0 -0.24298017990326345 0.9700312531945441
    outer loop
      vertex 90 20.585270966048384 12.057644158790309
      vertex 87.60000000000001 20.870854031763386 12.129178992803373
      vertex 87.60000000000001 20.585270966048384 12.057644158790309
    endloop
  endfacet
  facet normal 0 -0.3368898533922188 0.9415440651830214
    outer loop
      vertex 90 20.870854031763386 12.129178992803373
      vertex 87.60000000000001 21.14805029709527 12.22836140246614
      vertex 87.60000000000001 20.870854031763386 12.129178992803373
    endloop
  endfacet
  facet normal 0 0.3368898533922188 0.9415440651830214
    outer loop
      vertex 90 19.129145968236614 12.129178992803373
      vertex 87.60000000000001 19.129145968236614 12.129178992803373
      vertex 90 18.85194970290473 12.22836140246614
    endloop
  endfacet
  facet normal 0 0.24298017990326345 0.9700312531945441
    outer loop
      vertex 90 19.414729033951616 12.057644158790309
      vertex 87.60000000000001 19.414729033951616 12.057644158790309
      vertex 90 19.129145968236614 12.129178992803373
    endloop
  endfacet
  facet normal 0 0.1467304744553629 0.9891765099647808
    outer loop
      vertex 90 19.705948579011316 12.01444581998341
      vertex 87.60000000000001 19.705948579011316 12.01444581998341
      vertex 90 19.414729033951616 12.057644158790309
    endloop
  endfacet
  facet normal 0 0.04906767432741805 0.9987954562051724
    outer loop
      vertex 90 20 12
      vertex 87.60000000000001 20 12
      vertex 90 19.705948579011316 12.01444581998341
    endloop
  endfacet
  facet normal 0 -0.04906767432741805 0.9987954562051724
    outer loop
      vertex 90 20.294051420988684 12.01444581998341
      vertex 87.60000000000001 20.294051420988684 12.01444581998341
      vertex 90 20 12
    endloop
  endfacet
  facet normal 0 -0.1467304744553629 0.9891765099647808
    outer loop
      vertex 90 20.585270966048384 12.057644158790309
      vertex 87.60000000000001 20.585270966048384 12.057644158790309
      vertex 90 20.294051420988684 12.01444581998341
    endloop
  endfacet
  facet normal -1.230191827848114e-19 -0.24298017990326345 0.9700312531945441
    outer loop
      vertex 90 20.585270966048384 12.057644158790309
      vertex 90 20.870854031763386 12.129178992803373
      vertex 87.60000000000001 20.870854031763386 12.129178992803373
    endloop
  endfacet
  facet normal 0 0.3368898533922188 0.9415440651830214
    outer loop
      vertex 90 18.85194970290473 12.22836140246614
      vertex 87.60000000000001 19.129145968236614 12.129178992803373
      vertex 87.60000000000001 18.85194970290473 12.22836140246614
    endloop
  endfacet
  facet normal 0 0.4275550934302827 0.903989293123443
    outer loop
      vertex 90 18.85194970290473 12.22836140246614
      vertex 87.60000000000001 18.85194970290473 12.22836140246614
      vertex 90 18.585809789522006 12.354236206954935
    endloop
  endfacet
  facet normal -3.121666851891601e-19 -0.3368898533922188 0.9415440651830214
    outer loop
      vertex 90 20.870854031763386 12.129178992803373
      vertex 90 21.14805029709527 12.22836140246614
      vertex 87.60000000000001 21.14805029709527 12.22836140246614
    endloop
  endfacet
  facet normal 0 -0.4275550934302827 0.903989293123443
    outer loop
      vertex 90 21.14805029709527 12.22836140246614
      vertex 87.60000000000001 21.414190210477994 12.354236206954935
      vertex 87.60000000000001 21.14805029709527 12.22836140246614
    endloop
  endfacet
  facet normal 0 -0.5141027441932237 0.8577286100002709
    outer loop
      vertex 90 21.414190210477994 12.354236206954935
      vertex 87.60000000000001 21.666710699058807 12.505591163092365
      vertex 87.60000000000001 21.414190210477994 12.354236206954935
    endloop
  endfacet
  facet normal 0 -0.5956993044924332 0.8032075314806448
    outer loop
      vertex 90 21.666710699058807 12.505591163092365
      vertex 87.60000000000001 21.903179852490936 12.68096863991179
      vertex 87.60000000000001 21.666710699058807 12.505591163092365
    endloop
  endfacet
  facet normal 0 -0.6715589548470199 0.7409511253549579
    outer loop
      vertex 90 21.903179852490936 12.68096863991179
      vertex 87.60000000000001 22.121320343559642 12.878679656440358
      vertex 87.60000000000001 21.903179852490936 12.68096863991179
    endloop
  endfacet
  facet normal 0 -0.7409511253549579 0.6715589548470199
    outer loop
      vertex 87.60000000000001 22.121320343559642 12.878679656440358
      vertex 90 22.121320343559642 12.878679656440358
      vertex 87.60000000000001 22.31903136008821 13.096820147509064
    endloop
  endfacet
  facet normal 0 -0.4275550934302827 0.903989293123443
    outer loop
      vertex 90 21.414190210477994 12.354236206954935
      vertex 87.60000000000001 21.414190210477994 12.354236206954935
      vertex 90 21.14805029709527 12.22836140246614
    endloop
  endfacet
  facet normal 0 -0.5141027441932237 0.8577286100002709
    outer loop
      vertex 90 21.666710699058807 12.505591163092365
      vertex 87.60000000000001 21.666710699058807 12.505591163092365
      vertex 90 21.414190210477994 12.354236206954935
    endloop
  endfacet
  facet normal 0 -0.5956993044924332 0.8032075314806448
    outer loop
      vertex 90 21.903179852490936 12.68096863991179
      vertex 87.60000000000001 21.903179852490936 12.68096863991179
      vertex 90 21.666710699058807 12.505591163092365
    endloop
  endfacet
  facet normal 0 -0.6715589548470199 0.7409511253549579
    outer loop
      vertex 90 22.121320343559642 12.878679656440358
      vertex 87.60000000000001 22.121320343559642 12.878679656440358
      vertex 90 21.903179852490936 12.68096863991179
    endloop
  endfacet
  facet normal -4.476283827284037e-18 -0.7409511253549579 0.6715589548470199
    outer loop
      vertex 90 22.121320343559642 12.878679656440358
      vertex 90 22.31903136008821 13.096820147509064
      vertex 87.60000000000001 22.31903136008821 13.096820147509064
    endloop
  endfacet
  facet normal 0 -0.8032075314806448 0.5956993044924332
    outer loop
      vertex 87.60000000000001 22.31903136008821 13.096820147509064
      vertex 90 22.31903136008821 13.096820147509064
      vertex 87.60000000000001 22.494408836907635 13.333289300941193
    endloop
  endfacet
  facet normal 0 -0.8577286100002682 0.514102744193228
    outer loop
      vertex 90 22.494408836907635 13.333289300941193
      vertex 87.60000000000001 22.645763793045067 13.585809789522006
      vertex 87.60000000000001 22.494408836907635 13.333289300941193
    endloop
  endfacet
  facet normal 0 -0.9039892931234488 0.42755509343027054
    outer loop
      vertex 87.60000000000001 22.645763793045067 13.585809789522006
      vertex 90 22.645763793045067 13.585809789522006
      vertex 87.60000000000001 22.771638597533858 13.851949702904731
    endloop
  endfacet
  facet normal 0 -0.9415440651830205 0.3368898533922206
    outer loop
      vertex 90 22.771638597533858 13.851949702904731
      vertex 87.60000000000001 22.870821007196625 14.129145968236614
      vertex 87.60000000000001 22.771638597533858 13.851949702904731
    endloop
  endfacet
  facet normal -3.1951375894208343e-18 -0.8032075314806448 0.5956993044924332
    outer loop
      vertex 90 22.31903136008821 13.096820147509064
      vertex 90 22.494408836907635 13.333289300941193
      vertex 87.60000000000001 22.494408836907635 13.333289300941193
    endloop
  endfacet
  facet normal -3.245191284208108e-18 -0.8577286100002682 0.514102744193228
    outer loop
      vertex 90 22.494408836907635 13.333289300941193
      vertex 90 22.645763793045067 13.585809789522006
      vertex 87.60000000000001 22.645763793045067 13.585809789522006
    endloop
  endfacet
  facet normal 1.4000677086735138e-18 -0.9039892931234488 0.42755509343027054
    outer loop
      vertex 90 22.645763793045067 13.585809789522006
      vertex 90 22.771638597533858 13.851949702904731
      vertex 87.60000000000001 22.771638597533858 13.851949702904731
    endloop
  endfacet
  facet normal 7.6124140682264195e-19 -0.9415440651830205 0.3368898533922206
    outer loop
      vertex 90 22.771638597533858 13.851949702904731
      vertex 90 22.870821007196625 14.129145968236614
      vertex 87.60000000000001 22.870821007196625 14.129145968236614
    endloop
  endfacet
  facet normal 0 -0.9700312531945441 0.24298017990326345
    outer loop
      vertex 87.60000000000001 22.870821007196625 14.129145968236614
      vertex 90 22.870821007196625 14.129145968236614
      vertex 87.60000000000001 22.94235584120969 14.414729033951616
    endloop
  endfacet
  facet normal 0 -0.9891765099647791 0.14673047445537382
    outer loop
      vertex 90 22.94235584120969 14.414729033951616
      vertex 87.60000000000001 22.985554180016592 14.705948579011318
      vertex 87.60000000000001 22.94235584120969 14.414729033951616
    endloop
  endfacet
  facet normal 0 -0.9987954562051727 0.049067674327412325
    outer loop
      vertex 87.60000000000001 22.985554180016592 14.705948579011318
      vertex 90 22.985554180016592 14.705948579011318
      vertex 87.60000000000001 23 15
    endloop
  endfacet
  facet normal -1.230191827848114e-19 -0.9700312531945441 0.24298017990326345
    outer loop
      vertex 90 22.870821007196625 14.129145968236614
      vertex 90 22.94235584120969 14.414729033951616
      vertex 87.60000000000001 22.94235584120969 14.414729033951616
    endloop
  endfacet
  facet normal -1.1557414992664642e-18 -0.9891765099647791 0.14673047445537382
    outer loop
      vertex 90 22.94235584120969 14.414729033951616
      vertex 90 22.985554180016592 14.705948579011318
      vertex 87.60000000000001 22.985554180016592 14.705948579011318
    endloop
  endfacet
  facet normal 0 -0.9987954562051727 0.049067674327412325
    outer loop
      vertex 90 23 15
      vertex 87.60000000000001 23 15
      vertex 90 22.985554180016592 14.705948579011318
    endloop
  endfacet
  facet normal 0 0.9987954562051727 -0.049067674327412325
    outer loop
      vertex 90 17.014445819983408 15.294051420988682
      vertex 87.60000000000001 17 15
      vertex 87.60000000000001 17.014445819983408 15.294051420988682
    endloop
  endfacet
  facet normal 0 0.9891765099647791 -0.14673047445537382
    outer loop
      vertex 90 17.05764415879031 15.585270966048384
      vertex 87.60000000000001 17.014445819983408 15.294051420988682
      vertex 87.60000000000001 17.05764415879031 15.585270966048384
    endloop
  endfacet
  facet normal 0 0.9700312531945441 -0.24298017990326345
    outer loop
      vertex 90 17.129178992803375 15.870854031763386
      vertex 87.60000000000001 17.05764415879031 15.585270966048384
      vertex 87.60000000000001 17.129178992803375 15.870854031763386
    endloop
  endfacet
  facet normal -6.095255112976721e-19 0.9987954562051727 -0.049067674327412325
    outer loop
      vertex 90 17.014445819983408 15.294051420988682
      vertex 90 17 15
      vertex 87.60000000000001 17 15
    endloop
  endfacet
  facet normal 0 0.9891765099647791 -0.14673047445537382
    outer loop
      vertex 90 17.014445819983408 15.294051420988682
      vertex 87.60000000000001 17.014445819983408 15.294051420988682
      vertex 90 17.05764415879031 15.585270966048384
    endloop
  endfacet
  facet normal -1.230191827848114e-19 0.9700312531945441 -0.24298017990326345
    outer loop
      vertex 90 17.129178992803375 15.870854031763386
      vertex 90 17.05764415879031 15.585270966048384
      vertex 87.60000000000001 17.05764415879031 15.585270966048384
    endloop
  endfacet
  facet normal 0 0.9415440651830214 -0.3368898533922188
    outer loop
      vertex 90 17.228361402466142 16.14805029709527
      vertex 87.60000000000001 17.129178992803375 15.870854031763386
      vertex 87.60000000000001 17.228361402466142 16.14805029709527
    endloop
  endfacet
  facet normal 0 0.9039892931234477 -0.4275550934302728
    outer loop
      vertex 90 17.354236206954933 16.414190210477994
      vertex 87.60000000000001 17.228361402466142 16.14805029709527
      vertex 87.60000000000001 17.354236206954933 16.414190210477994
    endloop
  endfacet
  facet normal 0 0.8577286100002682 -0.514102744193228
    outer loop
      vertex 90 17.505591163092365 16.666710699058807
      vertex 87.60000000000001 17.354236206954933 16.414190210477994
      vertex 87.60000000000001 17.505591163092365 16.666710699058807
    endloop
  endfacet
  facet normal 0 0.8032075314806448 -0.5956993044924332
    outer loop
      vertex 90 17.68096863991179 16.903179852490936
      vertex 87.60000000000001 17.505591163092365 16.666710699058807
      vertex 87.60000000000001 17.68096863991179 16.903179852490936
    endloop
  endfacet
  facet normal -3.121666851891601e-19 0.9415440651830214 -0.3368898533922188
    outer loop
      vertex 90 17.228361402466142 16.14805029709527
      vertex 90 17.129178992803375 15.870854031763386
      vertex 87.60000000000001 17.129178992803375 15.870854031763386
    endloop
  endfacet
  facet normal -7.992260871225914e-19 0.9039892931234477 -0.4275550934302728
    outer loop
      vertex 90 17.354236206954933 16.414190210477994
      vertex 90 17.228361402466142 16.14805029709527
      vertex 87.60000000000001 17.228361402466142 16.14805029709527
    endloop
  endfacet
  facet normal -3.245191284208108e-18 0.8577286100002682 -0.514102744193228
    outer loop
      vertex 90 17.505591163092365 16.666710699058807
      vertex 90 17.354236206954933 16.414190210477994
      vertex 87.60000000000001 17.354236206954933 16.414190210477994
    endloop
  endfacet
  facet normal -3.1951375894208343e-18 0.8032075314806448 -0.5956993044924332
    outer loop
      vertex 90 17.68096863991179 16.903179852490936
      vertex 90 17.505591163092365 16.666710699058807
      vertex 87.60000000000001 17.505591163092365 16.666710699058807
    endloop
  endfacet
  facet normal 0 0.7409511253549579 -0.6715589548470199
    outer loop
      vertex 90 17.878679656440358 17.121320343559642
      vertex 87.60000000000001 17.68096863991179 16.903179852490936
      vertex 87.60000000000001 17.878679656440358 17.121320343559642
    endloop
  endfacet
  facet normal -4.476283827284037e-18 0.6715589548470199 -0.7409511253549579
    outer loop
      vertex 87.60000000000001 17.878679656440358 17.121320343559642
      vertex 87.60000000000001 18.096820147509064 17.31903136008821
      vertex 90 18.096820147509064 17.31903136008821
    endloop
  endfacet
  facet normal 0 0.5956993044924332 -0.8032075314806448
    outer loop
      vertex 90 18.333289300941193 17.494408836907635
      vertex 87.60000000000001 18.096820147509064 17.31903136008821
      vertex 87.60000000000001 18.333289300941193 17.494408836907635
    endloop
  endfacet
  facet normal 0 0.514102744193228 -0.8577286100002682
    outer loop
      vertex 90 18.585809789522006 17.645763793045067
      vertex 87.60000000000001 18.333289300941193 17.494408836907635
      vertex 87.60000000000001 18.585809789522006 17.645763793045067
    endloop
  endfacet
  facet normal -4.476283827284037e-18 0.7409511253549579 -0.6715589548470199
    outer loop
      vertex 90 17.878679656440358 17.121320343559642
      vertex 90 17.68096863991179 16.903179852490936
      vertex 87.60000000000001 17.68096863991179 16.903179852490936
    endloop
  endfacet
  facet normal 0 0.6715589548470199 -0.7409511253549579
    outer loop
      vertex 90 17.878679656440358 17.121320343559642
      vertex 87.60000000000001 17.878679656440358 17.121320343559642
      vertex 90 18.096820147509064 17.31903136008821
    endloop
  endfacet
  facet normal 0 0.5956993044924332 -0.8032075314806448
    outer loop
      vertex 90 18.096820147509064 17.31903136008821
      vertex 87.60000000000001 18.096820147509064 17.31903136008821
      vertex 90 18.333289300941193 17.494408836907635
    endloop
  endfacet
  facet normal 0 0.514102744193228 -0.8577286100002682
    outer loop
      vertex 90 18.333289300941193 17.494408836907635
      vertex 87.60000000000001 18.333289300941193 17.494408836907635
      vertex 90 18.585809789522006 17.645763793045067
    endloop
  endfacet
  facet normal 0 0.4275550934302728 -0.9039892931234477
    outer loop
      vertex 90 18.585809789522006 17.645763793045067
      vertex 87.60000000000001 18.585809789522006 17.645763793045067
      vertex 90 18.85194970290473 17.771638597533858
    endloop
  endfacet
  facet normal 0 -0.9987954562051727 -0.049067674327412325
    outer loop
      vertex 87.60000000000001 23 15
      vertex 90 23 15
      vertex 87.60000000000001 22.985554180016592 15.294051420988682
    endloop
  endfacet
  facet normal 0 -0.9891765099647791 -0.14673047445537382
    outer loop
      vertex 90 22.985554180016592 15.294051420988682
      vertex 87.60000000000001 22.94235584120969 15.585270966048384
      vertex 87.60000000000001 22.985554180016592 15.294051420988682
    endloop
  endfacet
  facet normal 0 -0.9700312531945441 -0.24298017990326345
    outer loop
      vertex 90 22.94235584120969 15.585270966048384
      vertex 87.60000000000001 22.870821007196625 15.870854031763386
      vertex 87.60000000000001 22.94235584120969 15.585270966048384
    endloop
  endfacet
  facet normal 6.095255112976721e-19 -0.9987954562051727 -0.049067674327412325
    outer loop
      vertex 90 23 15
      vertex 90 22.985554180016592 15.294051420988682
      vertex 87.60000000000001 22.985554180016592 15.294051420988682
    endloop
  endfacet
  facet normal 1.1557414992664642e-18 -0.9891765099647791 -0.14673047445537382
    outer loop
      vertex 90 22.985554180016592 15.294051420988682
      vertex 90 22.94235584120969 15.585270966048384
      vertex 87.60000000000001 22.94235584120969 15.585270966048384
    endloop
  endfacet
  facet normal 1.230191827848114e-19 -0.9700312531945441 -0.24298017990326345
    outer loop
      vertex 90 22.94235584120969 15.585270966048384
      vertex 90 22.870821007196625 15.870854031763386
      vertex 87.60000000000001 22.870821007196625 15.870854031763386
    endloop
  endfacet
  facet normal 0 -0.9415440651830214 -0.3368898533922188
    outer loop
      vertex 87.60000000000001 22.870821007196625 15.870854031763386
      vertex 90 22.870821007196625 15.870854031763386
      vertex 87.60000000000001 22.771638597533858 16.14805029709527
    endloop
  endfacet
  facet normal 0 -0.9039892931234477 -0.4275550934302728
    outer loop
      vertex 90 22.771638597533858 16.14805029709527
      vertex 87.60000000000001 22.645763793045067 16.414190210477994
      vertex 87.60000000000001 22.771638597533858 16.14805029709527
    endloop
  endfacet
  facet normal 0 -0.8577286100002682 -0.514102744193228
    outer loop
      vertex 87.60000000000001 22.645763793045067 16.414190210477994
      vertex 90 22.645763793045067 16.414190210477994
      vertex 87.60000000000001 22.494408836907635 16.666710699058807
    endloop
  endfacet
  facet normal 0 -0.8032075314806448 -0.5956993044924332
    outer loop
      vertex 90 22.494408836907635 16.666710699058807
      vertex 87.60000000000001 22.31903136008821 16.903179852490936
      vertex 87.60000000000001 22.494408836907635 16.666710699058807
    endloop
  endfacet
  facet normal 3.121666851891601e-19 -0.9415440651830214 -0.3368898533922188
    outer loop
      vertex 90 22.870821007196625 15.870854031763386
      vertex 90 22.771638597533858 16.14805029709527
      vertex 87.60000000000001 22.771638597533858 16.14805029709527
    endloop
  endfacet
  facet normal 7.992260871225914e-19 -0.9039892931234477 -0.4275550934302728
    outer loop
      vertex 90 22.771638597533858 16.14805029709527
      vertex 90 22.645763793045067 16.414190210477994
      vertex 87.60000000000001 22.645763793045067 16.414190210477994
    endloop
  endfacet
  facet normal 3.245191284208108e-18 -0.8577286100002682 -0.514102744193228
    outer loop
      vertex 90 22.645763793045067 16.414190210477994
      vertex 90 22.494408836907635 16.666710699058807
      vertex 87.60000000000001 22.494408836907635 16.666710699058807
    endloop
  endfacet
  facet normal 3.1951375894208343e-18 -0.8032075314806448 -0.5956993044924332
    outer loop
      vertex 90 22.494408836907635 16.666710699058807
      vertex 90 22.31903136008821 16.903179852490936
      vertex 87.60000000000001 22.31903136008821 16.903179852490936
    endloop
  endfacet
  facet normal 0 0.4275550934302728 -0.9039892931234477
    outer loop
      vertex 90 18.85194970290473 17.771638597533858
      vertex 87.60000000000001 18.585809789522006 17.645763793045067
      vertex 87.60000000000001 18.85194970290473 17.771638597533858
    endloop
  endfacet
  facet normal 0 -0.3368898533922188 -0.9415440651830214
    outer loop
      vertex 90 21.14805029709527 17.771638597533858
      vertex 87.60000000000001 20.870854031763386 17.870821007196625
      vertex 87.60000000000001 21.14805029709527 17.771638597533858
    endloop
  endfacet
  facet normal 0 0.3368898533922188 -0.9415440651830214
    outer loop
      vertex 90 18.85194970290473 17.771638597533858
      vertex 87.60000000000001 18.85194970290473 17.771638597533858
      vertex 90 19.129145968236614 17.870821007196625
    endloop
  endfacet
  facet normal 0 0.3368898533922188 -0.9415440651830214
    outer loop
      vertex 90 19.129145968236614 17.870821007196625
      vertex 87.60000000000001 18.85194970290473 17.771638597533858
      vertex 87.60000000000001 19.129145968236614 17.870821007196625
    endloop
  endfacet
  facet normal -1.230191827848114e-19 0.24298017990326345 -0.9700312531945441
    outer loop
      vertex 87.60000000000001 19.129145968236614 17.870821007196625
      vertex 87.60000000000001 19.414729033951616 17.94235584120969
      vertex 90 19.414729033951616 17.94235584120969
    endloop
  endfacet
  facet normal 0 0.1467304744553747 -0.989176509964779
    outer loop
      vertex 90 19.705948579011316 17.985554180016592
      vertex 87.60000000000001 19.414729033951616 17.94235584120969
      vertex 87.60000000000001 19.705948579011316 17.985554180016592
    endloop
  endfacet
  facet normal 0 0.049067674327412034 -0.9987954562051727
    outer loop
      vertex 90 20 18
      vertex 87.60000000000001 19.705948579011316 17.985554180016592
      vertex 87.60000000000001 20 18
    endloop
  endfacet
  facet normal 0 -0.049067674327412034 -0.9987954562051727
    outer loop
      vertex 90 20.294051420988684 17.985554180016592
      vertex 87.60000000000001 20 18
      vertex 87.60000000000001 20.294051420988684 17.985554180016592
    endloop
  endfacet
  facet normal 0 -0.1467304744553747 -0.989176509964779
    outer loop
      vertex 90 20.585270966048384 17.94235584120969
      vertex 87.60000000000001 20.294051420988684 17.985554180016592
      vertex 87.60000000000001 20.585270966048384 17.94235584120969
    endloop
  endfacet
  facet normal 0 -0.24298017990326345 -0.9700312531945441
    outer loop
      vertex 90 20.870854031763386 17.870821007196625
      vertex 87.60000000000001 20.585270966048384 17.94235584120969
      vertex 87.60000000000001 20.870854031763386 17.870821007196625
    endloop
  endfacet
  facet normal 0 0.24298017990326345 -0.9700312531945441
    outer loop
      vertex 90 19.129145968236614 17.870821007196625
      vertex 87.60000000000001 19.129145968236614 17.870821007196625
      vertex 90 19.414729033951616 17.94235584120969
    endloop
  endfacet
  facet normal 0 0.1467304744553747 -0.989176509964779
    outer loop
      vertex 90 19.414729033951616 17.94235584120969
      vertex 87.60000000000001 19.414729033951616 17.94235584120969
      vertex 90 19.705948579011316 17.985554180016592
    endloop
  endfacet
  facet normal 0 0.049067674327412034 -0.9987954562051727
    outer loop
      vertex 90 19.705948579011316 17.985554180016592
      vertex 87.60000000000001 19.705948579011316 17.985554180016592
      vertex 90 20 18
    endloop
  endfacet
  facet normal 0 -0.049067674327412034 -0.9987954562051727
    outer loop
      vertex 90 20 18
      vertex 87.60000000000001 20 18
      vertex 90 20.294051420988684 17.985554180016592
    endloop
  endfacet
  facet normal 0 -0.1467304744553747 -0.989176509964779
    outer loop
      vertex 90 20.294051420988684 17.985554180016592
      vertex 87.60000000000001 20.294051420988684 17.985554180016592
      vertex 90 20.585270966048384 17.94235584120969
    endloop
  endfacet
  facet normal 0 -0.24298017990326345 -0.9700312531945441
    outer loop
      vertex 90 20.585270966048384 17.94235584120969
      vertex 87.60000000000001 20.585270966048384 17.94235584120969
      vertex 90 20.870854031763386 17.870821007196625
    endloop
  endfacet
  facet normal 3.121666851891601e-19 -0.3368898533922188 -0.9415440651830214
    outer loop
      vertex 90 21.14805029709527 17.771638597533858
      vertex 90 20.870854031763386 17.870821007196625
      vertex 87.60000000000001 20.870854031763386 17.870821007196625
    endloop
  endfacet
  facet normal 0 -0.7409511253549579 -0.6715589548470199
    outer loop
      vertex 87.60000000000001 22.31903136008821 16.903179852490936
      vertex 90 22.31903136008821 16.903179852490936
      vertex 87.60000000000001 22.121320343559642 17.121320343559642
    endloop
  endfacet
  facet normal 0 -0.6715589548470199 -0.7409511253549579
    outer loop
      vertex 90 22.121320343559642 17.121320343559642
      vertex 87.60000000000001 21.903179852490936 17.31903136008821
      vertex 87.60000000000001 22.121320343559642 17.121320343559642
    endloop
  endfacet
  facet normal 0 -0.514102744193228 -0.8577286100002682
    outer loop
      vertex 90 21.666710699058807 17.494408836907635
      vertex 87.60000000000001 21.414190210477994 17.645763793045067
      vertex 87.60000000000001 21.666710699058807 17.494408836907635
    endloop
  endfacet
  facet normal 0 -0.4275550934302728 -0.9039892931234477
    outer loop
      vertex 90 21.414190210477994 17.645763793045067
      vertex 87.60000000000001 21.14805029709527 17.771638597533858
      vertex 87.60000000000001 21.414190210477994 17.645763793045067
    endloop
  endfacet
  facet normal 3.1951375894208343e-18 -0.5956993044924332 -0.8032075314806448
    outer loop
      vertex 87.60000000000001 21.666710699058807 17.494408836907635
      vertex 87.60000000000001 21.903179852490936 17.31903136008821
      vertex 90 21.903179852490936 17.31903136008821
    endloop
  endfacet
  facet normal 4.476283827284037e-18 -0.7409511253549579 -0.6715589548470199
    outer loop
      vertex 90 22.31903136008821 16.903179852490936
      vertex 90 22.121320343559642 17.121320343559642
      vertex 87.60000000000001 22.121320343559642 17.121320343559642
    endloop
  endfacet
  facet normal 0 -0.6715589548470199 -0.7409511253549579
    outer loop
      vertex 90 21.903179852490936 17.31903136008821
      vertex 87.60000000000001 21.903179852490936 17.31903136008821
      vertex 90 22.121320343559642 17.121320343559642
    endloop
  endfacet
  facet normal 0 -0.4275550934302728 -0.9039892931234477
    outer loop
      vertex 90 21.14805029709527 17.771638597533858
      vertex 87.60000000000001 21.14805029709527 17.771638597533858
      vertex 90 21.414190210477994 17.645763793045067
    endloop
  endfacet
  facet normal 0 -0.514102744193228 -0.8577286100002682
    outer loop
      vertex 90 21.414190210477994 17.645763793045067
      vertex 87.60000000000001 21.414190210477994 17.645763793045067
      vertex 90 21.666710699058807 17.494408836907635
    endloop
  endfacet
  facet normal 0 -0.5956993044924332 -0.8032075314806448
    outer loop
      vertex 90 21.666710699058807 17.494408836907635
      vertex 87.60000000000001 21.666710699058807 17.494408836907635
      vertex 90 21.903179852490936 17.31903136008821
    endloop
  endfacet
endsolid OpenSCAD_Model
