solid OpenSCAD_Model
  facet normal 0 0 -1
    outer loop
      vertex 2.6999999999999997 2.6999999999999997 38
      vertex 5.1 5.1 38
      vertex 6.399999999999999 4 38
    endloop
  endfacet
  facet normal 0 0 -1
    outer loop
      vertex 5.1 5.1 38
      vertex 6.399999999999999 5.1 38
      vertex 6.399999999999999 4 38
    endloop
  endfacet
  facet normal 0 0 -1
    outer loop
      vertex 2.6999999999999997 2.6999999999999997 38
      vertex 2.6999999999999997 32.626598726246435 38
      vertex 5.1 5.1 38
    endloop
  endfacet
  facet normal -1 0 0
    outer loop
      vertex 2.6999999999999997 2.6999999999999997 38
      vertex 2.6999999999999997 2.6999999999999997 40
      vertex 2.6999999999999997 32.626598726246435 38
    endloop
  endfacet
  facet normal 0 0 -1
    outer loop
      vertex 2.6999999999999997 2.6999999999999997 38
      vertex 6.399999999999999 4 38
      vertex 40.50220155182339 3.604123357812588 38
    endloop
  endfacet
  facet normal 0 -1 0
    outer loop
      vertex 2.6999999999999997 2.6999999999999997 38
      vertex 40.126598726246435 2.6999999999999997 40
      vertex 2.6999999999999997 2.6999999999999997 40
    endloop
  endfacet
  facet normal 0 0 -1
    outer loop
      vertex 5.1 5.1 38
      vertex 2.6999999999999997 32.626598726246435 38
      vertex 3.1516855050619577 32.788214384192436 38
    endloop
  endfacet
  facet normal 0 0 -1
    outer loop
      vertex 5.1 5.1 38
      vertex 3.1516855050619577 32.788214384192436 38
      vertex 3.604123357812588 33.00220155182339 38
    endloop
  endfacet
  facet normal 0 0 -1
    outer loop
      vertex 5.1 5.1 38
      vertex 3.604123357812588 33.00220155182339 38
      vertex 4.033408188399971 33.25950497725702 38
    endloop
  endfacet
  facet normal 0 0 -1
    outer loop
      vertex 5.1 5.1 38
      vertex 4.033408188399971 33.25950497725702 38
      vertex 4.435405749234592 33.55764668785004 38
    endloop
  endfacet
  facet normal 0 0 -1
    outer loop
      vertex 5.1 5.1 38
      vertex 4.435405749234592 33.55764668785004 38
      vertex 4.8062445840513925 33.893755415948604 38
    endloop
  endfacet
  facet normal 0 0 -1
    outer loop
      vertex 5.1 5.1 38
      vertex 4.8062445840513925 33.893755415948604 38
      vertex 5.1 34.21786457189876 38
    endloop
  endfacet
  facet normal -1 0 0
    outer loop
      vertex 2.6999999999999997 2.6999999999999997 40
      vertex 2.6999999999999997 32.626598726246435 40
      vertex 2.6999999999999997 32.626598726246435 38
    endloop
  endfacet
  facet normal 0 0 -1
    outer loop
      vertex 2.6999999999999997 2.6999999999999997 38
      vertex 40.288214384192436 3.1516855050619577 38
      vertex 40.126598726246435 2.6999999999999997 38
    endloop
  endfacet
  facet normal 0 0 -1
    outer loop
      vertex 2.6999999999999997 2.6999999999999997 38
      vertex 40.50220155182339 3.604123357812588 38
      vertex 40.288214384192436 3.1516855050619577 38
    endloop
  endfacet
  facet normal 0 0 -1
    outer loop
      vertex 40.50220155182339 3.604123357812588 38
      vertex 6.399999999999999 4 38
      vertex 40.73948087973398 4 38
    endloop
  endfacet
  facet normal 0 -1 0
    outer loop
      vertex 2.6999999999999997 2.6999999999999997 38
      vertex 40.126598726246435 2.6999999999999997 38
      vertex 40.126598726246435 2.6999999999999997 40
    endloop
  endfacet
  facet normal 0 0 -1
    outer loop
      vertex 5.1 69.9 38
      vertex 4.8062445840513925 41.106244584051396 38
      vertex 4.435405749234592 41.44235331214996 38
    endloop
  endfacet
  facet normal 0 0 -1
    outer loop
      vertex 5.1 69.9 38
      vertex 4.033408188399971 41.74049502274298 38
      vertex 3.604123357812588 41.99779844817661 38
    endloop
  endfacet
  facet normal 0 0 -1
    outer loop
      vertex 5.1 69.9 38
      vertex 4.435405749234592 41.44235331214996 38
      vertex 4.033408188399971 41.74049502274298 38
    endloop
  endfacet
  facet normal 0 0 -1
    outer loop
      vertex 5.1 69.9 38
      vertex 5.1 40.78213542810124 38
      vertex 4.8062445840513925 41.106244584051396 38
    endloop
  endfacet
  facet normal 0 0 -1
    outer loop
      vertex 2.6999999999999997 72.3 38
      vertex 3.1516855050619577 42.211785615807564 38
      vertex 2.6999999999999997 42.373401273753565 38
    endloop
  endfacet
  facet normal 0 0 -1
    outer loop
      vertex 2.6999999999999997 72.3 38
      vertex 3.604123357812588 41.99779844817661 38
      vertex 3.1516855050619577 42.211785615807564 38
    endloop
  endfacet
  facet normal -1 0 0
    outer loop
      vertex 2.6999999999999997 72.3 38
      vertex 2.6999999999999997 42.373401273753565 38
      vertex 2.6999999999999997 42.373401273753565 40
    endloop
  endfacet
  facet normal 0 0 -1
    outer loop
      vertex 5.1 69.9 38
      vertex 3.604123357812588 41.99779844817661 38
      vertex 2.6999999999999997 72.3 38
    endloop
  endfacet
  facet normal 0 0 -1
    outer loop
      vertex 5.1 69.9 38
      vertex 2.6999999999999997 72.3 38
      vertex 6.399999999999999 71 38
    endloop
  endfacet
  facet normal 0 0 -1
    outer loop
      vertex 5.1 69.9 38
      vertex 6.399999999999999 71 38
      vertex 6.399999999999999 69.9 38
    endloop
  endfacet
  facet normal 0 0 -1
    outer loop
      vertex 2.6999999999999997 72.3 38
      vertex 40.12659872624643 72.3 38
      vertex 6.399999999999999 71 38
    endloop
  endfacet
  facet normal 0 1 0
    outer loop
      vertex 2.6999999999999997 72.3 38
      vertex 2.6999999999999997 72.3 40
      vertex 40.12659872624643 72.3 38
    endloop
  endfacet
  facet normal -1 0 0
    outer loop
      vertex 2.6999999999999997 72.3 38
      vertex 2.6999999999999997 42.373401273753565 40
      vertex 2.6999999999999997 72.3 40
    endloop
  endfacet
  facet normal 0 0 -1
    outer loop
      vertex 6.399999999999999 71 38
      vertex 40.288214384192436 71.84831449493804 38
      vertex 40.50220155182339 71.3958766421874 38
    endloop
  endfacet
  facet normal 0 0 -1
    outer loop
      vertex 6.399999999999999 71 38
      vertex 40.50220155182339 71.3958766421874 38
      vertex 40.739480879733975 71 38
    endloop
  endfacet
  facet normal 0 0 -1
    outer loop
      vertex 40.12659872624643 72.3 38
      vertex 40.288214384192436 71.84831449493804 38
      vertex 6.399999999999999 71 38
    endloop
  endfacet
  facet normal 0 1 0
    outer loop
      vertex 2.6999999999999997 72.3 40
      vertex 40.12659872624643 72.3 40
      vertex 40.12659872624643 72.3 38
    endloop
  endfacet
  facet normal 0 0 -1
    outer loop
      vertex 49.49779844817661 3.604123357812588 38
      vertex 73.4 4 38
      vertex 49.711785615807564 3.1516855050619577 38
    endloop
  endfacet
  facet normal 0 0 -1
    outer loop
      vertex 73.4 4 38
      vertex 49.49779844817661 3.604123357812588 38
      vertex 49.26051912026602 4 38
    endloop
  endfacet
  facet normal 0 0 -1
    outer loop
      vertex 49.873401273753565 2.6999999999999997 38
      vertex 49.711785615807564 3.1516855050619577 38
      vertex 73.4 4 38
    endloop
  endfacet
  facet normal 0 -1 0
    outer loop
      vertex 87.3 2.6999999999999997 40
      vertex 49.873401273753565 2.6999999999999997 40
      vertex 49.873401273753565 2.6999999999999997 38
    endloop
  endfacet
  facet normal 0 0 -1
    outer loop
      vertex 49.873401273753565 2.6999999999999997 38
      vertex 73.4 4 38
      vertex 80.83886129098215 4.172238657071165 38
    endloop
  endfacet
  facet normal 0 0 -1
    outer loop
      vertex 49.873401273753565 2.6999999999999997 38
      vertex 80.83886129098215 4.172238657071165 38
      vertex 81.21963871193549 4.076858878387078 38
    endloop
  endfacet
  facet normal 0 0 -1
    outer loop
      vertex 49.873401273753565 2.6999999999999997 38
      vertex 81.21963871193549 4.076858878387078 38
      vertex 81.60793143868176 4.019261093311212 38
    endloop
  endfacet
  facet normal 0 0 -1
    outer loop
      vertex 49.873401273753565 2.6999999999999997 38
      vertex 81.60793143868176 4.019261093311212 38
      vertex 82 4 38
    endloop
  endfacet
  facet normal 0 0 -1
    outer loop
      vertex 87.3 2.6999999999999997 38
      vertex 49.873401273753565 2.6999999999999997 38
      vertex 82 4 38
    endloop
  endfacet
  facet normal 0 0 -1
    outer loop
      vertex 79.46242686334541 4.9079581865490525 38
      vertex 73.4 4 38
      vertex 73.4 5.1 38
    endloop
  endfacet
  facet normal 0 0 -1
    outer loop
      vertex 73.4 4 38
      vertex 79.46242686334541 4.9079581865490525 38
      vertex 79.7777190679216 4.674121550789819 38
    endloop
  endfacet
  facet normal 0 0 -1
    outer loop
      vertex 73.4 4 38
      vertex 79.7777190679216 4.674121550789819 38
      vertex 80.11441305269601 4.47231494260658 38
    endloop
  endfacet
  facet normal 0 0 -1
    outer loop
      vertex 73.4 4 38
      vertex 80.11441305269601 4.47231494260658 38
      vertex 80.46926627053963 4.304481869954853 38
    endloop
  endfacet
  facet normal 0 0 -1
    outer loop
      vertex 73.4 4 38
      vertex 80.46926627053963 4.304481869954853 38
      vertex 80.83886129098215 4.172238657071165 38
    endloop
  endfacet
  facet normal 0 0 -1
    outer loop
      vertex 79.25054137397078 5.1 38
      vertex 79.46242686334541 4.9079581865490525 38
      vertex 73.4 5.1 38
    endloop
  endfacet
  facet normal 0 -1 0
    outer loop
      vertex 87.3 2.6999999999999997 38
      vertex 87.3 2.6999999999999997 40
      vertex 49.873401273753565 2.6999999999999997 38
    endloop
  endfacet
  facet normal 0 0 -1
    outer loop
      vertex 87.3 2.6999999999999997 38
      vertex 82 4 38
      vertex 82.39206856131824 4.019261093311212 38
    endloop
  endfacet
  facet normal 0 0 -1
    outer loop
      vertex 87.3 2.6999999999999997 38
      vertex 82.39206856131824 4.019261093311212 38
      vertex 82.78036128806451 4.076858878387078 38
    endloop
  endfacet
  facet normal 0 0 -1
    outer loop
      vertex 87.3 2.6999999999999997 38
      vertex 82.78036128806451 4.076858878387078 38
      vertex 83.16113870901785 4.172238657071165 38
    endloop
  endfacet
  facet normal 0 0 -1
    outer loop
      vertex 87.3 2.6999999999999997 38
      vertex 83.16113870901785 4.172238657071165 38
      vertex 83.53073372946037 4.304481869954853 38
    endloop
  endfacet
  facet normal 0 0 -1
    outer loop
      vertex 87.3 2.6999999999999997 38
      vertex 83.53073372946037 4.304481869954853 38
      vertex 83.88558694730399 4.47231494260658 38
    endloop
  endfacet
  facet normal 0 0 -1
    outer loop
      vertex 87.3 2.6999999999999997 38
      vertex 83.88558694730399 4.47231494260658 38
      vertex 84.2222809320784 4.674121550789819 38
    endloop
  endfacet
  facet normal 0 0 -1
    outer loop
      vertex 87.3 2.6999999999999997 38
      vertex 84.2222809320784 4.674121550789819 38
      vertex 84.53757313665459 4.9079581865490525 38
    endloop
  endfacet
  facet normal 0 0 -1
    outer loop
      vertex 87.3 2.6999999999999997 38
      vertex 84.53757313665459 4.9079581865490525 38
      vertex 84.74945862602922 5.1 38
    endloop
  endfacet
  facet normal 0 0 -1
    outer loop
      vertex 87.3 2.6999999999999997 38
      vertex 84.74945862602922 5.1 38
      vertex 84.9 5.1 38
    endloop
  endfacet
  facet normal 0 0 -1
    outer loop
      vertex 87.3 2.6999999999999997 38
      vertex 84.9 5.1 38
      vertex 84.9 5.2505413739707825 38
    endloop
  endfacet
  facet normal 0 0 -1
    outer loop
      vertex 87.3 2.6999999999999997 38
      vertex 84.9 5.2505413739707825 38
      vertex 85.09204181345095 5.462426863345418 38
    endloop
  endfacet
  facet normal 0 0 -1
    outer loop
      vertex 87.3 2.6999999999999997 38
      vertex 85.09204181345095 5.462426863345418 38
      vertex 85.32587844921018 5.777719067921591 38
    endloop
  endfacet
  facet normal 0 0 -1
    outer loop
      vertex 87.3 2.6999999999999997 38
      vertex 85.32587844921018 5.777719067921591 38
      vertex 85.52768505739343 6.114413052696009 38
    endloop
  endfacet
  facet normal 0 0 -1
    outer loop
      vertex 87.3 2.6999999999999997 38
      vertex 85.52768505739343 6.114413052696009 38
      vertex 85.69551813004514 6.469266270539641 38
    endloop
  endfacet
  facet normal 0 0 -1
    outer loop
      vertex 87.3 2.6999999999999997 38
      vertex 85.69551813004514 6.469266270539641 38
      vertex 85.82776134292884 6.838861290982151 38
    endloop
  endfacet
  facet normal 0 0 -1
    outer loop
      vertex 87.3 2.6999999999999997 38
      vertex 85.82776134292884 6.838861290982151 38
      vertex 85.92314112161293 7.219638711935487 38
    endloop
  endfacet
  facet normal 0 0 -1
    outer loop
      vertex 87.3 2.6999999999999997 38
      vertex 85.92314112161293 7.219638711935487 38
      vertex 85.98073890668879 7.607931438681757 38
    endloop
  endfacet
  facet normal 0 0 -1
    outer loop
      vertex 87.3 2.6999999999999997 38
      vertex 85.98073890668879 7.607931438681757 38
      vertex 86 8 38
    endloop
  endfacet
  facet normal 0 0 -1
    outer loop
      vertex 87.3 2.6999999999999997 38
      vertex 86 8 38
      vertex 85.56459425076541 56.05764668785004 38
    endloop
  endfacet
  facet normal 0 0 -1
    outer loop
      vertex 85.56459425076541 56.05764668785004 38
      vertex 85.92314112161293 8.780361288064514 38
      vertex 85.82776134292884 9.16113870901785 38
    endloop
  endfacet
  facet normal 0 0 -1
    outer loop
      vertex 85.56459425076541 56.05764668785004 38
      vertex 85.69551813004514 9.530733729460358 38
      vertex 85.52768505739343 9.88558694730399 38
    endloop
  endfacet
  facet normal 0 0 -1
    outer loop
      vertex 85.56459425076541 56.05764668785004 38
      vertex 85.82776134292884 9.16113870901785 38
      vertex 85.69551813004514 9.530733729460358 38
    endloop
  endfacet
  facet normal 0 0 -1
    outer loop
      vertex 85.56459425076541 56.05764668785004 38
      vertex 85.32587844921018 10.222280932078409 38
      vertex 85.09204181345095 10.537573136654583 38
    endloop
  endfacet
  facet normal 0 0 -1
    outer loop
      vertex 85.56459425076541 56.05764668785004 38
      vertex 85.52768505739343 9.88558694730399 38
      vertex 85.32587844921018 10.222280932078409 38
    endloop
  endfacet
  facet normal 0 0 -1
    outer loop
      vertex 85.56459425076541 56.05764668785004 38
      vertex 86 8 38
      vertex 85.98073890668879 8.392068561318242 38
    endloop
  endfacet
  facet normal 0 0 -1
    outer loop
      vertex 85.56459425076541 56.05764668785004 38
      vertex 85.98073890668879 8.392068561318242 38
      vertex 85.92314112161293 8.780361288064514 38
    endloop
  endfacet
  facet normal 0 0 -1
    outer loop
      vertex 84.9 10.749458626029218 38
      vertex 85.56459425076541 56.05764668785004 38
      vertex 85.09204181345095 10.537573136654583 38
    endloop
  endfacet
  facet normal 1 0 0
    outer loop
      vertex 87.3 2.6999999999999997 38
      vertex 87.3 55.12659872624643 40
      vertex 87.3 2.6999999999999997 40
    endloop
  endfacet
  facet normal 0 0 -1
    outer loop
      vertex 49.49779844817661 71.3958766421874 38
      vertex 73.4 71 38
      vertex 49.260519120266025 71 38
    endloop
  endfacet
  facet normal 0 0 -1
    outer loop
      vertex 87.3 72.3 38
      vertex 49.49779844817661 71.3958766421874 38
      vertex 49.711785615807564 71.84831449493804 38
    endloop
  endfacet
  facet normal 0 0 -1
    outer loop
      vertex 87.3 72.3 38
      vertex 49.711785615807564 71.84831449493804 38
      vertex 49.87340127375357 72.3 38
    endloop
  endfacet
  facet normal 0 1 0
    outer loop
      vertex 87.3 72.3 38
      vertex 49.87340127375357 72.3 38
      vertex 49.87340127375357 72.3 40
    endloop
  endfacet
  facet normal 0 0 -1
    outer loop
      vertex 87.3 2.6999999999999997 38
      vertex 85.56459425076541 56.05764668785004 38
      vertex 85.96659181160003 55.75950497725702 38
    endloop
  endfacet
  facet normal 0 0 -1
    outer loop
      vertex 87.3 2.6999999999999997 38
      vertex 85.96659181160003 55.75950497725702 38
      vertex 86.3958766421874 55.50220155182339 38
    endloop
  endfacet
  facet normal 0 0 -1
    outer loop
      vertex 87.3 2.6999999999999997 38
      vertex 86.84831449493804 55.288214384192436 38
      vertex 87.3 55.12659872624643 38
    endloop
  endfacet
  facet normal 0 0 -1
    outer loop
      vertex 87.3 2.6999999999999997 38
      vertex 86.3958766421874 55.50220155182339 38
      vertex 86.84831449493804 55.288214384192436 38
    endloop
  endfacet
  facet normal 0 0 -1
    outer loop
      vertex 84.9 10.749458626029218 38
      vertex 84.9 56.717864571898744 38
      vertex 85.1937554159486 56.393755415948604 38
    endloop
  endfacet
  facet normal 0 0 -1
    outer loop
      vertex 84.9 10.749458626029218 38
      vertex 85.1937554159486 56.393755415948604 38
      vertex 85.56459425076541 56.05764668785004 38
    endloop
  endfacet
  facet normal 1 0 0
    outer loop
      vertex 87.3 2.6999999999999997 38
      vertex 87.3 55.12659872624643 38
      vertex 87.3 55.12659872624643 40
    endloop
  endfacet
  facet normal 0 0 -1
    outer loop
      vertex 87.3 72.3 38
      vertex 73.4 71 38
      vertex 49.49779844817661 71.3958766421874 38
    endloop
  endfacet
  facet normal 0 0 -1
    outer loop
      vertex 84.9 69.9 38
      vertex 73.4 69.9 38
      vertex 73.4 71 38
    endloop
  endfacet
  facet normal 0 0 -1
    outer loop
      vertex 84.9 69.9 38
      vertex 85.1937554159486 63.606244584051396 38
      vertex 84.9 63.282135428101256 38
    endloop
  endfacet
  facet normal 0 0 -1
    outer loop
      vertex 84.9 69.9 38
      vertex 73.4 71 38
      vertex 87.3 72.3 38
    endloop
  endfacet
  facet normal 0 0 -1
    outer loop
      vertex 84.9 69.9 38
      vertex 85.56459425076541 63.94235331214996 38
      vertex 85.1937554159486 63.606244584051396 38
    endloop
  endfacet
  facet normal 0 0 -1
    outer loop
      vertex 84.9 69.9 38
      vertex 85.96659181160003 64.24049502274298 38
      vertex 85.56459425076541 63.94235331214996 38
    endloop
  endfacet
  facet normal 0 0 -1
    outer loop
      vertex 84.9 69.9 38
      vertex 86.3958766421874 64.49779844817661 38
      vertex 85.96659181160003 64.24049502274298 38
    endloop
  endfacet
  facet normal 0 0 -1
    outer loop
      vertex 84.9 69.9 38
      vertex 86.84831449493804 64.71178561580756 38
      vertex 86.3958766421874 64.49779844817661 38
    endloop
  endfacet
  facet normal 0 0 -1
    outer loop
      vertex 84.9 69.9 38
      vertex 87.3 64.87340127375357 38
      vertex 86.84831449493804 64.71178561580756 38
    endloop
  endfacet
  facet normal 0 0 -1
    outer loop
      vertex 84.9 69.9 38
      vertex 87.3 72.3 38
      vertex 87.3 64.87340127375357 38
    endloop
  endfacet
  facet normal 1 0 0
    outer loop
      vertex 87.3 72.3 38
      vertex 87.3 72.3 40
      vertex 87.3 64.87340127375357 38
    endloop
  endfacet
  facet normal 0 1 0
    outer loop
      vertex 87.3 72.3 38
      vertex 49.87340127375357 72.3 40
      vertex 87.3 72.3 40
    endloop
  endfacet
  facet normal 1 0 0
    outer loop
      vertex 87.3 72.3 40
      vertex 87.3 64.87340127375357 40
      vertex 87.3 64.87340127375357 38
    endloop
  endfacet
  facet normal 0 1 0
    outer loop
      vertex 5.1 5.1 38
      vertex 5.1 5.1 40
      vertex 6.399999999999999 5.1 38
    endloop
  endfacet
  facet normal 0 1 0
    outer loop
      vertex 5.1 5.1 40
      vertex 6.399999999999999 5.1 40
      vertex 6.399999999999999 5.1 38
    endloop
  endfacet
  facet normal 1 0 0
    outer loop
      vertex 5.1 5.1 38
      vertex 5.1 34.21786457189876 40
      vertex 5.1 5.1 40
    endloop
  endfacet
  facet normal 1 0 0
    outer loop
      vertex 5.1 5.1 38
      vertex 5.1 34.21786457189876 38
      vertex 5.1 34.21786457189876 40
    endloop
  endfacet
  facet normal 1 0 0
    outer loop
      vertex 5.1 69.9 40
      vertex 5.1 40.78213542810124 40
      vertex 5.1 40.78213542810124 38
    endloop
  endfacet
  facet normal 1 0 0
    outer loop
      vertex 5.1 69.9 38
      vertex 5.1 69.9 40
      vertex 5.1 40.78213542810124 38
    endloop
  endfacet
  facet normal 0 -1 0
    outer loop
      vertex 5.1 69.9 38
      vertex 6.399999999999999 69.9 38
      vertex 6.399999999999999 69.9 40
    endloop
  endfacet
  facet normal 0 -1 0
    outer loop
      vertex 5.1 69.9 38
      vertex 6.399999999999999 69.9 40
      vertex 5.1 69.9 40
    endloop
  endfacet
  facet normal 0 1 0
    outer loop
      vertex 73.4 5.1 38
      vertex 73.4 5.1 40
      vertex 79.25054137397078 5.1 38
    endloop
  endfacet
  facet normal 0 1 0
    outer loop
      vertex 84.9 5.1 38
      vertex 84.74945862602922 5.1 38
      vertex 84.74945862602922 5.1 40
    endloop
  endfacet
  facet normal -1 0 0
    outer loop
      vertex 84.9 5.1 38
      vertex 84.9 5.1 40
      vertex 84.9 5.2505413739707825 38
    endloop
  endfacet
  facet normal 0 1 0
    outer loop
      vertex 73.4 5.1 40
      vertex 79.25054137397078 5.1 40
      vertex 79.25054137397078 5.1 38
    endloop
  endfacet
  facet normal 0 1 0
    outer loop
      vertex 84.9 5.1 38
      vertex 84.74945862602922 5.1 40
      vertex 84.9 5.1 40
    endloop
  endfacet
  facet normal -1 0 0
    outer loop
      vertex 84.9 5.1 40
      vertex 84.9 5.2505413739707825 40
      vertex 84.9 5.2505413739707825 38
    endloop
  endfacet
  facet normal -1 0 0
    outer loop
      vertex 84.9 10.749458626029218 38
      vertex 84.9 10.749458626029218 40
      vertex 84.9 56.717864571898744 38
    endloop
  endfacet
  facet normal -1 0 0
    outer loop
      vertex 84.9 10.749458626029218 40
      vertex 84.9 56.717864571898744 40
      vertex 84.9 56.717864571898744 38
    endloop
  endfacet
  facet normal -1 0 0
    outer loop
      vertex 84.9 69.9 38
      vertex 84.9 63.282135428101256 38
      vertex 84.9 63.282135428101256 40
    endloop
  endfacet
  facet normal 0 -1 0
    outer loop
      vertex 84.9 69.9 38
      vertex 84.9 69.9 40
      vertex 73.4 69.9 38
    endloop
  endfacet
  facet normal 0 -1 0
    outer loop
      vertex 84.9 69.9 40
      vertex 73.4 69.9 40
      vertex 73.4 69.9 38
    endloop
  endfacet
  facet normal -1 0 0
    outer loop
      vertex 84.9 69.9 38
      vertex 84.9 63.282135428101256 40
      vertex 84.9 69.9 40
    endloop
  endfacet
  facet normal 0 0 -1
    outer loop
      vertex 0 0 40
      vertex 0 32.54935475537783 40
      vertex 2.6999999999999997 2.6999999999999997 40
    endloop
  endfacet
  facet normal 0 0 -1
    outer loop
      vertex 5.1 5.1 40
      vertex 5.1 34.21786457189876 40
      vertex 6.399999999999999 5.1 40
    endloop
  endfacet
  facet normal 0 0 -1
    outer loop
      vertex 0 0 40
      vertex 2.6999999999999997 2.6999999999999997 40
      vertex 39.9 1.2 40
    endloop
  endfacet
  facet normal 0 0 -1
    outer loop
      vertex 2.6999999999999997 2.6999999999999997 40
      vertex 0 32.54935475537783 40
      vertex 0.20503935771774595 32.49799506994353 40
    endloop
  endfacet
  facet normal 0 0 -1
    outer loop
      vertex 2.6999999999999997 2.6999999999999997 40
      vertex 0.20503935771774595 32.49799506994353 40
      vertex 0.7001125843192408 32.424557893971794 40
    endloop
  endfacet
  facet normal 0 0 -1
    outer loop
      vertex 2.6999999999999997 2.6999999999999997 40
      vertex 0.7001125843192408 32.424557893971794 40
      vertex 1.2 32.4 40
    endloop
  endfacet
  facet normal 0 0 -1
    outer loop
      vertex 2.6999999999999997 2.6999999999999997 40
      vertex 1.2 32.4 40
      vertex 1.699887415680759 32.424557893971794 40
    endloop
  endfacet
  facet normal 0 0 -1
    outer loop
      vertex 2.6999999999999997 2.6999999999999997 40
      vertex 1.699887415680759 32.424557893971794 40
      vertex 2.194960642282254 32.49799506994353 40
    endloop
  endfacet
  facet normal 0 0 -1
    outer loop
      vertex 2.6999999999999997 2.6999999999999997 40
      vertex 2.194960642282254 32.49799506994353 40
      vertex 2.6804518539977575 32.61960428776574 40
    endloop
  endfacet
  facet normal 0 0 -1
    outer loop
      vertex 2.6999999999999997 2.6999999999999997 40
      vertex 2.6804518539977575 32.61960428776574 40
      vertex 2.6999999999999997 32.626598726246435 40
    endloop
  endfacet
  facet normal -1 0 0
    outer loop
      vertex 0 0 40
      vertex 0 32.54935475537783 41.1
      vertex 0 32.54935475537783 40
    endloop
  endfacet
  facet normal 0 0 -1
    outer loop
      vertex 5.1 34.21786457189876 40
      vertex 5.142353312149958 34.264594250765406 40
      vertex 6.399999999999999 5.1 40
    endloop
  endfacet
  facet normal 0 0 -1
    outer loop
      vertex 6.399999999999999 5.1 40
      vertex 5.142353312149958 34.264594250765406 40
      vertex 5.44049502274298 34.66659181160003 40
    endloop
  endfacet
  facet normal 0 0 -1
    outer loop
      vertex 6.399999999999999 5.1 40
      vertex 5.44049502274298 34.66659181160003 40
      vertex 5.69779844817661 35.09587664218741 40
    endloop
  endfacet
  facet normal 0 0 -1
    outer loop
      vertex 6.399999999999999 5.1 40
      vertex 5.69779844817661 35.09587664218741 40
      vertex 5.911785615807562 35.54831449493804 40
    endloop
  endfacet
  facet normal 0 0 -1
    outer loop
      vertex 6.399999999999999 5.1 40
      vertex 5.911785615807562 35.54831449493804 40
      vertex 6.080395712234265 36.01954814600224 40
    endloop
  endfacet
  facet normal 0 0 -1
    outer loop
      vertex 6.399999999999999 5.1 40
      vertex 6.080395712234265 36.01954814600224 40
      vertex 6.202004930056475 36.50503935771775 40
    endloop
  endfacet
  facet normal 0 0 -1
    outer loop
      vertex 6.399999999999999 5.1 40
      vertex 6.202004930056475 36.50503935771775 40
      vertex 6.275442106028204 37.00011258431924 40
    endloop
  endfacet
  facet normal 0 0 -1
    outer loop
      vertex 6.399999999999999 5.1 40
      vertex 6.275442106028204 37.00011258431924 40
      vertex 6.3 37.5 40
    endloop
  endfacet
  facet normal 0 0 -1
    outer loop
      vertex 0 0 40
      vertex 39.99799506994353 0.20503935771774595 40
      vertex 40.04935475537783 0 40
    endloop
  endfacet
  facet normal 0 0 -1
    outer loop
      vertex 0 0 40
      vertex 39.924557893971794 0.7001125843192408 40
      vertex 39.99799506994353 0.20503935771774595 40
    endloop
  endfacet
  facet normal 0 0 -1
    outer loop
      vertex 0 0 40
      vertex 39.9 1.2 40
      vertex 39.924557893971794 0.7001125843192408 40
    endloop
  endfacet
  facet normal 0 0 -1
    outer loop
      vertex 2.6999999999999997 2.6999999999999997 40
      vertex 39.924557893971794 1.699887415680759 40
      vertex 39.9 1.2 40
    endloop
  endfacet
  facet normal 0 0 -1
    outer loop
      vertex 2.6999999999999997 2.6999999999999997 40
      vertex 39.99799506994353 2.194960642282254 40
      vertex 39.924557893971794 1.699887415680759 40
    endloop
  endfacet
  facet normal 0 0 -1
    outer loop
      vertex 2.6999999999999997 2.6999999999999997 40
      vertex 40.11960428776574 2.6804518539977575 40
      vertex 39.99799506994353 2.194960642282254 40
    endloop
  endfacet
  facet normal 0 0 -1
    outer loop
      vertex 2.6999999999999997 2.6999999999999997 40
      vertex 40.126598726246435 2.6999999999999997 40
      vertex 40.11960428776574 2.6804518539977575 40
    endloop
  endfacet
  facet normal 0 -1 0
    outer loop
      vertex 0 0 40
      vertex 40.04935475537783 0 40
      vertex 40.04935475537783 0 41.1
    endloop
  endfacet
  facet normal -1 0 0
    outer loop
      vertex 0 0 40
      vertex 0 75 43
      vertex 0 32.54935475537783 41.1
    endloop
  endfacet
  facet normal -1 0 0
    outer loop
      vertex 0 0 40
      vertex 0 0 43
      vertex 0 75 43
    endloop
  endfacet
  facet normal 0 0 1
    outer loop
      vertex 0 0 43
      vertex 7.399999999999999 5 43
      vertex 7.399999999999999 70 43
    endloop
  endfacet
  facet normal 0 -1 0
    outer loop
      vertex 0 0 40
      vertex 40.04935475537783 0 41.1
      vertex 90 0 43
    endloop
  endfacet
  facet normal 0 -1 0
    outer loop
      vertex 0 0 40
      vertex 90 0 43
      vertex 0 0 43
    endloop
  endfacet
  facet normal 0 0 1
    outer loop
      vertex 0 0 43
      vertex 90 0 43
      vertex 7.399999999999999 5 43
    endloop
  endfacet
  facet normal 0 0 -1
    outer loop
      vertex 6.399999999999999 5.1 40
      vertex 6.3 37.5 40
      vertex 6.399999999999999 69.9 40
    endloop
  endfacet
  facet normal 0 0 -1
    outer loop
      vertex 5.1 40.78213542810124 40
      vertex 6.399999999999999 69.9 40
      vertex 5.142353312149958 40.735405749234594 40
    endloop
  endfacet
  facet normal 0 0 -1
    outer loop
      vertex 0 75 40
      vertex 0.20503935771774595 42.50200493005647 40
      vertex 0 42.45064524462217 40
    endloop
  endfacet
  facet normal 0 0 -1
    outer loop
      vertex 0 75 40
      vertex 0.7001125843192408 42.575442106028206 40
      vertex 0.20503935771774595 42.50200493005647 40
    endloop
  endfacet
  facet normal 0 0 -1
    outer loop
      vertex 0 75 40
      vertex 1.2 42.6 40
      vertex 0.7001125843192408 42.575442106028206 40
    endloop
  endfacet
  facet normal 0 0 -1
    outer loop
      vertex 2.6999999999999997 72.3 40
      vertex 1.699887415680759 42.575442106028206 40
      vertex 1.2 42.6 40
    endloop
  endfacet
  facet normal 0 0 -1
    outer loop
      vertex 2.6999999999999997 72.3 40
      vertex 2.194960642282254 42.50200493005647 40
      vertex 1.699887415680759 42.575442106028206 40
    endloop
  endfacet
  facet normal 0 0 -1
    outer loop
      vertex 2.6999999999999997 72.3 40
      vertex 2.6804518539977575 42.38039571223426 40
      vertex 2.194960642282254 42.50200493005647 40
    endloop
  endfacet
  facet normal 0 0 -1
    outer loop
      vertex 2.6999999999999997 72.3 40
      vertex 2.6999999999999997 42.373401273753565 40
      vertex 2.6804518539977575 42.38039571223426 40
    endloop
  endfacet
  facet normal -1 0 0
    outer loop
      vertex 0 75 40
      vertex 0 42.45064524462217 40
      vertex 0 42.45064524462217 41.1
    endloop
  endfacet
  facet normal 0 0 -1
    outer loop
      vertex 6.3 37.5 40
      vertex 6.275442106028204 37.99988741568076 40
      vertex 6.399999999999999 69.9 40
    endloop
  endfacet
  facet normal 0 0 -1
    outer loop
      vertex 6.202004930056475 38.49496064228225 40
      vertex 6.399999999999999 69.9 40
      vertex 6.275442106028204 37.99988741568076 40
    endloop
  endfacet
  facet normal 0 0 -1
    outer loop
      vertex 6.080395712234265 38.98045185399776 40
      vertex 6.399999999999999 69.9 40
      vertex 6.202004930056475 38.49496064228225 40
    endloop
  endfacet
  facet normal 0 0 -1
    outer loop
      vertex 5.911785615807562 39.45168550506196 40
      vertex 6.399999999999999 69.9 40
      vertex 6.080395712234265 38.98045185399776 40
    endloop
  endfacet
  facet normal 0 0 -1
    outer loop
      vertex 5.69779844817661 39.90412335781259 40
      vertex 6.399999999999999 69.9 40
      vertex 5.911785615807562 39.45168550506196 40
    endloop
  endfacet
  facet normal 0 0 -1
    outer loop
      vertex 5.44049502274298 40.33340818839997 40
      vertex 6.399999999999999 69.9 40
      vertex 5.69779844817661 39.90412335781259 40
    endloop
  endfacet
  facet normal 0 0 -1
    outer loop
      vertex 5.142353312149958 40.735405749234594 40
      vertex 6.399999999999999 69.9 40
      vertex 5.44049502274298 40.33340818839997 40
    endloop
  endfacet
  facet normal 0 0 -1
    outer loop
      vertex 5.1 69.9 40
      vertex 6.399999999999999 69.9 40
      vertex 5.1 40.78213542810124 40
    endloop
  endfacet
  facet normal 0 0 -1
    outer loop
      vertex 2.6999999999999997 72.3 40
      vertex 1.2 42.6 40
      vertex 0 75 40
    endloop
  endfacet
  facet normal 0 0 -1
    outer loop
      vertex 2.6999999999999997 72.3 40
      vertex 0 75 40
      vertex 40.04935475537783 75 40
    endloop
  endfacet
  facet normal 0 0 -1
    outer loop
      vertex 2.6999999999999997 72.3 40
      vertex 40.11960428776574 72.31954814600223 40
      vertex 40.12659872624643 72.3 40
    endloop
  endfacet
  facet normal 0 0 -1
    outer loop
      vertex 2.6999999999999997 72.3 40
      vertex 39.99799506994353 72.80503935771775 40
      vertex 40.11960428776574 72.31954814600223 40
    endloop
  endfacet
  facet normal 0 0 -1
    outer loop
      vertex 2.6999999999999997 72.3 40
      vertex 39.924557893971794 73.30011258431924 40
      vertex 39.99799506994353 72.80503935771775 40
    endloop
  endfacet
  facet normal 0 0 -1
    outer loop
      vertex 2.6999999999999997 72.3 40
      vertex 39.9 73.8 40
      vertex 39.924557893971794 73.30011258431924 40
    endloop
  endfacet
  facet normal 0 0 -1
    outer loop
      vertex 2.6999999999999997 72.3 40
      vertex 39.924557893971794 74.29988741568076 40
      vertex 39.9 73.8 40
    endloop
  endfacet
  facet normal 0 0 -1
    outer loop
      vertex 2.6999999999999997 72.3 40
      vertex 39.99799506994353 74.79496064228225 40
      vertex 39.924557893971794 74.29988741568076 40
    endloop
  endfacet
  facet normal 0 0 -1
    outer loop
      vertex 2.6999999999999997 72.3 40
      vertex 40.04935475537783 75 40
      vertex 39.99799506994353 74.79496064228225 40
    endloop
  endfacet
  facet normal 0 1 0
    outer loop
      vertex 0 75 40
      vertex 40.04935475537783 75 41.1
      vertex 40.04935475537783 75 40
    endloop
  endfacet
  facet normal -1 0 0
    outer loop
      vertex 0 75 43
      vertex 0 42.45064524462217 41.1
      vertex 0 32.54935475537783 41.1
    endloop
  endfacet
  facet normal 0 0 1
    outer loop
      vertex 0 0 43
      vertex 7.399999999999999 70 43
      vertex 0 75 43
    endloop
  endfacet
  facet normal -1 0 0
    outer loop
      vertex 0 75 40
      vertex 0 42.45064524462217 41.1
      vertex 0 75 43
    endloop
  endfacet
  facet normal 0 1 0
    outer loop
      vertex 0 75 40
      vertex 0 75 43
      vertex 40.04935475537783 75 41.1
    endloop
  endfacet
  facet normal 0 1 0
    outer loop
      vertex 0 75 43
      vertex 49.95064524462217 75 41.1
      vertex 40.04935475537783 75 41.1
    endloop
  endfacet
  facet normal 0 0 1
    outer loop
      vertex 0 75 43
      vertex 7.399999999999999 70 43
      vertex 90 75 43
    endloop
  endfacet
  facet normal 0 0 -1
    outer loop
      vertex 87.3 2.6999999999999997 40
      vertex 49.95064524462217 0 40
      vertex 50.00200493005647 0.20503935771774595 40
    endloop
  endfacet
  facet normal 0 0 -1
    outer loop
      vertex 87.3 2.6999999999999997 40
      vertex 50.00200493005647 0.20503935771774595 40
      vertex 50.075442106028206 0.7001125843192408 40
    endloop
  endfacet
  facet normal 0 0 -1
    outer loop
      vertex 87.3 2.6999999999999997 40
      vertex 50.075442106028206 0.7001125843192408 40
      vertex 50.1 1.2 40
    endloop
  endfacet
  facet normal 0 0 -1
    outer loop
      vertex 87.3 2.6999999999999997 40
      vertex 50.1 1.2 40
      vertex 50.075442106028206 1.699887415680759 40
    endloop
  endfacet
  facet normal 0 0 -1
    outer loop
      vertex 87.3 2.6999999999999997 40
      vertex 50.075442106028206 1.699887415680759 40
      vertex 50.00200493005647 2.194960642282254 40
    endloop
  endfacet
  facet normal 0 0 -1
    outer loop
      vertex 87.3 2.6999999999999997 40
      vertex 50.00200493005647 2.194960642282254 40
      vertex 49.88039571223426 2.6804518539977575 40
    endloop
  endfacet
  facet normal 0 0 -1
    outer loop
      vertex 87.3 2.6999999999999997 40
      vertex 49.88039571223426 2.6804518539977575 40
      vertex 49.873401273753565 2.6999999999999997 40
    endloop
  endfacet
  facet normal 0 -1 0
    outer loop
      vertex 90 0 40
      vertex 49.95064524462217 0 41.1
      vertex 49.95064524462217 0 40
    endloop
  endfacet
  facet normal 0 0 -1
    outer loop
      vertex 90 0 40
      vertex 49.95064524462217 0 40
      vertex 87.3 2.6999999999999997 40
    endloop
  endfacet
  facet normal 0 0 -1
    outer loop
      vertex 73.4 5.1 40
      vertex 78.90795818654905 5.462426863345418 40
      vertex 79.17157287525382 5.17157287525381 40
    endloop
  endfacet
  facet normal 0 0 -1
    outer loop
      vertex 73.4 5.1 40
      vertex 79.17157287525382 5.17157287525381 40
      vertex 79.25054137397078 5.1 40
    endloop
  endfacet
  facet normal 0 0 -1
    outer loop
      vertex 73.4 5.1 40
      vertex 78.47231494260657 6.114413052696009 40
      vertex 78.67412155078982 5.777719067921591 40
    endloop
  endfacet
  facet normal 0 0 -1
    outer loop
      vertex 73.4 5.1 40
      vertex 78.67412155078982 5.777719067921591 40
      vertex 78.90795818654905 5.462426863345418 40
    endloop
  endfacet
  facet normal 0 0 -1
    outer loop
      vertex 73.4 5.1 40
      vertex 78.17223865707116 6.838861290982151 40
      vertex 78.30448186995486 6.469266270539641 40
    endloop
  endfacet
  facet normal 0 0 -1
    outer loop
      vertex 73.4 5.1 40
      vertex 78.07685887838707 7.219638711935487 40
      vertex 78.17223865707116 6.838861290982151 40
    endloop
  endfacet
  facet normal 0 0 -1
    outer loop
      vertex 73.4 5.1 40
      vertex 78.01926109331121 7.607931438681757 40
      vertex 78.07685887838707 7.219638711935487 40
    endloop
  endfacet
  facet normal 0 0 -1
    outer loop
      vertex 73.4 5.1 40
      vertex 78.30448186995486 6.469266270539641 40
      vertex 78.47231494260657 6.114413052696009 40
    endloop
  endfacet
  facet normal 0 0 -1
    outer loop
      vertex 73.4 5.1 40
      vertex 73.4 29.61764705882353 40
      vertex 78.01926109331121 7.607931438681757 40
    endloop
  endfacet
  facet normal 0 0 -1
    outer loop
      vertex 78.01926109331121 7.607931438681757 40
      vertex 73.4 29.61764705882353 40
      vertex 78 8 40
    endloop
  endfacet
  facet normal 0 0 -1
    outer loop
      vertex 78 8 40
      vertex 73.4 29.61764705882353 40
      vertex 78.01926109331121 8.392068561318242 40
    endloop
  endfacet
  facet normal 0 0 -1
    outer loop
      vertex 78.01926109331121 8.392068561318242 40
      vertex 73.4 29.61764705882353 40
      vertex 78.07685887838707 8.780361288064514 40
    endloop
  endfacet
  facet normal 0 0 -1
    outer loop
      vertex 78.07685887838707 8.780361288064514 40
      vertex 73.4 29.61764705882353 40
      vertex 78.17223865707116 9.16113870901785 40
    endloop
  endfacet
  facet normal 0 0 -1
    outer loop
      vertex 78.17223865707116 9.16113870901785 40
      vertex 73.4 29.61764705882353 40
      vertex 78.30448186995486 9.530733729460358 40
    endloop
  endfacet
  facet normal 0 0 -1
    outer loop
      vertex 78.30448186995486 9.530733729460358 40
      vertex 73.4 29.61764705882353 40
      vertex 78.47231494260657 9.88558694730399 40
    endloop
  endfacet
  facet normal 0 0 -1
    outer loop
      vertex 78.47231494260657 9.88558694730399 40
      vertex 73.4 29.61764705882353 40
      vertex 78.67412155078982 10.222280932078409 40
    endloop
  endfacet
  facet normal 0 0 -1
    outer loop
      vertex 78.67412155078982 10.222280932078409 40
      vertex 73.4 29.61764705882353 40
      vertex 78.90795818654905 10.537573136654583 40
    endloop
  endfacet
  facet normal 0 0 -1
    outer loop
      vertex 78.90795818654905 10.537573136654583 40
      vertex 73.4 29.61764705882353 40
      vertex 79.17157287525382 10.82842712474619 40
    endloop
  endfacet
  facet normal 0 0 -1
    outer loop
      vertex 79.46242686334541 11.092041813450948 40
      vertex 79.17157287525382 10.82842712474619 40
      vertex 73.4 29.61764705882353 40
    endloop
  endfacet
  facet normal 0 0 -1
    outer loop
      vertex 79.7777190679216 11.325878449210181 40
      vertex 79.46242686334541 11.092041813450948 40
      vertex 73.4 29.61764705882353 40
    endloop
  endfacet
  facet normal 0 0 -1
    outer loop
      vertex 80.11441305269601 11.52768505739342 40
      vertex 79.7777190679216 11.325878449210181 40
      vertex 73.4 29.61764705882353 40
    endloop
  endfacet
  facet normal 0 0 -1
    outer loop
      vertex 80.46926627053963 11.695518130045148 40
      vertex 80.11441305269601 11.52768505739342 40
      vertex 73.4 29.61764705882353 40
    endloop
  endfacet
  facet normal 0 0 -1
    outer loop
      vertex 80.83886129098215 11.827761342928834 40
      vertex 80.46926627053963 11.695518130045148 40
      vertex 73.4 29.61764705882353 40
    endloop
  endfacet
  facet normal 0 0 -1
    outer loop
      vertex 81.21963871193549 11.923141121612922 40
      vertex 80.83886129098215 11.827761342928834 40
      vertex 73.4 29.61764705882353 40
    endloop
  endfacet
  facet normal 0 0 -1
    outer loop
      vertex 81.60793143868176 11.980738906688789 40
      vertex 81.21963871193549 11.923141121612922 40
      vertex 73.4 29.61764705882353 40
    endloop
  endfacet
  facet normal 0 0 -1
    outer loop
      vertex 84.9 5.1 40
      vertex 84.74945862602922 5.1 40
      vertex 84.82842712474618 5.17157287525381 40
    endloop
  endfacet
  facet normal 0 0 -1
    outer loop
      vertex 84.9 5.1 40
      vertex 84.82842712474618 5.17157287525381 40
      vertex 84.9 5.2505413739707825 40
    endloop
  endfacet
  facet normal 0 0 -1
    outer loop
      vertex 82 12 40
      vertex 81.60793143868176 11.980738906688789 40
      vertex 73.4 29.61764705882353 40
    endloop
  endfacet
  facet normal 0 0 -1
    outer loop
      vertex 82.39206856131824 11.980738906688789 40
      vertex 82 12 40
      vertex 73.4 29.61764705882353 40
    endloop
  endfacet
  facet normal 0 0 -1
    outer loop
      vertex 82.78036128806451 11.923141121612922 40
      vertex 82.39206856131824 11.980738906688789 40
      vertex 73.4 29.61764705882353 40
    endloop
  endfacet
  facet normal 0 0 -1
    outer loop
      vertex 83.16113870901785 11.827761342928834 40
      vertex 82.78036128806451 11.923141121612922 40
      vertex 73.4 29.61764705882353 40
    endloop
  endfacet
  facet normal 0 0 -1
    outer loop
      vertex 83.53073372946037 11.695518130045148 40
      vertex 83.16113870901785 11.827761342928834 40
      vertex 73.4 29.61764705882353 40
    endloop
  endfacet
  facet normal 0 0 -1
    outer loop
      vertex 84.2222809320784 11.325878449210181 40
      vertex 83.88558694730399 11.52768505739342 40
      vertex 73.4 29.61764705882353 40
    endloop
  endfacet
  facet normal 0 0 -1
    outer loop
      vertex 84.53757313665459 11.092041813450948 40
      vertex 84.2222809320784 11.325878449210181 40
      vertex 73.4 29.61764705882353 40
    endloop
  endfacet
  facet normal 0 0 -1
    outer loop
      vertex 84.82842712474618 10.82842712474619 40
      vertex 84.53757313665459 11.092041813450948 40
      vertex 73.4 29.61764705882353 40
    endloop
  endfacet
  facet normal 0 0 -1
    outer loop
      vertex 84.9 10.749458626029218 40
      vertex 84.82842712474618 10.82842712474619 40
      vertex 73.4 29.61764705882353 40
    endloop
  endfacet
  facet normal 0 0 -1
    outer loop
      vertex 83.88558694730399 11.52768505739342 40
      vertex 83.53073372946037 11.695518130045148 40
      vertex 73.4 29.61764705882353 40
    endloop
  endfacet
  facet normal 0 0 -1
    outer loop
      vertex 90 0 40
      vertex 87.3 2.6999999999999997 40
      vertex 88.30011258431924 54.924557893971794 40
    endloop
  endfacet
  facet normal 0 0 -1
    outer loop
      vertex 84.9 10.749458626029218 40
      vertex 73.4 29.61764705882353 40
      vertex 84.9 56.717864571898744 40
    endloop
  endfacet
  facet normal 0 0 -1
    outer loop
      vertex 90 0 40
      vertex 88.30011258431924 54.924557893971794 40
      vertex 88.8 54.9 40
    endloop
  endfacet
  facet normal 0 0 -1
    outer loop
      vertex 90 0 40
      vertex 88.8 54.9 40
      vertex 89.29988741568076 54.924557893971794 40
    endloop
  endfacet
  facet normal 0 0 -1
    outer loop
      vertex 90 0 40
      vertex 89.29988741568076 54.924557893971794 40
      vertex 89.79496064228225 54.99799506994353 40
    endloop
  endfacet
  facet normal 0 0 -1
    outer loop
      vertex 90 0 40
      vertex 89.79496064228225 54.99799506994353 40
      vertex 90 55.04935475537783 40
    endloop
  endfacet
  facet normal 1 0 0
    outer loop
      vertex 90 0 40
      vertex 90 55.04935475537783 40
      vertex 90 55.04935475537783 41.1
    endloop
  endfacet
  facet normal 0 -1 0
    outer loop
      vertex 90 0 43
      vertex 40.04935475537783 0 41.1
      vertex 49.95064524462217 0 41.1
    endloop
  endfacet
  facet normal 0 0 1
    outer loop
      vertex 7.399999999999999 5 43
      vertex 80.46926627053963 4.304481869954853 43
      vertex 80.11441305269601 4.47231494260658 43
    endloop
  endfacet
  facet normal 0 0 1
    outer loop
      vertex 7.399999999999999 5 43
      vertex 80.83886129098215 4.172238657071165 43
      vertex 80.46926627053963 4.304481869954853 43
    endloop
  endfacet
  facet normal 0 0 1
    outer loop
      vertex 7.399999999999999 5 43
      vertex 79.7777190679216 4.674121550789819 43
      vertex 72.4 5 43
    endloop
  endfacet
  facet normal 0 0 1
    outer loop
      vertex 7.399999999999999 5 43
      vertex 80.11441305269601 4.47231494260658 43
      vertex 79.7777190679216 4.674121550789819 43
    endloop
  endfacet
  facet normal 0 0 1
    outer loop
      vertex 7.399999999999999 5 43
      vertex 81.21963871193549 4.076858878387078 43
      vertex 80.83886129098215 4.172238657071165 43
    endloop
  endfacet
  facet normal 0 0 1
    outer loop
      vertex 7.399999999999999 5 43
      vertex 81.60793143868176 4.019261093311212 43
      vertex 81.21963871193549 4.076858878387078 43
    endloop
  endfacet
  facet normal 0 0 1
    outer loop
      vertex 7.399999999999999 5 43
      vertex 82 4 43
      vertex 81.60793143868176 4.019261093311212 43
    endloop
  endfacet
  facet normal 0 0 1
    outer loop
      vertex 90 0 43
      vertex 82 4 43
      vertex 7.399999999999999 5 43
    endloop
  endfacet
  facet normal 0 -1 0
    outer loop
      vertex 90 0 40
      vertex 90 0 43
      vertex 49.95064524462217 0 41.1
    endloop
  endfacet
  facet normal 1 0 0
    outer loop
      vertex 90 0 40
      vertex 90 55.04935475537783 41.1
      vertex 90 0 43
    endloop
  endfacet
  facet normal 0 0 1
    outer loop
      vertex 78.47231494260657 6.114413052696009 43
      vertex 72.4 5 43
      vertex 78.67412155078982 5.777719067921591 43
    endloop
  endfacet
  facet normal 0 0 1
    outer loop
      vertex 78.90795818654905 5.462426863345418 43
      vertex 72.4 5 43
      vertex 79.17157287525382 5.17157287525381 43
    endloop
  endfacet
  facet normal 0 0 1
    outer loop
      vertex 79.7777190679216 4.674121550789819 43
      vertex 79.46242686334541 4.9079581865490525 43
      vertex 72.4 5 43
    endloop
  endfacet
  facet normal 0 0 1
    outer loop
      vertex 72.4 5 43
      vertex 79.46242686334541 4.9079581865490525 43
      vertex 79.17157287525382 5.17157287525381 43
    endloop
  endfacet
  facet normal 0 0 1
    outer loop
      vertex 78.67412155078982 5.777719067921591 43
      vertex 72.4 5 43
      vertex 78.90795818654905 5.462426863345418 43
    endloop
  endfacet
  facet normal 0 0 1
    outer loop
      vertex 78.07685887838707 7.219638711935487 43
      vertex 72.4 5 43
      vertex 78.17223865707116 6.838861290982151 43
    endloop
  endfacet
  facet normal 0 0 1
    outer loop
      vertex 78.30448186995486 6.469266270539641 43
      vertex 72.4 5 43
      vertex 78.47231494260657 6.114413052696009 43
    endloop
  endfacet
  facet normal 0 0 1
    outer loop
      vertex 78.17223865707116 6.838861290982151 43
      vertex 72.4 5 43
      vertex 78.30448186995486 6.469266270539641 43
    endloop
  endfacet
  facet normal 0 0 1
    outer loop
      vertex 78.01926109331121 7.607931438681757 43
      vertex 72.4 5 43
      vertex 78.07685887838707 7.219638711935487 43
    endloop
  endfacet
  facet normal 0 0 1
    outer loop
      vertex 78 8 43
      vertex 72.4 5 43
      vertex 78.01926109331121 7.607931438681757 43
    endloop
  endfacet
  facet normal 0 0 1
    outer loop
      vertex 78.01926109331121 8.392068561318242 43
      vertex 72.4 5 43
      vertex 78 8 43
    endloop
  endfacet
  facet normal 0 0 1
    outer loop
      vertex 78.07685887838707 8.780361288064514 43
      vertex 72.4 5 43
      vertex 78.01926109331121 8.392068561318242 43
    endloop
  endfacet
  facet normal 0 0 1
    outer loop
      vertex 78.17223865707116 9.16113870901785 43
      vertex 72.4 5 43
      vertex 78.07685887838707 8.780361288064514 43
    endloop
  endfacet
  facet normal 0 0 1
    outer loop
      vertex 90 0 43
      vertex 82.39206856131824 4.019261093311212 43
      vertex 82 4 43
    endloop
  endfacet
  facet normal 0 0 1
    outer loop
      vertex 90 0 43
      vertex 82.78036128806451 4.076858878387078 43
      vertex 82.39206856131824 4.019261093311212 43
    endloop
  endfacet
  facet normal 0 0 1
    outer loop
      vertex 90 0 43
      vertex 83.16113870901785 4.172238657071165 43
      vertex 82.78036128806451 4.076858878387078 43
    endloop
  endfacet
  facet normal 0 0 1
    outer loop
      vertex 90 0 43
      vertex 83.53073372946037 4.304481869954853 43
      vertex 83.16113870901785 4.172238657071165 43
    endloop
  endfacet
  facet normal 0 0 1
    outer loop
      vertex 90 0 43
      vertex 83.88558694730399 4.47231494260658 43
      vertex 83.53073372946037 4.304481869954853 43
    endloop
  endfacet
  facet normal 0 0 1
    outer loop
      vertex 90 0 43
      vertex 84.2222809320784 4.674121550789819 43
      vertex 83.88558694730399 4.47231494260658 43
    endloop
  endfacet
  facet normal 0 0 1
    outer loop
      vertex 90 0 43
      vertex 84.53757313665459 4.9079581865490525 43
      vertex 84.2222809320784 4.674121550789819 43
    endloop
  endfacet
  facet normal 0 0 1
    outer loop
      vertex 90 0 43
      vertex 84.82842712474618 5.17157287525381 43
      vertex 84.53757313665459 4.9079581865490525 43
    endloop
  endfacet
  facet normal 0 0 1
    outer loop
      vertex 90 0 43
      vertex 85.09204181345095 5.462426863345418 43
      vertex 84.82842712474618 5.17157287525381 43
    endloop
  endfacet
  facet normal 0 0 1
    outer loop
      vertex 90 0 43
      vertex 85.32587844921018 5.777719067921591 43
      vertex 85.09204181345095 5.462426863345418 43
    endloop
  endfacet
  facet normal 0 0 1
    outer loop
      vertex 90 0 43
      vertex 85.52768505739343 6.114413052696009 43
      vertex 85.32587844921018 5.777719067921591 43
    endloop
  endfacet
  facet normal 0 0 1
    outer loop
      vertex 90 0 43
      vertex 85.69551813004514 6.469266270539641 43
      vertex 85.52768505739343 6.114413052696009 43
    endloop
  endfacet
  facet normal 0 0 1
    outer loop
      vertex 90 0 43
      vertex 85.82776134292884 6.838861290982151 43
      vertex 85.69551813004514 6.469266270539641 43
    endloop
  endfacet
  facet normal 0 0 1
    outer loop
      vertex 90 0 43
      vertex 85.92314112161293 7.219638711935487 43
      vertex 85.82776134292884 6.838861290982151 43
    endloop
  endfacet
  facet normal 0 0 1
    outer loop
      vertex 90 0 43
      vertex 85.98073890668879 7.607931438681757 43
      vertex 85.92314112161293 7.219638711935487 43
    endloop
  endfacet
  facet normal 0 0 1
    outer loop
      vertex 72.4 70 43
      vertex 72.4 5 43
      vertex 78.17223865707116 9.16113870901785 43
    endloop
  endfacet
  facet normal 0 0 1
    outer loop
      vertex 72.4 70 43
      vertex 78.17223865707116 9.16113870901785 43
      vertex 78.30448186995486 9.530733729460358 43
    endloop
  endfacet
  facet normal 0 0 1
    outer loop
      vertex 78.47231494260657 9.88558694730399 43
      vertex 72.4 70 43
      vertex 78.30448186995486 9.530733729460358 43
    endloop
  endfacet
  facet normal 0 0 1
    outer loop
      vertex 72.4 70 43
      vertex 78.47231494260657 9.88558694730399 43
      vertex 78.67412155078982 10.222280932078409 43
    endloop
  endfacet
  facet normal 0 0 1
    outer loop
      vertex 72.4 70 43
      vertex 78.67412155078982 10.222280932078409 43
      vertex 78.90795818654905 10.537573136654583 43
    endloop
  endfacet
  facet normal 0 0 1
    outer loop
      vertex 72.4 70 43
      vertex 78.90795818654905 10.537573136654583 43
      vertex 79.17157287525382 10.82842712474619 43
    endloop
  endfacet
  facet normal 0 0 1
    outer loop
      vertex 72.4 70 43
      vertex 79.17157287525382 10.82842712474619 43
      vertex 79.46242686334541 11.092041813450948 43
    endloop
  endfacet
  facet normal 0 0 1
    outer loop
      vertex 72.4 70 43
      vertex 79.46242686334541 11.092041813450948 43
      vertex 79.7777190679216 11.325878449210181 43
    endloop
  endfacet
  facet normal 0 0 1
    outer loop
      vertex 79.7777190679216 11.325878449210181 43
      vertex 80.11441305269601 11.52768505739342 43
      vertex 72.4 70 43
    endloop
  endfacet
  facet normal 0 0 1
    outer loop
      vertex 80.11441305269601 11.52768505739342 43
      vertex 80.46926627053963 11.695518130045148 43
      vertex 72.4 70 43
    endloop
  endfacet
  facet normal 0 0 1
    outer loop
      vertex 80.46926627053963 11.695518130045148 43
      vertex 80.83886129098215 11.827761342928834 43
      vertex 72.4 70 43
    endloop
  endfacet
  facet normal 0 0 1
    outer loop
      vertex 80.83886129098215 11.827761342928834 43
      vertex 81.21963871193549 11.923141121612922 43
      vertex 72.4 70 43
    endloop
  endfacet
  facet normal 0 0 1
    outer loop
      vertex 81.21963871193549 11.923141121612922 43
      vertex 81.60793143868176 11.980738906688789 43
      vertex 72.4 70 43
    endloop
  endfacet
  facet normal 0 0 1
    outer loop
      vertex 81.60793143868176 11.980738906688789 43
      vertex 82 12 43
      vertex 72.4 70 43
    endloop
  endfacet
  facet normal 0 0 1
    outer loop
      vertex 90 0 43
      vertex 90 75 43
      vertex 85.98073890668879 7.607931438681757 43
    endloop
  endfacet
  facet normal 0 0 1
    outer loop
      vertex 82 12 43
      vertex 82.39206856131824 11.980738906688789 43
      vertex 72.4 70 43
    endloop
  endfacet
  facet normal 0 0 1
    outer loop
      vertex 82.39206856131824 11.980738906688789 43
      vertex 82.78036128806451 11.923141121612922 43
      vertex 72.4 70 43
    endloop
  endfacet
  facet normal 0 0 1
    outer loop
      vertex 82.78036128806451 11.923141121612922 43
      vertex 83.16113870901785 11.827761342928834 43
      vertex 72.4 70 43
    endloop
  endfacet
  facet normal 0 0 1
    outer loop
      vertex 83.16113870901785 11.827761342928834 43
      vertex 83.53073372946037 11.695518130045148 43
      vertex 72.4 70 43
    endloop
  endfacet
  facet normal 0 0 1
    outer loop
      vertex 83.53073372946037 11.695518130045148 43
      vertex 83.88558694730399 11.52768505739342 43
      vertex 72.4 70 43
    endloop
  endfacet
  facet normal 0 0 1
    outer loop
      vertex 83.88558694730399 11.52768505739342 43
      vertex 84.2222809320784 11.325878449210181 43
      vertex 72.4 70 43
    endloop
  endfacet
  facet normal 0 0 1
    outer loop
      vertex 90 75 43
      vertex 85.69551813004514 9.530733729460358 43
      vertex 85.82776134292884 9.16113870901785 43
    endloop
  endfacet
  facet normal 0 0 1
    outer loop
      vertex 90 75 43
      vertex 85.52768505739343 9.88558694730399 43
      vertex 85.69551813004514 9.530733729460358 43
    endloop
  endfacet
  facet normal 0 0 1
    outer loop
      vertex 90 75 43
      vertex 84.2222809320784 11.325878449210181 43
      vertex 84.53757313665459 11.092041813450948 43
    endloop
  endfacet
  facet normal 0 0 1
    outer loop
      vertex 90 75 43
      vertex 84.53757313665459 11.092041813450948 43
      vertex 84.82842712474618 10.82842712474619 43
    endloop
  endfacet
  facet normal 0 0 1
    outer loop
      vertex 90 75 43
      vertex 85.09204181345095 10.537573136654583 43
      vertex 85.32587844921018 10.222280932078409 43
    endloop
  endfacet
  facet normal 0 0 1
    outer loop
      vertex 90 75 43
      vertex 84.82842712474618 10.82842712474619 43
      vertex 85.09204181345095 10.537573136654583 43
    endloop
  endfacet
  facet normal 0 0 1
    outer loop
      vertex 90 75 43
      vertex 85.32587844921018 10.222280932078409 43
      vertex 85.52768505739343 9.88558694730399 43
    endloop
  endfacet
  facet normal 0 0 1
    outer loop
      vertex 90 75 43
      vertex 86 8 43
      vertex 85.98073890668879 7.607931438681757 43
    endloop
  endfacet
  facet normal 0 0 1
    outer loop
      vertex 90 75 43
      vertex 85.98073890668879 8.392068561318242 43
      vertex 86 8 43
    endloop
  endfacet
  facet normal 0 0 1
    outer loop
      vertex 90 75 43
      vertex 85.92314112161293 8.780361288064514 43
      vertex 85.98073890668879 8.392068561318242 43
    endloop
  endfacet
  facet normal 0 0 1
    outer loop
      vertex 90 75 43
      vertex 85.82776134292884 9.16113870901785 43
      vertex 85.92314112161293 8.780361288064514 43
    endloop
  endfacet
  facet normal 0 0 -1
    outer loop
      vertex 87.3 72.3 40
      vertex 49.87340127375357 72.3 40
      vertex 49.88039571223426 72.31954814600223 40
    endloop
  endfacet
  facet normal 0 0 -1
    outer loop
      vertex 87.3 72.3 40
      vertex 49.88039571223426 72.31954814600223 40
      vertex 50.00200493005647 72.80503935771775 40
    endloop
  endfacet
  facet normal 0 0 -1
    outer loop
      vertex 87.3 72.3 40
      vertex 50.00200493005647 72.80503935771775 40
      vertex 50.075442106028206 73.30011258431924 40
    endloop
  endfacet
  facet normal 0 0 -1
    outer loop
      vertex 87.3 72.3 40
      vertex 50.075442106028206 73.30011258431924 40
      vertex 50.1 73.8 40
    endloop
  endfacet
  facet normal 0 0 -1
    outer loop
      vertex 90 75 40
      vertex 50.1 73.8 40
      vertex 50.075442106028206 74.29988741568076 40
    endloop
  endfacet
  facet normal 0 0 -1
    outer loop
      vertex 90 75 40
      vertex 50.075442106028206 74.29988741568076 40
      vertex 50.00200493005647 74.79496064228225 40
    endloop
  endfacet
  facet normal 0 0 -1
    outer loop
      vertex 90 75 40
      vertex 50.00200493005647 74.79496064228225 40
      vertex 49.95064524462217 75 40
    endloop
  endfacet
  facet normal 0 1 0
    outer loop
      vertex 90 75 40
      vertex 49.95064524462217 75 40
      vertex 49.95064524462217 75 41.1
    endloop
  endfacet
  facet normal 0 0 -1
    outer loop
      vertex 73.4 69.9 40
      vertex 83.79799506994352 59.00503935771775 40
      vertex 73.4 29.61764705882353 40
    endloop
  endfacet
  facet normal 0 0 -1
    outer loop
      vertex 87.3 2.6999999999999997 40
      vertex 87.3 55.12659872624643 40
      vertex 87.31954814600223 55.11960428776574 40
    endloop
  endfacet
  facet normal 0 0 -1
    outer loop
      vertex 87.3 2.6999999999999997 40
      vertex 87.31954814600223 55.11960428776574 40
      vertex 87.80503935771775 54.99799506994353 40
    endloop
  endfacet
  facet normal 0 0 -1
    outer loop
      vertex 87.3 2.6999999999999997 40
      vertex 87.80503935771775 54.99799506994353 40
      vertex 88.30011258431924 54.924557893971794 40
    endloop
  endfacet
  facet normal 0 0 -1
    outer loop
      vertex 84.9 56.717864571898744 40
      vertex 73.4 29.61764705882353 40
      vertex 84.85764668785004 56.764594250765406 40
    endloop
  endfacet
  facet normal 0 0 -1
    outer loop
      vertex 84.85764668785004 56.764594250765406 40
      vertex 73.4 29.61764705882353 40
      vertex 84.55950497725702 57.16659181160003 40
    endloop
  endfacet
  facet normal 0 0 -1
    outer loop
      vertex 84.55950497725702 57.16659181160003 40
      vertex 73.4 29.61764705882353 40
      vertex 84.30220155182339 57.59587664218741 40
    endloop
  endfacet
  facet normal 0 0 -1
    outer loop
      vertex 84.30220155182339 57.59587664218741 40
      vertex 73.4 29.61764705882353 40
      vertex 84.08821438419244 58.04831449493804 40
    endloop
  endfacet
  facet normal 0 0 -1
    outer loop
      vertex 73.4 29.61764705882353 40
      vertex 83.91960428776574 58.51954814600224 40
      vertex 84.08821438419244 58.04831449493804 40
    endloop
  endfacet
  facet normal 0 0 -1
    outer loop
      vertex 73.4 29.61764705882353 40
      vertex 83.79799506994352 59.00503935771775 40
      vertex 83.91960428776574 58.51954814600224 40
    endloop
  endfacet
  facet normal 0 0 -1
    outer loop
      vertex 87.3 72.3 40
      vertex 50.1 73.8 40
      vertex 90 75 40
    endloop
  endfacet
  facet normal 0 0 -1
    outer loop
      vertex 73.4 69.9 40
      vertex 83.72455789397179 59.50011258431924 40
      vertex 83.79799506994352 59.00503935771775 40
    endloop
  endfacet
  facet normal 0 0 -1
    outer loop
      vertex 73.4 69.9 40
      vertex 83.7 60 40
      vertex 83.72455789397179 59.50011258431924 40
    endloop
  endfacet
  facet normal 0 0 -1
    outer loop
      vertex 73.4 69.9 40
      vertex 83.72455789397179 60.49988741568076 40
      vertex 83.7 60 40
    endloop
  endfacet
  facet normal 0 0 -1
    outer loop
      vertex 73.4 69.9 40
      vertex 83.79799506994352 60.99496064228225 40
      vertex 83.72455789397179 60.49988741568076 40
    endloop
  endfacet
  facet normal 0 0 -1
    outer loop
      vertex 73.4 69.9 40
      vertex 83.91960428776574 61.48045185399776 40
      vertex 83.79799506994352 60.99496064228225 40
    endloop
  endfacet
  facet normal 0 0 -1
    outer loop
      vertex 73.4 69.9 40
      vertex 84.08821438419244 61.95168550506196 40
      vertex 83.91960428776574 61.48045185399776 40
    endloop
  endfacet
  facet normal 0 0 -1
    outer loop
      vertex 73.4 69.9 40
      vertex 84.30220155182339 62.40412335781259 40
      vertex 84.08821438419244 61.95168550506196 40
    endloop
  endfacet
  facet normal 0 0 -1
    outer loop
      vertex 73.4 69.9 40
      vertex 84.55950497725702 62.83340818839997 40
      vertex 84.30220155182339 62.40412335781259 40
    endloop
  endfacet
  facet normal 0 0 -1
    outer loop
      vertex 73.4 69.9 40
      vertex 84.85764668785004 63.235405749234594 40
      vertex 84.55950497725702 62.83340818839997 40
    endloop
  endfacet
  facet normal 0 0 -1
    outer loop
      vertex 73.4 69.9 40
      vertex 84.9 63.282135428101256 40
      vertex 84.85764668785004 63.235405749234594 40
    endloop
  endfacet
  facet normal 0 0 -1
    outer loop
      vertex 84.9 69.9 40
      vertex 84.9 63.282135428101256 40
      vertex 73.4 69.9 40
    endloop
  endfacet
  facet normal 0 0 -1
    outer loop
      vertex 87.3 72.3 40
      vertex 87.31954814600223 64.88039571223426 40
      vertex 87.3 64.87340127375357 40
    endloop
  endfacet
  facet normal 0 0 -1
    outer loop
      vertex 87.3 72.3 40
      vertex 87.80503935771775 65.00200493005647 40
      vertex 87.31954814600223 64.88039571223426 40
    endloop
  endfacet
  facet normal 0 0 -1
    outer loop
      vertex 87.3 72.3 40
      vertex 88.30011258431924 65.0754421060282 40
      vertex 87.80503935771775 65.00200493005647 40
    endloop
  endfacet
  facet normal 0 0 -1
    outer loop
      vertex 87.3 72.3 40
      vertex 88.8 65.1 40
      vertex 88.30011258431924 65.0754421060282 40
    endloop
  endfacet
  facet normal 0 0 -1
    outer loop
      vertex 87.3 72.3 40
      vertex 89.29988741568076 65.0754421060282 40
      vertex 88.8 65.1 40
    endloop
  endfacet
  facet normal 0 0 -1
    outer loop
      vertex 87.3 72.3 40
      vertex 89.79496064228225 65.00200493005647 40
      vertex 89.29988741568076 65.0754421060282 40
    endloop
  endfacet
  facet normal 0 0 -1
    outer loop
      vertex 87.3 72.3 40
      vertex 90 64.95064524462218 40
      vertex 89.79496064228225 65.00200493005647 40
    endloop
  endfacet
  facet normal 1 0 0
    outer loop
      vertex 90 75 40
      vertex 90 64.95064524462218 41.1
      vertex 90 64.95064524462218 40
    endloop
  endfacet
  facet normal 0 0 -1
    outer loop
      vertex 87.3 72.3 40
      vertex 90 75 40
      vertex 90 64.95064524462218 40
    endloop
  endfacet
  facet normal 0 1 0
    outer loop
      vertex 0 75 43
      vertex 90 75 40
      vertex 49.95064524462217 75 41.1
    endloop
  endfacet
  facet normal 0 1 0
    outer loop
      vertex 0 75 43
      vertex 90 75 43
      vertex 90 75 40
    endloop
  endfacet
  facet normal 0 0 1
    outer loop
      vertex 90 75 43
      vertex 7.399999999999999 70 43
      vertex 72.4 70 43
    endloop
  endfacet
  facet normal 1 0 0
    outer loop
      vertex 90 0 43
      vertex 90 55.04935475537783 41.1
      vertex 90 64.95064524462218 41.1
    endloop
  endfacet
  facet normal 1 0 0
    outer loop
      vertex 90 0 43
      vertex 90 64.95064524462218 41.1
      vertex 90 75 43
    endloop
  endfacet
  facet normal 0 0 1
    outer loop
      vertex 90 75 43
      vertex 72.4 70 43
      vertex 84.2222809320784 11.325878449210181 43
    endloop
  endfacet
  facet normal 1 0 0
    outer loop
      vertex 90 75 40
      vertex 90 75 43
      vertex 90 64.95064524462218 41.1
    endloop
  endfacet
  facet normal -0.33688985339220545 0.941544065183026 0
    outer loop
      vertex 3.1516855050619577 32.788214384192436 41.1
      vertex 3.1516855050619577 32.788214384192436 38
      vertex 2.6999999999999997 32.626598726246435 38
    endloop
  endfacet
  facet normal -0.7409511253549595 0.671558954847018 0
    outer loop
      vertex 5.1 34.21786457189876 38
      vertex 4.8062445840513925 33.893755415948604 38
      vertex 5.1 34.21786457189876 40
    endloop
  endfacet
  facet normal -0.42755509343028547 0.9039892931234417 0
    outer loop
      vertex 3.1516855050619577 32.788214384192436 41.1
      vertex 3.604123357812588 33.00220155182339 38
      vertex 3.1516855050619577 32.788214384192436 38
    endloop
  endfacet
  facet normal -0.5141027441932273 0.8577286100002687 0
    outer loop
      vertex 3.604123357812588 33.00220155182339 41.1
      vertex 4.033408188399971 33.25950497725702 38
      vertex 3.604123357812588 33.00220155182339 38
    endloop
  endfacet
  facet normal -0.5956993044924235 0.8032075314806522 0
    outer loop
      vertex 4.033408188399971 33.25950497725702 41.1
      vertex 4.435405749234592 33.55764668785004 38
      vertex 4.033408188399971 33.25950497725702 38
    endloop
  endfacet
  facet normal -0.6715589548470176 0.7409511253549597 0
    outer loop
      vertex 4.435405749234592 33.55764668785004 41.1
      vertex 4.8062445840513925 33.893755415948604 38
      vertex 4.435405749234592 33.55764668785004 38
    endloop
  endfacet
  facet normal -0.3368898533922055 0.9415440651830259 5.4530006406672245e-18
    outer loop
      vertex 3.1516855050619577 32.788214384192436 41.1
      vertex 2.6999999999999997 32.626598726246435 38
      vertex 2.6999999999999997 32.626598726246435 40
    endloop
  endfacet
  facet normal -0.7409511253549594 0.671558954847018 0
    outer loop
      vertex 4.8062445840513925 33.893755415948604 41.1
      vertex 5.1 34.21786457189876 40
      vertex 4.8062445840513925 33.893755415948604 38
    endloop
  endfacet
  facet normal 0.24298017990327897 0.9700312531945403 0
    outer loop
      vertex 0 32.54935475537783 40
      vertex 0 32.54935475537783 41.1
      vertex 0.20503935771774595 32.49799506994353 40
    endloop
  endfacet
  facet normal 0.1467304744553707 0.9891765099647796 0
    outer loop
      vertex 0.20503935771774595 32.49799506994353 41.1
      vertex 0.7001125843192408 32.424557893971794 40
      vertex 0.20503935771774595 32.49799506994353 40
    endloop
  endfacet
  facet normal 0.04906767432741798 0.9987954562051724 0
    outer loop
      vertex 0.7001125843192408 32.424557893971794 41.1
      vertex 1.2 32.4 40
      vertex 0.7001125843192408 32.424557893971794 40
    endloop
  endfacet
  facet normal -0.04906767432741798 0.9987954562051724 0
    outer loop
      vertex 1.2 32.4 41.1
      vertex 1.699887415680759 32.424557893971794 40
      vertex 1.2 32.4 40
    endloop
  endfacet
  facet normal -0.1467304744553707 0.9891765099647798 0
    outer loop
      vertex 1.699887415680759 32.424557893971794 41.1
      vertex 2.194960642282254 32.49799506994353 40
      vertex 1.699887415680759 32.424557893971794 40
    endloop
  endfacet
  facet normal -0.24298017990326626 0.9700312531945433 0
    outer loop
      vertex 2.194960642282254 32.49799506994353 41.1
      vertex 2.6804518539977575 32.61960428776574 40
      vertex 2.194960642282254 32.49799506994353 40
    endloop
  endfacet
  facet normal -0.33688985339230626 0.9415440651829899 0
    outer loop
      vertex 2.6804518539977575 32.61960428776574 41.1
      vertex 2.6999999999999997 32.626598726246435 40
      vertex 2.6804518539977575 32.61960428776574 40
    endloop
  endfacet
  facet normal -0.42755509343028547 0.9039892931234417 1.4088244869374818e-18
    outer loop
      vertex 3.1516855050619577 32.788214384192436 41.1
      vertex 3.604123357812588 33.00220155182339 41.1
      vertex 3.604123357812588 33.00220155182339 38
    endloop
  endfacet
  facet normal -0.5141027441932273 0.8577286100002687 -3.0756483243675884e-18
    outer loop
      vertex 3.604123357812588 33.00220155182339 41.1
      vertex 4.033408188399971 33.25950497725702 41.1
      vertex 4.033408188399971 33.25950497725702 38
    endloop
  endfacet
  facet normal -0.5956993044924235 0.8032075314806522 5.822112757022316e-19
    outer loop
      vertex 4.033408188399971 33.25950497725702 41.1
      vertex 4.435405749234592 33.55764668785004 41.1
      vertex 4.435405749234592 33.55764668785004 38
    endloop
  endfacet
  facet normal -0.6715589548470176 0.7409511253549597 -2.8006709555256206e-18
    outer loop
      vertex 4.435405749234592 33.55764668785004 41.1
      vertex 4.8062445840513925 33.893755415948604 41.1
      vertex 4.8062445840513925 33.893755415948604 38
    endloop
  endfacet
  facet normal -0.7409511253549674 0.671558954847009 0
    outer loop
      vertex 5.142353312149958 34.264594250765406 41.1
      vertex 5.142353312149958 34.264594250765406 40
      vertex 5.1 34.21786457189876 40
    endloop
  endfacet
  facet normal -0.8032075314806467 0.5956993044924309 0
    outer loop
      vertex 5.142353312149958 34.264594250765406 41.1
      vertex 5.44049502274298 34.66659181160003 40
      vertex 5.142353312149958 34.264594250765406 40
    endloop
  endfacet
  facet normal -0.8577286100002728 0.5141027441932206 0
    outer loop
      vertex 5.44049502274298 34.66659181160003 41.1
      vertex 5.69779844817661 35.09587664218741 40
      vertex 5.44049502274298 34.66659181160003 40
    endloop
  endfacet
  facet normal -0.903989293123442 0.42755509343028497 0
    outer loop
      vertex 5.69779844817661 35.09587664218741 41.1
      vertex 5.911785615807562 35.54831449493804 40
      vertex 5.69779844817661 35.09587664218741 40
    endloop
  endfacet
  facet normal -0.9415440651830218 0.3368898533922171 0
    outer loop
      vertex 5.911785615807562 35.54831449493804 41.1
      vertex 6.080395712234265 36.01954814600224 40
      vertex 5.911785615807562 35.54831449493804 40
    endloop
  endfacet
  facet normal -0.970031253194544 0.24298017990326376 0
    outer loop
      vertex 6.080395712234265 36.01954814600224 41.1
      vertex 6.202004930056475 36.50503935771775 40
      vertex 6.080395712234265 36.01954814600224 40
    endloop
  endfacet
  facet normal -0.9891765099647807 0.14673047445536316 0
    outer loop
      vertex 6.202004930056475 36.50503935771775 41.1
      vertex 6.275442106028204 37.00011258431924 40
      vertex 6.202004930056475 36.50503935771775 40
    endloop
  endfacet
  facet normal -0.9987954562051724 0.04906767432741787 0
    outer loop
      vertex 6.275442106028204 37.00011258431924 41.1
      vertex 6.3 37.5 40
      vertex 6.275442106028204 37.00011258431924 40
    endloop
  endfacet
  facet normal 0.24298017990327897 0.9700312531945403 0
    outer loop
      vertex 0.20503935771774595 32.49799506994353 41.1
      vertex 0.20503935771774595 32.49799506994353 40
      vertex 0 32.54935475537783 41.1
    endloop
  endfacet
  facet normal 0.1467304744553707 0.9891765099647796 -1.875835222712693e-18
    outer loop
      vertex 0.20503935771774595 32.49799506994353 41.1
      vertex 0.7001125843192408 32.424557893971794 41.1
      vertex 0.7001125843192408 32.424557893971794 40
    endloop
  endfacet
  facet normal 0.04906767432741798 0.9987954562051724 -1.0527191687654881e-18
    outer loop
      vertex 0.7001125843192408 32.424557893971794 41.1
      vertex 1.2 32.4 41.1
      vertex 1.2 32.4 40
    endloop
  endfacet
  facet normal -0.04906767432741798 0.9987954562051724 1.0527191687654881e-18
    outer loop
      vertex 1.2 32.4 41.1
      vertex 1.699887415680759 32.424557893971794 41.1
      vertex 1.699887415680759 32.424557893971794 40
    endloop
  endfacet
  facet normal -0.1467304744553707 0.9891765099647798 4.08143697664416e-18
    outer loop
      vertex 1.699887415680759 32.424557893971794 41.1
      vertex 2.194960642282254 32.49799506994353 41.1
      vertex 2.194960642282254 32.49799506994353 40
    endloop
  endfacet
  facet normal -0.24298017990326626 0.9700312531945433 -1.7518577673717742e-18
    outer loop
      vertex 2.194960642282254 32.49799506994353 41.1
      vertex 2.6804518539977575 32.61960428776574 41.1
      vertex 2.6804518539977575 32.61960428776574 40
    endloop
  endfacet
  facet normal -0.33688985339220956 0.9415440651830245 1.9378937693621603e-15
    outer loop
      vertex 2.6804518539977575 32.61960428776574 41.1
      vertex 3.1516855050619577 32.788214384192436 41.1
      vertex 2.6999999999999997 32.626598726246435 40
    endloop
  endfacet
  facet normal -0.7409511253549605 0.6715589548470169 -6.038536509766799e-16
    outer loop
      vertex 4.8062445840513925 33.893755415948604 41.1
      vertex 5.142353312149958 34.264594250765406 41.1
      vertex 5.1 34.21786457189876 40
    endloop
  endfacet
  facet normal -0.8032075314806467 0.5956993044924309 1.2598926355198786e-18
    outer loop
      vertex 5.142353312149958 34.264594250765406 41.1
      vertex 5.44049502274298 34.66659181160003 41.1
      vertex 5.44049502274298 34.66659181160003 40
    endloop
  endfacet
  facet normal -0.8577286100002728 0.5141027441932206 -7.711817078423387e-18
    outer loop
      vertex 5.44049502274298 34.66659181160003 41.1
      vertex 5.69779844817661 35.09587664218741 41.1
      vertex 5.69779844817661 35.09587664218741 40
    endloop
  endfacet
  facet normal 0 0 -1
    outer loop
      vertex 0.20503935771774595 32.49799506994353 41.1
      vertex 0 32.54935475537783 41.1
      vertex 0.20503935771774595 42.50200493005647 41.1
    endloop
  endfacet
  facet normal 0 0 -1
    outer loop
      vertex 0.20503935771774595 32.49799506994353 41.1
      vertex 0.20503935771774595 42.50200493005647 41.1
      vertex 0.7001125843192408 32.424557893971794 41.1
    endloop
  endfacet
  facet normal 0 0 -1
    outer loop
      vertex 0.7001125843192408 32.424557893971794 41.1
      vertex 0.7001125843192408 42.575442106028206 41.1
      vertex 1.2 32.4 41.1
    endloop
  endfacet
  facet normal 0 0 -1
    outer loop
      vertex 1.2 32.4 41.1
      vertex 1.2 42.6 41.1
      vertex 1.699887415680759 32.424557893971794 41.1
    endloop
  endfacet
  facet normal 0 0 -1
    outer loop
      vertex 1.699887415680759 32.424557893971794 41.1
      vertex 1.699887415680759 42.575442106028206 41.1
      vertex 2.194960642282254 32.49799506994353 41.1
    endloop
  endfacet
  facet normal 0 0 -1
    outer loop
      vertex 2.194960642282254 32.49799506994353 41.1
      vertex 2.194960642282254 42.50200493005647 41.1
      vertex 2.6804518539977575 32.61960428776574 41.1
    endloop
  endfacet
  facet normal 0 0 -1
    outer loop
      vertex 2.6804518539977575 32.61960428776574 41.1
      vertex 2.6804518539977575 42.38039571223426 41.1
      vertex 3.1516855050619577 32.788214384192436 41.1
    endloop
  endfacet
  facet normal 0 0 -1
    outer loop
      vertex 3.1516855050619577 32.788214384192436 41.1
      vertex 3.1516855050619577 42.211785615807564 41.1
      vertex 3.604123357812588 33.00220155182339 41.1
    endloop
  endfacet
  facet normal 0 0 -1
    outer loop
      vertex 3.604123357812588 33.00220155182339 41.1
      vertex 3.604123357812588 41.99779844817661 41.1
      vertex 4.033408188399971 33.25950497725702 41.1
    endloop
  endfacet
  facet normal 0 0 -1
    outer loop
      vertex 4.033408188399971 33.25950497725702 41.1
      vertex 4.033408188399971 41.74049502274298 41.1
      vertex 4.435405749234592 33.55764668785004 41.1
    endloop
  endfacet
  facet normal 0 0 -1
    outer loop
      vertex 4.435405749234592 33.55764668785004 41.1
      vertex 4.435405749234592 41.44235331214996 41.1
      vertex 4.8062445840513925 33.893755415948604 41.1
    endloop
  endfacet
  facet normal 0 0 -1
    outer loop
      vertex 4.8062445840513925 33.893755415948604 41.1
      vertex 4.8062445840513925 41.106244584051396 41.1
      vertex 5.142353312149958 34.264594250765406 41.1
    endloop
  endfacet
  facet normal 0 0 -1
    outer loop
      vertex 5.142353312149958 34.264594250765406 41.1
      vertex 5.142353312149958 40.735405749234594 41.1
      vertex 5.44049502274298 34.66659181160003 41.1
    endloop
  endfacet
  facet normal 0 0 -1
    outer loop
      vertex 5.44049502274298 34.66659181160003 41.1
      vertex 5.44049502274298 40.33340818839997 41.1
      vertex 5.69779844817661 35.09587664218741 41.1
    endloop
  endfacet
  facet normal -0.903989293123442 0.42755509343028497 7.873202293132056e-18
    outer loop
      vertex 5.69779844817661 35.09587664218741 41.1
      vertex 5.911785615807562 35.54831449493804 41.1
      vertex 5.911785615807562 35.54831449493804 40
    endloop
  endfacet
  facet normal -0.9415440651830218 0.3368898533922171 8.672535436835065e-19
    outer loop
      vertex 5.911785615807562 35.54831449493804 41.1
      vertex 6.080395712234265 36.01954814600224 41.1
      vertex 6.080395712234265 36.01954814600224 40
    endloop
  endfacet
  facet normal -0.970031253194544 0.24298017990326376 -1.8894326239414336e-18
    outer loop
      vertex 6.080395712234265 36.01954814600224 41.1
      vertex 6.202004930056475 36.50503935771775 41.1
      vertex 6.202004930056475 36.50503935771775 40
    endloop
  endfacet
  facet normal -0.9891765099647807 0.14673047445536316 2.232730193615939e-18
    outer loop
      vertex 6.202004930056475 36.50503935771775 41.1
      vertex 6.275442106028204 37.00011258431924 41.1
      vertex 6.275442106028204 37.00011258431924 40
    endloop
  endfacet
  facet normal -0.9987954562051724 0.04906767432741787 1.6116376748928517e-19
    outer loop
      vertex 6.275442106028204 37.00011258431924 41.1
      vertex 6.3 37.5 41.1
      vertex 6.3 37.5 40
    endloop
  endfacet
  facet normal 0 0 -1
    outer loop
      vertex 5.69779844817661 35.09587664218741 41.1
      vertex 5.69779844817661 39.90412335781259 41.1
      vertex 5.911785615807562 35.54831449493804 41.1
    endloop
  endfacet
  facet normal 0 0 -1
    outer loop
      vertex 5.911785615807562 35.54831449493804 41.1
      vertex 5.911785615807562 39.45168550506196 41.1
      vertex 6.080395712234265 36.01954814600224 41.1
    endloop
  endfacet
  facet normal 0 0 -1
    outer loop
      vertex 6.080395712234265 36.01954814600224 41.1
      vertex 6.080395712234265 38.98045185399776 41.1
      vertex 6.202004930056475 36.50503935771775 41.1
    endloop
  endfacet
  facet normal 0 0 -1
    outer loop
      vertex 6.202004930056475 36.50503935771775 41.1
      vertex 6.202004930056475 38.49496064228225 41.1
      vertex 6.275442106028204 37.00011258431924 41.1
    endloop
  endfacet
  facet normal -0.7409511253549595 -0.671558954847018 0
    outer loop
      vertex 5.1 40.78213542810124 38
      vertex 5.1 40.78213542810124 40
      vertex 4.8062445840513925 41.106244584051396 38
    endloop
  endfacet
  facet normal -0.42755509343028547 -0.9039892931234417 0
    outer loop
      vertex 3.604123357812588 41.99779844817661 41.1
      vertex 3.1516855050619577 42.211785615807564 38
      vertex 3.604123357812588 41.99779844817661 38
    endloop
  endfacet
  facet normal -0.5141027441932273 -0.8577286100002687 0
    outer loop
      vertex 4.033408188399971 41.74049502274298 41.1
      vertex 3.604123357812588 41.99779844817661 38
      vertex 4.033408188399971 41.74049502274298 38
    endloop
  endfacet
  facet normal -0.5956993044924235 -0.8032075314806522 0
    outer loop
      vertex 4.435405749234592 41.44235331214996 41.1
      vertex 4.033408188399971 41.74049502274298 38
      vertex 4.435405749234592 41.44235331214996 38
    endloop
  endfacet
  facet normal -0.6715589548470176 -0.7409511253549597 0
    outer loop
      vertex 4.8062445840513925 41.106244584051396 41.1
      vertex 4.435405749234592 41.44235331214996 38
      vertex 4.8062445840513925 41.106244584051396 38
    endloop
  endfacet
  facet normal -0.33688985339220545 -0.9415440651830259 0
    outer loop
      vertex 2.6999999999999997 42.373401273753565 38
      vertex 3.1516855050619577 42.211785615807564 38
      vertex 2.6999999999999997 42.373401273753565 40
    endloop
  endfacet
  facet normal -0.7409511253549566 -0.6715589548470211 -9.34344555176626e-16
    outer loop
      vertex 5.142353312149958 40.735405749234594 41.1
      vertex 4.8062445840513925 41.106244584051396 38
      vertex 5.1 40.78213542810124 40
    endloop
  endfacet
  facet normal -0.3368898533921968 -0.941544065183029 2.1944352895555635e-15
    outer loop
      vertex 2.6804518539977575 42.38039571223426 41.1
      vertex 2.6999999999999997 42.373401273753565 40
      vertex 3.1516855050619577 42.211785615807564 38
    endloop
  endfacet
  facet normal -0.42755509343028547 -0.9039892931234417 -1.4088244869374818e-18
    outer loop
      vertex 3.604123357812588 41.99779844817661 41.1
      vertex 3.1516855050619577 42.211785615807564 41.1
      vertex 3.1516855050619577 42.211785615807564 38
    endloop
  endfacet
  facet normal -0.5141027441932273 -0.8577286100002687 0
    outer loop
      vertex 3.604123357812588 41.99779844817661 41.1
      vertex 3.604123357812588 41.99779844817661 38
      vertex 4.033408188399971 41.74049502274298 41.1
    endloop
  endfacet
  facet normal -0.5956993044924235 -0.8032075314806522 0
    outer loop
      vertex 4.033408188399971 41.74049502274298 41.1
      vertex 4.033408188399971 41.74049502274298 38
      vertex 4.435405749234592 41.44235331214996 41.1
    endloop
  endfacet
  facet normal -0.7409511253549605 -0.6715589548470169 0
    outer loop
      vertex 4.8062445840513925 41.106244584051396 41.1
      vertex 4.8062445840513925 41.106244584051396 38
      vertex 5.142353312149958 40.735405749234594 41.1
    endloop
  endfacet
  facet normal -0.6715589548470176 -0.7409511253549597 2.8006709555256206e-18
    outer loop
      vertex 4.8062445840513925 41.106244584051396 41.1
      vertex 4.435405749234592 41.44235331214996 41.1
      vertex 4.435405749234592 41.44235331214996 38
    endloop
  endfacet
  facet normal -0.8577286100002728 -0.5141027441932206 0
    outer loop
      vertex 5.69779844817661 39.90412335781259 41.1
      vertex 5.44049502274298 40.33340818839997 40
      vertex 5.69779844817661 39.90412335781259 40
    endloop
  endfacet
  facet normal -0.7409511253549674 -0.671558954847009 0
    outer loop
      vertex 5.142353312149958 40.735405749234594 41.1
      vertex 5.1 40.78213542810124 40
      vertex 5.142353312149958 40.735405749234594 40
    endloop
  endfacet
  facet normal -0.8032075314806467 -0.5956993044924309 0
    outer loop
      vertex 5.44049502274298 40.33340818839997 41.1
      vertex 5.142353312149958 40.735405749234594 40
      vertex 5.44049502274298 40.33340818839997 40
    endloop
  endfacet
  facet normal -0.3368898533922096 -0.9415440651830245 -2.7909140232924094e-18
    outer loop
      vertex 2.6804518539977575 42.38039571223426 41.1
      vertex 3.1516855050619577 42.211785615807564 38
      vertex 3.1516855050619577 42.211785615807564 41.1
    endloop
  endfacet
  facet normal 0.24298017990327897 -0.9700312531945403 0
    outer loop
      vertex 0.20503935771774595 42.50200493005647 41.1
      vertex 0 42.45064524462217 40
      vertex 0.20503935771774595 42.50200493005647 40
    endloop
  endfacet
  facet normal 0.1467304744553707 -0.9891765099647796 0
    outer loop
      vertex 0.7001125843192408 42.575442106028206 41.1
      vertex 0.20503935771774595 42.50200493005647 40
      vertex 0.7001125843192408 42.575442106028206 40
    endloop
  endfacet
  facet normal 0.04906767432741798 -0.9987954562051724 0
    outer loop
      vertex 1.2 42.6 41.1
      vertex 0.7001125843192408 42.575442106028206 40
      vertex 1.2 42.6 40
    endloop
  endfacet
  facet normal -0.04906767432741798 -0.9987954562051724 0
    outer loop
      vertex 1.699887415680759 42.575442106028206 41.1
      vertex 1.2 42.6 40
      vertex 1.699887415680759 42.575442106028206 40
    endloop
  endfacet
  facet normal -0.1467304744553707 -0.9891765099647798 0
    outer loop
      vertex 2.194960642282254 42.50200493005647 41.1
      vertex 1.699887415680759 42.575442106028206 40
      vertex 2.194960642282254 42.50200493005647 40
    endloop
  endfacet
  facet normal -0.24298017990326626 -0.9700312531945433 0
    outer loop
      vertex 2.6804518539977575 42.38039571223426 41.1
      vertex 2.194960642282254 42.50200493005647 40
      vertex 2.6804518539977575 42.38039571223426 40
    endloop
  endfacet
  facet normal -0.33688985339230626 -0.9415440651829899 0
    outer loop
      vertex 2.6804518539977575 42.38039571223426 41.1
      vertex 2.6804518539977575 42.38039571223426 40
      vertex 2.6999999999999997 42.373401273753565 40
    endloop
  endfacet
  facet normal -0.9987954562051724 -0.04906767432741787 0
    outer loop
      vertex 6.3 37.5 41.1
      vertex 6.275442106028204 37.99988741568076 40
      vertex 6.3 37.5 40
    endloop
  endfacet
  facet normal -0.9891765099647807 -0.14673047445536316 0
    outer loop
      vertex 6.275442106028204 37.99988741568076 41.1
      vertex 6.202004930056475 38.49496064228225 40
      vertex 6.275442106028204 37.99988741568076 40
    endloop
  endfacet
  facet normal -0.970031253194544 -0.24298017990326376 0
    outer loop
      vertex 6.202004930056475 38.49496064228225 41.1
      vertex 6.080395712234265 38.98045185399776 40
      vertex 6.202004930056475 38.49496064228225 40
    endloop
  endfacet
  facet normal -0.9415440651830218 -0.3368898533922171 0
    outer loop
      vertex 6.080395712234265 38.98045185399776 41.1
      vertex 5.911785615807562 39.45168550506196 40
      vertex 6.080395712234265 38.98045185399776 40
    endloop
  endfacet
  facet normal -0.903989293123442 -0.42755509343028497 0
    outer loop
      vertex 5.911785615807562 39.45168550506196 41.1
      vertex 5.69779844817661 39.90412335781259 40
      vertex 5.911785615807562 39.45168550506196 40
    endloop
  endfacet
  facet normal -0.8577286100002728 -0.5141027441932206 7.711817078423387e-18
    outer loop
      vertex 5.69779844817661 39.90412335781259 41.1
      vertex 5.44049502274298 40.33340818839997 41.1
      vertex 5.44049502274298 40.33340818839997 40
    endloop
  endfacet
  facet normal -0.8032075314806467 -0.5956993044924309 0
    outer loop
      vertex 5.142353312149958 40.735405749234594 41.1
      vertex 5.142353312149958 40.735405749234594 40
      vertex 5.44049502274298 40.33340818839997 41.1
    endloop
  endfacet
  facet normal 0 0 -1
    outer loop
      vertex 0.20503935771774595 42.50200493005647 41.1
      vertex 0 32.54935475537783 41.1
      vertex 0 42.45064524462217 41.1
    endloop
  endfacet
  facet normal 0 0 -1
    outer loop
      vertex 0.7001125843192408 32.424557893971794 41.1
      vertex 0.20503935771774595 42.50200493005647 41.1
      vertex 0.7001125843192408 42.575442106028206 41.1
    endloop
  endfacet
  facet normal 0 0 -1
    outer loop
      vertex 1.2 32.4 41.1
      vertex 0.7001125843192408 42.575442106028206 41.1
      vertex 1.2 42.6 41.1
    endloop
  endfacet
  facet normal 0 0 -1
    outer loop
      vertex 1.699887415680759 32.424557893971794 41.1
      vertex 1.2 42.6 41.1
      vertex 1.699887415680759 42.575442106028206 41.1
    endloop
  endfacet
  facet normal 0 0 -1
    outer loop
      vertex 2.194960642282254 32.49799506994353 41.1
      vertex 1.699887415680759 42.575442106028206 41.1
      vertex 2.194960642282254 42.50200493005647 41.1
    endloop
  endfacet
  facet normal 0 0 -1
    outer loop
      vertex 2.6804518539977575 32.61960428776574 41.1
      vertex 2.194960642282254 42.50200493005647 41.1
      vertex 2.6804518539977575 42.38039571223426 41.1
    endloop
  endfacet
  facet normal 0 0 -1
    outer loop
      vertex 3.1516855050619577 32.788214384192436 41.1
      vertex 2.6804518539977575 42.38039571223426 41.1
      vertex 3.1516855050619577 42.211785615807564 41.1
    endloop
  endfacet
  facet normal 0 0 -1
    outer loop
      vertex 3.604123357812588 33.00220155182339 41.1
      vertex 3.1516855050619577 42.211785615807564 41.1
      vertex 3.604123357812588 41.99779844817661 41.1
    endloop
  endfacet
  facet normal 0 0 -1
    outer loop
      vertex 4.033408188399971 33.25950497725702 41.1
      vertex 3.604123357812588 41.99779844817661 41.1
      vertex 4.033408188399971 41.74049502274298 41.1
    endloop
  endfacet
  facet normal 0 0 -1
    outer loop
      vertex 5.44049502274298 34.66659181160003 41.1
      vertex 5.142353312149958 40.735405749234594 41.1
      vertex 5.44049502274298 40.33340818839997 41.1
    endloop
  endfacet
  facet normal 0 0 -1
    outer loop
      vertex 5.69779844817661 35.09587664218741 41.1
      vertex 5.44049502274298 40.33340818839997 41.1
      vertex 5.69779844817661 39.90412335781259 41.1
    endloop
  endfacet
  facet normal 0 0 -1
    outer loop
      vertex 4.435405749234592 33.55764668785004 41.1
      vertex 4.033408188399971 41.74049502274298 41.1
      vertex 4.435405749234592 41.44235331214996 41.1
    endloop
  endfacet
  facet normal 0 0 -1
    outer loop
      vertex 4.8062445840513925 33.893755415948604 41.1
      vertex 4.435405749234592 41.44235331214996 41.1
      vertex 4.8062445840513925 41.106244584051396 41.1
    endloop
  endfacet
  facet normal 0 0 -1
    outer loop
      vertex 5.142353312149958 34.264594250765406 41.1
      vertex 4.8062445840513925 41.106244584051396 41.1
      vertex 5.142353312149958 40.735405749234594 41.1
    endloop
  endfacet
  facet normal 0.24298017990327897 -0.9700312531945403 -1.2226009234494127e-18
    outer loop
      vertex 0.20503935771774595 42.50200493005647 41.1
      vertex 0 42.45064524462217 41.1
      vertex 0 42.45064524462217 40
    endloop
  endfacet
  facet normal 0.1467304744553707 -0.9891765099647796 0
    outer loop
      vertex 0.20503935771774595 42.50200493005647 41.1
      vertex 0.20503935771774595 42.50200493005647 40
      vertex 0.7001125843192408 42.575442106028206 41.1
    endloop
  endfacet
  facet normal 0.04906767432741798 -0.9987954562051724 0
    outer loop
      vertex 0.7001125843192408 42.575442106028206 41.1
      vertex 0.7001125843192408 42.575442106028206 40
      vertex 1.2 42.6 41.1
    endloop
  endfacet
  facet normal -0.04906767432741798 -0.9987954562051724 0
    outer loop
      vertex 1.2 42.6 41.1
      vertex 1.2 42.6 40
      vertex 1.699887415680759 42.575442106028206 41.1
    endloop
  endfacet
  facet normal -0.1467304744553707 -0.9891765099647798 0
    outer loop
      vertex 1.699887415680759 42.575442106028206 41.1
      vertex 1.699887415680759 42.575442106028206 40
      vertex 2.194960642282254 42.50200493005647 41.1
    endloop
  endfacet
  facet normal -0.24298017990326626 -0.9700312531945433 0
    outer loop
      vertex 2.194960642282254 42.50200493005647 41.1
      vertex 2.194960642282254 42.50200493005647 40
      vertex 2.6804518539977575 42.38039571223426 41.1
    endloop
  endfacet
  facet normal -0.9987954562051724 -0.04906767432741787 -1.6116376748928517e-19
    outer loop
      vertex 6.3 37.5 41.1
      vertex 6.275442106028204 37.99988741568076 41.1
      vertex 6.275442106028204 37.99988741568076 40
    endloop
  endfacet
  facet normal -0.9891765099647807 -0.14673047445536316 -2.232730193615939e-18
    outer loop
      vertex 6.275442106028204 37.99988741568076 41.1
      vertex 6.202004930056475 38.49496064228225 41.1
      vertex 6.202004930056475 38.49496064228225 40
    endloop
  endfacet
  facet normal -0.970031253194544 -0.24298017990326376 1.8894326239414336e-18
    outer loop
      vertex 6.202004930056475 38.49496064228225 41.1
      vertex 6.080395712234265 38.98045185399776 41.1
      vertex 6.080395712234265 38.98045185399776 40
    endloop
  endfacet
  facet normal -0.9415440651830218 -0.3368898533922171 0
    outer loop
      vertex 5.911785615807562 39.45168550506196 41.1
      vertex 5.911785615807562 39.45168550506196 40
      vertex 6.080395712234265 38.98045185399776 41.1
    endloop
  endfacet
  facet normal -0.903989293123442 -0.42755509343028497 -7.873202293132056e-18
    outer loop
      vertex 5.911785615807562 39.45168550506196 41.1
      vertex 5.69779844817661 39.90412335781259 41.1
      vertex 5.69779844817661 39.90412335781259 40
    endloop
  endfacet
  facet normal 0 0 -1
    outer loop
      vertex 6.275442106028204 37.00011258431924 41.1
      vertex 6.275442106028204 37.99988741568076 41.1
      vertex 6.3 37.5 41.1
    endloop
  endfacet
  facet normal 0 0 -1
    outer loop
      vertex 6.275442106028204 37.00011258431924 41.1
      vertex 6.202004930056475 38.49496064228225 41.1
      vertex 6.275442106028204 37.99988741568076 41.1
    endloop
  endfacet
  facet normal 0 0 -1
    outer loop
      vertex 6.202004930056475 36.50503935771775 41.1
      vertex 6.080395712234265 38.98045185399776 41.1
      vertex 6.202004930056475 38.49496064228225 41.1
    endloop
  endfacet
  facet normal 0 0 -1
    outer loop
      vertex 5.911785615807562 35.54831449493804 41.1
      vertex 5.69779844817661 39.90412335781259 41.1
      vertex 5.911785615807562 39.45168550506196 41.1
    endloop
  endfacet
  facet normal 0 0 -1
    outer loop
      vertex 6.080395712234265 36.01954814600224 41.1
      vertex 5.911785615807562 39.45168550506196 41.1
      vertex 6.080395712234265 38.98045185399776 41.1
    endloop
  endfacet
  facet normal 0.3368898533922174 0.9415440651830217 0
    outer loop
      vertex 87.3 55.12659872624643 38
      vertex 86.84831449493804 55.288214384192436 38
      vertex 87.3 55.12659872624643 40
    endloop
  endfacet
  facet normal 0.5956993044924286 0.8032075314806485 0
    outer loop
      vertex 85.56459425076541 56.05764668785004 41.1
      vertex 85.96659181160003 55.75950497725702 38
      vertex 85.56459425076541 56.05764668785004 38
    endloop
  endfacet
  facet normal 0.514102744193232 0.8577286100002659 0
    outer loop
      vertex 85.96659181160003 55.75950497725702 41.1
      vertex 86.3958766421874 55.50220155182339 38
      vertex 85.96659181160003 55.75950497725702 38
    endloop
  endfacet
  facet normal 0.42755509343028236 0.9039892931234432 0
    outer loop
      vertex 86.3958766421874 55.50220155182339 41.1
      vertex 86.84831449493804 55.288214384192436 38
      vertex 86.3958766421874 55.50220155182339 38
    endloop
  endfacet
  facet normal 0.33688985339222816 0.9415440651830179 -2.7477748536132216e-15
    outer loop
      vertex 87.31954814600223 55.11960428776574 41.1
      vertex 87.3 55.12659872624643 40
      vertex 86.84831449493804 55.288214384192436 38
    endloop
  endfacet
  facet normal 0.6715589548470097 0.7409511253549669 -2.5538359535139664e-18
    outer loop
      vertex 85.1937554159486 56.393755415948604 41.1
      vertex 85.56459425076541 56.05764668785004 41.1
      vertex 85.56459425076541 56.05764668785004 38
    endloop
  endfacet
  facet normal 0.514102744193232 0.8577286100002659 0
    outer loop
      vertex 86.3958766421874 55.50220155182339 41.1
      vertex 86.3958766421874 55.50220155182339 38
      vertex 85.96659181160003 55.75950497725702 41.1
    endloop
  endfacet
  facet normal 0.5956993044924286 0.8032075314806485 3.768612868187874e-18
    outer loop
      vertex 85.56459425076541 56.05764668785004 41.1
      vertex 85.96659181160003 55.75950497725702 41.1
      vertex 85.96659181160003 55.75950497725702 38
    endloop
  endfacet
  facet normal 0.42755509343028236 0.9039892931234432 1.915860222882058e-18
    outer loop
      vertex 86.3958766421874 55.50220155182339 41.1
      vertex 86.84831449493804 55.288214384192436 41.1
      vertex 86.84831449493804 55.288214384192436 38
    endloop
  endfacet
  facet normal 0.3368898533922121 0.9415440651830235 0
    outer loop
      vertex 86.84831449493804 55.288214384192436 41.1
      vertex 87.31954814600223 55.11960428776574 41.1
      vertex 86.84831449493804 55.288214384192436 38
    endloop
  endfacet
  facet normal 0.14673047445537185 0.9891765099647795 0
    outer loop
      vertex 87.80503935771775 54.99799506994353 41.1
      vertex 88.30011258431924 54.924557893971794 40
      vertex 87.80503935771775 54.99799506994353 40
    endloop
  endfacet
  facet normal 0.04906767432741787 0.9987954562051724 0
    outer loop
      vertex 88.30011258431924 54.924557893971794 41.1
      vertex 88.8 54.9 40
      vertex 88.30011258431924 54.924557893971794 40
    endloop
  endfacet
  facet normal 0.3368898533920911 0.9415440651830669 0
    outer loop
      vertex 87.31954814600223 55.11960428776574 41.1
      vertex 87.31954814600223 55.11960428776574 40
      vertex 87.3 55.12659872624643 40
    endloop
  endfacet
  facet normal 0.2429801799032621 0.9700312531945444 0
    outer loop
      vertex 87.31954814600223 55.11960428776574 41.1
      vertex 87.80503935771775 54.99799506994353 40
      vertex 87.31954814600223 55.11960428776574 40
    endloop
  endfacet
  facet normal -0.04906767432741787 0.9987954562051724 0
    outer loop
      vertex 88.8 54.9 41.1
      vertex 89.29988741568076 54.924557893971794 40
      vertex 88.8 54.9 40
    endloop
  endfacet
  facet normal -0.14673047445537185 0.9891765099647795 0
    outer loop
      vertex 89.29988741568076 54.924557893971794 41.1
      vertex 89.79496064228225 54.99799506994353 40
      vertex 89.29988741568076 54.924557893971794 40
    endloop
  endfacet
  facet normal -0.24298017990327264 0.9700312531945418 0
    outer loop
      vertex 90 55.04935475537783 40
      vertex 89.79496064228225 54.99799506994353 40
      vertex 90 55.04935475537783 41.1
    endloop
  endfacet
  facet normal 0.740951125354958 0.6715589548470197 0
    outer loop
      vertex 84.9 56.717864571898744 38
      vertex 84.9 56.717864571898744 40
      vertex 85.1937554159486 56.393755415948604 38
    endloop
  endfacet
  facet normal 0.6715589548470097 0.7409511253549669 0
    outer loop
      vertex 85.1937554159486 56.393755415948604 41.1
      vertex 85.56459425076541 56.05764668785004 38
      vertex 85.1937554159486 56.393755415948604 38
    endloop
  endfacet
  facet normal 0.740951125354958 -0.6715589548470197 0
    outer loop
      vertex 85.1937554159486 63.606244584051396 41.1
      vertex 84.9 63.282135428101256 38
      vertex 85.1937554159486 63.606244584051396 38
    endloop
  endfacet
  facet normal 0.6715589548470097 -0.7409511253549669 0
    outer loop
      vertex 85.56459425076541 63.94235331214996 41.1
      vertex 85.1937554159486 63.606244584051396 38
      vertex 85.56459425076541 63.94235331214996 38
    endloop
  endfacet
  facet normal 0.5956993044924286 -0.8032075314806485 0
    outer loop
      vertex 85.96659181160003 64.24049502274298 41.1
      vertex 85.56459425076541 63.94235331214996 38
      vertex 85.96659181160003 64.24049502274298 38
    endloop
  endfacet
  facet normal 0.514102744193232 -0.8577286100002659 0
    outer loop
      vertex 86.3958766421874 64.49779844817661 41.1
      vertex 85.96659181160003 64.24049502274298 38
      vertex 86.3958766421874 64.49779844817661 38
    endloop
  endfacet
  facet normal 0.42755509343027087 -0.9039892931234488 0
    outer loop
      vertex 86.84831449493804 64.71178561580756 41.1
      vertex 86.3958766421874 64.49779844817661 38
      vertex 86.84831449493804 64.71178561580756 38
    endloop
  endfacet
  facet normal 0.3368898533922305 -0.941544065183017 0
    outer loop
      vertex 86.84831449493804 64.71178561580756 41.1
      vertex 86.84831449493804 64.71178561580756 38
      vertex 87.3 64.87340127375357 38
    endloop
  endfacet
  facet normal 0.740951125354951 0.6715589548470275 -2.328855418570815e-15
    outer loop
      vertex 84.85764668785004 56.764594250765406 41.1
      vertex 85.1937554159486 56.393755415948604 38
      vertex 84.9 56.717864571898744 40
    endloop
  endfacet
  facet normal 0.740951125354958 -0.6715589548470197 2.83290356170944e-19
    outer loop
      vertex 85.1937554159486 63.606244584051396 41.1
      vertex 84.9 63.282135428101256 40
      vertex 84.9 63.282135428101256 38
    endloop
  endfacet
  facet normal 0.3368898533922305 -0.941544065183017 -5.933784435662434e-18
    outer loop
      vertex 86.84831449493804 64.71178561580756 41.1
      vertex 87.3 64.87340127375357 38
      vertex 87.3 64.87340127375357 40
    endloop
  endfacet
  facet normal 0.903989293123446 0.42755509343027626 0
    outer loop
      vertex 84.08821438419244 58.04831449493804 41.1
      vertex 84.30220155182339 57.59587664218741 40
      vertex 84.08821438419244 58.04831449493804 40
    endloop
  endfacet
  facet normal 0.9415440651830207 0.3368898533922202 0
    outer loop
      vertex 83.91960428776574 58.51954814600224 41.1
      vertex 84.08821438419244 58.04831449493804 40
      vertex 83.91960428776574 58.51954814600224 40
    endloop
  endfacet
  facet normal 0.9700312531945436 0.24298017990326545 0
    outer loop
      vertex 83.79799506994352 59.00503935771775 41.1
      vertex 83.91960428776574 58.51954814600224 40
      vertex 83.79799506994352 59.00503935771775 40
    endloop
  endfacet
  facet normal 0.9891765099647795 0.14673047445537185 0
    outer loop
      vertex 83.72455789397179 59.50011258431924 41.1
      vertex 83.79799506994352 59.00503935771775 40
      vertex 83.72455789397179 59.50011258431924 40
    endloop
  endfacet
  facet normal 0.9987954562051731 0.0490676743274037 0
    outer loop
      vertex 83.7 60 41.1
      vertex 83.72455789397179 59.50011258431924 40
      vertex 83.7 60 40
    endloop
  endfacet
  facet normal 0.9987954562051731 -0.0490676743274037 0
    outer loop
      vertex 83.72455789397179 60.49988741568076 41.1
      vertex 83.7 60 40
      vertex 83.72455789397179 60.49988741568076 40
    endloop
  endfacet
  facet normal 0.9891765099647795 -0.14673047445537185 0
    outer loop
      vertex 83.79799506994352 60.99496064228225 41.1
      vertex 83.72455789397179 60.49988741568076 40
      vertex 83.79799506994352 60.99496064228225 40
    endloop
  endfacet
  facet normal 0.9700312531945436 -0.24298017990326545 0
    outer loop
      vertex 83.91960428776574 61.48045185399776 41.1
      vertex 83.79799506994352 60.99496064228225 40
      vertex 83.91960428776574 61.48045185399776 40
    endloop
  endfacet
  facet normal 0.9415440651830207 -0.3368898533922202 0
    outer loop
      vertex 84.08821438419244 61.95168550506196 41.1
      vertex 83.91960428776574 61.48045185399776 40
      vertex 84.08821438419244 61.95168550506196 40
    endloop
  endfacet
  facet normal 0.903989293123446 -0.42755509343027626 0
    outer loop
      vertex 84.30220155182339 62.40412335781259 41.1
      vertex 84.08821438419244 61.95168550506196 40
      vertex 84.30220155182339 62.40412335781259 40
    endloop
  endfacet
  facet normal 0.7409511253549605 0.6715589548470169 -1.769670152253828e-18
    outer loop
      vertex 84.85764668785004 56.764594250765406 41.1
      vertex 85.1937554159486 56.393755415948604 41.1
      vertex 85.1937554159486 56.393755415948604 38
    endloop
  endfacet
  facet normal 0.7409511253549781 0.6715589548469973 0
    outer loop
      vertex 84.85764668785004 56.764594250765406 41.1
      vertex 84.9 56.717864571898744 40
      vertex 84.85764668785004 56.764594250765406 40
    endloop
  endfacet
  facet normal 0.8032075314806535 0.5956993044924217 0
    outer loop
      vertex 84.55950497725702 57.16659181160003 41.1
      vertex 84.85764668785004 56.764594250765406 40
      vertex 84.55950497725702 57.16659181160003 40
    endloop
  endfacet
  facet normal 0.8577286100002697 0.5141027441932258 0
    outer loop
      vertex 84.30220155182339 57.59587664218741 41.1
      vertex 84.55950497725702 57.16659181160003 40
      vertex 84.30220155182339 57.59587664218741 40
    endloop
  endfacet
  facet normal 0.6715589548470097 -0.7409511253549669 0
    outer loop
      vertex 85.1937554159486 63.606244584051396 41.1
      vertex 85.1937554159486 63.606244584051396 38
      vertex 85.56459425076541 63.94235331214996 41.1
    endloop
  endfacet
  facet normal 0.5956993044924286 -0.8032075314806485 0
    outer loop
      vertex 85.56459425076541 63.94235331214996 41.1
      vertex 85.56459425076541 63.94235331214996 38
      vertex 85.96659181160003 64.24049502274298 41.1
    endloop
  endfacet
  facet normal 0.514102744193232 -0.8577286100002659 0
    outer loop
      vertex 85.96659181160003 64.24049502274298 41.1
      vertex 85.96659181160003 64.24049502274298 38
      vertex 86.3958766421874 64.49779844817661 41.1
    endloop
  endfacet
  facet normal 0.42755509343027087 -0.9039892931234488 0
    outer loop
      vertex 86.3958766421874 64.49779844817661 41.1
      vertex 86.3958766421874 64.49779844817661 38
      vertex 86.84831449493804 64.71178561580756 41.1
    endloop
  endfacet
  facet normal 0.8577286100002697 -0.5141027441932258 0
    outer loop
      vertex 84.55950497725702 62.83340818839997 41.1
      vertex 84.30220155182339 62.40412335781259 40
      vertex 84.55950497725702 62.83340818839997 40
    endloop
  endfacet
  facet normal 0.8032075314806535 -0.5956993044924217 0
    outer loop
      vertex 84.85764668785004 63.235405749234594 41.1
      vertex 84.55950497725702 62.83340818839997 40
      vertex 84.85764668785004 63.235405749234594 40
    endloop
  endfacet
  facet normal 0.7409511253549781 -0.6715589548469973 0
    outer loop
      vertex 84.85764668785004 63.235405749234594 41.1
      vertex 84.85764668785004 63.235405749234594 40
      vertex 84.9 63.282135428101256 40
    endloop
  endfacet
  facet normal 0.3368898533920911 -0.9415440651830669 0
    outer loop
      vertex 87.31954814600223 64.88039571223426 41.1
      vertex 87.3 64.87340127375357 40
      vertex 87.31954814600223 64.88039571223426 40
    endloop
  endfacet
  facet normal 0.2429801799032621 -0.9700312531945444 0
    outer loop
      vertex 87.80503935771775 65.00200493005647 41.1
      vertex 87.31954814600223 64.88039571223426 40
      vertex 87.80503935771775 65.00200493005647 40
    endloop
  endfacet
  facet normal 0.14673047445537185 -0.9891765099647795 0
    outer loop
      vertex 88.30011258431924 65.0754421060282 41.1
      vertex 87.80503935771775 65.00200493005647 40
      vertex 88.30011258431924 65.0754421060282 40
    endloop
  endfacet
  facet normal 0.0490676743274037 -0.9987954562051731 0
    outer loop
      vertex 88.8 65.1 41.1
      vertex 88.30011258431924 65.0754421060282 40
      vertex 88.8 65.1 40
    endloop
  endfacet
  facet normal -0.0490676743274037 -0.9987954562051731 0
    outer loop
      vertex 89.29988741568076 65.0754421060282 41.1
      vertex 88.8 65.1 40
      vertex 89.29988741568076 65.0754421060282 40
    endloop
  endfacet
  facet normal -0.14673047445537185 -0.9891765099647795 0
    outer loop
      vertex 89.79496064228225 65.00200493005647 41.1
      vertex 89.29988741568076 65.0754421060282 40
      vertex 89.79496064228225 65.00200493005647 40
    endloop
  endfacet
  facet normal -0.242980179903241 -0.9700312531945497 0
    outer loop
      vertex 89.79496064228225 65.00200493005647 41.1
      vertex 89.79496064228225 65.00200493005647 40
      vertex 90 64.95064524462218 40
    endloop
  endfacet
  facet normal 0.2429801799032621 0.9700312531945444 6.03968957338563e-18
    outer loop
      vertex 87.31954814600223 55.11960428776574 41.1
      vertex 87.80503935771775 54.99799506994353 41.1
      vertex 87.80503935771775 54.99799506994353 40
    endloop
  endfacet
  facet normal 0.14673047445537185 0.9891765099647795 0
    outer loop
      vertex 88.30011258431924 54.924557893971794 41.1
      vertex 88.30011258431924 54.924557893971794 40
      vertex 87.80503935771775 54.99799506994353 41.1
    endloop
  endfacet
  facet normal 0.04906767432741787 0.9987954562051724 -1.6116376748928517e-19
    outer loop
      vertex 88.30011258431924 54.924557893971794 41.1
      vertex 88.8 54.9 41.1
      vertex 88.8 54.9 40
    endloop
  endfacet
  facet normal -0.04906767432741787 0.9987954562051724 1.6116376748928517e-19
    outer loop
      vertex 88.8 54.9 41.1
      vertex 89.29988741568076 54.924557893971794 41.1
      vertex 89.29988741568076 54.924557893971794 40
    endloop
  endfacet
  facet normal -0.14673047445537185 0.9891765099647795 3.026457594456561e-19
    outer loop
      vertex 89.29988741568076 54.924557893971794 41.1
      vertex 89.79496064228225 54.99799506994353 41.1
      vertex 89.79496064228225 54.99799506994353 40
    endloop
  endfacet
  facet normal -0.24298017990327264 0.9700312531945418 0
    outer loop
      vertex 89.79496064228225 54.99799506994353 41.1
      vertex 90 55.04935475537783 41.1
      vertex 89.79496064228225 54.99799506994353 40
    endloop
  endfacet
  facet normal 0.903989293123446 0.42755509343027626 0
    outer loop
      vertex 84.30220155182339 57.59587664218741 41.1
      vertex 84.30220155182339 57.59587664218741 40
      vertex 84.08821438419244 58.04831449493804 41.1
    endloop
  endfacet
  facet normal 0.9415440651830207 0.3368898533922202 0
    outer loop
      vertex 84.08821438419244 58.04831449493804 41.1
      vertex 84.08821438419244 58.04831449493804 40
      vertex 83.91960428776574 58.51954814600224 41.1
    endloop
  endfacet
  facet normal 0.9700312531945436 0.24298017990326545 0
    outer loop
      vertex 83.91960428776574 58.51954814600224 41.1
      vertex 83.91960428776574 58.51954814600224 40
      vertex 83.79799506994352 59.00503935771775 41.1
    endloop
  endfacet
  facet normal 0.9891765099647795 0.14673047445537185 0
    outer loop
      vertex 83.79799506994352 59.00503935771775 41.1
      vertex 83.79799506994352 59.00503935771775 40
      vertex 83.72455789397179 59.50011258431924 41.1
    endloop
  endfacet
  facet normal 0.9987954562051731 0.0490676743274037 0
    outer loop
      vertex 83.72455789397179 59.50011258431924 41.1
      vertex 83.72455789397179 59.50011258431924 40
      vertex 83.7 60 41.1
    endloop
  endfacet
  facet normal 0.9987954562051731 -0.0490676743274037 0
    outer loop
      vertex 83.7 60 41.1
      vertex 83.7 60 40
      vertex 83.72455789397179 60.49988741568076 41.1
    endloop
  endfacet
  facet normal 0.9891765099647795 -0.14673047445537185 0
    outer loop
      vertex 83.72455789397179 60.49988741568076 41.1
      vertex 83.72455789397179 60.49988741568076 40
      vertex 83.79799506994352 60.99496064228225 41.1
    endloop
  endfacet
  facet normal 0 0 -1
    outer loop
      vertex 84.08821438419244 58.04831449493804 41.1
      vertex 83.91960428776574 58.51954814600224 41.1
      vertex 83.91960428776574 61.48045185399776 41.1
    endloop
  endfacet
  facet normal 0 0 -1
    outer loop
      vertex 83.91960428776574 58.51954814600224 41.1
      vertex 83.79799506994352 59.00503935771775 41.1
      vertex 83.79799506994352 60.99496064228225 41.1
    endloop
  endfacet
  facet normal 0 0 -1
    outer loop
      vertex 83.79799506994352 59.00503935771775 41.1
      vertex 83.72455789397179 59.50011258431924 41.1
      vertex 83.72455789397179 60.49988741568076 41.1
    endloop
  endfacet
  facet normal 0 0 -1
    outer loop
      vertex 84.30220155182339 57.59587664218741 41.1
      vertex 84.08821438419244 58.04831449493804 41.1
      vertex 84.08821438419244 61.95168550506196 41.1
    endloop
  endfacet
  facet normal 0 0 -1
    outer loop
      vertex 83.72455789397179 59.50011258431924 41.1
      vertex 83.7 60 41.1
      vertex 83.72455789397179 60.49988741568076 41.1
    endloop
  endfacet
  facet normal 0 0 -1
    outer loop
      vertex 83.79799506994352 59.00503935771775 41.1
      vertex 83.72455789397179 60.49988741568076 41.1
      vertex 83.79799506994352 60.99496064228225 41.1
    endloop
  endfacet
  facet normal 0 0 -1
    outer loop
      vertex 83.91960428776574 58.51954814600224 41.1
      vertex 83.79799506994352 60.99496064228225 41.1
      vertex 83.91960428776574 61.48045185399776 41.1
    endloop
  endfacet
  facet normal 0 0 -1
    outer loop
      vertex 84.08821438419244 58.04831449493804 41.1
      vertex 83.91960428776574 61.48045185399776 41.1
      vertex 84.08821438419244 61.95168550506196 41.1
    endloop
  endfacet
  facet normal 0 0 -1
    outer loop
      vertex 84.30220155182339 57.59587664218741 41.1
      vertex 84.08821438419244 61.95168550506196 41.1
      vertex 84.30220155182339 62.40412335781259 41.1
    endloop
  endfacet
  facet normal 0.9700312531945436 -0.24298017990326545 0
    outer loop
      vertex 83.79799506994352 60.99496064228225 41.1
      vertex 83.79799506994352 60.99496064228225 40
      vertex 83.91960428776574 61.48045185399776 41.1
    endloop
  endfacet
  facet normal 0.9415440651830207 -0.3368898533922202 0
    outer loop
      vertex 83.91960428776574 61.48045185399776 41.1
      vertex 83.91960428776574 61.48045185399776 40
      vertex 84.08821438419244 61.95168550506196 41.1
    endloop
  endfacet
  facet normal 0.903989293123446 -0.42755509343027626 0
    outer loop
      vertex 84.08821438419244 61.95168550506196 41.1
      vertex 84.08821438419244 61.95168550506196 40
      vertex 84.30220155182339 62.40412335781259 41.1
    endloop
  endfacet
  facet normal 0.8577286100002697 0.5141027441932258 0
    outer loop
      vertex 84.55950497725702 57.16659181160003 41.1
      vertex 84.55950497725702 57.16659181160003 40
      vertex 84.30220155182339 57.59587664218741 41.1
    endloop
  endfacet
  facet normal 0.8032075314806535 0.5956993044924217 -5.727915063663609e-18
    outer loop
      vertex 84.55950497725702 57.16659181160003 41.1
      vertex 84.85764668785004 56.764594250765406 41.1
      vertex 84.85764668785004 56.764594250765406 40
    endloop
  endfacet
  facet normal 0 0 -1
    outer loop
      vertex 85.56459425076541 56.05764668785004 41.1
      vertex 85.56459425076541 63.94235331214996 41.1
      vertex 85.96659181160003 55.75950497725702 41.1
    endloop
  endfacet
  facet normal 0 0 -1
    outer loop
      vertex 86.3958766421874 55.50220155182339 41.1
      vertex 85.96659181160003 55.75950497725702 41.1
      vertex 85.96659181160003 64.24049502274298 41.1
    endloop
  endfacet
  facet normal 0 0 -1
    outer loop
      vertex 86.3958766421874 55.50220155182339 41.1
      vertex 86.3958766421874 64.49779844817661 41.1
      vertex 86.84831449493804 55.288214384192436 41.1
    endloop
  endfacet
  facet normal 0 0 -1
    outer loop
      vertex 86.84831449493804 55.288214384192436 41.1
      vertex 86.84831449493804 64.71178561580756 41.1
      vertex 87.31954814600223 55.11960428776574 41.1
    endloop
  endfacet
  facet normal 0 0 -1
    outer loop
      vertex 84.55950497725702 57.16659181160003 41.1
      vertex 84.30220155182339 57.59587664218741 41.1
      vertex 84.30220155182339 62.40412335781259 41.1
    endloop
  endfacet
  facet normal 0 0 -1
    outer loop
      vertex 84.55950497725702 57.16659181160003 41.1
      vertex 84.55950497725702 62.83340818839997 41.1
      vertex 84.85764668785004 56.764594250765406 41.1
    endloop
  endfacet
  facet normal 0 0 -1
    outer loop
      vertex 84.85764668785004 56.764594250765406 41.1
      vertex 84.85764668785004 63.235405749234594 41.1
      vertex 85.1937554159486 56.393755415948604 41.1
    endloop
  endfacet
  facet normal 0 0 -1
    outer loop
      vertex 85.1937554159486 56.393755415948604 41.1
      vertex 85.1937554159486 63.606244584051396 41.1
      vertex 85.56459425076541 56.05764668785004 41.1
    endloop
  endfacet
  facet normal 0 0 -1
    outer loop
      vertex 84.55950497725702 57.16659181160003 41.1
      vertex 84.30220155182339 62.40412335781259 41.1
      vertex 84.55950497725702 62.83340818839997 41.1
    endloop
  endfacet
  facet normal 0 0 -1
    outer loop
      vertex 87.31954814600223 55.11960428776574 41.1
      vertex 87.31954814600223 64.88039571223426 41.1
      vertex 87.80503935771775 54.99799506994353 41.1
    endloop
  endfacet
  facet normal 0 0 -1
    outer loop
      vertex 88.30011258431924 54.924557893971794 41.1
      vertex 87.80503935771775 54.99799506994353 41.1
      vertex 87.80503935771775 65.00200493005647 41.1
    endloop
  endfacet
  facet normal 0 0 -1
    outer loop
      vertex 88.30011258431924 54.924557893971794 41.1
      vertex 88.30011258431924 65.0754421060282 41.1
      vertex 88.8 54.9 41.1
    endloop
  endfacet
  facet normal 0 0 -1
    outer loop
      vertex 88.8 54.9 41.1
      vertex 88.8 65.1 41.1
      vertex 89.29988741568076 54.924557893971794 41.1
    endloop
  endfacet
  facet normal 0 0 -1
    outer loop
      vertex 89.29988741568076 54.924557893971794 41.1
      vertex 89.29988741568076 65.0754421060282 41.1
      vertex 89.79496064228225 54.99799506994353 41.1
    endloop
  endfacet
  facet normal 0 0 -1
    outer loop
      vertex 89.79496064228225 54.99799506994353 41.1
      vertex 90 64.95064524462218 41.1
      vertex 90 55.04935475537783 41.1
    endloop
  endfacet
  facet normal 0.8577286100002697 -0.5141027441932258 0
    outer loop
      vertex 84.30220155182339 62.40412335781259 41.1
      vertex 84.30220155182339 62.40412335781259 40
      vertex 84.55950497725702 62.83340818839997 41.1
    endloop
  endfacet
  facet normal 0.8032075314806535 -0.5956993044924217 0
    outer loop
      vertex 84.55950497725702 62.83340818839997 41.1
      vertex 84.55950497725702 62.83340818839997 40
      vertex 84.85764668785004 63.235405749234594 41.1
    endloop
  endfacet
  facet normal 0.7409511253549605 -0.6715589548470169 -1.4984130682786815e-15
    outer loop
      vertex 84.85764668785004 63.235405749234594 41.1
      vertex 84.9 63.282135428101256 40
      vertex 85.1937554159486 63.606244584051396 41.1
    endloop
  endfacet
  facet normal 0.33688985339222477 -0.941544065183019 -2.683747329735372e-15
    outer loop
      vertex 86.84831449493804 64.71178561580756 41.1
      vertex 87.3 64.87340127375357 40
      vertex 87.31954814600223 64.88039571223426 41.1
    endloop
  endfacet
  facet normal 0.2429801799032621 -0.9700312531945444 0
    outer loop
      vertex 87.31954814600223 64.88039571223426 41.1
      vertex 87.31954814600223 64.88039571223426 40
      vertex 87.80503935771775 65.00200493005647 41.1
    endloop
  endfacet
  facet normal 0.14673047445537185 -0.9891765099647795 0
    outer loop
      vertex 87.80503935771775 65.00200493005647 41.1
      vertex 87.80503935771775 65.00200493005647 40
      vertex 88.30011258431924 65.0754421060282 41.1
    endloop
  endfacet
  facet normal 0.0490676743274037 -0.9987954562051731 0
    outer loop
      vertex 88.30011258431924 65.0754421060282 41.1
      vertex 88.30011258431924 65.0754421060282 40
      vertex 88.8 65.1 41.1
    endloop
  endfacet
  facet normal -0.0490676743274037 -0.9987954562051731 0
    outer loop
      vertex 88.8 65.1 41.1
      vertex 88.8 65.1 40
      vertex 89.29988741568076 65.0754421060282 41.1
    endloop
  endfacet
  facet normal -0.242980179903241 -0.9700312531945497 2.738607627046249e-18
    outer loop
      vertex 89.79496064228225 65.00200493005647 41.1
      vertex 90 64.95064524462218 40
      vertex 90 64.95064524462218 41.1
    endloop
  endfacet
  facet normal -0.14673047445537185 -0.9891765099647795 0
    outer loop
      vertex 89.29988741568076 65.0754421060282 41.1
      vertex 89.29988741568076 65.0754421060282 40
      vertex 89.79496064228225 65.00200493005647 41.1
    endloop
  endfacet
  facet normal 0 0 -1
    outer loop
      vertex 84.85764668785004 56.764594250765406 41.1
      vertex 84.55950497725702 62.83340818839997 41.1
      vertex 84.85764668785004 63.235405749234594 41.1
    endloop
  endfacet
  facet normal 0 0 -1
    outer loop
      vertex 85.1937554159486 56.393755415948604 41.1
      vertex 84.85764668785004 63.235405749234594 41.1
      vertex 85.1937554159486 63.606244584051396 41.1
    endloop
  endfacet
  facet normal 0 0 -1
    outer loop
      vertex 85.56459425076541 56.05764668785004 41.1
      vertex 85.1937554159486 63.606244584051396 41.1
      vertex 85.56459425076541 63.94235331214996 41.1
    endloop
  endfacet
  facet normal 0 0 -1
    outer loop
      vertex 85.96659181160003 55.75950497725702 41.1
      vertex 85.56459425076541 63.94235331214996 41.1
      vertex 85.96659181160003 64.24049502274298 41.1
    endloop
  endfacet
  facet normal 0 0 -1
    outer loop
      vertex 86.3958766421874 55.50220155182339 41.1
      vertex 85.96659181160003 64.24049502274298 41.1
      vertex 86.3958766421874 64.49779844817661 41.1
    endloop
  endfacet
  facet normal 0 0 -1
    outer loop
      vertex 86.84831449493804 55.288214384192436 41.1
      vertex 86.3958766421874 64.49779844817661 41.1
      vertex 86.84831449493804 64.71178561580756 41.1
    endloop
  endfacet
  facet normal 0 0 -1
    outer loop
      vertex 87.31954814600223 55.11960428776574 41.1
      vertex 86.84831449493804 64.71178561580756 41.1
      vertex 87.31954814600223 64.88039571223426 41.1
    endloop
  endfacet
  facet normal 0 0 -1
    outer loop
      vertex 87.80503935771775 54.99799506994353 41.1
      vertex 87.31954814600223 64.88039571223426 41.1
      vertex 87.80503935771775 65.00200493005647 41.1
    endloop
  endfacet
  facet normal 0 0 -1
    outer loop
      vertex 88.30011258431924 54.924557893971794 41.1
      vertex 87.80503935771775 65.00200493005647 41.1
      vertex 88.30011258431924 65.0754421060282 41.1
    endloop
  endfacet
  facet normal 0 0 -1
    outer loop
      vertex 88.8 54.9 41.1
      vertex 88.30011258431924 65.0754421060282 41.1
      vertex 88.8 65.1 41.1
    endloop
  endfacet
  facet normal 0 0 -1
    outer loop
      vertex 89.29988741568076 54.924557893971794 41.1
      vertex 88.8 65.1 41.1
      vertex 89.29988741568076 65.0754421060282 41.1
    endloop
  endfacet
  facet normal 0 0 -1
    outer loop
      vertex 89.79496064228225 54.99799506994353 41.1
      vertex 89.29988741568076 65.0754421060282 41.1
      vertex 89.79496064228225 65.00200493005647 41.1
    endloop
  endfacet
  facet normal 0 0 -1
    outer loop
      vertex 89.79496064228225 54.99799506994353 41.1
      vertex 89.79496064228225 65.00200493005647 41.1
      vertex 90 64.95064524462218 41.1
    endloop
  endfacet
  facet normal 0.9415440651830259 -0.33688985339220545 0
    outer loop
      vertex 40.126598726246435 2.6999999999999997 38
      vertex 40.288214384192436 3.1516855050619577 38
      vertex 40.126598726246435 2.6999999999999997 40
    endloop
  endfacet
  facet normal 0.9039892931234417 -0.42755509343028547 0
    outer loop
      vertex 40.50220155182339 3.604123357812588 41.1
      vertex 40.288214384192436 3.1516855050619577 38
      vertex 40.50220155182339 3.604123357812588 38
    endloop
  endfacet
  facet normal 0.8577286100002675 -0.5141027441932295 0
    outer loop
      vertex 40.73948087973398 4 41.1
      vertex 40.50220155182339 3.604123357812588 38
      vertex 40.73948087973398 4 38
    endloop
  endfacet
  facet normal 0.941544065183026 -0.33688985339220545 0
    outer loop
      vertex 40.288214384192436 3.1516855050619577 41.1
      vertex 40.126598726246435 2.6999999999999997 40
      vertex 40.288214384192436 3.1516855050619577 38
    endloop
  endfacet
  facet normal 0.9039892931234417 -0.42755509343028547 0
    outer loop
      vertex 40.288214384192436 3.1516855050619577 41.1
      vertex 40.288214384192436 3.1516855050619577 38
      vertex 40.50220155182339 3.604123357812588 41.1
    endloop
  endfacet
  facet normal 0.8577286100002675 -0.5141027441932295 0
    outer loop
      vertex 40.50220155182339 3.604123357812588 41.1
      vertex 40.50220155182339 3.604123357812588 38
      vertex 40.73948087973398 4 41.1
    endloop
  endfacet
  facet normal 0.9700312531945403 0.24298017990327897 0
    outer loop
      vertex 39.99799506994353 0.20503935771774595 41.1
      vertex 40.04935475537783 0 40
      vertex 39.99799506994353 0.20503935771774595 40
    endloop
  endfacet
  facet normal 0.9891765099647796 0.1467304744553707 0
    outer loop
      vertex 39.924557893971794 0.7001125843192408 41.1
      vertex 39.99799506994353 0.20503935771774595 40
      vertex 39.924557893971794 0.7001125843192408 40
    endloop
  endfacet
  facet normal 0.9987954562051724 0.04906767432741798 0
    outer loop
      vertex 39.9 1.2 41.1
      vertex 39.924557893971794 0.7001125843192408 40
      vertex 39.9 1.2 40
    endloop
  endfacet
  facet normal 0.9987954562051724 -0.04906767432741798 0
    outer loop
      vertex 39.924557893971794 1.699887415680759 41.1
      vertex 39.9 1.2 40
      vertex 39.924557893971794 1.699887415680759 40
    endloop
  endfacet
  facet normal 0.9891765099647798 -0.1467304744553707 0
    outer loop
      vertex 39.99799506994353 2.194960642282254 41.1
      vertex 39.924557893971794 1.699887415680759 40
      vertex 39.99799506994353 2.194960642282254 40
    endloop
  endfacet
  facet normal 0.9700312531945433 -0.24298017990326626 0
    outer loop
      vertex 40.11960428776574 2.6804518539977575 41.1
      vertex 39.99799506994353 2.194960642282254 40
      vertex 40.11960428776574 2.6804518539977575 40
    endloop
  endfacet
  facet normal 0.9415440651829899 -0.33688985339230626 0
    outer loop
      vertex 40.11960428776574 2.6804518539977575 41.1
      vertex 40.11960428776574 2.6804518539977575 40
      vertex 40.126598726246435 2.6999999999999997 40
    endloop
  endfacet
  facet normal 0.9700312531945403 0.24298017990327897 1.2226009234494127e-18
    outer loop
      vertex 39.99799506994353 0.20503935771774595 41.1
      vertex 40.04935475537783 0 41.1
      vertex 40.04935475537783 0 40
    endloop
  endfacet
  facet normal 0.9891765099647796 0.1467304744553707 0
    outer loop
      vertex 39.99799506994353 0.20503935771774595 41.1
      vertex 39.99799506994353 0.20503935771774595 40
      vertex 39.924557893971794 0.7001125843192408 41.1
    endloop
  endfacet
  facet normal 0.9987954562051724 0.04906767432741798 0
    outer loop
      vertex 39.924557893971794 0.7001125843192408 41.1
      vertex 39.924557893971794 0.7001125843192408 40
      vertex 39.9 1.2 41.1
    endloop
  endfacet
  facet normal 0.9987954562051724 -0.04906767432741798 0
    outer loop
      vertex 39.9 1.2 41.1
      vertex 39.9 1.2 40
      vertex 39.924557893971794 1.699887415680759 41.1
    endloop
  endfacet
  facet normal 0.9891765099647798 -0.1467304744553707 0
    outer loop
      vertex 39.924557893971794 1.699887415680759 41.1
      vertex 39.924557893971794 1.699887415680759 40
      vertex 39.99799506994353 2.194960642282254 41.1
    endloop
  endfacet
  facet normal 0.9700312531945433 -0.24298017990326626 0
    outer loop
      vertex 39.99799506994353 2.194960642282254 41.1
      vertex 39.99799506994353 2.194960642282254 40
      vertex 40.11960428776574 2.6804518539977575 41.1
    endloop
  endfacet
  facet normal 0.9415440651830245 -0.33688985339220956 1.9378937693621603e-15
    outer loop
      vertex 40.11960428776574 2.6804518539977575 41.1
      vertex 40.126598726246435 2.6999999999999997 40
      vertex 40.288214384192436 3.1516855050619577 41.1
    endloop
  endfacet
  facet normal 0 0 -1
    outer loop
      vertex 39.99799506994353 0.20503935771774595 41.1
      vertex 39.924557893971794 0.7001125843192408 41.1
      vertex 39.924557893971794 1.699887415680759 41.1
    endloop
  endfacet
  facet normal 0 0 -1
    outer loop
      vertex 39.924557893971794 0.7001125843192408 41.1
      vertex 39.9 1.2 41.1
      vertex 39.924557893971794 1.699887415680759 41.1
    endloop
  endfacet
  facet normal 0 0 -1
    outer loop
      vertex 39.99799506994353 0.20503935771774595 41.1
      vertex 39.924557893971794 1.699887415680759 41.1
      vertex 39.99799506994353 2.194960642282254 41.1
    endloop
  endfacet
  facet normal 0 0 -1
    outer loop
      vertex 39.99799506994353 0.20503935771774595 41.1
      vertex 49.95064524462217 0 41.1
      vertex 40.04935475537783 0 41.1
    endloop
  endfacet
  facet normal 0 0 -1
    outer loop
      vertex 39.99799506994353 0.20503935771774595 41.1
      vertex 39.99799506994353 2.194960642282254 41.1
      vertex 49.95064524462217 0 41.1
    endloop
  endfacet
  facet normal 0 0 -1
    outer loop
      vertex 39.99799506994353 2.194960642282254 41.1
      vertex 40.11960428776574 2.6804518539977575 41.1
      vertex 49.95064524462217 0 41.1
    endloop
  endfacet
  facet normal 0 0 -1
    outer loop
      vertex 40.11960428776574 2.6804518539977575 41.1
      vertex 40.288214384192436 3.1516855050619577 41.1
      vertex 49.95064524462217 0 41.1
    endloop
  endfacet
  facet normal 0 0 -1
    outer loop
      vertex 40.288214384192436 3.1516855050619577 41.1
      vertex 40.50220155182339 3.604123357812588 41.1
      vertex 49.95064524462217 0 41.1
    endloop
  endfacet
  facet normal 0 0 -1
    outer loop
      vertex 40.50220155182339 3.604123357812588 41.1
      vertex 40.73948087973398 4 41.1
      vertex 49.95064524462217 0 41.1
    endloop
  endfacet
  facet normal -0.9415440651830259 -0.33688985339220545 0
    outer loop
      vertex 49.873401273753565 2.6999999999999997 38
      vertex 49.873401273753565 2.6999999999999997 40
      vertex 49.711785615807564 3.1516855050619577 38
    endloop
  endfacet
  facet normal -0.9039892931234417 -0.42755509343028547 0
    outer loop
      vertex 49.711785615807564 3.1516855050619577 41.1
      vertex 49.49779844817661 3.604123357812588 38
      vertex 49.711785615807564 3.1516855050619577 38
    endloop
  endfacet
  facet normal -0.8577286100002675 -0.5141027441932295 0
    outer loop
      vertex 49.49779844817661 3.604123357812588 41.1
      vertex 49.26051912026602 4 38
      vertex 49.49779844817661 3.604123357812588 38
    endloop
  endfacet
  facet normal -0.941544065183029 -0.3368898533921968 2.1944352895555635e-15
    outer loop
      vertex 49.88039571223426 2.6804518539977575 41.1
      vertex 49.711785615807564 3.1516855050619577 38
      vertex 49.873401273753565 2.6999999999999997 40
    endloop
  endfacet
  facet normal -0.9039892931234417 -0.42755509343028547 0
    outer loop
      vertex 49.49779844817661 3.604123357812588 41.1
      vertex 49.49779844817661 3.604123357812588 38
      vertex 49.711785615807564 3.1516855050619577 41.1
    endloop
  endfacet
  facet normal -0.9415440651830245 -0.3368898533922096 -2.7909140232924094e-18
    outer loop
      vertex 49.88039571223426 2.6804518539977575 41.1
      vertex 49.711785615807564 3.1516855050619577 41.1
      vertex 49.711785615807564 3.1516855050619577 38
    endloop
  endfacet
  facet normal -0.8577286100002675 -0.5141027441932295 1.980103117635052e-18
    outer loop
      vertex 49.49779844817661 3.604123357812588 41.1
      vertex 49.26051912026602 4 41.1
      vertex 49.26051912026602 4 38
    endloop
  endfacet
  facet normal -0.9700312531945403 0.24298017990327897 0
    outer loop
      vertex 50.00200493005647 0.20503935771774595 41.1
      vertex 50.00200493005647 0.20503935771774595 40
      vertex 49.95064524462217 0 40
    endloop
  endfacet
  facet normal -0.9891765099647796 0.1467304744553707 0
    outer loop
      vertex 50.00200493005647 0.20503935771774595 41.1
      vertex 50.075442106028206 0.7001125843192408 40
      vertex 50.00200493005647 0.20503935771774595 40
    endloop
  endfacet
  facet normal -0.9987954562051724 0.04906767432741798 0
    outer loop
      vertex 50.075442106028206 0.7001125843192408 41.1
      vertex 50.1 1.2 40
      vertex 50.075442106028206 0.7001125843192408 40
    endloop
  endfacet
  facet normal -0.9987954562051724 -0.04906767432741798 0
    outer loop
      vertex 50.1 1.2 41.1
      vertex 50.075442106028206 1.699887415680759 40
      vertex 50.1 1.2 40
    endloop
  endfacet
  facet normal -0.9891765099647798 -0.1467304744553707 0
    outer loop
      vertex 50.075442106028206 1.699887415680759 41.1
      vertex 50.00200493005647 2.194960642282254 40
      vertex 50.075442106028206 1.699887415680759 40
    endloop
  endfacet
  facet normal -0.9415440651829899 -0.33688985339230626 0
    outer loop
      vertex 49.88039571223426 2.6804518539977575 41.1
      vertex 49.873401273753565 2.6999999999999997 40
      vertex 49.88039571223426 2.6804518539977575 40
    endloop
  endfacet
  facet normal -0.9700312531945433 -0.24298017990326626 0
    outer loop
      vertex 50.00200493005647 2.194960642282254 41.1
      vertex 49.88039571223426 2.6804518539977575 40
      vertex 50.00200493005647 2.194960642282254 40
    endloop
  endfacet
  facet normal -0.9700312531945403 0.24298017990327897 -1.2226009234494127e-18
    outer loop
      vertex 50.00200493005647 0.20503935771774595 41.1
      vertex 49.95064524462217 0 40
      vertex 49.95064524462217 0 41.1
    endloop
  endfacet
  facet normal -0.9891765099647796 0.1467304744553707 1.875835222712693e-18
    outer loop
      vertex 50.00200493005647 0.20503935771774595 41.1
      vertex 50.075442106028206 0.7001125843192408 41.1
      vertex 50.075442106028206 0.7001125843192408 40
    endloop
  endfacet
  facet normal -0.9987954562051724 0.04906767432741798 1.0527191687654881e-18
    outer loop
      vertex 50.075442106028206 0.7001125843192408 41.1
      vertex 50.1 1.2 41.1
      vertex 50.1 1.2 40
    endloop
  endfacet
  facet normal -0.9987954562051724 -0.04906767432741798 -1.0527191687654881e-18
    outer loop
      vertex 50.1 1.2 41.1
      vertex 50.075442106028206 1.699887415680759 41.1
      vertex 50.075442106028206 1.699887415680759 40
    endloop
  endfacet
  facet normal -0.9891765099647798 -0.1467304744553707 -4.08143697664416e-18
    outer loop
      vertex 50.075442106028206 1.699887415680759 41.1
      vertex 50.00200493005647 2.194960642282254 41.1
      vertex 50.00200493005647 2.194960642282254 40
    endloop
  endfacet
  facet normal -0.9700312531945433 -0.24298017990326626 1.7518577673717742e-18
    outer loop
      vertex 50.00200493005647 2.194960642282254 41.1
      vertex 49.88039571223426 2.6804518539977575 41.1
      vertex 49.88039571223426 2.6804518539977575 40
    endloop
  endfacet
  facet normal 0 0 -1
    outer loop
      vertex 40.73948087973398 4 41.1
      vertex 49.49779844817661 3.604123357812588 41.1
      vertex 49.95064524462217 0 41.1
    endloop
  endfacet
  facet normal 0 0 -1
    outer loop
      vertex 40.73948087973398 4 41.1
      vertex 49.26051912026602 4 41.1
      vertex 49.49779844817661 3.604123357812588 41.1
    endloop
  endfacet
  facet normal 0 0 -1
    outer loop
      vertex 50.00200493005647 0.20503935771774595 41.1
      vertex 49.95064524462217 0 41.1
      vertex 49.88039571223426 2.6804518539977575 41.1
    endloop
  endfacet
  facet normal 0 0 -1
    outer loop
      vertex 50.00200493005647 0.20503935771774595 41.1
      vertex 50.00200493005647 2.194960642282254 41.1
      vertex 50.075442106028206 0.7001125843192408 41.1
    endloop
  endfacet
  facet normal 0 0 -1
    outer loop
      vertex 49.88039571223426 2.6804518539977575 41.1
      vertex 49.95064524462217 0 41.1
      vertex 49.711785615807564 3.1516855050619577 41.1
    endloop
  endfacet
  facet normal 0 0 -1
    outer loop
      vertex 49.49779844817661 3.604123357812588 41.1
      vertex 49.711785615807564 3.1516855050619577 41.1
      vertex 49.95064524462217 0 41.1
    endloop
  endfacet
  facet normal 0 0 -1
    outer loop
      vertex 50.075442106028206 0.7001125843192408 41.1
      vertex 50.075442106028206 1.699887415680759 41.1
      vertex 50.1 1.2 41.1
    endloop
  endfacet
  facet normal 0 0 -1
    outer loop
      vertex 50.075442106028206 0.7001125843192408 41.1
      vertex 50.00200493005647 2.194960642282254 41.1
      vertex 50.075442106028206 1.699887415680759 41.1
    endloop
  endfacet
  facet normal 0 0 -1
    outer loop
      vertex 50.00200493005647 0.20503935771774595 41.1
      vertex 49.88039571223426 2.6804518539977575 41.1
      vertex 50.00200493005647 2.194960642282254 41.1
    endloop
  endfacet
  facet normal 0.9415440651830217 0.3368898533922174 0
    outer loop
      vertex 40.12659872624643 72.3 38
      vertex 40.12659872624643 72.3 40
      vertex 40.288214384192436 71.84831449493804 38
    endloop
  endfacet
  facet normal 0.8577286100002692 0.5141027441932267 0
    outer loop
      vertex 40.50220155182339 71.3958766421874 41.1
      vertex 40.739480879733975 71 38
      vertex 40.50220155182339 71.3958766421874 38
    endloop
  endfacet
  facet normal 0.9039892931234432 0.42755509343028236 0
    outer loop
      vertex 40.288214384192436 71.84831449493804 41.1
      vertex 40.50220155182339 71.3958766421874 38
      vertex 40.288214384192436 71.84831449493804 38
    endloop
  endfacet
  facet normal 0.9415440651830179 0.33688985339222816 -2.7477748536132216e-15
    outer loop
      vertex 40.11960428776574 72.31954814600223 41.1
      vertex 40.288214384192436 71.84831449493804 38
      vertex 40.12659872624643 72.3 40
    endloop
  endfacet
  facet normal 0.8577286100002692 0.5141027441932267 0
    outer loop
      vertex 40.739480879733975 71 41.1
      vertex 40.739480879733975 71 38
      vertex 40.50220155182339 71.3958766421874 41.1
    endloop
  endfacet
  facet normal 0.9415440651830235 0.3368898533922121 0
    outer loop
      vertex 40.288214384192436 71.84831449493804 41.1
      vertex 40.288214384192436 71.84831449493804 38
      vertex 40.11960428776574 72.31954814600223 41.1
    endloop
  endfacet
  facet normal 0.9039892931234432 0.42755509343028236 1.915860222882058e-18
    outer loop
      vertex 40.288214384192436 71.84831449493804 41.1
      vertex 40.50220155182339 71.3958766421874 41.1
      vertex 40.50220155182339 71.3958766421874 38
    endloop
  endfacet
  facet normal 0.9700312531945444 0.2429801799032621 0
    outer loop
      vertex 39.99799506994353 72.80503935771775 41.1
      vertex 40.11960428776574 72.31954814600223 40
      vertex 39.99799506994353 72.80503935771775 40
    endloop
  endfacet
  facet normal 0.9415440651830669 0.3368898533920911 0
    outer loop
      vertex 40.11960428776574 72.31954814600223 41.1
      vertex 40.12659872624643 72.3 40
      vertex 40.11960428776574 72.31954814600223 40
    endloop
  endfacet
  facet normal 0.9891765099647795 0.14673047445537185 0
    outer loop
      vertex 39.924557893971794 73.30011258431924 41.1
      vertex 39.99799506994353 72.80503935771775 40
      vertex 39.924557893971794 73.30011258431924 40
    endloop
  endfacet
  facet normal 0.9987954562051724 0.04906767432741787 0
    outer loop
      vertex 39.9 73.8 41.1
      vertex 39.924557893971794 73.30011258431924 40
      vertex 39.9 73.8 40
    endloop
  endfacet
  facet normal 0.9987954562051724 -0.04906767432741787 0
    outer loop
      vertex 39.924557893971794 74.29988741568076 41.1
      vertex 39.9 73.8 40
      vertex 39.924557893971794 74.29988741568076 40
    endloop
  endfacet
  facet normal 0.9891765099647795 -0.14673047445537185 0
    outer loop
      vertex 39.99799506994353 74.79496064228225 41.1
      vertex 39.924557893971794 74.29988741568076 40
      vertex 39.99799506994353 74.79496064228225 40
    endloop
  endfacet
  facet normal 0.9700312531945418 -0.24298017990327264 0
    outer loop
      vertex 39.99799506994353 74.79496064228225 41.1
      vertex 39.99799506994353 74.79496064228225 40
      vertex 40.04935475537783 75 40
    endloop
  endfacet
  facet normal 0.9700312531945444 0.2429801799032621 0
    outer loop
      vertex 40.11960428776574 72.31954814600223 41.1
      vertex 40.11960428776574 72.31954814600223 40
      vertex 39.99799506994353 72.80503935771775 41.1
    endloop
  endfacet
  facet normal 0.9891765099647795 0.14673047445537185 0
    outer loop
      vertex 39.99799506994353 72.80503935771775 41.1
      vertex 39.99799506994353 72.80503935771775 40
      vertex 39.924557893971794 73.30011258431924 41.1
    endloop
  endfacet
  facet normal 0.9987954562051724 0.04906767432741787 0
    outer loop
      vertex 39.924557893971794 73.30011258431924 41.1
      vertex 39.924557893971794 73.30011258431924 40
      vertex 39.9 73.8 41.1
    endloop
  endfacet
  facet normal 0.9987954562051724 -0.04906767432741787 0
    outer loop
      vertex 39.9 73.8 41.1
      vertex 39.9 73.8 40
      vertex 39.924557893971794 74.29988741568076 41.1
    endloop
  endfacet
  facet normal 0.9891765099647795 -0.14673047445537185 0
    outer loop
      vertex 39.924557893971794 74.29988741568076 41.1
      vertex 39.924557893971794 74.29988741568076 40
      vertex 39.99799506994353 74.79496064228225 41.1
    endloop
  endfacet
  facet normal 0.9700312531945418 -0.24298017990327264 3.5374956960444725e-18
    outer loop
      vertex 39.99799506994353 74.79496064228225 41.1
      vertex 40.04935475537783 75 40
      vertex 40.04935475537783 75 41.1
    endloop
  endfacet
  facet normal 0 0 -1
    outer loop
      vertex 40.11960428776574 72.31954814600223 41.1
      vertex 39.99799506994353 72.80503935771775 41.1
      vertex 39.99799506994353 74.79496064228225 41.1
    endloop
  endfacet
  facet normal 0 0 -1
    outer loop
      vertex 39.99799506994353 72.80503935771775 41.1
      vertex 39.924557893971794 73.30011258431924 41.1
      vertex 39.924557893971794 74.29988741568076 41.1
    endloop
  endfacet
  facet normal 0 0 -1
    outer loop
      vertex 39.924557893971794 73.30011258431924 41.1
      vertex 39.9 73.8 41.1
      vertex 39.924557893971794 74.29988741568076 41.1
    endloop
  endfacet
  facet normal 0 0 -1
    outer loop
      vertex 40.288214384192436 71.84831449493804 41.1
      vertex 40.04935475537783 75 41.1
      vertex 40.50220155182339 71.3958766421874 41.1
    endloop
  endfacet
  facet normal 0 0 -1
    outer loop
      vertex 40.288214384192436 71.84831449493804 41.1
      vertex 40.11960428776574 72.31954814600223 41.1
      vertex 40.04935475537783 75 41.1
    endloop
  endfacet
  facet normal 0 0 -1
    outer loop
      vertex 39.99799506994353 72.80503935771775 41.1
      vertex 39.924557893971794 74.29988741568076 41.1
      vertex 39.99799506994353 74.79496064228225 41.1
    endloop
  endfacet
  facet normal 0 0 -1
    outer loop
      vertex 40.11960428776574 72.31954814600223 41.1
      vertex 39.99799506994353 74.79496064228225 41.1
      vertex 40.04935475537783 75 41.1
    endloop
  endfacet
  facet normal 0 0 -1
    outer loop
      vertex 40.739480879733975 71 41.1
      vertex 40.50220155182339 71.3958766421874 41.1
      vertex 49.260519120266025 71 41.1
    endloop
  endfacet
  facet normal 0 0 -1
    outer loop
      vertex 40.50220155182339 71.3958766421874 41.1
      vertex 40.04935475537783 75 41.1
      vertex 49.260519120266025 71 41.1
    endloop
  endfacet
  facet normal -0.9415440651830217 0.3368898533922174 0
    outer loop
      vertex 49.87340127375357 72.3 38
      vertex 49.711785615807564 71.84831449493804 38
      vertex 49.87340127375357 72.3 40
    endloop
  endfacet
  facet normal -0.8577286100002692 0.5141027441932267 0
    outer loop
      vertex 49.260519120266025 71 41.1
      vertex 49.49779844817661 71.3958766421874 38
      vertex 49.260519120266025 71 38
    endloop
  endfacet
  facet normal -0.9039892931234432 0.42755509343028236 0
    outer loop
      vertex 49.49779844817661 71.3958766421874 41.1
      vertex 49.711785615807564 71.84831449493804 38
      vertex 49.49779844817661 71.3958766421874 38
    endloop
  endfacet
  facet normal -0.9415440651830218 0.33688985339221744 0
    outer loop
      vertex 49.711785615807564 71.84831449493804 41.1
      vertex 49.87340127375357 72.3 40
      vertex 49.711785615807564 71.84831449493804 38
    endloop
  endfacet
  facet normal -0.8577286100002692 0.5141027441932267 2.4078393795676975e-18
    outer loop
      vertex 49.260519120266025 71 41.1
      vertex 49.49779844817661 71.3958766421874 41.1
      vertex 49.49779844817661 71.3958766421874 38
    endloop
  endfacet
  facet normal -0.9039892931234432 0.42755509343028236 -1.915860222882058e-18
    outer loop
      vertex 49.49779844817661 71.3958766421874 41.1
      vertex 49.711785615807564 71.84831449493804 41.1
      vertex 49.711785615807564 71.84831449493804 38
    endloop
  endfacet
  facet normal -0.9415440651830669 0.3368898533920911 0
    outer loop
      vertex 49.88039571223426 72.31954814600223 41.1
      vertex 49.88039571223426 72.31954814600223 40
      vertex 49.87340127375357 72.3 40
    endloop
  endfacet
  facet normal -0.9700312531945444 0.2429801799032621 0
    outer loop
      vertex 49.88039571223426 72.31954814600223 41.1
      vertex 50.00200493005647 72.80503935771775 40
      vertex 49.88039571223426 72.31954814600223 40
    endloop
  endfacet
  facet normal -0.9891765099647795 0.14673047445537185 0
    outer loop
      vertex 50.00200493005647 72.80503935771775 41.1
      vertex 50.075442106028206 73.30011258431924 40
      vertex 50.00200493005647 72.80503935771775 40
    endloop
  endfacet
  facet normal -0.9987954562051724 0.04906767432741787 0
    outer loop
      vertex 50.075442106028206 73.30011258431924 41.1
      vertex 50.1 73.8 40
      vertex 50.075442106028206 73.30011258431924 40
    endloop
  endfacet
  facet normal -0.9987954562051724 -0.04906767432741787 0
    outer loop
      vertex 50.1 73.8 41.1
      vertex 50.075442106028206 74.29988741568076 40
      vertex 50.1 73.8 40
    endloop
  endfacet
  facet normal -0.9891765099647795 -0.14673047445537185 0
    outer loop
      vertex 50.075442106028206 74.29988741568076 41.1
      vertex 50.00200493005647 74.79496064228225 40
      vertex 50.075442106028206 74.29988741568076 40
    endloop
  endfacet
  facet normal -0.9700312531945418 -0.24298017990327264 0
    outer loop
      vertex 50.00200493005647 74.79496064228225 41.1
      vertex 49.95064524462217 75 40
      vertex 50.00200493005647 74.79496064228225 40
    endloop
  endfacet
  facet normal -0.9415440651830236 0.33688985339221217 -2.43830015544118e-15
    outer loop
      vertex 49.711785615807564 71.84831449493804 41.1
      vertex 49.88039571223426 72.31954814600223 41.1
      vertex 49.87340127375357 72.3 40
    endloop
  endfacet
  facet normal -0.9700312531945444 0.2429801799032621 -6.03968957338563e-18
    outer loop
      vertex 49.88039571223426 72.31954814600223 41.1
      vertex 50.00200493005647 72.80503935771775 41.1
      vertex 50.00200493005647 72.80503935771775 40
    endloop
  endfacet
  facet normal -0.9891765099647795 0.14673047445537185 3.026457594456561e-19
    outer loop
      vertex 50.00200493005647 72.80503935771775 41.1
      vertex 50.075442106028206 73.30011258431924 41.1
      vertex 50.075442106028206 73.30011258431924 40
    endloop
  endfacet
  facet normal -0.9987954562051724 0.04906767432741787 1.6116376748928517e-19
    outer loop
      vertex 50.075442106028206 73.30011258431924 41.1
      vertex 50.1 73.8 41.1
      vertex 50.1 73.8 40
    endloop
  endfacet
  facet normal -0.9987954562051724 -0.04906767432741787 -1.6116376748928517e-19
    outer loop
      vertex 50.1 73.8 41.1
      vertex 50.075442106028206 74.29988741568076 41.1
      vertex 50.075442106028206 74.29988741568076 40
    endloop
  endfacet
  facet normal -0.9891765099647795 -0.14673047445537185 -3.026457594456561e-19
    outer loop
      vertex 50.075442106028206 74.29988741568076 41.1
      vertex 50.00200493005647 74.79496064228225 41.1
      vertex 50.00200493005647 74.79496064228225 40
    endloop
  endfacet
  facet normal -0.9700312531945418 -0.24298017990327264 -3.5374956960444725e-18
    outer loop
      vertex 50.00200493005647 74.79496064228225 41.1
      vertex 49.95064524462217 75 41.1
      vertex 49.95064524462217 75 40
    endloop
  endfacet
  facet normal 0 0 -1
    outer loop
      vertex 49.260519120266025 71 41.1
      vertex 40.04935475537783 75 41.1
      vertex 49.49779844817661 71.3958766421874 41.1
    endloop
  endfacet
  facet normal 0 0 -1
    outer loop
      vertex 49.49779844817661 71.3958766421874 41.1
      vertex 40.04935475537783 75 41.1
      vertex 49.711785615807564 71.84831449493804 41.1
    endloop
  endfacet
  facet normal 0 0 -1
    outer loop
      vertex 49.711785615807564 71.84831449493804 41.1
      vertex 40.04935475537783 75 41.1
      vertex 49.88039571223426 72.31954814600223 41.1
    endloop
  endfacet
  facet normal 0 0 -1
    outer loop
      vertex 49.88039571223426 72.31954814600223 41.1
      vertex 40.04935475537783 75 41.1
      vertex 50.00200493005647 72.80503935771775 41.1
    endloop
  endfacet
  facet normal 0 0 -1
    outer loop
      vertex 50.00200493005647 72.80503935771775 41.1
      vertex 40.04935475537783 75 41.1
      vertex 50.00200493005647 74.79496064228225 41.1
    endloop
  endfacet
  facet normal 0 0 -1
    outer loop
      vertex 50.00200493005647 74.79496064228225 41.1
      vertex 40.04935475537783 75 41.1
      vertex 49.95064524462217 75 41.1
    endloop
  endfacet
  facet normal 0 0 -1
    outer loop
      vertex 50.00200493005647 72.80503935771775 41.1
      vertex 50.00200493005647 74.79496064228225 41.1
      vertex 50.075442106028206 73.30011258431924 41.1
    endloop
  endfacet
  facet normal 0 0 -1
    outer loop
      vertex 50.075442106028206 73.30011258431924 41.1
      vertex 50.075442106028206 74.29988741568076 41.1
      vertex 50.1 73.8 41.1
    endloop
  endfacet
  facet normal 0 0 -1
    outer loop
      vertex 50.075442106028206 73.30011258431924 41.1
      vertex 50.00200493005647 74.79496064228225 41.1
      vertex 50.075442106028206 74.29988741568076 41.1
    endloop
  endfacet
  facet normal 1 0 0
    outer loop
      vertex 7.399999999999999 5 41.3
      vertex 7.399999999999999 70 43
      vertex 7.399999999999999 5 43
    endloop
  endfacet
  facet normal 0 1 0
    outer loop
      vertex 7.399999999999999 5 41.3
      vertex 7.399999999999999 5 43
      vertex 72.4 5 41.3
    endloop
  endfacet
  facet normal 1 0 0
    outer loop
      vertex 7.399999999999999 5 41.3
      vertex 7.399999999999999 70 41.3
      vertex 7.399999999999999 70 43
    endloop
  endfacet
  facet normal 0 -1 0
    outer loop
      vertex 7.399999999999999 70 41.3
      vertex 72.4 70 43
      vertex 7.399999999999999 70 43
    endloop
  endfacet
  facet normal 0 1 0
    outer loop
      vertex 72.4 5 41.3
      vertex 7.399999999999999 5 43
      vertex 72.4 5 43
    endloop
  endfacet
  facet normal -1 0 0
    outer loop
      vertex 72.4 5 41.3
      vertex 72.4 5 43
      vertex 72.4 70 43
    endloop
  endfacet
  facet normal 0 -1 0
    outer loop
      vertex 7.399999999999999 70 41.3
      vertex 72.4 70 41.3
      vertex 72.4 70 43
    endloop
  endfacet
  facet normal -1 0 0
    outer loop
      vertex 72.4 5 41.3
      vertex 72.4 70 43
      vertex 72.4 70 41.3
    endloop
  endfacet
  facet normal 1 0 0
    outer loop
      vertex 6.399999999999999 4 41.3
      vertex 6.399999999999999 4 38
      vertex 6.399999999999999 5.1 38
    endloop
  endfacet
  facet normal 0 1 0
    outer loop
      vertex 6.399999999999999 4 41.3
      vertex 40.73948087973398 4 38
      vertex 6.399999999999999 4 38
    endloop
  endfacet
  facet normal 1 0 0
    outer loop
      vertex 6.399999999999999 4 41.3
      vertex 6.399999999999999 5.1 38
      vertex 6.399999999999999 5.1 40
    endloop
  endfacet
  facet normal 1 0 0
    outer loop
      vertex 6.399999999999999 4 41.3
      vertex 6.399999999999999 5.1 40
      vertex 6.399999999999999 69.9 40
    endloop
  endfacet
  facet normal 0 1 0
    outer loop
      vertex 6.399999999999999 4 41.3
      vertex 40.73948087973398 4 41.1
      vertex 40.73948087973398 4 38
    endloop
  endfacet
  facet normal 0 0 -1
    outer loop
      vertex 6.399999999999999 4 41.3
      vertex 7.399999999999999 70 41.3
      vertex 7.399999999999999 5 41.3
    endloop
  endfacet
  facet normal 0 0 -1
    outer loop
      vertex 6.399999999999999 4 41.3
      vertex 7.399999999999999 5 41.3
      vertex 73.4 4 41.3
    endloop
  endfacet
  facet normal 0 1 0
    outer loop
      vertex 6.399999999999999 4 41.3
      vertex 49.26051912026602 4 41.1
      vertex 40.73948087973398 4 41.1
    endloop
  endfacet
  facet normal 0 1 0
    outer loop
      vertex 6.399999999999999 4 41.3
      vertex 73.4 4 41.3
      vertex 49.26051912026602 4 41.1
    endloop
  endfacet
  facet normal 1 0 0
    outer loop
      vertex 6.399999999999999 69.9 40
      vertex 6.399999999999999 69.9 38
      vertex 6.399999999999999 71 38
    endloop
  endfacet
  facet normal 1 0 0
    outer loop
      vertex 6.399999999999999 71 41.3
      vertex 6.399999999999999 69.9 40
      vertex 6.399999999999999 71 38
    endloop
  endfacet
  facet normal 0 -1 0
    outer loop
      vertex 6.399999999999999 71 41.3
      vertex 6.399999999999999 71 38
      vertex 40.739480879733975 71 41.1
    endloop
  endfacet
  facet normal 0 -1 0
    outer loop
      vertex 40.739480879733975 71 41.1
      vertex 6.399999999999999 71 38
      vertex 40.739480879733975 71 38
    endloop
  endfacet
  facet normal 1 0 0
    outer loop
      vertex 6.399999999999999 4 41.3
      vertex 6.399999999999999 69.9 40
      vertex 6.399999999999999 71 41.3
    endloop
  endfacet
  facet normal 0 0 -1
    outer loop
      vertex 6.399999999999999 4 41.3
      vertex 6.399999999999999 71 41.3
      vertex 7.399999999999999 70 41.3
    endloop
  endfacet
  facet normal 0 0 -1
    outer loop
      vertex 6.399999999999999 71 41.3
      vertex 72.4 70 41.3
      vertex 7.399999999999999 70 41.3
    endloop
  endfacet
  facet normal 0 -1 0
    outer loop
      vertex 6.399999999999999 71 41.3
      vertex 40.739480879733975 71 41.1
      vertex 49.260519120266025 71 41.1
    endloop
  endfacet
  facet normal 0 -1 0
    outer loop
      vertex 6.399999999999999 71 41.3
      vertex 49.260519120266025 71 41.1
      vertex 73.4 71 41.3
    endloop
  endfacet
  facet normal 0 1 0
    outer loop
      vertex 49.26051912026602 4 41.1
      vertex 73.4 4 38
      vertex 49.26051912026602 4 38
    endloop
  endfacet
  facet normal 0 1 0
    outer loop
      vertex 49.26051912026602 4 41.1
      vertex 73.4 4 41.3
      vertex 73.4 4 38
    endloop
  endfacet
  facet normal -1 0 0
    outer loop
      vertex 73.4 5.1 38
      vertex 73.4 4 38
      vertex 73.4 5.1 40
    endloop
  endfacet
  facet normal -1 0 0
    outer loop
      vertex 73.4 4 41.3
      vertex 73.4 5.1 40
      vertex 73.4 4 38
    endloop
  endfacet
  facet normal -1 0 0
    outer loop
      vertex 73.4 4 41.3
      vertex 73.4 29.61764705882353 40
      vertex 73.4 5.1 40
    endloop
  endfacet
  facet normal 0 0 -1
    outer loop
      vertex 7.399999999999999 5 41.3
      vertex 72.4 5 41.3
      vertex 73.4 4 41.3
    endloop
  endfacet
  facet normal 0 0 -1
    outer loop
      vertex 72.4 5 41.3
      vertex 73.4 71 41.3
      vertex 73.4 4 41.3
    endloop
  endfacet
  facet normal -1 0 0
    outer loop
      vertex 73.4 4 41.3
      vertex 73.4 71 41.3
      vertex 73.4 29.61764705882353 40
    endloop
  endfacet
  facet normal 0 -1 0
    outer loop
      vertex 73.4 71 41.3
      vertex 49.260519120266025 71 38
      vertex 73.4 71 38
    endloop
  endfacet
  facet normal 0 -1 0
    outer loop
      vertex 49.260519120266025 71 41.1
      vertex 49.260519120266025 71 38
      vertex 73.4 71 41.3
    endloop
  endfacet
  facet normal -1 0 0
    outer loop
      vertex 73.4 71 41.3
      vertex 73.4 71 38
      vertex 73.4 69.9 38
    endloop
  endfacet
  facet normal -1 0 0
    outer loop
      vertex 73.4 71 41.3
      vertex 73.4 69.9 40
      vertex 73.4 29.61764705882353 40
    endloop
  endfacet
  facet normal -1 0 0
    outer loop
      vertex 73.4 71 41.3
      vertex 73.4 69.9 38
      vertex 73.4 69.9 40
    endloop
  endfacet
  facet normal 0 0 -1
    outer loop
      vertex 6.399999999999999 71 41.3
      vertex 73.4 71 41.3
      vertex 72.4 70 41.3
    endloop
  endfacet
  facet normal 0 0 -1
    outer loop
      vertex 72.4 5 41.3
      vertex 72.4 70 41.3
      vertex 73.4 71 41.3
    endloop
  endfacet
  facet normal -0.6715589548470339 0.7409511253549452 0
    outer loop
      vertex 84.74945862602922 5.1 38
      vertex 84.53757313665459 4.9079581865490525 38
      vertex 84.74945862602922 5.1 40
    endloop
  endfacet
  facet normal -0.7409511253549517 0.6715589548470267 0
    outer loop
      vertex 84.9 5.2505413739707825 38
      vertex 84.9 5.2505413739707825 40
      vertex 85.09204181345095 5.462426863345418 38
    endloop
  endfacet
  facet normal -0.7409511253549517 -0.6715589548470267 0
    outer loop
      vertex 84.9 10.749458626029218 38
      vertex 85.09204181345095 10.537573136654583 38
      vertex 84.9 10.749458626029218 40
    endloop
  endfacet
  facet normal 0.5141027441932257 0.8577286100002697 0
    outer loop
      vertex 79.7777190679216 4.674121550789819 43
      vertex 80.11441305269601 4.47231494260658 38
      vertex 79.7777190679216 4.674121550789819 38
    endloop
  endfacet
  facet normal 0.427555093430288 0.9039892931234406 0
    outer loop
      vertex 80.11441305269601 4.47231494260658 43
      vertex 80.46926627053963 4.304481869954853 38
      vertex 80.11441305269601 4.47231494260658 38
    endloop
  endfacet
  facet normal 0.3368898533922136 0.9415440651830231 0
    outer loop
      vertex 80.46926627053963 4.304481869954853 43
      vertex 80.83886129098215 4.172238657071165 38
      vertex 80.46926627053963 4.304481869954853 38
    endloop
  endfacet
  facet normal 0.1467304744553619 0.9891765099647809 0
    outer loop
      vertex 81.21963871193549 4.076858878387078 43
      vertex 81.60793143868176 4.019261093311212 38
      vertex 81.21963871193549 4.076858878387078 38
    endloop
  endfacet
  facet normal 0.24298017990326415 0.9700312531945439 0
    outer loop
      vertex 80.83886129098215 4.172238657071165 43
      vertex 81.21963871193549 4.076858878387078 38
      vertex 80.83886129098215 4.172238657071165 38
    endloop
  endfacet
  facet normal 0.04906767432741788 0.9987954562051724 0
    outer loop
      vertex 81.60793143868176 4.019261093311212 43
      vertex 82 4 38
      vertex 81.60793143868176 4.019261093311212 38
    endloop
  endfacet
  facet normal -0.04906767432741788 0.9987954562051724 0
    outer loop
      vertex 82 4 43
      vertex 82.39206856131824 4.019261093311212 38
      vertex 82 4 38
    endloop
  endfacet
  facet normal -0.1467304744553619 0.9891765099647809 0
    outer loop
      vertex 82.39206856131824 4.019261093311212 43
      vertex 82.78036128806451 4.076858878387078 38
      vertex 82.39206856131824 4.019261093311212 38
    endloop
  endfacet
  facet normal -0.24298017990326415 0.9700312531945439 0
    outer loop
      vertex 82.78036128806451 4.076858878387078 43
      vertex 83.16113870901785 4.172238657071165 38
      vertex 82.78036128806451 4.076858878387078 38
    endloop
  endfacet
  facet normal -0.3368898533922136 0.9415440651830231 0
    outer loop
      vertex 83.16113870901785 4.172238657071165 43
      vertex 83.53073372946037 4.304481869954853 38
      vertex 83.16113870901785 4.172238657071165 38
    endloop
  endfacet
  facet normal -0.427555093430288 0.9039892931234406 0
    outer loop
      vertex 83.53073372946037 4.304481869954853 43
      vertex 83.88558694730399 4.47231494260658 38
      vertex 83.53073372946037 4.304481869954853 38
    endloop
  endfacet
  facet normal -0.5141027441932257 0.8577286100002697 0
    outer loop
      vertex 83.88558694730399 4.47231494260658 43
      vertex 84.2222809320784 4.674121550789819 38
      vertex 83.88558694730399 4.47231494260658 38
    endloop
  endfacet
  facet normal 0.6715589548470338 0.7409511253549451 0
    outer loop
      vertex 79.46242686334541 4.9079581865490525 43
      vertex 79.46242686334541 4.9079581865490525 38
      vertex 79.25054137397078 5.1 38
    endloop
  endfacet
  facet normal 0.5956993044924246 0.8032075314806513 0
    outer loop
      vertex 79.46242686334541 4.9079581865490525 43
      vertex 79.7777190679216 4.674121550789819 38
      vertex 79.46242686334541 4.9079581865490525 38
    endloop
  endfacet
  facet normal -0.5956993044924246 0.8032075314806513 0
    outer loop
      vertex 84.2222809320784 4.674121550789819 43
      vertex 84.53757313665459 4.9079581865490525 38
      vertex 84.2222809320784 4.674121550789819 38
    endloop
  endfacet
  facet normal -0.8032075314806464 0.5956993044924316 6.916215686781076e-19
    outer loop
      vertex 85.32587844921018 5.777719067921591 38
      vertex 85.09204181345095 5.462426863345418 38
      vertex 85.09204181345095 5.462426863345418 43
    endloop
  endfacet
  facet normal -0.8577286100002627 0.5141027441932373 -3.1948435351726766e-18
    outer loop
      vertex 85.52768505739343 6.114413052696009 38
      vertex 85.32587844921018 5.777719067921591 38
      vertex 85.32587844921018 5.777719067921591 43
    endloop
  endfacet
  facet normal -0.9039892931234527 0.42755509343026243 -6.381379438931274e-19
    outer loop
      vertex 85.69551813004514 6.469266270539641 38
      vertex 85.52768505739343 6.114413052696009 38
      vertex 85.52768505739343 6.114413052696009 43
    endloop
  endfacet
  facet normal -0.9415440651830167 0.3368898533922314 1.5838682448896323e-18
    outer loop
      vertex 85.82776134292884 6.838861290982151 38
      vertex 85.69551813004514 6.469266270539641 38
      vertex 85.69551813004514 6.469266270539641 43
    endloop
  endfacet
  facet normal -0.9700312531945413 0.24298017990327478 -2.7652662706853214e-19
    outer loop
      vertex 85.92314112161293 7.219638711935487 38
      vertex 85.82776134292884 6.838861290982151 38
      vertex 85.82776134292884 6.838861290982151 43
    endloop
  endfacet
  facet normal -0.9891765099647846 0.1467304744553382 7.230096608712534e-19
    outer loop
      vertex 85.98073890668879 7.607931438681757 38
      vertex 85.92314112161293 7.219638711935487 38
      vertex 85.92314112161293 7.219638711935487 43
    endloop
  endfacet
  facet normal -0.9987954562051721 0.04906767432742432 1.0701609716848935e-19
    outer loop
      vertex 86 8 38
      vertex 85.98073890668879 7.607931438681757 38
      vertex 85.98073890668879 7.607931438681757 43
    endloop
  endfacet
  facet normal -0.9987954562051721 -0.04906767432742443 2.1265179298118346e-19
    outer loop
      vertex 85.98073890668879 8.392068561318242 38
      vertex 86 8 38
      vertex 86 8 43
    endloop
  endfacet
  facet normal -0.9891765099647846 -0.14673047445533755 1.78392906631814e-19
    outer loop
      vertex 85.92314112161293 8.780361288064514 38
      vertex 85.98073890668879 8.392068561318242 38
      vertex 85.98073890668879 8.392068561318242 43
    endloop
  endfacet
  facet normal -0.9700312531945413 -0.24298017990327478 2.7652662706853214e-19
    outer loop
      vertex 85.82776134292884 9.16113870901785 38
      vertex 85.92314112161293 8.780361288064514 38
      vertex 85.92314112161293 8.780361288064514 43
    endloop
  endfacet
  facet normal -0.9415440651830163 -0.3368898533922328 1.4362651334116153e-18
    outer loop
      vertex 85.69551813004514 9.530733729460358 38
      vertex 85.82776134292884 9.16113870901785 38
      vertex 85.82776134292884 9.16113870901785 43
    endloop
  endfacet
  facet normal 0.6715589548470339 0.7409511253549452 0
    outer loop
      vertex 79.25054137397078 5.1 40
      vertex 79.46242686334541 4.9079581865490525 43
      vertex 79.25054137397078 5.1 38
    endloop
  endfacet
  facet normal -0.6715589548470338 0.7409511253549451 1.6629676718181588e-18
    outer loop
      vertex 84.74945862602922 5.1 40
      vertex 84.53757313665459 4.9079581865490525 38
      vertex 84.53757313665459 4.9079581865490525 43
    endloop
  endfacet
  facet normal -0.7409511253549509 0.6715589548470274 1.4592902255688924e-16
    outer loop
      vertex 84.9 5.2505413739707825 40
      vertex 84.82842712474618 5.17157287525381 43
      vertex 85.09204181345095 5.462426863345418 38
    endloop
  endfacet
  facet normal -0.9039892931234527 -0.42755509343026243 6.381379438931274e-19
    outer loop
      vertex 85.52768505739343 9.88558694730399 38
      vertex 85.69551813004514 9.530733729460358 38
      vertex 85.69551813004514 9.530733729460358 43
    endloop
  endfacet
  facet normal -0.803207531480647 -0.5956993044924304 -4.479970709091547e-19
    outer loop
      vertex 85.09204181345095 10.537573136654583 38
      vertex 85.32587844921018 10.222280932078409 38
      vertex 85.32587844921018 10.222280932078409 43
    endloop
  endfacet
  facet normal -0.8577286100002632 -0.5141027441932362 -3.2792867459342947e-18
    outer loop
      vertex 85.32587844921018 10.222280932078409 38
      vertex 85.52768505739343 9.88558694730399 38
      vertex 85.52768505739343 9.88558694730399 43
    endloop
  endfacet
  facet normal -0.7409511253549516 -0.6715589548470267 -2.193106910224243e-18
    outer loop
      vertex 84.9 10.749458626029218 40
      vertex 85.09204181345095 10.537573136654583 38
      vertex 85.09204181345095 10.537573136654583 43
    endloop
  endfacet
  facet normal 0.9039892931234527 0.4275550934302625 0
    outer loop
      vertex 78.30448186995486 6.469266270539641 43
      vertex 78.47231494260657 6.114413052696009 40
      vertex 78.30448186995486 6.469266270539641 40
    endloop
  endfacet
  facet normal 0.8577286100002628 0.5141027441932373 0
    outer loop
      vertex 78.47231494260657 6.114413052696009 43
      vertex 78.67412155078982 5.777719067921591 40
      vertex 78.47231494260657 6.114413052696009 40
    endloop
  endfacet
  facet normal 0.9415440651830167 0.3368898533922314 0
    outer loop
      vertex 78.17223865707116 6.838861290982151 43
      vertex 78.30448186995486 6.469266270539641 40
      vertex 78.17223865707116 6.838861290982151 40
    endloop
  endfacet
  facet normal 0.9891765099647845 0.1467304744553382 0
    outer loop
      vertex 78.01926109331121 7.607931438681757 43
      vertex 78.07685887838707 7.219638711935487 40
      vertex 78.01926109331121 7.607931438681757 40
    endloop
  endfacet
  facet normal 0.9987954562051721 0.04906767432742432 0
    outer loop
      vertex 78 8 43
      vertex 78.01926109331121 7.607931438681757 40
      vertex 78 8 40
    endloop
  endfacet
  facet normal 0.9700312531945412 0.24298017990327478 0
    outer loop
      vertex 78.07685887838707 7.219638711935487 43
      vertex 78.17223865707116 6.838861290982151 40
      vertex 78.07685887838707 7.219638711935487 40
    endloop
  endfacet
  facet normal 0.9987954562051721 -0.04906767432742443 0
    outer loop
      vertex 78.01926109331121 8.392068561318242 43
      vertex 78 8 40
      vertex 78.01926109331121 8.392068561318242 40
    endloop
  endfacet
  facet normal 0.9891765099647845 -0.14673047445533755 0
    outer loop
      vertex 78.07685887838707 8.780361288064514 43
      vertex 78.01926109331121 8.392068561318242 40
      vertex 78.07685887838707 8.780361288064514 40
    endloop
  endfacet
  facet normal 0.9700312531945412 -0.24298017990327478 0
    outer loop
      vertex 78.17223865707116 9.16113870901785 43
      vertex 78.07685887838707 8.780361288064514 40
      vertex 78.17223865707116 9.16113870901785 40
    endloop
  endfacet
  facet normal 0.9415440651830163 -0.3368898533922328 0
    outer loop
      vertex 78.30448186995486 9.530733729460358 43
      vertex 78.17223865707116 9.16113870901785 40
      vertex 78.30448186995486 9.530733729460358 40
    endloop
  endfacet
  facet normal 0.9039892931234527 -0.4275550934302625 -1.063563239821879e-18
    outer loop
      vertex 78.30448186995486 9.530733729460358 40
      vertex 78.47231494260657 9.88558694730399 40
      vertex 78.47231494260657 9.88558694730399 43
    endloop
  endfacet
  facet normal 0.8577286100002633 -0.5141027441932363 5.465477909890492e-18
    outer loop
      vertex 78.47231494260657 9.88558694730399 40
      vertex 78.67412155078982 10.222280932078409 40
      vertex 78.67412155078982 10.222280932078409 43
    endloop
  endfacet
  facet normal 0.6715589548470234 0.7409511253549547 8.176196148090837e-19
    outer loop
      vertex 79.25054137397078 5.1 40
      vertex 79.17157287525382 5.17157287525381 40
      vertex 79.17157287525382 5.17157287525381 43
    endloop
  endfacet
  facet normal 0.7409511253549522 0.6715589548470261 0
    outer loop
      vertex 78.90795818654905 5.462426863345418 43
      vertex 79.17157287525382 5.17157287525381 40
      vertex 78.90795818654905 5.462426863345418 40
    endloop
  endfacet
  facet normal 0.8032075314806462 0.5956993044924314 0
    outer loop
      vertex 78.67412155078982 5.777719067921591 43
      vertex 78.90795818654905 5.462426863345418 40
      vertex 78.67412155078982 5.777719067921591 40
    endloop
  endfacet
  facet normal -0.6715589548470234 0.7409511253549547 1.344295222951875e-15
    outer loop
      vertex 84.74945862602922 5.1 40
      vertex 84.53757313665459 4.9079581865490525 43
      vertex 84.82842712474618 5.17157287525381 40
    endloop
  endfacet
  facet normal -0.7409511253549537 0.6715589548470243 -4.2961706812229194e-19
    outer loop
      vertex 84.9 5.2505413739707825 40
      vertex 84.82842712474618 5.17157287525381 40
      vertex 84.82842712474618 5.17157287525381 43
    endloop
  endfacet
  facet normal 0.5141027441932257 0.8577286100002697 0
    outer loop
      vertex 80.11441305269601 4.47231494260658 43
      vertex 80.11441305269601 4.47231494260658 38
      vertex 79.7777190679216 4.674121550789819 43
    endloop
  endfacet
  facet normal 0.427555093430288 0.9039892931234406 0
    outer loop
      vertex 80.46926627053963 4.304481869954853 43
      vertex 80.46926627053963 4.304481869954853 38
      vertex 80.11441305269601 4.47231494260658 43
    endloop
  endfacet
  facet normal 0.3368898533922136 0.9415440651830231 0
    outer loop
      vertex 80.83886129098215 4.172238657071165 43
      vertex 80.83886129098215 4.172238657071165 38
      vertex 80.46926627053963 4.304481869954853 43
    endloop
  endfacet
  facet normal 0.1467304744553619 0.9891765099647809 0
    outer loop
      vertex 81.60793143868176 4.019261093311212 43
      vertex 81.60793143868176 4.019261093311212 38
      vertex 81.21963871193549 4.076858878387078 43
    endloop
  endfacet
  facet normal 0.24298017990326415 0.9700312531945439 0
    outer loop
      vertex 81.21963871193549 4.076858878387078 43
      vertex 81.21963871193549 4.076858878387078 38
      vertex 80.83886129098215 4.172238657071165 43
    endloop
  endfacet
  facet normal 0.04906767432741788 0.9987954562051724 0
    outer loop
      vertex 82 4 43
      vertex 82 4 38
      vertex 81.60793143868176 4.019261093311212 43
    endloop
  endfacet
  facet normal -0.04906767432741788 0.9987954562051724 0
    outer loop
      vertex 82.39206856131824 4.019261093311212 43
      vertex 82.39206856131824 4.019261093311212 38
      vertex 82 4 43
    endloop
  endfacet
  facet normal -0.1467304744553619 0.9891765099647809 0
    outer loop
      vertex 82.78036128806451 4.076858878387078 43
      vertex 82.78036128806451 4.076858878387078 38
      vertex 82.39206856131824 4.019261093311212 43
    endloop
  endfacet
  facet normal -0.24298017990326415 0.9700312531945439 0
    outer loop
      vertex 83.16113870901785 4.172238657071165 43
      vertex 83.16113870901785 4.172238657071165 38
      vertex 82.78036128806451 4.076858878387078 43
    endloop
  endfacet
  facet normal -0.3368898533922136 0.9415440651830231 0
    outer loop
      vertex 83.53073372946037 4.304481869954853 43
      vertex 83.53073372946037 4.304481869954853 38
      vertex 83.16113870901785 4.172238657071165 43
    endloop
  endfacet
  facet normal -0.427555093430288 0.9039892931234406 0
    outer loop
      vertex 83.88558694730399 4.47231494260658 43
      vertex 83.88558694730399 4.47231494260658 38
      vertex 83.53073372946037 4.304481869954853 43
    endloop
  endfacet
  facet normal -0.5141027441932257 0.8577286100002697 0
    outer loop
      vertex 84.2222809320784 4.674121550789819 43
      vertex 84.2222809320784 4.674121550789819 38
      vertex 83.88558694730399 4.47231494260658 43
    endloop
  endfacet
  facet normal 0.5956993044924246 0.8032075314806513 0
    outer loop
      vertex 79.7777190679216 4.674121550789819 43
      vertex 79.7777190679216 4.674121550789819 38
      vertex 79.46242686334541 4.9079581865490525 43
    endloop
  endfacet
  facet normal -0.5956993044924246 0.8032075314806513 0
    outer loop
      vertex 84.53757313665459 4.9079581865490525 38
      vertex 84.2222809320784 4.674121550789819 43
      vertex 84.53757313665459 4.9079581865490525 43
    endloop
  endfacet
  facet normal -0.7409511253549522 0.671558954847026 0
    outer loop
      vertex 85.09204181345095 5.462426863345418 38
      vertex 84.82842712474618 5.17157287525381 43
      vertex 85.09204181345095 5.462426863345418 43
    endloop
  endfacet
  facet normal -0.8032075314806464 0.5956993044924316 0
    outer loop
      vertex 85.32587844921018 5.777719067921591 38
      vertex 85.09204181345095 5.462426863345418 43
      vertex 85.32587844921018 5.777719067921591 43
    endloop
  endfacet
  facet normal -0.8577286100002627 0.5141027441932373 0
    outer loop
      vertex 85.52768505739343 6.114413052696009 38
      vertex 85.32587844921018 5.777719067921591 43
      vertex 85.52768505739343 6.114413052696009 43
    endloop
  endfacet
  facet normal -0.9039892931234527 0.42755509343026243 0
    outer loop
      vertex 85.69551813004514 6.469266270539641 38
      vertex 85.52768505739343 6.114413052696009 43
      vertex 85.69551813004514 6.469266270539641 43
    endloop
  endfacet
  facet normal -0.9415440651830167 0.3368898533922314 0
    outer loop
      vertex 85.82776134292884 6.838861290982151 38
      vertex 85.69551813004514 6.469266270539641 43
      vertex 85.82776134292884 6.838861290982151 43
    endloop
  endfacet
  facet normal -0.9700312531945413 0.24298017990327478 0
    outer loop
      vertex 85.92314112161293 7.219638711935487 38
      vertex 85.82776134292884 6.838861290982151 43
      vertex 85.92314112161293 7.219638711935487 43
    endloop
  endfacet
  facet normal -0.9891765099647846 0.1467304744553382 0
    outer loop
      vertex 85.98073890668879 7.607931438681757 38
      vertex 85.92314112161293 7.219638711935487 43
      vertex 85.98073890668879 7.607931438681757 43
    endloop
  endfacet
  facet normal -0.9987954562051721 0.04906767432742432 0
    outer loop
      vertex 86 8 38
      vertex 85.98073890668879 7.607931438681757 43
      vertex 86 8 43
    endloop
  endfacet
  facet normal -0.9987954562051721 -0.04906767432742443 0
    outer loop
      vertex 85.98073890668879 8.392068561318242 38
      vertex 86 8 43
      vertex 85.98073890668879 8.392068561318242 43
    endloop
  endfacet
  facet normal -0.9891765099647846 -0.14673047445533755 0
    outer loop
      vertex 85.92314112161293 8.780361288064514 38
      vertex 85.98073890668879 8.392068561318242 43
      vertex 85.92314112161293 8.780361288064514 43
    endloop
  endfacet
  facet normal -0.9700312531945413 -0.24298017990327478 0
    outer loop
      vertex 85.82776134292884 9.16113870901785 38
      vertex 85.92314112161293 8.780361288064514 43
      vertex 85.82776134292884 9.16113870901785 43
    endloop
  endfacet
  facet normal 0.803207531480647 -0.5956993044924304 7.466617848485911e-19
    outer loop
      vertex 78.67412155078982 10.222280932078409 40
      vertex 78.90795818654905 10.537573136654583 40
      vertex 78.90795818654905 10.537573136654583 43
    endloop
  endfacet
  facet normal 0.7409511253549511 -0.6715589548470271 -1.7952886939052625e-18
    outer loop
      vertex 78.90795818654905 10.537573136654583 40
      vertex 79.17157287525382 10.82842712474619 40
      vertex 79.17157287525382 10.82842712474619 43
    endloop
  endfacet
  facet normal 0.671558954847031 -0.7409511253549478 0
    outer loop
      vertex 79.46242686334541 11.092041813450948 40
      vertex 79.46242686334541 11.092041813450948 43
      vertex 79.17157287525382 10.82842712474619 40
    endloop
  endfacet
  facet normal 0.5956993044924247 -0.8032075314806514 0
    outer loop
      vertex 79.7777190679216 11.325878449210181 40
      vertex 79.7777190679216 11.325878449210181 43
      vertex 79.46242686334541 11.092041813450948 40
    endloop
  endfacet
  facet normal 0.5141027441932257 -0.8577286100002698 0
    outer loop
      vertex 80.11441305269601 11.52768505739342 40
      vertex 80.11441305269601 11.52768505739342 43
      vertex 79.7777190679216 11.325878449210181 40
    endloop
  endfacet
  facet normal 0.42755509343028986 -0.9039892931234397 0
    outer loop
      vertex 80.46926627053963 11.695518130045148 40
      vertex 80.46926627053963 11.695518130045148 43
      vertex 80.11441305269601 11.52768505739342 40
    endloop
  endfacet
  facet normal 0.3368898533922096 -0.9415440651830247 0
    outer loop
      vertex 80.83886129098215 11.827761342928834 40
      vertex 80.83886129098215 11.827761342928834 43
      vertex 80.46926627053963 11.695518130045148 40
    endloop
  endfacet
  facet normal 0.24298017990326629 -0.9700312531945434 0
    outer loop
      vertex 81.21963871193549 11.923141121612922 40
      vertex 81.21963871193549 11.923141121612922 43
      vertex 80.83886129098215 11.827761342928834 40
    endloop
  endfacet
  facet normal 0.1467304744553641 -0.9891765099647806 0
    outer loop
      vertex 81.60793143868176 11.980738906688789 40
      vertex 81.60793143868176 11.980738906688789 43
      vertex 81.21963871193549 11.923141121612922 40
    endloop
  endfacet
  facet normal -0.42755509343028986 -0.9039892931234397 0
    outer loop
      vertex 83.88558694730399 11.52768505739342 40
      vertex 83.88558694730399 11.52768505739342 43
      vertex 83.53073372946037 11.695518130045148 40
    endloop
  endfacet
  facet normal -0.5141027441932257 -0.8577286100002698 0
    outer loop
      vertex 84.2222809320784 11.325878449210181 40
      vertex 84.2222809320784 11.325878449210181 43
      vertex 83.88558694730399 11.52768505739342 40
    endloop
  endfacet
  facet normal 0.049067674327415635 -0.9987954562051726 0
    outer loop
      vertex 82 12 40
      vertex 82 12 43
      vertex 81.60793143868176 11.980738906688789 40
    endloop
  endfacet
  facet normal -0.049067674327415635 -0.9987954562051726 0
    outer loop
      vertex 82.39206856131824 11.980738906688789 40
      vertex 82.39206856131824 11.980738906688789 43
      vertex 82 12 40
    endloop
  endfacet
  facet normal -0.1467304744553641 -0.9891765099647806 0
    outer loop
      vertex 82.78036128806451 11.923141121612922 40
      vertex 82.78036128806451 11.923141121612922 43
      vertex 82.39206856131824 11.980738906688789 40
    endloop
  endfacet
  facet normal -0.24298017990326629 -0.9700312531945434 0
    outer loop
      vertex 83.16113870901785 11.827761342928834 40
      vertex 83.16113870901785 11.827761342928834 43
      vertex 82.78036128806451 11.923141121612922 40
    endloop
  endfacet
  facet normal -0.3368898533922096 -0.9415440651830247 0
    outer loop
      vertex 83.53073372946037 11.695518130045148 40
      vertex 83.53073372946037 11.695518130045148 43
      vertex 83.16113870901785 11.827761342928834 40
    endloop
  endfacet
  facet normal -0.74095112535495 -0.6715589548470285 1.218016949121024e-18
    outer loop
      vertex 84.9 10.749458626029218 40
      vertex 84.82842712474618 10.82842712474619 43
      vertex 84.82842712474618 10.82842712474619 40
    endloop
  endfacet
  facet normal -0.671558954847031 -0.7409511253549478 0
    outer loop
      vertex 84.82842712474618 10.82842712474619 40
      vertex 84.82842712474618 10.82842712474619 43
      vertex 84.53757313665459 11.092041813450948 40
    endloop
  endfacet
  facet normal -0.5956993044924247 -0.8032075314806514 0
    outer loop
      vertex 84.53757313665459 11.092041813450948 40
      vertex 84.53757313665459 11.092041813450948 43
      vertex 84.2222809320784 11.325878449210181 40
    endloop
  endfacet
  facet normal -0.9415440651830163 -0.3368898533922328 0
    outer loop
      vertex 85.69551813004514 9.530733729460358 38
      vertex 85.82776134292884 9.16113870901785 43
      vertex 85.69551813004514 9.530733729460358 43
    endloop
  endfacet
  facet normal -0.9039892931234527 -0.42755509343026243 0
    outer loop
      vertex 85.52768505739343 9.88558694730399 38
      vertex 85.69551813004514 9.530733729460358 43
      vertex 85.52768505739343 9.88558694730399 43
    endloop
  endfacet
  facet normal -0.8577286100002632 -0.5141027441932362 0
    outer loop
      vertex 85.32587844921018 10.222280932078409 38
      vertex 85.52768505739343 9.88558694730399 43
      vertex 85.32587844921018 10.222280932078409 43
    endloop
  endfacet
  facet normal -0.803207531480647 -0.5956993044924304 0
    outer loop
      vertex 85.09204181345095 10.537573136654583 38
      vertex 85.32587844921018 10.222280932078409 43
      vertex 85.09204181345095 10.537573136654583 43
    endloop
  endfacet
  facet normal 0.8577286100002628 0.5141027441932373 5.324739225287795e-18
    outer loop
      vertex 78.47231494260657 6.114413052696009 43
      vertex 78.67412155078982 5.777719067921591 43
      vertex 78.67412155078982 5.777719067921591 40
    endloop
  endfacet
  facet normal 0.9039892931234527 0.4275550934302625 1.063563239821879e-18
    outer loop
      vertex 78.30448186995486 6.469266270539641 43
      vertex 78.47231494260657 6.114413052696009 43
      vertex 78.47231494260657 6.114413052696009 40
    endloop
  endfacet
  facet normal 0.9415440651830167 0.3368898533922314 -2.639780408149387e-18
    outer loop
      vertex 78.17223865707116 6.838861290982151 43
      vertex 78.30448186995486 6.469266270539641 43
      vertex 78.30448186995486 6.469266270539641 40
    endloop
  endfacet
  facet normal 0.9700312531945412 0.24298017990327478 4.6087771178088685e-19
    outer loop
      vertex 78.07685887838707 7.219638711935487 43
      vertex 78.17223865707116 6.838861290982151 43
      vertex 78.17223865707116 6.838861290982151 40
    endloop
  endfacet
  facet normal 0.9987954562051721 0.04906767432742432 -1.7836016194748224e-19
    outer loop
      vertex 78 8 43
      vertex 78.01926109331121 7.607931438681757 43
      vertex 78.01926109331121 7.607931438681757 40
    endloop
  endfacet
  facet normal 0.9987954562051721 -0.04906767432742443 -3.544196549686391e-19
    outer loop
      vertex 78.01926109331121 8.392068561318242 43
      vertex 78 8 43
      vertex 78 8 40
    endloop
  endfacet
  facet normal 0.9891765099647845 0.1467304744553382 -1.2050161014520888e-18
    outer loop
      vertex 78.01926109331121 7.607931438681757 43
      vertex 78.07685887838707 7.219638711935487 43
      vertex 78.07685887838707 7.219638711935487 40
    endloop
  endfacet
  facet normal 0.9891765099647845 -0.14673047445533755 -2.973215110530233e-19
    outer loop
      vertex 78.07685887838707 8.780361288064514 43
      vertex 78.01926109331121 8.392068561318242 43
      vertex 78.01926109331121 8.392068561318242 40
    endloop
  endfacet
  facet normal 0.9700312531945412 -0.24298017990327478 -4.6087771178088685e-19
    outer loop
      vertex 78.17223865707116 9.16113870901785 43
      vertex 78.07685887838707 8.780361288064514 43
      vertex 78.07685887838707 8.780361288064514 40
    endloop
  endfacet
  facet normal 0.9415440651830163 -0.3368898533922328 -2.3937752223526918e-18
    outer loop
      vertex 78.30448186995486 9.530733729460358 43
      vertex 78.17223865707116 9.16113870901785 43
      vertex 78.17223865707116 9.16113870901785 40
    endloop
  endfacet
  facet normal 0.9039892931234527 -0.4275550934302625 -1.063563239821879e-18
    outer loop
      vertex 78.47231494260657 9.88558694730399 43
      vertex 78.30448186995486 9.530733729460358 43
      vertex 78.30448186995486 9.530733729460358 40
    endloop
  endfacet
  facet normal 0.8577286100002633 -0.5141027441932363 0
    outer loop
      vertex 78.47231494260657 9.88558694730399 40
      vertex 78.67412155078982 10.222280932078409 43
      vertex 78.47231494260657 9.88558694730399 43
    endloop
  endfacet
  facet normal 0.7409511253549522 0.6715589548470261 3.3114898162865375e-18
    outer loop
      vertex 78.90795818654905 5.462426863345418 43
      vertex 79.17157287525382 5.17157287525381 43
      vertex 79.17157287525382 5.17157287525381 40
    endloop
  endfacet
  facet normal 0.671558954847031 0.7409511253549478 3.647636955236041e-16
    outer loop
      vertex 79.25054137397078 5.1 40
      vertex 79.17157287525382 5.17157287525381 43
      vertex 79.46242686334541 4.9079581865490525 43
    endloop
  endfacet
  facet normal 0.8032075314806462 0.5956993044924314 -1.1527026144635124e-18
    outer loop
      vertex 78.67412155078982 5.777719067921591 43
      vertex 78.90795818654905 5.462426863345418 43
      vertex 78.90795818654905 5.462426863345418 40
    endloop
  endfacet
  facet normal -0.671558954847031 0.7409511253549478 0
    outer loop
      vertex 84.82842712474618 5.17157287525381 40
      vertex 84.53757313665459 4.9079581865490525 43
      vertex 84.82842712474618 5.17157287525381 43
    endloop
  endfacet
  facet normal 0.803207531480647 -0.5956993044924304 0
    outer loop
      vertex 78.67412155078982 10.222280932078409 40
      vertex 78.90795818654905 10.537573136654583 43
      vertex 78.67412155078982 10.222280932078409 43
    endloop
  endfacet
  facet normal 0.7409511253549511 -0.6715589548470271 0
    outer loop
      vertex 78.90795818654905 10.537573136654583 40
      vertex 79.17157287525382 10.82842712474619 43
      vertex 78.90795818654905 10.537573136654583 43
    endloop
  endfacet
  facet normal 0.671558954847031 -0.7409511253549478 0
    outer loop
      vertex 79.17157287525382 10.82842712474619 40
      vertex 79.46242686334541 11.092041813450948 43
      vertex 79.17157287525382 10.82842712474619 43
    endloop
  endfacet
  facet normal 0.5956993044924247 -0.8032075314806514 0
    outer loop
      vertex 79.46242686334541 11.092041813450948 40
      vertex 79.7777190679216 11.325878449210181 43
      vertex 79.46242686334541 11.092041813450948 43
    endloop
  endfacet
  facet normal 0.5141027441932257 -0.8577286100002698 0
    outer loop
      vertex 79.7777190679216 11.325878449210181 40
      vertex 80.11441305269601 11.52768505739342 43
      vertex 79.7777190679216 11.325878449210181 43
    endloop
  endfacet
  facet normal 0.42755509343028986 -0.9039892931234397 0
    outer loop
      vertex 80.11441305269601 11.52768505739342 40
      vertex 80.46926627053963 11.695518130045148 43
      vertex 80.11441305269601 11.52768505739342 43
    endloop
  endfacet
  facet normal 0.3368898533922096 -0.9415440651830247 0
    outer loop
      vertex 80.46926627053963 11.695518130045148 40
      vertex 80.83886129098215 11.827761342928834 43
      vertex 80.46926627053963 11.695518130045148 43
    endloop
  endfacet
  facet normal 0.24298017990326629 -0.9700312531945434 0
    outer loop
      vertex 80.83886129098215 11.827761342928834 40
      vertex 81.21963871193549 11.923141121612922 43
      vertex 80.83886129098215 11.827761342928834 43
    endloop
  endfacet
  facet normal 0.1467304744553641 -0.9891765099647806 0
    outer loop
      vertex 81.21963871193549 11.923141121612922 40
      vertex 81.60793143868176 11.980738906688789 43
      vertex 81.21963871193549 11.923141121612922 43
    endloop
  endfacet
  facet normal -0.42755509343028986 -0.9039892931234397 0
    outer loop
      vertex 83.53073372946037 11.695518130045148 40
      vertex 83.88558694730399 11.52768505739342 43
      vertex 83.53073372946037 11.695518130045148 43
    endloop
  endfacet
  facet normal -0.5141027441932257 -0.8577286100002698 0
    outer loop
      vertex 83.88558694730399 11.52768505739342 40
      vertex 84.2222809320784 11.325878449210181 43
      vertex 83.88558694730399 11.52768505739342 43
    endloop
  endfacet
  facet normal -0.5956993044924247 -0.8032075314806514 0
    outer loop
      vertex 84.2222809320784 11.325878449210181 40
      vertex 84.53757313665459 11.092041813450948 43
      vertex 84.2222809320784 11.325878449210181 43
    endloop
  endfacet
  facet normal 0.049067674327415635 -0.9987954562051726 0
    outer loop
      vertex 81.60793143868176 11.980738906688789 40
      vertex 82 12 43
      vertex 81.60793143868176 11.980738906688789 43
    endloop
  endfacet
  facet normal -0.049067674327415635 -0.9987954562051726 0
    outer loop
      vertex 82 12 40
      vertex 82.39206856131824 11.980738906688789 43
      vertex 82 12 43
    endloop
  endfacet
  facet normal -0.1467304744553641 -0.9891765099647806 0
    outer loop
      vertex 82.39206856131824 11.980738906688789 40
      vertex 82.78036128806451 11.923141121612922 43
      vertex 82.39206856131824 11.980738906688789 43
    endloop
  endfacet
  facet normal -0.24298017990326629 -0.9700312531945434 0
    outer loop
      vertex 82.78036128806451 11.923141121612922 40
      vertex 83.16113870901785 11.827761342928834 43
      vertex 82.78036128806451 11.923141121612922 43
    endloop
  endfacet
  facet normal -0.3368898533922096 -0.9415440651830247 0
    outer loop
      vertex 83.16113870901785 11.827761342928834 40
      vertex 83.53073372946037 11.695518130045148 43
      vertex 83.16113870901785 11.827761342928834 43
    endloop
  endfacet
  facet normal -0.671558954847031 -0.7409511253549478 0
    outer loop
      vertex 84.53757313665459 11.092041813450948 40
      vertex 84.82842712474618 10.82842712474619 43
      vertex 84.53757313665459 11.092041813450948 43
    endloop
  endfacet
  facet normal -0.7409511253549511 -0.6715589548470271 -6.491083446990319e-17
    outer loop
      vertex 84.9 10.749458626029218 40
      vertex 85.09204181345095 10.537573136654583 43
      vertex 84.82842712474618 10.82842712474619 43
    endloop
  endfacet
endsolid OpenSCAD_Model
